fee_id,order_id,seller_id,fee_type,amount,timestamp
FEE-7001,ORD-1001,SEL-001,REFERRAL_AND_FBA,220.0,2026-08-01 09:00:12
FEE-7002,ORD-1002,SEL-001,REFERRAL_AND_FBA,260.0,2026-08-01 09:08:34
FEE-7003,ORD-1003,SEL-001,REFERRAL_AND_FBA,220.0,2026-08-01 09:16:54
FEE-7004,ORD-1004,SEL-001,REFERRAL_AND_FBA,438.52,2026-08-01 09:25:37
FEE-7005,ORD-1005,SEL-001,REFERRAL_AND_FBA,608.51,2026-08-01 09:34:13
FEE-7006,ORD-1006,SEL-001,REFERRAL_AND_FBA,500.13,2026-08-01 09:42:55
FEE-7007,ORD-1007,SEL-001,REFERRAL_AND_FBA,641.84,2026-08-01 09:51:00
FEE-7008,ORD-1008,SEL-001,REFERRAL_AND_FBA,597.45,2026-08-01 09:59:47
FEE-7009,ORD-1009,SEL-001,REFERRAL_AND_FBA,220.0,2026-08-01 10:08:25
FEE-7010,ORD-1010,SEL-001,REFERRAL_AND_FBA,675.52,2026-08-01 10:16:38
FEE-7011,ORD-1011,SEL-001,REFERRAL_AND_FBA,702.72,2026-08-01 10:25:22
FEE-7012,ORD-1012,SEL-001,REFERRAL_AND_FBA,587.2,2026-08-01 10:33:58
FEE-7013,ORD-1013,SEL-001,REFERRAL_AND_FBA,220.0,2026-08-01 10:42:11
FEE-7014,ORD-1014,SEL-001,REFERRAL_AND_FBA,147.92,2026-08-01 10:50:41
FEE-7015,ORD-1015,SEL-001,REFERRAL_AND_FBA,477.38,2026-08-01 10:59:40
FEE-7016,ORD-1016,SEL-001,REFERRAL_AND_FBA,651.18,2026-08-01 11:08:02
FEE-7017,ORD-1017,SEL-001,REFERRAL_AND_FBA,109.42,2026-08-01 11:16:32
FEE-7018,ORD-1018,SEL-001,REFERRAL_AND_FBA,597.45,2026-08-01 11:25:02
FEE-7019,ORD-1019,SEL-001,REFERRAL_AND_FBA,597.45,2026-08-01 11:33:41
FEE-7020,ORD-1020,SEL-001,REFERRAL_AND_FBA,201.6,2026-08-01 11:42:00
FEE-7021,ORD-1021,SEL-001,REFERRAL_AND_FBA,111.5,2026-08-01 11:50:39
FEE-7022,ORD-1022,SEL-001,REFERRAL_AND_FBA,293.6,2026-08-01 11:59:14
FEE-7023,ORD-1023,SEL-001,REFERRAL_AND_FBA,606.21,2026-08-01 12:07:59
FEE-7024,ORD-1024,SEL-001,REFERRAL_AND_FBA,606.21,2026-08-01 12:16:29
FEE-7025,ORD-1025,SEL-001,REFERRAL_AND_FBA,557.32,2026-08-01 12:24:42
FEE-7026,ORD-1026,SEL-001,REFERRAL_AND_FBA,162.4,2026-08-01 12:33:29
FEE-7027,ORD-1027,SEL-001,REFERRAL_AND_FBA,361.63,2026-08-01 12:41:44
FEE-7028,ORD-1028,SEL-001,REFERRAL_AND_FBA,1057.88,2026-08-01 12:50:11
FEE-7029,ORD-1029,SEL-001,REFERRAL_AND_FBA,309.41,2026-08-01 12:58:43
FEE-7030,ORD-1030,SEL-001,REFERRAL_AND_FBA,693.61,2026-08-01 13:07:41
FEE-7031,ORD-1031,SEL-001,REFERRAL_AND_FBA,293.11,2026-08-01 13:16:05
FEE-7032,ORD-1032,SEL-001,REFERRAL_AND_FBA,460.56,2026-08-01 13:24:26
FEE-7033,ORD-1033,SEL-001,REFERRAL_AND_FBA,921.12,2026-08-01 13:33:11
FEE-7034,ORD-1034,SEL-001,REFERRAL_AND_FBA,1387.21,2026-08-01 13:41:22
FEE-7035,ORD-1035,SEL-001,REFERRAL_AND_FBA,553.97,2026-08-01 13:50:00
FEE-7036,ORD-1036,SEL-001,REFERRAL_AND_FBA,293.6,2026-08-01 13:58:37
FEE-7037,ORD-1037,SEL-001,REFERRAL_AND_FBA,347.12,2026-08-01 14:07:23
FEE-7038,ORD-1038,SEL-001,REFERRAL_AND_FBA,233.03,2026-08-01 14:15:51
FEE-7039,ORD-1039,SEL-001,REFERRAL_AND_FBA,444.43,2026-08-01 14:24:25
FEE-7040,ORD-1040,SEL-001,REFERRAL_AND_FBA,434.35,2026-08-01 14:32:40
FEE-7041,ORD-1041,SEL-001,REFERRAL_AND_FBA,450.37,2026-08-01 14:41:35
FEE-7042,ORD-1042,SEL-001,REFERRAL_AND_FBA,900.74,2026-08-01 14:49:38
FEE-7043,ORD-1043,SEL-001,REFERRAL_AND_FBA,227.0,2026-08-01 14:58:24
FEE-7044,ORD-1044,SEL-001,REFERRAL_AND_FBA,293.6,2026-08-01 15:07:11
FEE-7045,ORD-1045,SEL-001,REFERRAL_AND_FBA,523.9,2026-08-01 15:15:32
FEE-7046,ORD-1046,SEL-001,REFERRAL_AND_FBA,143.37,2026-08-01 15:24:12
FEE-7047,ORD-1047,SEL-001,REFERRAL_AND_FBA,452.12,2026-08-01 15:32:22
FEE-7048,ORD-1048,SEL-001,REFERRAL_AND_FBA,193.29,2026-08-01 15:41:20
FEE-7049,ORD-1049,SEL-001,REFERRAL_AND_FBA,220.0,2026-08-01 15:49:51
FEE-7050,ORD-1050,SEL-001,REFERRAL_AND_FBA,361.63,2026-08-01 15:58:24
FEE-7051,ORD-1051,SEL-001,REFERRAL_AND_FBA,1124.0,2026-08-01 16:06:52
FEE-7052,ORD-1052,SEL-001,REFERRAL_AND_FBA,641.84,2026-08-01 16:15:25
FEE-7053,ORD-1053,SEL-001,REFERRAL_AND_FBA,328.49,2026-08-01 16:23:38
FEE-7054,ORD-1054,SEL-001,REFERRAL_AND_FBA,260.0,2026-08-01 16:32:33
FEE-7055,ORD-1055,SEL-001,REFERRAL_AND_FBA,234.8,2026-08-01 16:41:01
FEE-7056,ORD-1056,SEL-001,REFERRAL_AND_FBA,434.35,2026-08-01 16:49:12
FEE-7057,ORD-1057,SEL-001,REFERRAL_AND_FBA,505.62,2026-08-01 16:57:50
FEE-7058,ORD-1058,SEL-001,REFERRAL_AND_FBA,557.7,2026-08-01 17:06:23
FEE-7059,ORD-1059,SEL-001,REFERRAL_AND_FBA,728.43,2026-08-01 17:14:59
FEE-7060,ORD-1060,SEL-001,REFERRAL_AND_FBA,722.95,2026-08-01 17:23:36
FEE-7061,ORD-1061,SEL-001,REFERRAL_AND_FBA,439.9,2026-08-01 17:32:06
FEE-7062,ORD-1062,SEL-001,REFERRAL_AND_FBA,328.49,2026-08-01 17:40:28
FEE-7063,ORD-1063,SEL-001,REFERRAL_AND_FBA,269.71,2026-08-01 17:48:57
FEE-7064,ORD-1064,SEL-001,REFERRAL_AND_FBA,263.19,2026-08-01 17:57:42
FEE-7065,ORD-1065,SEL-001,REFERRAL_AND_FBA,675.52,2026-08-01 18:06:02
FEE-7066,ORD-1066,SEL-001,REFERRAL_AND_FBA,334.4,2026-08-01 18:14:42
FEE-7067,ORD-1067,SEL-001,REFERRAL_AND_FBA,444.43,2026-08-01 18:23:23
FEE-7068,ORD-1068,SEL-001,REFERRAL_AND_FBA,335.78,2026-08-01 18:31:42
FEE-7069,ORD-1069,SEL-001,REFERRAL_AND_FBA,523.9,2026-08-01 18:40:29
FEE-7070,ORD-1070,SEL-001,REFERRAL_AND_FBA,525.4,2026-08-01 18:49:03
FEE-7071,ORD-1071,SEL-001,REFERRAL_AND_FBA,328.49,2026-08-01 18:57:30
FEE-7072,ORD-1072,SEL-001,REFERRAL_AND_FBA,859.62,2026-08-01 19:05:40
FEE-7073,ORD-1073,SEL-001,REFERRAL_AND_FBA,150.46,2026-08-01 19:14:19
FEE-7074,ORD-1074,SEL-001,REFERRAL_AND_FBA,557.32,2026-08-01 19:22:51
FEE-7075,ORD-1075,SEL-001,REFERRAL_AND_FBA,671.56,2026-08-01 19:31:32
FEE-7076,ORD-1076,SEL-001,REFERRAL_AND_FBA,263.19,2026-08-01 19:40:11
FEE-7077,ORD-1077,SEL-001,REFERRAL_AND_FBA,335.78,2026-08-01 19:48:47
FEE-7078,ORD-1078,SEL-001,REFERRAL_AND_FBA,249.73,2026-08-01 19:57:16
FEE-7079,ORD-1079,SEL-001,REFERRAL_AND_FBA,121.71,2026-08-01 20:05:46
FEE-7080,ORD-1080,SEL-001,REFERRAL_AND_FBA,417.32,2026-08-01 20:14:00
FEE-7081,ORD-1081,SEL-001,REFERRAL_AND_FBA,196.67,2026-08-01 20:22:41
FEE-7082,ORD-1082,SEL-001,REFERRAL_AND_FBA,586.21,2026-08-01 20:31:13
FEE-7083,ORD-1083,SEL-001,REFERRAL_AND_FBA,220.0,2026-08-01 20:39:44
FEE-7084,ORD-1084,SEL-001,REFERRAL_AND_FBA,262.7,2026-08-01 20:48:31
FEE-7085,ORD-1085,SEL-001,REFERRAL_AND_FBA,500.5,2026-08-01 20:57:01
FEE-7086,ORD-1086,SEL-001,REFERRAL_AND_FBA,232.32,2026-08-01 21:05:09
FEE-7087,ORD-1087,SEL-001,REFERRAL_AND_FBA,261.36,2026-08-01 21:14:07
FEE-7088,ORD-1088,SEL-001,REFERRAL_AND_FBA,231.88,2026-08-01 21:22:31
FEE-7089,ORD-1089,SEL-001,REFERRAL_AND_FBA,269.71,2026-08-01 21:30:59
FEE-7090,ORD-1090,SEL-001,REFERRAL_AND_FBA,333.82,2026-08-01 21:39:27
FEE-7091,ORD-1091,SEL-001,REFERRAL_AND_FBA,267.83,2026-08-01 21:47:57
FEE-7092,ORD-1092,SEL-001,REFERRAL_AND_FBA,361.48,2026-08-01 21:56:51
FEE-7093,ORD-1093,SEL-001,REFERRAL_AND_FBA,702.72,2026-08-01 22:05:17
FEE-7094,ORD-1094,SEL-001,REFERRAL_AND_FBA,506.8,2026-08-01 22:13:32
FEE-7095,ORD-1095,SEL-001,REFERRAL_AND_FBA,606.21,2026-08-01 22:22:19
FEE-7096,ORD-1096,SEL-001,REFERRAL_AND_FBA,193.29,2026-08-01 22:30:51
FEE-7097,ORD-1097,SEL-001,REFERRAL_AND_FBA,464.63,2026-08-01 22:39:01
FEE-7098,ORD-1098,SEL-001,REFERRAL_AND_FBA,510.34,2026-08-01 22:48:03
FEE-7099,ORD-1099,SEL-001,REFERRAL_AND_FBA,728.43,2026-08-01 22:56:08
FEE-7100,ORD-1100,SEL-001,REFERRAL_AND_FBA,112.96,2026-08-01 23:04:55
FEE-7101,ORD-1101,SEL-001,REFERRAL_AND_FBA,262.7,2026-08-01 23:13:25
FEE-7102,ORD-1102,SEL-001,REFERRAL_AND_FBA,557.32,2026-08-01 23:22:11
FEE-7103,ORD-1103,SEL-001,REFERRAL_AND_FBA,712.86,2026-08-01 23:30:36
FEE-7104,ORD-1104,SEL-001,REFERRAL_AND_FBA,597.45,2026-08-01 23:39:09
FEE-7105,ORD-1105,SEL-001,REFERRAL_AND_FBA,667.63,2026-08-01 23:47:24
FEE-7106,ORD-1106,SEL-001,REFERRAL_AND_FBA,269.71,2026-08-01 23:56:03
FEE-7107,ORD-1107,SEL-001,REFERRAL_AND_FBA,143.37,2026-08-02 00:04:31
FEE-7108,ORD-1108,SEL-001,REFERRAL_AND_FBA,333.82,2026-08-02 00:13:22
FEE-7109,ORD-1109,SEL-001,REFERRAL_AND_FBA,226.06,2026-08-02 00:21:32
FEE-7110,ORD-1110,SEL-001,REFERRAL_AND_FBA,500.5,2026-08-02 00:30:20
FEE-7111,ORD-1111,SEL-001,REFERRAL_AND_FBA,293.11,2026-08-02 00:38:52
FEE-7112,ORD-1112,SEL-001,REFERRAL_AND_FBA,263.19,2026-08-02 00:47:13
FEE-7113,ORD-1113,SEL-001,REFERRAL_AND_FBA,439.9,2026-08-02 00:55:42
FEE-7114,ORD-1114,SEL-001,REFERRAL_AND_FBA,417.32,2026-08-02 01:04:29
FEE-7115,ORD-1115,SEL-001,REFERRAL_AND_FBA,727.53,2026-08-02 01:12:53
FEE-7116,ORD-1116,SEL-001,REFERRAL_AND_FBA,632.78,2026-08-02 01:21:13
FEE-7117,ORD-1117,SEL-001,REFERRAL_AND_FBA,1047.79,2026-08-02 01:30:04
FEE-7118,ORD-1118,SEL-001,REFERRAL_AND_FBA,335.78,2026-08-02 01:38:36
FEE-7119,ORD-1119,SEL-001,REFERRAL_AND_FBA,480.82,2026-08-02 01:47:04
FEE-7120,ORD-1120,SEL-001,REFERRAL_AND_FBA,506.8,2026-08-02 01:55:26
FEE-7121,ORD-1121,SEL-001,REFERRAL_AND_FBA,661.26,2026-08-02 02:03:52
FEE-7122,ORD-1122,SEL-001,REFERRAL_AND_FBA,607.04,2026-08-02 02:12:52
FEE-7123,ORD-1123,SEL-001,REFERRAL_AND_FBA,154.16,2026-08-02 02:21:13
FEE-7124,ORD-1124,SEL-001,REFERRAL_AND_FBA,1020.68,2026-08-02 02:29:55
FEE-7125,ORD-1125,SEL-001,REFERRAL_AND_FBA,361.63,2026-08-02 02:38:17
FEE-7126,ORD-1126,SEL-001,REFERRAL_AND_FBA,231.88,2026-08-02 02:46:50
FEE-7127,ORD-1127,SEL-001,REFERRAL_AND_FBA,220.0,2026-08-02 02:55:04
FEE-7128,ORD-1128,SEL-001,REFERRAL_AND_FBA,122.54,2026-08-02 03:03:43
FEE-7129,ORD-1129,SEL-001,REFERRAL_AND_FBA,434.35,2026-08-02 03:12:09
FEE-7130,ORD-1130,SEL-001,REFERRAL_AND_FBA,689.62,2026-08-02 03:21:00
FEE-7131,ORD-1131,SEL-001,REFERRAL_AND_FBA,468.16,2026-08-02 03:29:15
FEE-7132,ORD-1132,SEL-001,REFERRAL_AND_FBA,1387.21,2026-08-02 03:37:52
FEE-7133,ORD-1133,SEL-001,REFERRAL_AND_FBA,656.98,2026-08-02 03:46:29
FEE-7134,ORD-1134,SEL-001,REFERRAL_AND_FBA,1047.79,2026-08-02 03:55:02
FEE-7135,ORD-1135,SEL-001,REFERRAL_AND_FBA,220.0,2026-08-02 04:03:38
FEE-7136,ORD-1136,SEL-001,REFERRAL_AND_FBA,535.66,2026-08-02 04:12:18
FEE-7137,ORD-1137,SEL-001,REFERRAL_AND_FBA,335.78,2026-08-02 04:20:31
FEE-7138,ORD-1138,SEL-001,REFERRAL_AND_FBA,293.11,2026-08-02 04:29:09
FEE-7139,ORD-1139,SEL-001,REFERRAL_AND_FBA,121.71,2026-08-02 04:37:29
FEE-7140,ORD-1140,SEL-001,REFERRAL_AND_FBA,447.56,2026-08-02 04:46:04
FEE-7141,ORD-1141,SEL-001,REFERRAL_AND_FBA,557.32,2026-08-02 04:54:57
FEE-7142,ORD-1142,SEL-001,REFERRAL_AND_FBA,629.82,2026-08-02 05:03:06
FEE-7143,ORD-1143,SEL-001,REFERRAL_AND_FBA,240.9,2026-08-02 05:11:48
FEE-7144,ORD-1144,SEL-001,REFERRAL_AND_FBA,712.86,2026-08-02 05:20:21
FEE-7145,ORD-1145,SEL-001,REFERRAL_AND_FBA,439.9,2026-08-02 05:28:53
FEE-7146,ORD-1146,SEL-001,REFERRAL_AND_FBA,641.84,2026-08-02 05:37:36
FEE-7147,ORD-1147,SEL-001,REFERRAL_AND_FBA,506.8,2026-08-02 05:45:45
FEE-7148,ORD-1148,SEL-001,REFERRAL_AND_FBA,162.4,2026-08-02 05:54:41
FEE-7149,ORD-1149,SEL-001,REFERRAL_AND_FBA,334.4,2026-08-02 06:03:00
FEE-7150,ORD-1150,SEL-001,REFERRAL_AND_FBA,629.82,2026-08-02 06:11:32
FEE-7151,ORD-1151,SEL-001,REFERRAL_AND_FBA,262.7,2026-08-02 06:19:54
FEE-7152,ORD-1152,SEL-001,REFERRAL_AND_FBA,220.0,2026-08-02 06:28:32
FEE-7153,ORD-1153,SEL-001,REFERRAL_AND_FBA,608.51,2026-08-02 06:37:14
FEE-7154,ORD-1154,SEL-001,REFERRAL_AND_FBA,269.71,2026-08-02 06:45:38
FEE-7155,ORD-1155,SEL-001,REFERRAL_AND_FBA,497.75,2026-08-02 06:54:06
FEE-7156,ORD-1156,SEL-001,REFERRAL_AND_FBA,245.07,2026-08-02 07:02:33
FEE-7157,ORD-1157,SEL-001,REFERRAL_AND_FBA,608.51,2026-08-02 07:11:25
FEE-7158,ORD-1158,SEL-001,REFERRAL_AND_FBA,218.83,2026-08-02 07:19:52
FEE-7159,ORD-1159,SEL-001,REFERRAL_AND_FBA,492.5,2026-08-02 07:28:24
FEE-7160,ORD-1160,SEL-001,REFERRAL_AND_FBA,434.35,2026-08-02 07:36:44
FEE-7161,ORD-1161,SEL-001,REFERRAL_AND_FBA,464.63,2026-08-02 07:45:32
FEE-7162,ORD-1162,SEL-001,REFERRAL_AND_FBA,727.53,2026-08-02 07:53:54
FEE-7163,ORD-1163,SEL-001,REFERRAL_AND_FBA,1456.86,2026-08-02 08:02:35
FEE-7164,ORD-1164,SEL-001,REFERRAL_AND_FBA,109.42,2026-08-02 08:11:11
FEE-7165,ORD-1165,SEL-001,REFERRAL_AND_FBA,973.61,2026-08-02 08:19:23
FEE-7166,ORD-1166,SEL-001,REFERRAL_AND_FBA,156.89,2026-08-02 08:28:17
FEE-7167,ORD-1167,SEL-001,REFERRAL_AND_FBA,309.41,2026-08-02 08:36:37
FEE-7168,ORD-1168,SEL-001,REFERRAL_AND_FBA,477.38,2026-08-02 08:45:23
FEE-7169,ORD-1169,SEL-001,REFERRAL_AND_FBA,557.32,2026-08-02 08:53:35
FEE-7170,ORD-1170,SEL-001,REFERRAL_AND_FBA,111.5,2026-08-02 09:02:09
FEE-7171,ORD-1171,SEL-001,REFERRAL_AND_FBA,689.62,2026-08-02 09:10:51
FEE-7172,ORD-1172,SEL-001,REFERRAL_AND_FBA,723.32,2026-08-02 09:19:14
FEE-7173,ORD-1173,SEL-001,REFERRAL_AND_FBA,150.46,2026-08-02 09:27:48
FEE-7174,ORD-1174,SEL-001,REFERRAL_AND_FBA,1387.21,2026-08-02 09:36:30
FEE-7175,ORD-1175,SEL-001,REFERRAL_AND_FBA,447.56,2026-08-02 09:44:42
FEE-7176,ORD-1176,SEL-001,REFERRAL_AND_FBA,143.37,2026-08-02 09:53:37
FEE-7177,ORD-1177,SEL-001,REFERRAL_AND_FBA,429.81,2026-08-02 10:01:53
FEE-7178,ORD-1178,SEL-001,REFERRAL_AND_FBA,260.0,2026-08-02 10:10:37
FEE-7179,ORD-1179,SEL-001,REFERRAL_AND_FBA,220.0,2026-08-02 10:18:50
FEE-7180,ORD-1180,SEL-001,REFERRAL_AND_FBA,220.0,2026-08-02 10:27:44
FEE-7181,ORD-1181,SEL-001,REFERRAL_AND_FBA,712.86,2026-08-02 10:36:04
FEE-7182,ORD-1182,SEL-001,REFERRAL_AND_FBA,621.25,2026-08-02 10:44:51
FEE-7183,ORD-1183,SEL-001,REFERRAL_AND_FBA,468.16,2026-08-02 10:53:00
FEE-7184,ORD-1184,SEL-001,REFERRAL_AND_FBA,650.16,2026-08-02 11:01:50
FEE-7185,ORD-1185,SEL-001,REFERRAL_AND_FBA,108.45,2026-08-02 11:10:12
FEE-7186,ORD-1186,SEL-001,REFERRAL_AND_FBA,434.35,2026-08-02 11:18:44
FEE-7187,ORD-1187,SEL-001,REFERRAL_AND_FBA,632.78,2026-08-02 11:27:35
FEE-7188,ORD-1188,SEL-001,REFERRAL_AND_FBA,385.02,2026-08-02 11:36:07
FEE-7189,ORD-1189,SEL-001,REFERRAL_AND_FBA,486.81,2026-08-02 11:44:35
FEE-7190,ORD-1190,SEL-001,REFERRAL_AND_FBA,440.0,2026-08-02 11:52:42
FEE-7191,ORD-1191,SEL-001,REFERRAL_AND_FBA,497.75,2026-08-02 12:01:20
FEE-7192,ORD-1192,SEL-001,REFERRAL_AND_FBA,262.7,2026-08-02 12:10:08
FEE-7193,ORD-1193,SEL-001,REFERRAL_AND_FBA,500.5,2026-08-02 12:18:46
FEE-7194,ORD-1194,SEL-001,REFERRAL_AND_FBA,151.63,2026-08-02 12:26:58
FEE-7195,ORD-1195,SEL-001,REFERRAL_AND_FBA,728.43,2026-08-02 12:35:49
FEE-7196,ORD-1196,SEL-001,REFERRAL_AND_FBA,333.82,2026-08-02 12:44:14
FEE-7197,ORD-1197,SEL-001,REFERRAL_AND_FBA,664.86,2026-08-02 12:52:53
FEE-7198,ORD-1198,SEL-001,REFERRAL_AND_FBA,1214.09,2026-08-02 13:00:58
FEE-7199,ORD-1199,SEL-001,REFERRAL_AND_FBA,263.19,2026-08-02 13:09:36
FEE-7200,ORD-1200,SEL-001,REFERRAL_AND_FBA,468.16,2026-08-02 13:18:29
FEE-7201,ORD-1201,SEL-001,REFERRAL_AND_FBA,220.0,2026-08-02 13:26:42
FEE-7202,ORD-1202,SEL-001,REFERRAL_AND_FBA,220.0,2026-08-02 13:35:09
FEE-7203,ORD-1203,SEL-001,REFERRAL_AND_FBA,537.56,2026-08-02 13:43:45
FEE-7204,ORD-1204,SEL-001,REFERRAL_AND_FBA,361.48,2026-08-02 13:52:23
FEE-7205,ORD-1205,SEL-001,REFERRAL_AND_FBA,528.94,2026-08-02 14:00:58
FEE-7206,ORD-1206,SEL-001,REFERRAL_AND_FBA,664.86,2026-08-02 14:09:37
FEE-7207,ORD-1207,SEL-001,REFERRAL_AND_FBA,723.32,2026-08-02 14:18:16
FEE-7208,ORD-1208,SEL-001,REFERRAL_AND_FBA,480.82,2026-08-02 14:26:21
FEE-7209,ORD-1209,SEL-001,REFERRAL_AND_FBA,333.82,2026-08-02 14:35:09
FEE-7210,ORD-1210,SEL-001,REFERRAL_AND_FBA,344.72,2026-08-02 14:43:44
FEE-7211,ORD-1211,SEL-001,REFERRAL_AND_FBA,150.46,2026-08-02 14:52:13
FEE-7212,ORD-1212,SEL-001,REFERRAL_AND_FBA,151.63,2026-08-02 15:00:54
FEE-7213,ORD-1213,SEL-001,REFERRAL_AND_FBA,328.49,2026-08-02 15:09:11
FEE-7214,ORD-1214,SEL-001,REFERRAL_AND_FBA,313.78,2026-08-02 15:17:44
FEE-7215,ORD-1215,SEL-001,REFERRAL_AND_FBA,231.88,2026-08-02 15:26:18
FEE-7216,ORD-1216,SEL-001,REFERRAL_AND_FBA,227.0,2026-08-02 15:34:58
FEE-7217,ORD-1217,SEL-001,REFERRAL_AND_FBA,226.06,2026-08-02 15:43:24
FEE-7218,ORD-1218,SEL-001,REFERRAL_AND_FBA,492.5,2026-08-02 15:52:03
FEE-7219,ORD-1219,SEL-001,REFERRAL_AND_FBA,528.94,2026-08-02 16:00:20
FEE-7220,ORD-1220,SEL-001,REFERRAL_AND_FBA,227.0,2026-08-02 16:08:50
FEE-7221,ORD-1221,SEL-001,REFERRAL_AND_FBA,454.0,2026-08-02 16:17:33
FEE-7222,ORD-1222,SEL-001,REFERRAL_AND_FBA,234.8,2026-08-02 16:26:06
FEE-7223,ORD-1223,SEL-001,REFERRAL_AND_FBA,220.0,2026-08-02 16:34:41
FEE-7224,ORD-1224,SEL-001,REFERRAL_AND_FBA,618.82,2026-08-02 16:43:20
FEE-7225,ORD-1225,SEL-001,REFERRAL_AND_FBA,900.74,2026-08-02 16:51:35
FEE-7226,ORD-1226,SEL-001,REFERRAL_AND_FBA,557.32,2026-08-02 17:00:11
FEE-7227,ORD-1227,SEL-001,REFERRAL_AND_FBA,693.61,2026-08-02 17:08:50
FEE-7228,ORD-1228,SEL-001,REFERRAL_AND_FBA,661.26,2026-08-02 17:17:03
FEE-7229,ORD-1229,SEL-001,REFERRAL_AND_FBA,480.82,2026-08-02 17:25:52
FEE-7230,ORD-1230,SEL-001,REFERRAL_AND_FBA,506.8,2026-08-02 17:34:19
FEE-7231,ORD-1231,SEL-001,REFERRAL_AND_FBA,523.9,2026-08-02 17:42:50
FEE-7232,ORD-1232,SEL-001,REFERRAL_AND_FBA,151.63,2026-08-02 17:51:08
FEE-7233,ORD-1233,SEL-001,REFERRAL_AND_FBA,447.56,2026-08-02 17:59:48
FEE-7234,ORD-1234,SEL-001,REFERRAL_AND_FBA,528.94,2026-08-02 18:08:23
FEE-7235,ORD-1235,SEL-001,REFERRAL_AND_FBA,361.63,2026-08-02 18:16:55
FEE-7236,ORD-1236,SEL-001,REFERRAL_AND_FBA,328.49,2026-08-02 18:25:26
FEE-7237,ORD-1237,SEL-001,REFERRAL_AND_FBA,220.0,2026-08-02 18:33:51
FEE-7238,ORD-1238,SEL-001,REFERRAL_AND_FBA,240.9,2026-08-02 18:42:39
FEE-7239,ORD-1239,SEL-001,REFERRAL_AND_FBA,238.52,2026-08-02 18:50:59
FEE-7240,ORD-1240,SEL-001,REFERRAL_AND_FBA,711.56,2026-08-02 18:59:47
FEE-7241,ORD-1241,SEL-001,REFERRAL_AND_FBA,711.56,2026-08-02 19:07:59
FEE-7242,ORD-1242,SEL-001,REFERRAL_AND_FBA,477.38,2026-08-02 19:16:54
FEE-7243,ORD-1243,SEL-001,REFERRAL_AND_FBA,727.53,2026-08-02 19:25:05
FEE-7244,ORD-1244,SEL-001,REFERRAL_AND_FBA,335.78,2026-08-02 19:33:56
FEE-7245,ORD-1245,SEL-001,REFERRAL_AND_FBA,260.0,2026-08-02 19:42:25
FEE-7246,ORD-1246,SEL-001,REFERRAL_AND_FBA,608.51,2026-08-02 19:51:03
FEE-7247,ORD-1247,SEL-001,REFERRAL_AND_FBA,510.34,2026-08-02 19:59:28
FEE-7248,ORD-1248,SEL-001,REFERRAL_AND_FBA,147.92,2026-08-02 20:07:49
FEE-7249,ORD-1249,SEL-001,REFERRAL_AND_FBA,414.66,2026-08-02 20:16:32
FEE-7250,ORD-1250,SEL-001,REFERRAL_AND_FBA,723.25,2026-08-02 20:24:58
FEE-7251,ORD-1251,SEL-001,REFERRAL_AND_FBA,541.66,2026-08-02 20:33:41
FEE-7252,ORD-1252,SEL-001,REFERRAL_AND_FBA,475.57,2026-08-02 20:42:18
FEE-7253,ORD-1253,SEL-001,REFERRAL_AND_FBA,220.0,2026-08-02 20:50:40
FEE-7254,ORD-1254,SEL-001,REFERRAL_AND_FBA,240.9,2026-08-02 20:59:08
FEE-7255,ORD-1255,SEL-001,REFERRAL_AND_FBA,344.72,2026-08-02 21:07:37
FEE-7256,ORD-1256,SEL-001,REFERRAL_AND_FBA,227.0,2026-08-02 21:16:06
FEE-7257,ORD-1257,SEL-001,REFERRAL_AND_FBA,1351.05,2026-08-02 21:24:52
FEE-7258,ORD-1258,SEL-001,REFERRAL_AND_FBA,276.99,2026-08-02 21:33:19
FEE-7259,ORD-1259,SEL-001,REFERRAL_AND_FBA,245.07,2026-08-02 21:41:54
FEE-7260,ORD-1260,SEL-001,REFERRAL_AND_FBA,220.0,2026-08-02 21:50:17
FEE-7261,ORD-1261,SEL-001,REFERRAL_AND_FBA,414.66,2026-08-02 21:59:00
FEE-7262,ORD-1262,SEL-001,REFERRAL_AND_FBA,618.82,2026-08-02 22:07:20
FEE-7263,ORD-1263,SEL-001,REFERRAL_AND_FBA,233.03,2026-08-02 22:16:05
FEE-7264,ORD-1264,SEL-001,REFERRAL_AND_FBA,293.6,2026-08-02 22:24:38
FEE-7265,ORD-1265,SEL-001,REFERRAL_AND_FBA,429.81,2026-08-02 22:32:46
FEE-7266,ORD-1266,SEL-001,REFERRAL_AND_FBA,417.32,2026-08-02 22:41:21
FEE-7267,ORD-1267,SEL-001,REFERRAL_AND_FBA,226.06,2026-08-02 22:49:54
FEE-7268,ORD-1268,SEL-001,REFERRAL_AND_FBA,133.0,2026-08-02 22:58:35
FEE-7269,ORD-1269,SEL-001,REFERRAL_AND_FBA,668.81,2026-08-02 23:07:00
FEE-7270,ORD-1270,SEL-001,REFERRAL_AND_FBA,480.82,2026-08-02 23:15:46
FEE-7271,ORD-1271,SEL-001,REFERRAL_AND_FBA,96.64,2026-08-02 23:24:09
FEE-7272,ORD-1272,SEL-001,REFERRAL_AND_FBA,260.0,2026-08-02 23:32:33
FEE-7273,ORD-1273,SEL-001,REFERRAL_AND_FBA,1174.4,2026-08-02 23:41:30
FEE-7274,ORD-1274,SEL-001,REFERRAL_AND_FBA,629.82,2026-08-02 23:49:57
FEE-7275,ORD-1275,SEL-001,REFERRAL_AND_FBA,403.2,2026-08-02 23:58:35
FEE-7276,ORD-1276,SEL-001,REFERRAL_AND_FBA,156.89,2026-08-03 00:06:50
FEE-7277,ORD-1277,SEL-001,REFERRAL_AND_FBA,440.0,2026-08-03 00:15:20
FEE-7278,ORD-1278,SEL-001,REFERRAL_AND_FBA,233.03,2026-08-03 00:24:02
FEE-7279,ORD-1279,SEL-001,REFERRAL_AND_FBA,727.53,2026-08-03 00:32:29
FEE-7280,ORD-1280,SEL-001,REFERRAL_AND_FBA,557.7,2026-08-03 00:40:46
FEE-7281,ORD-1281,SEL-001,REFERRAL_AND_FBA,689.62,2026-08-03 00:49:48
FEE-7282,ORD-1282,SEL-001,REFERRAL_AND_FBA,262.7,2026-08-03 00:57:59
FEE-7283,ORD-1283,SEL-001,REFERRAL_AND_FBA,447.56,2026-08-03 01:06:24
FEE-7284,ORD-1284,SEL-001,REFERRAL_AND_FBA,500.13,2026-08-03 01:15:16
FEE-7285,ORD-1285,SEL-001,REFERRAL_AND_FBA,231.88,2026-08-03 01:23:39
FEE-7286,ORD-1286,SEL-001,REFERRAL_AND_FBA,528.94,2026-08-03 01:32:28
FEE-7287,ORD-1287,SEL-001,REFERRAL_AND_FBA,156.89,2026-08-03 01:40:45
FEE-7288,ORD-1288,SEL-001,REFERRAL_AND_FBA,219.26,2026-08-03 01:49:09
FEE-7289,ORD-1289,SEL-001,REFERRAL_AND_FBA,293.6,2026-08-03 01:57:44
FEE-7290,ORD-1290,SEL-001,REFERRAL_AND_FBA,150.46,2026-08-03 02:06:32
FEE-7291,ORD-1291,SEL-001,REFERRAL_AND_FBA,557.32,2026-08-03 02:14:42
FEE-7292,ORD-1292,SEL-001,REFERRAL_AND_FBA,921.12,2026-08-03 02:23:35
FEE-7293,ORD-1293,SEL-001,REFERRAL_AND_FBA,562.0,2026-08-03 02:32:08
FEE-7294,ORD-1294,SEL-001,REFERRAL_AND_FBA,465.17,2026-08-03 02:40:25
FEE-7295,ORD-1295,SEL-001,REFERRAL_AND_FBA,133.0,2026-08-03 02:48:57
FEE-7296,ORD-1296,SEL-001,REFERRAL_AND_FBA,417.32,2026-08-03 02:57:28
FEE-7297,ORD-1297,SEL-001,REFERRAL_AND_FBA,597.45,2026-08-03 03:06:06
FEE-7298,ORD-1298,SEL-001,REFERRAL_AND_FBA,541.66,2026-08-03 03:14:48
FEE-7299,ORD-1299,SEL-001,REFERRAL_AND_FBA,162.4,2026-08-03 03:23:04
FEE-7300,ORD-1300,SEL-001,REFERRAL_AND_FBA,143.37,2026-08-03 03:31:38
FEE-7301,ORD-1301,SEL-001,REFERRAL_AND_FBA,111.5,2026-08-03 03:40:19
FEE-7302,ORD-1302,SEL-001,REFERRAL_AND_FBA,193.29,2026-08-03 03:48:47
FEE-7303,ORD-1303,SEL-001,REFERRAL_AND_FBA,562.0,2026-08-03 03:57:22
FEE-7304,ORD-1304,SEL-001,REFERRAL_AND_FBA,693.61,2026-08-03 04:05:55
FEE-7305,ORD-1305,SEL-001,REFERRAL_AND_FBA,480.82,2026-08-03 04:14:21
FEE-7306,ORD-1306,SEL-001,REFERRAL_AND_FBA,465.17,2026-08-03 04:22:55
FEE-7307,ORD-1307,SEL-001,REFERRAL_AND_FBA,587.2,2026-08-03 04:31:11
FEE-7308,ORD-1308,SEL-001,REFERRAL_AND_FBA,201.6,2026-08-03 04:39:51
FEE-7309,ORD-1309,SEL-001,REFERRAL_AND_FBA,702.72,2026-08-03 04:48:37
FEE-7310,ORD-1310,SEL-001,REFERRAL_AND_FBA,961.64,2026-08-03 04:57:01
FEE-7311,ORD-1311,SEL-001,REFERRAL_AND_FBA,347.12,2026-08-03 05:05:49
FEE-7312,ORD-1312,SEL-001,REFERRAL_AND_FBA,96.64,2026-08-03 05:14:08
FEE-7313,ORD-1313,SEL-001,REFERRAL_AND_FBA,629.82,2026-08-03 05:22:43
FEE-7314,ORD-1314,SEL-001,REFERRAL_AND_FBA,447.56,2026-08-03 05:31:20
FEE-7315,ORD-1315,SEL-001,REFERRAL_AND_FBA,263.19,2026-08-03 05:39:38
FEE-7316,ORD-1316,SEL-001,REFERRAL_AND_FBA,162.4,2026-08-03 05:48:01
FEE-7317,ORD-1317,SEL-001,REFERRAL_AND_FBA,111.5,2026-08-03 05:56:55
FEE-7318,ORD-1318,SEL-001,REFERRAL_AND_FBA,587.2,2026-08-03 06:05:05
FEE-7319,ORD-1319,SEL-001,REFERRAL_AND_FBA,309.41,2026-08-03 06:13:59
FEE-7320,ORD-1320,SEL-001,REFERRAL_AND_FBA,439.9,2026-08-03 06:22:24
FEE-7321,ORD-1321,SEL-001,REFERRAL_AND_FBA,154.16,2026-08-03 06:30:45
FEE-7322,ORD-1322,SEL-001,REFERRAL_AND_FBA,557.7,2026-08-03 06:39:40
FEE-7323,ORD-1323,SEL-001,REFERRAL_AND_FBA,385.02,2026-08-03 06:47:52
FEE-7324,ORD-1324,SEL-001,REFERRAL_AND_FBA,608.51,2026-08-03 06:56:21
FEE-7325,ORD-1325,SEL-001,REFERRAL_AND_FBA,693.61,2026-08-03 07:05:16
FEE-7326,ORD-1326,SEL-001,REFERRAL_AND_FBA,429.81,2026-08-03 07:13:22
FEE-7327,ORD-1327,SEL-001,REFERRAL_AND_FBA,450.37,2026-08-03 07:22:16
FEE-7328,ORD-1328,SEL-001,REFERRAL_AND_FBA,486.81,2026-08-03 07:30:41
FEE-7329,ORD-1329,SEL-001,REFERRAL_AND_FBA,111.5,2026-08-03 07:39:17
FEE-7330,ORD-1330,SEL-001,REFERRAL_AND_FBA,237.79,2026-08-03 07:47:41
FEE-7331,ORD-1331,SEL-001,REFERRAL_AND_FBA,553.97,2026-08-03 07:56:22
FEE-7332,ORD-1332,SEL-001,REFERRAL_AND_FBA,460.56,2026-08-03 08:04:43
FEE-7333,ORD-1333,SEL-001,REFERRAL_AND_FBA,661.26,2026-08-03 08:13:18
FEE-7334,ORD-1334,SEL-001,REFERRAL_AND_FBA,96.64,2026-08-03 08:21:55
FEE-7335,ORD-1335,SEL-001,REFERRAL_AND_FBA,96.64,2026-08-03 08:30:31
FEE-7336,ORD-1336,SEL-001,REFERRAL_AND_FBA,267.83,2026-08-03 08:38:55
FEE-7337,ORD-1337,SEL-001,REFERRAL_AND_FBA,293.11,2026-08-03 08:47:26
FEE-7338,ORD-1338,SEL-001,REFERRAL_AND_FBA,465.17,2026-08-03 08:55:59
FEE-7339,ORD-1339,SEL-001,REFERRAL_AND_FBA,466.06,2026-08-03 09:04:16
FEE-7340,ORD-1340,SEL-001,REFERRAL_AND_FBA,328.49,2026-08-03 09:13:12
FEE-7341,ORD-1341,SEL-001,REFERRAL_AND_FBA,497.75,2026-08-03 09:21:32
FEE-7342,ORD-1342,SEL-001,REFERRAL_AND_FBA,728.43,2026-08-03 09:30:01
FEE-7343,ORD-1343,SEL-001,REFERRAL_AND_FBA,237.79,2026-08-03 09:38:28
FEE-7344,ORD-1344,SEL-001,REFERRAL_AND_FBA,328.49,2026-08-03 09:47:01
FEE-7345,ORD-1345,SEL-001,REFERRAL_AND_FBA,334.4,2026-08-03 09:55:33
FEE-7346,ORD-1346,SEL-001,REFERRAL_AND_FBA,385.02,2026-08-03 10:04:29
FEE-7347,ORD-1347,SEL-001,REFERRAL_AND_FBA,510.34,2026-08-03 10:12:52
FEE-7348,ORD-1348,SEL-001,REFERRAL_AND_FBA,486.81,2026-08-03 10:21:22
FEE-7349,ORD-1349,SEL-001,REFERRAL_AND_FBA,985.0,2026-08-03 10:29:50
FEE-7350,ORD-1350,SEL-001,REFERRAL_AND_FBA,465.17,2026-08-03 10:38:28
FEE-7351,ORD-1351,SEL-001,REFERRAL_AND_FBA,293.11,2026-08-03 10:46:59
FEE-7352,ORD-1352,SEL-001,REFERRAL_AND_FBA,269.71,2026-08-03 10:55:36
FEE-7353,ORD-1353,SEL-001,REFERRAL_AND_FBA,506.8,2026-08-03 11:03:46
FEE-7354,ORD-1354,SEL-001,REFERRAL_AND_FBA,307.08,2026-08-03 11:12:30
FEE-7355,ORD-1355,SEL-001,REFERRAL_AND_FBA,361.63,2026-08-03 11:21:18
FEE-7356,ORD-1356,SEL-001,REFERRAL_AND_FBA,664.86,2026-08-03 11:29:37
FEE-7357,ORD-1357,SEL-001,REFERRAL_AND_FBA,112.96,2026-08-03 11:38:23
FEE-7358,ORD-1358,SEL-001,REFERRAL_AND_FBA,260.0,2026-08-03 11:46:49
FEE-7359,ORD-1359,SEL-001,REFERRAL_AND_FBA,333.82,2026-08-03 11:55:12
FEE-7360,ORD-1360,SEL-001,REFERRAL_AND_FBA,307.08,2026-08-03 12:03:38
FEE-7361,ORD-1361,SEL-001,REFERRAL_AND_FBA,492.5,2026-08-03 12:12:16
FEE-7362,ORD-1362,SEL-001,REFERRAL_AND_FBA,325.08,2026-08-03 12:20:54
FEE-7363,ORD-1363,SEL-001,REFERRAL_AND_FBA,888.85,2026-08-03 12:29:31
FEE-7364,ORD-1364,SEL-001,REFERRAL_AND_FBA,133.0,2026-08-03 12:38:07
FEE-7365,ORD-1365,SEL-001,REFERRAL_AND_FBA,150.46,2026-08-03 12:46:27
FEE-7366,ORD-1366,SEL-001,REFERRAL_AND_FBA,661.26,2026-08-03 12:55:05
FEE-7367,ORD-1367,SEL-001,REFERRAL_AND_FBA,226.06,2026-08-03 13:03:34
FEE-7368,ORD-1368,SEL-001,REFERRAL_AND_FBA,526.37,2026-08-03 13:12:07
FEE-7369,ORD-1369,SEL-001,REFERRAL_AND_FBA,334.4,2026-08-03 13:20:38
FEE-7370,ORD-1370,SEL-001,REFERRAL_AND_FBA,260.0,2026-08-03 13:29:20
FEE-7371,ORD-1371,SEL-001,REFERRAL_AND_FBA,361.63,2026-08-03 13:37:42
FEE-7372,ORD-1372,SEL-001,REFERRAL_AND_FBA,1075.13,2026-08-03 13:46:23
FEE-7373,ORD-1373,SEL-001,REFERRAL_AND_FBA,618.82,2026-08-03 13:54:52
FEE-7374,ORD-1374,SEL-001,REFERRAL_AND_FBA,108.45,2026-08-03 14:03:27
FEE-7375,ORD-1375,SEL-001,REFERRAL_AND_FBA,260.0,2026-08-03 14:11:59
FEE-7376,ORD-1376,SEL-001,REFERRAL_AND_FBA,196.67,2026-08-03 14:20:32
FEE-7377,ORD-1377,SEL-001,REFERRAL_AND_FBA,260.0,2026-08-03 14:28:44
FEE-7378,ORD-1378,SEL-001,REFERRAL_AND_FBA,693.61,2026-08-03 14:37:29
FEE-7379,ORD-1379,SEL-001,REFERRAL_AND_FBA,328.49,2026-08-03 14:45:57
FEE-7380,ORD-1380,SEL-001,REFERRAL_AND_FBA,618.82,2026-08-03 14:54:12
FEE-7381,ORD-1381,SEL-001,REFERRAL_AND_FBA,220.0,2026-08-03 15:03:11
FEE-7382,ORD-1382,SEL-001,REFERRAL_AND_FBA,293.11,2026-08-03 15:11:22
FEE-7383,ORD-1383,SEL-001,REFERRAL_AND_FBA,196.67,2026-08-03 15:19:53
FEE-7384,ORD-1384,SEL-001,REFERRAL_AND_FBA,122.54,2026-08-03 15:28:35
FEE-7385,ORD-1385,SEL-001,REFERRAL_AND_FBA,156.89,2026-08-03 15:37:11
FEE-7386,ORD-1386,SEL-001,REFERRAL_AND_FBA,266.0,2026-08-03 15:45:27
FEE-7387,ORD-1387,SEL-001,REFERRAL_AND_FBA,335.78,2026-08-03 15:54:17
FEE-7388,ORD-1388,SEL-001,REFERRAL_AND_FBA,335.78,2026-08-03 16:02:33
FEE-7389,ORD-1389,SEL-001,REFERRAL_AND_FBA,240.9,2026-08-03 16:11:15
FEE-7390,ORD-1390,SEL-001,REFERRAL_AND_FBA,528.94,2026-08-03 16:19:32
FEE-7391,ORD-1391,SEL-001,REFERRAL_AND_FBA,480.82,2026-08-03 16:28:08
FEE-7392,ORD-1392,SEL-001,REFERRAL_AND_FBA,629.82,2026-08-03 16:36:53
FEE-7393,ORD-1393,SEL-001,REFERRAL_AND_FBA,693.61,2026-08-03 16:45:11
FEE-7394,ORD-1394,SEL-001,REFERRAL_AND_FBA,325.08,2026-08-03 16:54:04
FEE-7395,ORD-1395,SEL-001,REFERRAL_AND_FBA,361.48,2026-08-03 17:02:12
FEE-7396,ORD-1396,SEL-001,REFERRAL_AND_FBA,334.4,2026-08-03 17:11:11
FEE-7397,ORD-1397,SEL-001,REFERRAL_AND_FBA,597.45,2026-08-03 17:19:39
FEE-7398,ORD-1398,SEL-001,REFERRAL_AND_FBA,269.71,2026-08-03 17:28:15
FEE-7399,ORD-1399,SEL-001,REFERRAL_AND_FBA,930.35,2026-08-03 17:36:40
FEE-7400,ORD-1400,SEL-001,REFERRAL_AND_FBA,1194.9,2026-08-03 17:45:08
FEE-7401,ORD-1401,SEL-001,REFERRAL_AND_FBA,196.67,2026-08-03 17:53:47
FEE-7402,ORD-1402,SEL-001,REFERRAL_AND_FBA,607.04,2026-08-03 18:02:12
FEE-7403,ORD-1403,SEL-001,REFERRAL_AND_FBA,727.53,2026-08-03 18:10:33
FEE-7404,ORD-1404,SEL-001,REFERRAL_AND_FBA,267.83,2026-08-03 18:19:12
FEE-7405,ORD-1405,SEL-001,REFERRAL_AND_FBA,232.32,2026-08-03 18:27:51
FEE-7406,ORD-1406,SEL-001,REFERRAL_AND_FBA,632.78,2026-08-03 18:36:27
FEE-7407,ORD-1407,SEL-001,REFERRAL_AND_FBA,621.25,2026-08-03 18:45:00
FEE-7408,ORD-1408,SEL-001,REFERRAL_AND_FBA,429.81,2026-08-03 18:53:26
FEE-7409,ORD-1409,SEL-001,REFERRAL_AND_FBA,664.86,2026-08-03 19:01:49
FEE-7410,ORD-1410,SEL-001,REFERRAL_AND_FBA,1020.68,2026-08-03 19:10:20
FEE-7411,ORD-1411,SEL-001,REFERRAL_AND_FBA,447.56,2026-08-03 19:19:04
FEE-7412,ORD-1412,SEL-001,REFERRAL_AND_FBA,238.52,2026-08-03 19:27:36
FEE-7413,ORD-1413,SEL-001,REFERRAL_AND_FBA,335.78,2026-08-03 19:35:52
FEE-7414,ORD-1414,SEL-001,REFERRAL_AND_FBA,468.16,2026-08-03 19:44:27
FEE-7415,ORD-1415,SEL-001,REFERRAL_AND_FBA,227.0,2026-08-03 19:53:09
FEE-7416,ORD-1416,SEL-001,REFERRAL_AND_FBA,463.76,2026-08-03 20:01:32
FEE-7417,ORD-1417,SEL-001,REFERRAL_AND_FBA,191.62,2026-08-03 20:09:58
FEE-7418,ORD-1418,SEL-001,REFERRAL_AND_FBA,220.0,2026-08-03 20:18:47
FEE-7419,ORD-1419,SEL-001,REFERRAL_AND_FBA,151.63,2026-08-03 20:27:18
FEE-7420,ORD-1420,SEL-001,REFERRAL_AND_FBA,108.45,2026-08-03 20:35:42
FEE-7421,ORD-1421,SEL-001,REFERRAL_AND_FBA,335.78,2026-08-03 20:44:27
FEE-7422,ORD-1422,SEL-001,REFERRAL_AND_FBA,477.38,2026-08-03 20:52:55
FEE-7423,ORD-1423,SEL-001,REFERRAL_AND_FBA,143.37,2026-08-03 21:01:20
FEE-7424,ORD-1424,SEL-001,REFERRAL_AND_FBA,492.5,2026-08-03 21:10:08
FEE-7425,ORD-1425,SEL-001,REFERRAL_AND_FBA,226.06,2026-08-03 21:18:41
FEE-7426,ORD-1426,SEL-001,REFERRAL_AND_FBA,220.0,2026-08-03 21:27:07
FEE-7427,ORD-1427,SEL-001,REFERRAL_AND_FBA,702.72,2026-08-03 21:35:40
FEE-7428,ORD-1428,SEL-001,REFERRAL_AND_FBA,930.35,2026-08-03 21:44:15
FEE-7429,ORD-1429,SEL-001,REFERRAL_AND_FBA,492.5,2026-08-03 21:52:45
FEE-7430,ORD-1430,SEL-001,REFERRAL_AND_FBA,606.21,2026-08-03 22:00:58
FEE-7431,ORD-1431,SEL-001,REFERRAL_AND_FBA,520.0,2026-08-03 22:09:30
FEE-7432,ORD-1432,SEL-001,REFERRAL_AND_FBA,347.12,2026-08-03 22:18:23
FEE-7433,ORD-1433,SEL-001,REFERRAL_AND_FBA,108.45,2026-08-03 22:26:36
FEE-7434,ORD-1434,SEL-001,REFERRAL_AND_FBA,770.04,2026-08-03 22:35:02
FEE-7435,ORD-1435,SEL-001,REFERRAL_AND_FBA,226.06,2026-08-03 22:43:33
FEE-7436,ORD-1436,SEL-001,REFERRAL_AND_FBA,267.83,2026-08-03 22:52:13
FEE-7437,ORD-1437,SEL-001,REFERRAL_AND_FBA,537.56,2026-08-03 23:00:50
FEE-7438,ORD-1438,SEL-001,REFERRAL_AND_FBA,238.52,2026-08-03 23:09:13
FEE-7439,ORD-1439,SEL-001,REFERRAL_AND_FBA,328.49,2026-08-03 23:18:06
FEE-7440,ORD-1440,SEL-001,REFERRAL_AND_FBA,231.88,2026-08-03 23:26:35
FEE-7441,ORD-1441,SEL-001,REFERRAL_AND_FBA,269.71,2026-08-03 23:35:09
FEE-7442,ORD-1442,SEL-001,REFERRAL_AND_FBA,231.88,2026-08-03 23:43:37
FEE-7443,ORD-1443,SEL-001,REFERRAL_AND_FBA,218.83,2026-08-03 23:52:14
FEE-7444,ORD-1444,SEL-001,REFERRAL_AND_FBA,834.65,2026-08-04 00:00:28
FEE-7445,ORD-1445,SEL-001,REFERRAL_AND_FBA,667.63,2026-08-04 00:08:54
FEE-7446,ORD-1446,SEL-001,REFERRAL_AND_FBA,460.56,2026-08-04 00:17:26
FEE-7447,ORD-1447,SEL-001,REFERRAL_AND_FBA,650.16,2026-08-04 00:26:01
FEE-7448,ORD-1448,SEL-001,REFERRAL_AND_FBA,497.75,2026-08-04 00:34:48
FEE-7449,ORD-1449,SEL-001,REFERRAL_AND_FBA,417.32,2026-08-04 00:43:14
FEE-7450,ORD-1450,SEL-001,REFERRAL_AND_FBA,632.78,2026-08-04 00:51:45
FEE-7451,ORD-1451,SEL-001,REFERRAL_AND_FBA,650.16,2026-08-04 01:00:30
FEE-7452,ORD-1452,SEL-001,REFERRAL_AND_FBA,201.6,2026-08-04 01:08:58
FEE-7453,ORD-1453,SEL-001,REFERRAL_AND_FBA,728.43,2026-08-04 01:17:40
FEE-7454,ORD-1454,SEL-001,REFERRAL_AND_FBA,607.04,2026-08-04 01:26:06
FEE-7455,ORD-1455,SEL-001,REFERRAL_AND_FBA,450.37,2026-08-04 01:34:18
FEE-7456,ORD-1456,SEL-001,REFERRAL_AND_FBA,641.84,2026-08-04 01:42:57
FEE-7457,ORD-1457,SEL-001,REFERRAL_AND_FBA,505.62,2026-08-04 01:51:21
FEE-7458,ORD-1458,SEL-001,REFERRAL_AND_FBA,220.0,2026-08-04 02:00:03
FEE-7459,ORD-1459,SEL-001,REFERRAL_AND_FBA,497.75,2026-08-04 02:08:41
FEE-7460,ORD-1460,SEL-001,REFERRAL_AND_FBA,454.0,2026-08-04 02:17:18
FEE-7461,ORD-1461,SEL-001,REFERRAL_AND_FBA,269.71,2026-08-04 02:25:44
FEE-7462,ORD-1462,SEL-001,REFERRAL_AND_FBA,606.21,2026-08-04 02:34:06
FEE-7463,ORD-1463,SEL-001,REFERRAL_AND_FBA,1115.41,2026-08-04 02:42:45
FEE-7464,ORD-1464,SEL-001,REFERRAL_AND_FBA,557.32,2026-08-04 02:51:17
FEE-7465,ORD-1465,SEL-001,REFERRAL_AND_FBA,261.36,2026-08-04 03:00:04
FEE-7466,ORD-1466,SEL-001,REFERRAL_AND_FBA,930.35,2026-08-04 03:08:20
FEE-7467,ORD-1467,SEL-001,REFERRAL_AND_FBA,702.72,2026-08-04 03:16:48
FEE-7468,ORD-1468,SEL-001,REFERRAL_AND_FBA,361.63,2026-08-04 03:25:22
FEE-7469,ORD-1469,SEL-001,REFERRAL_AND_FBA,269.71,2026-08-04 03:34:01
FEE-7470,ORD-1470,SEL-001,REFERRAL_AND_FBA,702.72,2026-08-04 03:42:26
FEE-7471,ORD-1471,SEL-001,REFERRAL_AND_FBA,597.45,2026-08-04 03:51:08
FEE-7472,ORD-1472,SEL-001,REFERRAL_AND_FBA,417.32,2026-08-04 03:59:33
FEE-7473,ORD-1473,SEL-001,REFERRAL_AND_FBA,233.03,2026-08-04 04:08:16
FEE-7474,ORD-1474,SEL-001,REFERRAL_AND_FBA,269.71,2026-08-04 04:16:44
FEE-7475,ORD-1475,SEL-001,REFERRAL_AND_FBA,1057.88,2026-08-04 04:25:10
FEE-7476,ORD-1476,SEL-001,REFERRAL_AND_FBA,440.0,2026-08-04 04:33:40
FEE-7477,ORD-1477,SEL-001,REFERRAL_AND_FBA,231.88,2026-08-04 04:42:24
FEE-7478,ORD-1478,SEL-001,REFERRAL_AND_FBA,385.02,2026-08-04 04:50:52
FEE-7479,ORD-1479,SEL-001,REFERRAL_AND_FBA,335.78,2026-08-04 04:59:24
FEE-7480,ORD-1480,SEL-001,REFERRAL_AND_FBA,154.16,2026-08-04 05:07:38
FEE-7481,ORD-1481,SEL-001,REFERRAL_AND_FBA,201.6,2026-08-04 05:16:25
FEE-7482,ORD-1482,SEL-001,REFERRAL_AND_FBA,608.51,2026-08-04 05:25:00
FEE-7483,ORD-1483,SEL-001,REFERRAL_AND_FBA,231.88,2026-08-04 05:33:14
FEE-7484,ORD-1484,SEL-001,REFERRAL_AND_FBA,557.32,2026-08-04 05:41:47
FEE-7485,ORD-1485,SEL-001,REFERRAL_AND_FBA,492.5,2026-08-04 05:50:26
FEE-7486,ORD-1486,SEL-001,REFERRAL_AND_FBA,506.8,2026-08-04 05:58:56
FEE-7487,ORD-1487,SEL-001,REFERRAL_AND_FBA,361.63,2026-08-04 06:07:22
FEE-7488,ORD-1488,SEL-001,REFERRAL_AND_FBA,196.67,2026-08-04 06:15:56
FEE-7489,ORD-1489,SEL-001,REFERRAL_AND_FBA,505.62,2026-08-04 06:24:28
FEE-7490,ORD-1490,SEL-001,REFERRAL_AND_FBA,689.62,2026-08-04 06:33:24
FEE-7491,ORD-1491,SEL-001,REFERRAL_AND_FBA,361.48,2026-08-04 06:41:34
FEE-7492,ORD-1492,SEL-001,REFERRAL_AND_FBA,702.72,2026-08-04 06:50:17
FEE-7493,ORD-1493,SEL-001,REFERRAL_AND_FBA,450.37,2026-08-04 06:58:59
FEE-7494,ORD-1494,SEL-001,REFERRAL_AND_FBA,143.37,2026-08-04 07:07:16
FEE-7495,ORD-1495,SEL-001,REFERRAL_AND_FBA,973.61,2026-08-04 07:16:02
FEE-7496,ORD-1496,SEL-001,REFERRAL_AND_FBA,477.38,2026-08-04 07:24:29
FEE-7497,ORD-1497,SEL-001,REFERRAL_AND_FBA,262.7,2026-08-04 07:33:02
FEE-7498,ORD-1498,SEL-001,REFERRAL_AND_FBA,112.96,2026-08-04 07:41:25
FEE-7499,ORD-1499,SEL-001,REFERRAL_AND_FBA,444.43,2026-08-04 07:49:49
FEE-7500,ORD-1500,SEL-001,REFERRAL_AND_FBA,286.74,2026-08-04 07:58:30
FEE-7501,ORD-1501,SEL-001,REFERRAL_AND_FBA,227.0,2026-08-04 08:06:54
FEE-7502,ORD-1502,SEL-001,REFERRAL_AND_FBA,480.82,2026-08-04 08:15:41
FEE-7503,ORD-1503,SEL-001,REFERRAL_AND_FBA,621.25,2026-08-04 08:23:52
FEE-7504,ORD-1504,SEL-001,REFERRAL_AND_FBA,693.61,2026-08-04 08:32:33
FEE-7505,ORD-1505,SEL-001,REFERRAL_AND_FBA,506.8,2026-08-04 08:41:13
FEE-7506,ORD-1506,SEL-001,REFERRAL_AND_FBA,523.9,2026-08-04 08:49:39
FEE-7507,ORD-1507,SEL-001,REFERRAL_AND_FBA,465.17,2026-08-04 08:58:06
FEE-7508,ORD-1508,SEL-001,REFERRAL_AND_FBA,414.66,2026-08-04 09:06:33
FEE-7509,ORD-1509,SEL-001,REFERRAL_AND_FBA,361.63,2026-08-04 09:15:28
FEE-7510,ORD-1510,SEL-001,REFERRAL_AND_FBA,606.21,2026-08-04 09:23:58
FEE-7511,ORD-1511,SEL-001,REFERRAL_AND_FBA,693.61,2026-08-04 09:32:34
FEE-7512,ORD-1512,SEL-001,REFERRAL_AND_FBA,122.54,2026-08-04 09:40:58
FEE-7513,ORD-1513,SEL-001,REFERRAL_AND_FBA,232.32,2026-08-04 09:49:43
FEE-7514,ORD-1514,SEL-001,REFERRAL_AND_FBA,295.85,2026-08-04 09:58:09
FEE-7515,ORD-1515,SEL-001,REFERRAL_AND_FBA,607.04,2026-08-04 10:06:21
FEE-7516,ORD-1516,SEL-001,REFERRAL_AND_FBA,325.08,2026-08-04 10:14:56
FEE-7517,ORD-1517,SEL-001,REFERRAL_AND_FBA,201.6,2026-08-04 10:23:29
FEE-7518,ORD-1518,SEL-001,REFERRAL_AND_FBA,133.0,2026-08-04 10:32:17
FEE-7519,ORD-1519,SEL-001,REFERRAL_AND_FBA,541.66,2026-08-04 10:40:36
FEE-7520,ORD-1520,SEL-001,REFERRAL_AND_FBA,557.32,2026-08-04 10:49:24
FEE-7521,ORD-1521,SEL-001,REFERRAL_AND_FBA,325.08,2026-08-04 10:57:56
FEE-7522,ORD-1522,SEL-001,REFERRAL_AND_FBA,444.43,2026-08-04 11:06:07
FEE-7523,ORD-1523,SEL-001,REFERRAL_AND_FBA,475.57,2026-08-04 11:14:51
FEE-7524,ORD-1524,SEL-001,REFERRAL_AND_FBA,557.32,2026-08-04 11:23:06
FEE-7525,ORD-1525,SEL-001,REFERRAL_AND_FBA,689.62,2026-08-04 11:31:42
FEE-7526,ORD-1526,SEL-001,REFERRAL_AND_FBA,193.29,2026-08-04 11:40:13
FEE-7527,ORD-1527,SEL-001,REFERRAL_AND_FBA,231.88,2026-08-04 11:48:43
FEE-7528,ORD-1528,SEL-001,REFERRAL_AND_FBA,641.84,2026-08-04 11:57:18
FEE-7529,ORD-1529,SEL-001,REFERRAL_AND_FBA,109.42,2026-08-04 12:05:58
FEE-7530,ORD-1530,SEL-001,REFERRAL_AND_FBA,728.43,2026-08-04 12:14:21
FEE-7531,ORD-1531,SEL-001,REFERRAL_AND_FBA,723.32,2026-08-04 12:23:16
FEE-7532,ORD-1532,SEL-001,REFERRAL_AND_FBA,460.56,2026-08-04 12:31:44
FEE-7533,ORD-1533,SEL-001,REFERRAL_AND_FBA,233.03,2026-08-04 12:40:06
FEE-7534,ORD-1534,SEL-001,REFERRAL_AND_FBA,385.02,2026-08-04 12:48:28
FEE-7535,ORD-1535,SEL-001,REFERRAL_AND_FBA,1217.02,2026-08-04 12:57:21
FEE-7536,ORD-1536,SEL-001,REFERRAL_AND_FBA,109.42,2026-08-04 13:05:44
FEE-7537,ORD-1537,SEL-001,REFERRAL_AND_FBA,689.62,2026-08-04 13:14:25
FEE-7538,ORD-1538,SEL-001,REFERRAL_AND_FBA,263.19,2026-08-04 13:22:42
FEE-7539,ORD-1539,SEL-001,REFERRAL_AND_FBA,234.8,2026-08-04 13:31:15
FEE-7540,ORD-1540,SEL-001,REFERRAL_AND_FBA,629.82,2026-08-04 13:39:47
FEE-7541,ORD-1541,SEL-001,REFERRAL_AND_FBA,477.38,2026-08-04 13:48:30
FEE-7542,ORD-1542,SEL-001,REFERRAL_AND_FBA,477.04,2026-08-04 13:56:57
FEE-7543,ORD-1543,SEL-001,REFERRAL_AND_FBA,693.61,2026-08-04 14:05:18
FEE-7544,ORD-1544,SEL-001,REFERRAL_AND_FBA,429.81,2026-08-04 14:13:51
FEE-7545,ORD-1545,SEL-001,REFERRAL_AND_FBA,295.85,2026-08-04 14:22:18
FEE-7546,ORD-1546,SEL-001,REFERRAL_AND_FBA,429.81,2026-08-04 14:30:59
FEE-7547,ORD-1547,SEL-001,REFERRAL_AND_FBA,385.02,2026-08-04 14:39:24
FEE-7548,ORD-1548,SEL-001,REFERRAL_AND_FBA,608.51,2026-08-04 14:47:56
FEE-7549,ORD-1549,SEL-001,REFERRAL_AND_FBA,728.43,2026-08-04 14:56:46
FEE-7550,ORD-1550,SEL-001,REFERRAL_AND_FBA,477.38,2026-08-04 15:05:11
FEE-7551,ORD-1551,SEL-001,REFERRAL_AND_FBA,675.52,2026-08-04 15:13:43
FEE-7552,ORD-1552,SEL-001,REFERRAL_AND_FBA,108.45,2026-08-04 15:22:23
FEE-7553,ORD-1553,SEL-001,REFERRAL_AND_FBA,587.2,2026-08-04 15:30:39
FEE-7554,ORD-1554,SEL-001,REFERRAL_AND_FBA,133.0,2026-08-04 15:39:15
FEE-7555,ORD-1555,SEL-001,REFERRAL_AND_FBA,234.8,2026-08-04 15:48:07
FEE-7556,ORD-1556,SEL-001,REFERRAL_AND_FBA,651.18,2026-08-04 15:56:27
FEE-7557,ORD-1557,SEL-001,REFERRAL_AND_FBA,693.61,2026-08-04 16:04:59
FEE-7558,ORD-1558,SEL-001,REFERRAL_AND_FBA,232.32,2026-08-04 16:13:39
FEE-7559,ORD-1559,SEL-001,REFERRAL_AND_FBA,108.45,2026-08-04 16:22:03
FEE-7560,ORD-1560,SEL-001,REFERRAL_AND_FBA,562.0,2026-08-04 16:30:31
FEE-7561,ORD-1561,SEL-001,REFERRAL_AND_FBA,541.66,2026-08-04 16:39:14
FEE-7562,ORD-1562,SEL-001,REFERRAL_AND_FBA,651.18,2026-08-04 16:47:33
FEE-7563,ORD-1563,SEL-001,REFERRAL_AND_FBA,1174.4,2026-08-04 16:56:23
FEE-7564,ORD-1564,SEL-001,REFERRAL_AND_FBA,444.43,2026-08-04 17:04:29
FEE-7565,ORD-1565,SEL-001,REFERRAL_AND_FBA,156.89,2026-08-04 17:13:01
FEE-7566,ORD-1566,SEL-001,REFERRAL_AND_FBA,196.67,2026-08-04 17:21:40
FEE-7567,ORD-1567,SEL-001,REFERRAL_AND_FBA,293.6,2026-08-04 17:30:27
FEE-7568,ORD-1568,SEL-001,REFERRAL_AND_FBA,632.78,2026-08-04 17:38:35
FEE-7569,ORD-1569,SEL-001,REFERRAL_AND_FBA,220.0,2026-08-04 17:47:29
FEE-7570,ORD-1570,SEL-001,REFERRAL_AND_FBA,641.84,2026-08-04 17:55:51
FEE-7571,ORD-1571,SEL-001,REFERRAL_AND_FBA,295.85,2026-08-04 18:04:18
FEE-7572,ORD-1572,SEL-001,REFERRAL_AND_FBA,1265.55,2026-08-04 18:12:51
FEE-7573,ORD-1573,SEL-001,REFERRAL_AND_FBA,133.0,2026-08-04 18:21:37
FEE-7574,ORD-1574,SEL-001,REFERRAL_AND_FBA,111.5,2026-08-04 18:29:51
FEE-7575,ORD-1575,SEL-001,REFERRAL_AND_FBA,621.25,2026-08-04 18:38:41
FEE-7576,ORD-1576,SEL-001,REFERRAL_AND_FBA,361.63,2026-08-04 18:47:17
FEE-7577,ORD-1577,SEL-001,REFERRAL_AND_FBA,233.03,2026-08-04 18:55:31
FEE-7578,ORD-1578,SEL-001,REFERRAL_AND_FBA,196.67,2026-08-04 19:04:00
FEE-7579,ORD-1579,SEL-001,REFERRAL_AND_FBA,201.6,2026-08-04 19:12:39
FEE-7580,ORD-1580,SEL-001,REFERRAL_AND_FBA,728.43,2026-08-04 19:21:03
FEE-7581,ORD-1581,SEL-001,REFERRAL_AND_FBA,541.66,2026-08-04 19:29:51
FEE-7582,ORD-1582,SEL-001,REFERRAL_AND_FBA,661.26,2026-08-04 19:38:34
FEE-7583,ORD-1583,SEL-001,REFERRAL_AND_FBA,201.6,2026-08-04 19:46:41
FEE-7584,ORD-1584,SEL-001,REFERRAL_AND_FBA,233.03,2026-08-04 19:55:11
FEE-7585,ORD-1585,SEL-001,REFERRAL_AND_FBA,328.49,2026-08-04 20:04:04
FEE-7586,ORD-1586,SEL-001,REFERRAL_AND_FBA,868.69,2026-08-04 20:12:32
FEE-7587,ORD-1587,SEL-001,REFERRAL_AND_FBA,480.82,2026-08-04 20:20:46
FEE-7588,ORD-1588,SEL-001,REFERRAL_AND_FBA,439.9,2026-08-04 20:29:43
FEE-7589,ORD-1589,SEL-001,REFERRAL_AND_FBA,492.5,2026-08-04 20:37:53
FEE-7590,ORD-1590,SEL-001,REFERRAL_AND_FBA,303.25,2026-08-04 20:46:41
FEE-7591,ORD-1591,SEL-001,REFERRAL_AND_FBA,385.02,2026-08-04 20:55:06
FEE-7592,ORD-1592,SEL-001,REFERRAL_AND_FBA,263.19,2026-08-04 21:03:33
FEE-7593,ORD-1593,SEL-001,REFERRAL_AND_FBA,520.0,2026-08-04 21:12:08
FEE-7594,ORD-1594,SEL-001,REFERRAL_AND_FBA,535.66,2026-08-04 21:20:48
FEE-7595,ORD-1595,SEL-001,REFERRAL_AND_FBA,500.5,2026-08-04 21:29:11
FEE-7596,ORD-1596,SEL-001,REFERRAL_AND_FBA,234.8,2026-08-04 21:37:43
FEE-7597,ORD-1597,SEL-001,REFERRAL_AND_FBA,147.92,2026-08-04 21:46:33
FEE-7598,ORD-1598,SEL-001,REFERRAL_AND_FBA,1265.55,2026-08-04 21:54:48
FEE-7599,ORD-1599,SEL-001,REFERRAL_AND_FBA,361.63,2026-08-04 22:03:30
FEE-7600,ORD-1600,SEL-001,REFERRAL_AND_FBA,497.75,2026-08-04 22:11:48
FEE-7601,ORD-1601,SEL-001,REFERRAL_AND_FBA,510.34,2026-08-04 22:20:40
FEE-7602,ORD-1602,SEL-001,REFERRAL_AND_FBA,122.54,2026-08-04 22:28:56
FEE-7603,ORD-1603,SEL-001,REFERRAL_AND_FBA,191.62,2026-08-04 22:37:35
FEE-7604,ORD-1604,SEL-001,REFERRAL_AND_FBA,500.5,2026-08-04 22:46:04
FEE-7605,ORD-1605,SEL-001,REFERRAL_AND_FBA,220.0,2026-08-04 22:54:40
FEE-7606,ORD-1606,SEL-001,REFERRAL_AND_FBA,237.79,2026-08-04 23:03:12
FEE-7607,ORD-1607,SEL-001,REFERRAL_AND_FBA,267.83,2026-08-04 23:11:52
FEE-7608,ORD-1608,SEL-001,REFERRAL_AND_FBA,477.04,2026-08-04 23:20:01
FEE-7609,ORD-1609,SEL-001,REFERRAL_AND_FBA,325.08,2026-08-04 23:28:40
FEE-7610,ORD-1610,SEL-001,REFERRAL_AND_FBA,1194.9,2026-08-04 23:37:11
FEE-7611,ORD-1611,SEL-001,REFERRAL_AND_FBA,537.56,2026-08-04 23:46:03
FEE-7612,ORD-1612,SEL-001,REFERRAL_AND_FBA,143.37,2026-08-04 23:54:33
FEE-7613,ORD-1613,SEL-001,REFERRAL_AND_FBA,417.32,2026-08-05 00:02:42
FEE-7614,ORD-1614,SEL-001,REFERRAL_AND_FBA,651.18,2026-08-05 00:11:09
FEE-7615,ORD-1615,SEL-001,REFERRAL_AND_FBA,220.0,2026-08-05 00:20:11
FEE-7616,ORD-1616,SEL-001,REFERRAL_AND_FBA,693.61,2026-08-05 00:28:43
FEE-7617,ORD-1617,SEL-001,REFERRAL_AND_FBA,553.97,2026-08-05 00:36:55
FEE-7618,ORD-1618,SEL-001,REFERRAL_AND_FBA,122.54,2026-08-05 00:45:46
FEE-7619,ORD-1619,SEL-001,REFERRAL_AND_FBA,220.0,2026-08-05 00:54:00
FEE-7620,ORD-1620,SEL-001,REFERRAL_AND_FBA,492.5,2026-08-05 01:02:33
FEE-7621,ORD-1621,SEL-001,REFERRAL_AND_FBA,226.06,2026-08-05 01:11:17
FEE-7622,ORD-1622,SEL-001,REFERRAL_AND_FBA,723.32,2026-08-05 01:19:43
FEE-7623,ORD-1623,SEL-001,REFERRAL_AND_FBA,201.6,2026-08-05 01:28:22
FEE-7624,ORD-1624,SEL-001,REFERRAL_AND_FBA,219.26,2026-08-05 01:36:39
FEE-7625,ORD-1625,SEL-001,REFERRAL_AND_FBA,526.37,2026-08-05 01:45:14
FEE-7626,ORD-1626,SEL-001,REFERRAL_AND_FBA,723.32,2026-08-05 01:53:44
FEE-7627,ORD-1627,SEL-001,REFERRAL_AND_FBA,505.62,2026-08-05 02:02:26
FEE-7628,ORD-1628,SEL-001,REFERRAL_AND_FBA,150.46,2026-08-05 02:10:44
FEE-7629,ORD-1629,SEL-001,REFERRAL_AND_FBA,486.81,2026-08-05 02:19:27
FEE-7630,ORD-1630,SEL-001,REFERRAL_AND_FBA,608.51,2026-08-05 02:28:00
FEE-7631,ORD-1631,SEL-001,REFERRAL_AND_FBA,702.72,2026-08-05 02:36:35
FEE-7632,ORD-1632,SEL-001,REFERRAL_AND_FBA,334.4,2026-08-05 02:45:06
FEE-7633,ORD-1633,SEL-001,REFERRAL_AND_FBA,664.86,2026-08-05 02:53:30
FEE-7634,ORD-1634,SEL-001,REFERRAL_AND_FBA,269.71,2026-08-05 03:02:02
FEE-7635,ORD-1635,SEL-001,REFERRAL_AND_FBA,154.16,2026-08-05 03:10:30
FEE-7636,ORD-1636,SEL-001,REFERRAL_AND_FBA,109.42,2026-08-05 03:18:58
FEE-7637,ORD-1637,SEL-001,REFERRAL_AND_FBA,510.34,2026-08-05 03:27:43
FEE-7638,ORD-1638,SEL-001,REFERRAL_AND_FBA,112.96,2026-08-05 03:36:10
FEE-7639,ORD-1639,SEL-001,REFERRAL_AND_FBA,486.81,2026-08-05 03:44:49
FEE-7640,ORD-1640,SEL-001,REFERRAL_AND_FBA,587.2,2026-08-05 03:53:25
FEE-7641,ORD-1641,SEL-001,REFERRAL_AND_FBA,335.78,2026-08-05 04:01:54
FEE-7642,ORD-1642,SEL-001,REFERRAL_AND_FBA,191.62,2026-08-05 04:10:12
FEE-7643,ORD-1643,SEL-001,REFERRAL_AND_FBA,249.73,2026-08-05 04:19:00
FEE-7644,ORD-1644,SEL-001,REFERRAL_AND_FBA,361.48,2026-08-05 04:27:21
FEE-7645,ORD-1645,SEL-001,REFERRAL_AND_FBA,587.2,2026-08-05 04:36:00
FEE-7646,ORD-1646,SEL-001,REFERRAL_AND_FBA,587.2,2026-08-05 04:44:40
FEE-7647,ORD-1647,SEL-001,REFERRAL_AND_FBA,293.11,2026-08-05 04:52:51
FEE-7648,ORD-1648,SEL-001,REFERRAL_AND_FBA,109.42,2026-08-05 05:01:48
FEE-7649,ORD-1649,SEL-001,REFERRAL_AND_FBA,434.35,2026-08-05 05:10:19
FEE-7650,ORD-1650,SEL-001,REFERRAL_AND_FBA,220.0,2026-08-05 05:18:42
FEE-7651,ORD-1651,SEL-001,REFERRAL_AND_FBA,562.0,2026-08-05 05:27:14
FEE-7652,ORD-1652,SEL-001,REFERRAL_AND_FBA,668.81,2026-08-05 05:35:49
FEE-7653,ORD-1653,SEL-001,REFERRAL_AND_FBA,486.81,2026-08-05 05:43:59
FEE-7654,ORD-1654,SEL-001,REFERRAL_AND_FBA,632.78,2026-08-05 05:52:58
FEE-7655,ORD-1655,SEL-001,REFERRAL_AND_FBA,712.86,2026-08-05 06:01:17
FEE-7656,ORD-1656,SEL-001,REFERRAL_AND_FBA,226.06,2026-08-05 06:09:37
FEE-7657,ORD-1657,SEL-001,REFERRAL_AND_FBA,629.82,2026-08-05 06:18:34
FEE-7658,ORD-1658,SEL-001,REFERRAL_AND_FBA,1423.12,2026-08-05 06:27:01
FEE-7659,ORD-1659,SEL-001,REFERRAL_AND_FBA,702.72,2026-08-05 06:35:11
FEE-7660,ORD-1660,SEL-001,REFERRAL_AND_FBA,122.54,2026-08-05 06:43:58
FEE-7661,ORD-1661,SEL-001,REFERRAL_AND_FBA,439.9,2026-08-05 06:52:30
FEE-7662,ORD-1662,SEL-001,REFERRAL_AND_FBA,334.4,2026-08-05 07:01:03
FEE-7663,ORD-1663,SEL-001,REFERRAL_AND_FBA,133.0,2026-08-05 07:09:25
FEE-7664,ORD-1664,SEL-001,REFERRAL_AND_FBA,651.18,2026-08-05 07:17:52
FEE-7665,ORD-1665,SEL-001,REFERRAL_AND_FBA,307.08,2026-08-05 07:26:31
FEE-7666,ORD-1666,SEL-001,REFERRAL_AND_FBA,429.81,2026-08-05 07:34:56
FEE-7667,ORD-1667,SEL-001,REFERRAL_AND_FBA,108.45,2026-08-05 07:43:32
FEE-7668,ORD-1668,SEL-001,REFERRAL_AND_FBA,122.54,2026-08-05 07:52:30
FEE-7669,ORD-1669,SEL-001,REFERRAL_AND_FBA,557.7,2026-08-05 08:00:44
FEE-7670,ORD-1670,SEL-001,REFERRAL_AND_FBA,293.11,2026-08-05 08:09:20
FEE-7671,ORD-1671,SEL-001,REFERRAL_AND_FBA,156.89,2026-08-05 08:17:57
FEE-7672,ORD-1672,SEL-001,REFERRAL_AND_FBA,723.32,2026-08-05 08:26:17
FEE-7673,ORD-1673,SEL-001,REFERRAL_AND_FBA,434.35,2026-08-05 08:35:00
FEE-7674,ORD-1674,SEL-001,REFERRAL_AND_FBA,587.2,2026-08-05 08:43:32
FEE-7675,ORD-1675,SEL-001,REFERRAL_AND_FBA,344.72,2026-08-05 08:52:09
FEE-7676,ORD-1676,SEL-001,REFERRAL_AND_FBA,220.0,2026-08-05 09:00:20
FEE-7677,ORD-1677,SEL-001,REFERRAL_AND_FBA,361.63,2026-08-05 09:09:17
FEE-7678,ORD-1678,SEL-001,REFERRAL_AND_FBA,492.5,2026-08-05 09:17:38
FEE-7679,ORD-1679,SEL-001,REFERRAL_AND_FBA,347.12,2026-08-05 09:26:12
FEE-7680,ORD-1680,SEL-001,REFERRAL_AND_FBA,227.0,2026-08-05 09:34:29
FEE-7681,ORD-1681,SEL-001,REFERRAL_AND_FBA,227.0,2026-08-05 09:43:01
FEE-7682,ORD-1682,SEL-001,REFERRAL_AND_FBA,414.66,2026-08-05 09:51:50
FEE-7683,ORD-1683,SEL-001,REFERRAL_AND_FBA,121.71,2026-08-05 10:00:28
FEE-7684,ORD-1684,SEL-001,REFERRAL_AND_FBA,1322.53,2026-08-05 10:08:47
FEE-7685,ORD-1685,SEL-001,REFERRAL_AND_FBA,191.62,2026-08-05 10:17:35
FEE-7686,ORD-1686,SEL-001,REFERRAL_AND_FBA,1322.53,2026-08-05 10:25:49
FEE-7687,ORD-1687,SEL-001,REFERRAL_AND_FBA,1387.21,2026-08-05 10:34:15
FEE-7688,ORD-1688,SEL-001,REFERRAL_AND_FBA,309.41,2026-08-05 10:42:45
FEE-7689,ORD-1689,SEL-001,REFERRAL_AND_FBA,147.92,2026-08-05 10:51:33
FEE-7690,ORD-1690,SEL-001,REFERRAL_AND_FBA,727.53,2026-08-05 11:00:09
FEE-7691,ORD-1691,SEL-001,REFERRAL_AND_FBA,505.62,2026-08-05 11:08:41
FEE-7692,ORD-1692,SEL-001,REFERRAL_AND_FBA,562.0,2026-08-05 11:17:19
FEE-7693,ORD-1693,SEL-001,REFERRAL_AND_FBA,335.78,2026-08-05 11:25:51
FEE-7694,ORD-1694,SEL-001,REFERRAL_AND_FBA,607.04,2026-08-05 11:34:14
FEE-7695,ORD-1695,SEL-001,REFERRAL_AND_FBA,528.94,2026-08-05 11:42:34
FEE-7696,ORD-1696,SEL-001,REFERRAL_AND_FBA,621.25,2026-08-05 11:51:23
FEE-7697,ORD-1697,SEL-001,REFERRAL_AND_FBA,1456.86,2026-08-05 11:59:45
FEE-7698,ORD-1698,SEL-001,REFERRAL_AND_FBA,191.62,2026-08-05 12:08:29
FEE-7699,ORD-1699,SEL-001,REFERRAL_AND_FBA,220.0,2026-08-05 12:16:58
FEE-7700,ORD-1700,SEL-001,REFERRAL_AND_FBA,220.0,2026-08-05 12:25:11
FEE-7701,ORD-1701,SEL-001,REFERRAL_AND_FBA,539.42,2026-08-05 12:33:59
FEE-7702,ORD-1702,SEL-001,REFERRAL_AND_FBA,661.26,2026-08-05 12:42:26
FEE-7703,ORD-1703,SEL-001,REFERRAL_AND_FBA,262.7,2026-08-05 12:50:42
FEE-7704,ORD-1704,SEL-001,REFERRAL_AND_FBA,307.08,2026-08-05 12:59:22
FEE-7705,ORD-1705,SEL-001,REFERRAL_AND_FBA,664.86,2026-08-05 13:07:55
FEE-7706,ORD-1706,SEL-001,REFERRAL_AND_FBA,219.26,2026-08-05 13:16:40
FEE-7707,ORD-1707,SEL-001,REFERRAL_AND_FBA,447.56,2026-08-05 13:24:59
FEE-7708,ORD-1708,SEL-001,REFERRAL_AND_FBA,702.72,2026-08-05 13:33:30
FEE-7709,ORD-1709,SEL-001,REFERRAL_AND_FBA,307.08,2026-08-05 13:41:59
FEE-7710,ORD-1710,SEL-001,REFERRAL_AND_FBA,220.0,2026-08-05 13:50:33
FEE-7711,ORD-1711,SEL-001,REFERRAL_AND_FBA,414.66,2026-08-05 13:59:16
FEE-7712,ORD-1712,SEL-001,REFERRAL_AND_FBA,260.0,2026-08-05 14:07:53
FEE-7713,ORD-1713,SEL-001,REFERRAL_AND_FBA,109.42,2026-08-05 14:16:11
FEE-7714,ORD-1714,SEL-001,REFERRAL_AND_FBA,232.32,2026-08-05 14:25:01
FEE-7715,ORD-1715,SEL-001,REFERRAL_AND_FBA,523.9,2026-08-05 14:33:09
FEE-7716,ORD-1716,SEL-001,REFERRAL_AND_FBA,961.64,2026-08-05 14:41:58
FEE-7717,ORD-1717,SEL-001,REFERRAL_AND_FBA,237.79,2026-08-05 14:50:33
FEE-7718,ORD-1718,SEL-001,REFERRAL_AND_FBA,497.75,2026-08-05 14:59:12
FEE-7719,ORD-1719,SEL-001,REFERRAL_AND_FBA,606.21,2026-08-05 15:07:27
FEE-7720,ORD-1720,SEL-001,REFERRAL_AND_FBA,219.26,2026-08-05 15:15:47
FEE-7721,ORD-1721,SEL-001,REFERRAL_AND_FBA,309.41,2026-08-05 15:24:43
FEE-7722,ORD-1722,SEL-001,REFERRAL_AND_FBA,1194.9,2026-08-05 15:33:09
FEE-7723,ORD-1723,SEL-001,REFERRAL_AND_FBA,226.06,2026-08-05 15:41:51
FEE-7724,ORD-1724,SEL-001,REFERRAL_AND_FBA,440.0,2026-08-05 15:50:15
FEE-7725,ORD-1725,SEL-001,REFERRAL_AND_FBA,308.31,2026-08-05 15:58:50
FEE-7726,ORD-1726,SEL-001,REFERRAL_AND_FBA,150.46,2026-08-05 16:07:09
FEE-7727,ORD-1727,SEL-001,REFERRAL_AND_FBA,664.86,2026-08-05 16:15:54
FEE-7728,ORD-1728,SEL-001,REFERRAL_AND_FBA,385.02,2026-08-05 16:24:29
FEE-7729,ORD-1729,SEL-001,REFERRAL_AND_FBA,895.11,2026-08-05 16:32:40
FEE-7730,ORD-1730,SEL-001,REFERRAL_AND_FBA,333.82,2026-08-05 16:41:22
FEE-7731,ORD-1731,SEL-001,REFERRAL_AND_FBA,477.38,2026-08-05 16:49:59
FEE-7732,ORD-1732,SEL-001,REFERRAL_AND_FBA,447.56,2026-08-05 16:58:29
FEE-7733,ORD-1733,SEL-001,REFERRAL_AND_FBA,219.26,2026-08-05 17:06:58
FEE-7734,ORD-1734,SEL-001,REFERRAL_AND_FBA,1351.05,2026-08-05 17:15:32
FEE-7735,ORD-1735,SEL-001,REFERRAL_AND_FBA,465.17,2026-08-05 17:24:15
FEE-7736,ORD-1736,SEL-001,REFERRAL_AND_FBA,154.16,2026-08-05 17:32:30
FEE-7737,ORD-1737,SEL-001,REFERRAL_AND_FBA,162.4,2026-08-05 17:41:15
FEE-7738,ORD-1738,SEL-001,REFERRAL_AND_FBA,154.16,2026-08-05 17:49:26
FEE-7739,ORD-1739,SEL-001,REFERRAL_AND_FBA,263.19,2026-08-05 17:58:15
FEE-7740,ORD-1740,SEL-001,REFERRAL_AND_FBA,233.03,2026-08-05 18:06:28
FEE-7741,ORD-1741,SEL-001,REFERRAL_AND_FBA,702.72,2026-08-05 18:15:12
FEE-7742,ORD-1742,SEL-001,REFERRAL_AND_FBA,191.62,2026-08-05 18:23:43
FEE-7743,ORD-1743,SEL-001,REFERRAL_AND_FBA,232.32,2026-08-05 18:32:16
FEE-7744,ORD-1744,SEL-001,REFERRAL_AND_FBA,528.94,2026-08-05 18:40:49
FEE-7745,ORD-1745,SEL-001,REFERRAL_AND_FBA,505.62,2026-08-05 18:49:24
FEE-7746,ORD-1746,SEL-001,REFERRAL_AND_FBA,537.56,2026-08-05 18:57:56
FEE-7747,ORD-1747,SEL-001,REFERRAL_AND_FBA,664.86,2026-08-05 19:06:38
FEE-7748,ORD-1748,SEL-001,REFERRAL_AND_FBA,1351.05,2026-08-05 19:15:00
FEE-7749,ORD-1749,SEL-001,REFERRAL_AND_FBA,621.25,2026-08-05 19:23:24
FEE-7750,ORD-1750,SEL-001,REFERRAL_AND_FBA,133.0,2026-08-05 19:32:01
FEE-7751,ORD-1751,SEL-001,REFERRAL_AND_FBA,723.25,2026-08-05 19:40:37
FEE-7752,ORD-1752,SEL-001,REFERRAL_AND_FBA,621.25,2026-08-05 19:48:58
FEE-7753,ORD-1753,SEL-001,REFERRAL_AND_FBA,537.56,2026-08-05 19:57:28
FEE-7754,ORD-1754,SEL-001,REFERRAL_AND_FBA,143.37,2026-08-05 20:06:06
FEE-7755,ORD-1755,SEL-001,REFERRAL_AND_FBA,232.32,2026-08-05 20:14:58
FEE-7756,ORD-1756,SEL-001,REFERRAL_AND_FBA,108.45,2026-08-05 20:23:09
FEE-7757,ORD-1757,SEL-001,REFERRAL_AND_FBA,702.72,2026-08-05 20:31:36
FEE-7758,ORD-1758,SEL-001,REFERRAL_AND_FBA,147.92,2026-08-05 20:40:13
FEE-7759,ORD-1759,SEL-001,REFERRAL_AND_FBA,220.0,2026-08-05 20:49:00
FEE-7760,ORD-1760,SEL-001,REFERRAL_AND_FBA,154.16,2026-08-05 20:57:35
FEE-7761,ORD-1761,SEL-001,REFERRAL_AND_FBA,150.46,2026-08-05 21:05:47
FEE-7762,ORD-1762,SEL-001,REFERRAL_AND_FBA,728.43,2026-08-05 21:14:41
FEE-7763,ORD-1763,SEL-001,REFERRAL_AND_FBA,522.72,2026-08-05 21:22:44
FEE-7764,ORD-1764,SEL-001,REFERRAL_AND_FBA,450.37,2026-08-05 21:31:30
FEE-7765,ORD-1765,SEL-001,REFERRAL_AND_FBA,675.52,2026-08-05 21:40:12
FEE-7766,ORD-1766,SEL-001,REFERRAL_AND_FBA,728.43,2026-08-05 21:48:26
FEE-7767,ORD-1767,SEL-001,REFERRAL_AND_FBA,523.9,2026-08-05 21:57:16
FEE-7768,ORD-1768,SEL-001,REFERRAL_AND_FBA,557.7,2026-08-05 22:05:29
FEE-7769,ORD-1769,SEL-001,REFERRAL_AND_FBA,440.0,2026-08-05 22:14:26
FEE-7770,ORD-1770,SEL-001,REFERRAL_AND_FBA,664.86,2026-08-05 22:22:53
FEE-7771,ORD-1771,SEL-001,REFERRAL_AND_FBA,122.54,2026-08-05 22:31:18
FEE-7772,ORD-1772,SEL-001,REFERRAL_AND_FBA,528.94,2026-08-05 22:39:38
FEE-7773,ORD-1773,SEL-001,REFERRAL_AND_FBA,151.63,2026-08-05 22:48:17
FEE-7774,ORD-1774,SEL-001,REFERRAL_AND_FBA,261.36,2026-08-05 22:56:46
FEE-7775,ORD-1775,SEL-001,REFERRAL_AND_FBA,108.45,2026-08-05 23:05:35
FEE-7776,ORD-1776,SEL-001,REFERRAL_AND_FBA,261.36,2026-08-05 23:13:48
FEE-7777,ORD-1777,SEL-001,REFERRAL_AND_FBA,506.8,2026-08-05 23:22:41
FEE-7778,ORD-1778,SEL-001,REFERRAL_AND_FBA,429.81,2026-08-05 23:30:54
FEE-7779,ORD-1779,SEL-001,REFERRAL_AND_FBA,465.17,2026-08-05 23:39:31
FEE-7780,ORD-1780,SEL-001,REFERRAL_AND_FBA,429.81,2026-08-05 23:48:19
FEE-7781,ORD-1781,SEL-001,REFERRAL_AND_FBA,728.43,2026-08-05 23:56:41
FEE-7782,ORD-1782,SEL-001,REFERRAL_AND_FBA,361.63,2026-08-06 00:05:10
FEE-7783,ORD-1783,SEL-001,REFERRAL_AND_FBA,608.51,2026-08-06 00:13:55
FEE-7784,ORD-1784,SEL-001,REFERRAL_AND_FBA,537.56,2026-08-06 00:21:58
FEE-7785,ORD-1785,SEL-001,REFERRAL_AND_FBA,434.35,2026-08-06 00:30:47
FEE-7786,ORD-1786,SEL-001,REFERRAL_AND_FBA,497.75,2026-08-06 00:39:13
FEE-7787,ORD-1787,SEL-001,REFERRAL_AND_FBA,335.78,2026-08-06 00:47:53
FEE-7788,ORD-1788,SEL-001,REFERRAL_AND_FBA,528.94,2026-08-06 00:56:33
FEE-7789,ORD-1789,SEL-001,REFERRAL_AND_FBA,1455.06,2026-08-06 01:04:47
FEE-7790,ORD-1790,SEL-001,REFERRAL_AND_FBA,220.0,2026-08-06 01:13:36
FEE-7791,ORD-1791,SEL-001,REFERRAL_AND_FBA,293.6,2026-08-06 01:22:05
FEE-7792,ORD-1792,SEL-001,REFERRAL_AND_FBA,597.45,2026-08-06 01:30:23
FEE-7793,ORD-1793,SEL-001,REFERRAL_AND_FBA,468.16,2026-08-06 01:38:46
FEE-7794,ORD-1794,SEL-001,REFERRAL_AND_FBA,307.08,2026-08-06 01:47:35
FEE-7795,ORD-1795,SEL-001,REFERRAL_AND_FBA,520.0,2026-08-06 01:56:01
FEE-7796,ORD-1796,SEL-001,REFERRAL_AND_FBA,557.7,2026-08-06 02:04:27
FEE-7797,ORD-1797,SEL-001,REFERRAL_AND_FBA,671.56,2026-08-06 02:13:19
FEE-7798,ORD-1798,SEL-001,REFERRAL_AND_FBA,621.25,2026-08-06 02:21:40
FEE-7799,ORD-1799,SEL-001,REFERRAL_AND_FBA,121.71,2026-08-06 02:30:04
FEE-7800,ORD-1800,SEL-001,REFERRAL_AND_FBA,722.95,2026-08-06 02:38:37
FEE-7801,ORD-1801,SEL-001,REFERRAL_AND_FBA,641.84,2026-08-06 02:47:16
FEE-7802,ORD-1802,SEL-001,REFERRAL_AND_FBA,689.62,2026-08-06 02:55:52
FEE-7803,ORD-1803,SEL-001,REFERRAL_AND_FBA,260.0,2026-08-06 03:04:31
FEE-7804,ORD-1804,SEL-001,REFERRAL_AND_FBA,723.32,2026-08-06 03:12:42
FEE-7805,ORD-1805,SEL-001,REFERRAL_AND_FBA,537.56,2026-08-06 03:21:19
FEE-7806,ORD-1806,SEL-001,REFERRAL_AND_FBA,112.96,2026-08-06 03:29:50
FEE-7807,ORD-1807,SEL-001,REFERRAL_AND_FBA,267.83,2026-08-06 03:38:34
FEE-7808,ORD-1808,SEL-001,REFERRAL_AND_FBA,429.81,2026-08-06 03:47:12
FEE-7809,ORD-1809,SEL-001,REFERRAL_AND_FBA,293.6,2026-08-06 03:55:36
FEE-7810,ORD-1810,SEL-001,REFERRAL_AND_FBA,429.81,2026-08-06 04:04:02
FEE-7811,ORD-1811,SEL-001,REFERRAL_AND_FBA,414.66,2026-08-06 04:12:27
FEE-7812,ORD-1812,SEL-001,REFERRAL_AND_FBA,385.02,2026-08-06 04:21:16
FEE-7813,ORD-1813,SEL-001,REFERRAL_AND_FBA,1387.21,2026-08-06 04:29:31
FEE-7814,ORD-1814,SEL-001,REFERRAL_AND_FBA,1446.64,2026-08-06 04:38:29
FEE-7815,ORD-1815,SEL-001,REFERRAL_AND_FBA,434.35,2026-08-06 04:46:55
FEE-7816,ORD-1816,SEL-001,REFERRAL_AND_FBA,240.9,2026-08-06 04:55:09
FEE-7817,ORD-1817,SEL-001,REFERRAL_AND_FBA,220.0,2026-08-06 05:04:03
FEE-7818,ORD-1818,SEL-001,REFERRAL_AND_FBA,333.82,2026-08-06 05:12:37
FEE-7819,ORD-1819,SEL-001,REFERRAL_AND_FBA,465.17,2026-08-06 05:20:56
FEE-7820,ORD-1820,SEL-001,REFERRAL_AND_FBA,557.7,2026-08-06 05:29:39
FEE-7821,ORD-1821,SEL-001,REFERRAL_AND_FBA,276.99,2026-08-06 05:37:59
FEE-7822,ORD-1822,SEL-001,REFERRAL_AND_FBA,233.03,2026-08-06 05:46:34
FEE-7823,ORD-1823,SEL-001,REFERRAL_AND_FBA,608.51,2026-08-06 05:55:03
FEE-7824,ORD-1824,SEL-001,REFERRAL_AND_FBA,632.78,2026-08-06 06:03:41
FEE-7825,ORD-1825,SEL-001,REFERRAL_AND_FBA,723.32,2026-08-06 06:11:54
FEE-7826,ORD-1826,SEL-001,REFERRAL_AND_FBA,220.0,2026-08-06 06:20:49
FEE-7827,ORD-1827,SEL-001,REFERRAL_AND_FBA,1047.79,2026-08-06 06:29:00
FEE-7828,ORD-1828,SEL-001,REFERRAL_AND_FBA,1174.4,2026-08-06 06:37:32
FEE-7829,ORD-1829,SEL-001,REFERRAL_AND_FBA,220.0,2026-08-06 06:46:17
FEE-7830,ORD-1830,SEL-001,REFERRAL_AND_FBA,201.6,2026-08-06 06:54:41
FEE-7831,ORD-1831,SEL-001,REFERRAL_AND_FBA,226.06,2026-08-06 07:03:19
FEE-7832,ORD-1832,SEL-001,REFERRAL_AND_FBA,664.86,2026-08-06 07:12:02
FEE-7833,ORD-1833,SEL-001,REFERRAL_AND_FBA,344.72,2026-08-06 07:20:29
FEE-7834,ORD-1834,SEL-001,REFERRAL_AND_FBA,702.72,2026-08-06 07:28:52
FEE-7835,ORD-1835,SEL-001,REFERRAL_AND_FBA,675.52,2026-08-06 07:37:33
FEE-7836,ORD-1836,SEL-001,REFERRAL_AND_FBA,220.0,2026-08-06 07:46:03
FEE-7837,ORD-1837,SEL-001,REFERRAL_AND_FBA,440.0,2026-08-06 07:54:19
FEE-7838,ORD-1838,SEL-001,REFERRAL_AND_FBA,232.32,2026-08-06 08:02:48
FEE-7839,ORD-1839,SEL-001,REFERRAL_AND_FBA,238.52,2026-08-06 08:11:31
FEE-7840,ORD-1840,SEL-001,REFERRAL_AND_FBA,276.99,2026-08-06 08:20:07
FEE-7841,ORD-1841,SEL-001,REFERRAL_AND_FBA,109.42,2026-08-06 08:28:48
FEE-7842,ORD-1842,SEL-001,REFERRAL_AND_FBA,231.88,2026-08-06 08:37:20
FEE-7843,ORD-1843,SEL-001,REFERRAL_AND_FBA,122.54,2026-08-06 08:45:41
FEE-7844,ORD-1844,SEL-001,REFERRAL_AND_FBA,417.32,2026-08-06 08:54:00
FEE-7845,ORD-1845,SEL-001,REFERRAL_AND_FBA,293.11,2026-08-06 09:02:35
FEE-7846,ORD-1846,SEL-001,REFERRAL_AND_FBA,667.63,2026-08-06 09:11:17
FEE-7847,ORD-1847,SEL-001,REFERRAL_AND_FBA,227.0,2026-08-06 09:19:42
FEE-7848,ORD-1848,SEL-001,REFERRAL_AND_FBA,641.84,2026-08-06 09:28:25
FEE-7849,ORD-1849,SEL-001,REFERRAL_AND_FBA,664.86,2026-08-06 09:36:52
FEE-7850,ORD-1850,SEL-001,REFERRAL_AND_FBA,109.42,2026-08-06 09:45:37
FEE-7851,ORD-1851,SEL-001,REFERRAL_AND_FBA,150.46,2026-08-06 09:53:54
FEE-7852,ORD-1852,SEL-001,REFERRAL_AND_FBA,414.66,2026-08-06 10:02:29
FEE-7853,ORD-1853,SEL-001,REFERRAL_AND_FBA,434.35,2026-08-06 10:11:08
FEE-7854,ORD-1854,SEL-001,REFERRAL_AND_FBA,328.49,2026-08-06 10:19:22
FEE-7855,ORD-1855,SEL-001,REFERRAL_AND_FBA,711.56,2026-08-06 10:28:15
FEE-7856,ORD-1856,SEL-001,REFERRAL_AND_FBA,1329.72,2026-08-06 10:36:39
FEE-7857,ORD-1857,SEL-001,REFERRAL_AND_FBA,629.82,2026-08-06 10:45:03
FEE-7858,ORD-1858,SEL-001,REFERRAL_AND_FBA,220.0,2026-08-06 10:53:34
FEE-7859,ORD-1859,SEL-001,REFERRAL_AND_FBA,711.56,2026-08-06 11:02:06
FEE-7860,ORD-1860,SEL-001,REFERRAL_AND_FBA,108.45,2026-08-06 11:10:45
FEE-7861,ORD-1861,SEL-001,REFERRAL_AND_FBA,454.0,2026-08-06 11:19:07
FEE-7862,ORD-1862,SEL-001,REFERRAL_AND_FBA,1351.05,2026-08-06 11:28:07
FEE-7863,ORD-1863,SEL-001,REFERRAL_AND_FBA,220.0,2026-08-06 11:36:21
FEE-7864,ORD-1864,SEL-001,REFERRAL_AND_FBA,475.57,2026-08-06 11:44:58
FEE-7865,ORD-1865,SEL-001,REFERRAL_AND_FBA,651.18,2026-08-06 11:53:43
FEE-7866,ORD-1866,SEL-001,REFERRAL_AND_FBA,607.04,2026-08-06 12:01:57
FEE-7867,ORD-1867,SEL-001,REFERRAL_AND_FBA,1020.68,2026-08-06 12:10:31
FEE-7868,ORD-1868,SEL-001,REFERRAL_AND_FBA,154.16,2026-08-06 12:18:57
FEE-7869,ORD-1869,SEL-001,REFERRAL_AND_FBA,587.2,2026-08-06 12:27:31
FEE-7870,ORD-1870,SEL-001,REFERRAL_AND_FBA,328.49,2026-08-06 12:36:01
FEE-7871,ORD-1871,SEL-001,REFERRAL_AND_FBA,334.4,2026-08-06 12:44:27
FEE-7872,ORD-1872,SEL-001,REFERRAL_AND_FBA,133.0,2026-08-06 12:53:15
FEE-7873,ORD-1873,SEL-001,REFERRAL_AND_FBA,361.63,2026-08-06 13:01:45
FEE-7874,ORD-1874,SEL-001,REFERRAL_AND_FBA,261.36,2026-08-06 13:10:09
FEE-7875,ORD-1875,SEL-001,REFERRAL_AND_FBA,664.86,2026-08-06 13:18:37
FEE-7876,ORD-1876,SEL-001,REFERRAL_AND_FBA,261.36,2026-08-06 13:27:07
FEE-7877,ORD-1877,SEL-001,REFERRAL_AND_FBA,333.82,2026-08-06 13:36:06
FEE-7878,ORD-1878,SEL-001,REFERRAL_AND_FBA,154.16,2026-08-06 13:44:39
FEE-7879,ORD-1879,SEL-001,REFERRAL_AND_FBA,293.6,2026-08-06 13:52:58
FEE-7880,ORD-1880,SEL-001,REFERRAL_AND_FBA,1114.64,2026-08-06 14:01:41
FEE-7881,ORD-1881,SEL-001,REFERRAL_AND_FBA,108.45,2026-08-06 14:10:00
FEE-7882,ORD-1882,SEL-001,REFERRAL_AND_FBA,434.35,2026-08-06 14:18:21
FEE-7883,ORD-1883,SEL-001,REFERRAL_AND_FBA,237.79,2026-08-06 14:26:58
FEE-7884,ORD-1884,SEL-001,REFERRAL_AND_FBA,156.89,2026-08-06 14:35:28
FEE-7885,ORD-1885,SEL-001,REFERRAL_AND_FBA,651.18,2026-08-06 14:44:08
FEE-7886,ORD-1886,SEL-001,REFERRAL_AND_FBA,227.0,2026-08-06 14:52:49
FEE-7887,ORD-1887,SEL-001,REFERRAL_AND_FBA,608.51,2026-08-06 15:01:02
FEE-7888,ORD-1888,SEL-001,REFERRAL_AND_FBA,112.96,2026-08-06 15:09:58
FEE-7889,ORD-1889,SEL-001,REFERRAL_AND_FBA,693.61,2026-08-06 15:18:11
FEE-7890,ORD-1890,SEL-001,REFERRAL_AND_FBA,557.7,2026-08-06 15:26:39
FEE-7891,ORD-1891,SEL-001,REFERRAL_AND_FBA,240.9,2026-08-06 15:35:20
FEE-7892,ORD-1892,SEL-001,REFERRAL_AND_FBA,226.06,2026-08-06 15:44:03
FEE-7893,ORD-1893,SEL-001,REFERRAL_AND_FBA,651.18,2026-08-06 15:52:40
FEE-7894,ORD-1894,SEL-001,REFERRAL_AND_FBA,232.32,2026-08-06 16:01:07
FEE-7895,ORD-1895,SEL-001,REFERRAL_AND_FBA,385.02,2026-08-06 16:09:29
FEE-7896,ORD-1896,SEL-001,REFERRAL_AND_FBA,237.79,2026-08-06 16:17:51
FEE-7897,ORD-1897,SEL-001,REFERRAL_AND_FBA,231.88,2026-08-06 16:26:31
FEE-7898,ORD-1898,SEL-001,REFERRAL_AND_FBA,712.86,2026-08-06 16:35:01
FEE-7899,ORD-1899,SEL-001,REFERRAL_AND_FBA,240.9,2026-08-06 16:43:51
FEE-7900,ORD-1900,SEL-001,REFERRAL_AND_FBA,267.83,2026-08-06 16:52:09
FEE-7901,ORD-1901,SEL-001,REFERRAL_AND_FBA,133.0,2026-08-06 17:00:35
FEE-7902,ORD-1902,SEL-001,REFERRAL_AND_FBA,334.4,2026-08-06 17:09:02
FEE-7903,ORD-1903,SEL-001,REFERRAL_AND_FBA,231.88,2026-08-06 17:17:43
FEE-7904,ORD-1904,SEL-001,REFERRAL_AND_FBA,497.75,2026-08-06 17:26:05
FEE-7905,ORD-1905,SEL-001,REFERRAL_AND_FBA,220.0,2026-08-06 17:34:44
FEE-7906,ORD-1906,SEL-001,REFERRAL_AND_FBA,1083.33,2026-08-06 17:43:08
FEE-7907,ORD-1907,SEL-001,REFERRAL_AND_FBA,263.19,2026-08-06 17:52:06
FEE-7908,ORD-1908,SEL-001,REFERRAL_AND_FBA,344.72,2026-08-06 18:00:33
FEE-7909,ORD-1909,SEL-001,REFERRAL_AND_FBA,450.37,2026-08-06 18:09:11
FEE-7910,ORD-1910,SEL-001,REFERRAL_AND_FBA,414.66,2026-08-06 18:17:26
FEE-7911,ORD-1911,SEL-001,REFERRAL_AND_FBA,500.13,2026-08-06 18:25:55
FEE-7912,ORD-1912,SEL-001,REFERRAL_AND_FBA,112.96,2026-08-06 18:34:23
FEE-7913,ORD-1913,SEL-001,REFERRAL_AND_FBA,108.45,2026-08-06 18:43:21
FEE-7914,ORD-1914,SEL-001,REFERRAL_AND_FBA,263.19,2026-08-06 18:51:42
FEE-7915,ORD-1915,SEL-001,REFERRAL_AND_FBA,96.64,2026-08-06 19:00:13
FEE-7916,ORD-1916,SEL-001,REFERRAL_AND_FBA,231.88,2026-08-06 19:08:54
FEE-7917,ORD-1917,SEL-001,REFERRAL_AND_FBA,417.32,2026-08-06 19:17:24
FEE-7918,ORD-1918,SEL-001,REFERRAL_AND_FBA,226.06,2026-08-06 19:25:55
FEE-7919,ORD-1919,SEL-001,REFERRAL_AND_FBA,557.32,2026-08-06 19:34:08
FEE-7920,ORD-1920,SEL-001,REFERRAL_AND_FBA,267.83,2026-08-06 19:42:55
FEE-7921,ORD-1921,SEL-001,REFERRAL_AND_FBA,444.43,2026-08-06 19:51:08
FEE-7922,ORD-1922,SEL-001,REFERRAL_AND_FBA,608.51,2026-08-06 20:00:03
FEE-7923,ORD-1923,SEL-001,REFERRAL_AND_FBA,895.11,2026-08-06 20:08:25
FEE-7924,ORD-1924,SEL-001,REFERRAL_AND_FBA,671.56,2026-08-06 20:17:09
FEE-7925,ORD-1925,SEL-001,REFERRAL_AND_FBA,334.4,2026-08-06 20:25:40
FEE-7926,ORD-1926,SEL-001,REFERRAL_AND_FBA,108.45,2026-08-06 20:33:56
FEE-7927,ORD-1927,SEL-001,REFERRAL_AND_FBA,480.82,2026-08-06 20:42:27
FEE-7928,ORD-1928,SEL-001,REFERRAL_AND_FBA,109.42,2026-08-06 20:50:58
FEE-7929,ORD-1929,SEL-001,REFERRAL_AND_FBA,1283.67,2026-08-06 20:59:39
FEE-7930,ORD-1930,SEL-001,REFERRAL_AND_FBA,263.19,2026-08-06 21:08:19
FEE-7931,ORD-1931,SEL-001,REFERRAL_AND_FBA,1322.53,2026-08-06 21:16:48
FEE-7932,ORD-1932,SEL-001,REFERRAL_AND_FBA,541.66,2026-08-06 21:25:03
FEE-7933,ORD-1933,SEL-001,REFERRAL_AND_FBA,607.04,2026-08-06 21:33:50
FEE-7934,ORD-1934,SEL-001,REFERRAL_AND_FBA,344.72,2026-08-06 21:42:29
FEE-7935,ORD-1935,SEL-001,REFERRAL_AND_FBA,728.43,2026-08-06 21:50:43
FEE-7936,ORD-1936,SEL-001,REFERRAL_AND_FBA,143.37,2026-08-06 21:59:32
FEE-7937,ORD-1937,SEL-001,REFERRAL_AND_FBA,632.78,2026-08-06 22:08:06
FEE-7938,ORD-1938,SEL-001,REFERRAL_AND_FBA,480.82,2026-08-06 22:16:33
FEE-7939,ORD-1939,SEL-001,REFERRAL_AND_FBA,500.5,2026-08-06 22:24:49
FEE-7940,ORD-1940,SEL-001,REFERRAL_AND_FBA,693.61,2026-08-06 22:33:34
FEE-7941,ORD-1941,SEL-001,REFERRAL_AND_FBA,689.43,2026-08-06 22:42:12
FEE-7942,ORD-1942,SEL-001,REFERRAL_AND_FBA,621.25,2026-08-06 22:50:23
FEE-7943,ORD-1943,SEL-001,REFERRAL_AND_FBA,528.94,2026-08-06 22:59:07
FEE-7944,ORD-1944,SEL-001,REFERRAL_AND_FBA,711.56,2026-08-06 23:07:25
FEE-7945,ORD-1945,SEL-001,REFERRAL_AND_FBA,497.75,2026-08-06 23:15:59
FEE-7946,ORD-1946,SEL-001,REFERRAL_AND_FBA,444.43,2026-08-06 23:24:53
FEE-7947,ORD-1947,SEL-001,REFERRAL_AND_FBA,361.48,2026-08-06 23:33:04
FEE-7948,ORD-1948,SEL-001,REFERRAL_AND_FBA,220.0,2026-08-06 23:41:38
FEE-7949,ORD-1949,SEL-001,REFERRAL_AND_FBA,497.75,2026-08-06 23:50:06
FEE-7950,ORD-1950,SEL-001,REFERRAL_AND_FBA,240.9,2026-08-06 23:58:59
FEE-7951,ORD-1951,SEL-001,REFERRAL_AND_FBA,465.17,2026-08-07 00:07:09
FEE-7952,ORD-1952,SEL-001,REFERRAL_AND_FBA,147.92,2026-08-07 00:15:43
FEE-7953,ORD-1953,SEL-001,REFERRAL_AND_FBA,122.54,2026-08-07 00:24:41
FEE-7954,ORD-1954,SEL-001,REFERRAL_AND_FBA,486.81,2026-08-07 00:33:01
FEE-7955,ORD-1955,SEL-001,REFERRAL_AND_FBA,632.78,2026-08-07 00:41:33
FEE-7956,ORD-1956,SEL-001,REFERRAL_AND_FBA,499.45,2026-08-07 00:50:05
FEE-7957,ORD-1957,SEL-001,REFERRAL_AND_FBA,429.81,2026-08-07 00:58:38
FEE-7958,ORD-1958,SEL-001,REFERRAL_AND_FBA,219.26,2026-08-07 01:07:08
FEE-7959,ORD-1959,SEL-001,REFERRAL_AND_FBA,96.64,2026-08-07 01:15:38
FEE-7960,ORD-1960,SEL-001,REFERRAL_AND_FBA,526.37,2026-08-07 01:24:27
FEE-7961,ORD-1961,SEL-001,REFERRAL_AND_FBA,505.62,2026-08-07 01:32:41
FEE-7962,ORD-1962,SEL-001,REFERRAL_AND_FBA,269.71,2026-08-07 01:41:09
FEE-7963,ORD-1963,SEL-001,REFERRAL_AND_FBA,403.2,2026-08-07 01:49:42
FEE-7964,ORD-1964,SEL-001,REFERRAL_AND_FBA,486.81,2026-08-07 01:58:25
FEE-7965,ORD-1965,SEL-001,REFERRAL_AND_FBA,429.81,2026-08-07 02:06:44
FEE-7966,ORD-1966,SEL-001,REFERRAL_AND_FBA,227.0,2026-08-07 02:15:18
FEE-7967,ORD-1967,SEL-001,REFERRAL_AND_FBA,608.51,2026-08-07 02:23:45
FEE-7968,ORD-1968,SEL-001,REFERRAL_AND_FBA,486.81,2026-08-07 02:32:32
FEE-7969,ORD-1969,SEL-001,REFERRAL_AND_FBA,492.5,2026-08-07 02:41:15
FEE-7970,ORD-1970,SEL-001,REFERRAL_AND_FBA,150.46,2026-08-07 02:49:33
FEE-7971,ORD-1971,SEL-001,REFERRAL_AND_FBA,597.45,2026-08-07 02:58:09
FEE-7972,ORD-1972,SEL-001,REFERRAL_AND_FBA,121.71,2026-08-07 03:06:46
FEE-7973,ORD-1973,SEL-001,REFERRAL_AND_FBA,429.81,2026-08-07 03:15:07
FEE-7974,ORD-1974,SEL-001,REFERRAL_AND_FBA,220.0,2026-08-07 03:23:45
FEE-7975,ORD-1975,SEL-001,REFERRAL_AND_FBA,293.6,2026-08-07 03:32:07
FEE-7976,ORD-1976,SEL-001,REFERRAL_AND_FBA,232.32,2026-08-07 03:40:52
FEE-7977,ORD-1977,SEL-001,REFERRAL_AND_FBA,528.94,2026-08-07 03:49:16
FEE-7978,ORD-1978,SEL-001,REFERRAL_AND_FBA,237.79,2026-08-07 03:57:59
FEE-7979,ORD-1979,SEL-001,REFERRAL_AND_FBA,231.88,2026-08-07 04:06:08
FEE-7980,ORD-1980,SEL-001,REFERRAL_AND_FBA,723.32,2026-08-07 04:15:01
FEE-7981,ORD-1981,SEL-001,REFERRAL_AND_FBA,770.04,2026-08-07 04:23:31
FEE-7982,ORD-1982,SEL-001,REFERRAL_AND_FBA,505.62,2026-08-07 04:31:50
FEE-7983,ORD-1983,SEL-001,REFERRAL_AND_FBA,689.62,2026-08-07 04:40:17
FEE-7984,ORD-1984,SEL-001,REFERRAL_AND_FBA,429.81,2026-08-07 04:48:58
FEE-7985,ORD-1985,SEL-001,REFERRAL_AND_FBA,480.82,2026-08-07 04:57:38
FEE-7986,ORD-1986,SEL-001,REFERRAL_AND_FBA,728.43,2026-08-07 05:06:20
FEE-7987,ORD-1987,SEL-001,REFERRAL_AND_FBA,661.26,2026-08-07 05:14:50
FEE-7988,ORD-1988,SEL-001,REFERRAL_AND_FBA,444.43,2026-08-07 05:22:59
FEE-7989,ORD-1989,SEL-001,REFERRAL_AND_FBA,267.83,2026-08-07 05:31:30
FEE-7990,ORD-1990,SEL-001,REFERRAL_AND_FBA,335.78,2026-08-07 05:40:05
FEE-7991,ORD-1991,SEL-001,REFERRAL_AND_FBA,347.12,2026-08-07 05:48:54
FEE-7992,ORD-1992,SEL-001,REFERRAL_AND_FBA,606.21,2026-08-07 05:57:24
FEE-7993,ORD-1993,SEL-001,REFERRAL_AND_FBA,196.67,2026-08-07 06:05:57
FEE-7994,ORD-1994,SEL-001,REFERRAL_AND_FBA,481.81,2026-08-07 06:14:28
FEE-7995,ORD-1995,SEL-001,REFERRAL_AND_FBA,1259.64,2026-08-07 06:22:51
FEE-7996,ORD-1996,SEL-001,REFERRAL_AND_FBA,112.96,2026-08-07 06:31:21
FEE-7997,ORD-1997,SEL-001,REFERRAL_AND_FBA,162.4,2026-08-07 06:40:13
FEE-7998,ORD-1998,SEL-001,REFERRAL_AND_FBA,325.08,2026-08-07 06:48:31
FEE-7999,ORD-1999,SEL-001,REFERRAL_AND_FBA,528.94,2026-08-07 06:57:07
FEE-8000,ORD-2000,SEL-001,REFERRAL_AND_FBA,469.6,2026-08-07 07:05:28
FEE-8001,ORD-2001,SEL-001,REFERRAL_AND_FBA,325.08,2026-08-07 07:13:59
FEE-8002,ORD-2002,SEL-001,REFERRAL_AND_FBA,770.04,2026-08-07 07:22:36
FEE-8003,ORD-2003,SEL-001,REFERRAL_AND_FBA,1379.23,2026-08-07 07:31:09
FEE-8004,ORD-2004,SEL-001,REFERRAL_AND_FBA,307.08,2026-08-07 07:39:38
FEE-8005,ORD-2005,SEL-001,REFERRAL_AND_FBA,233.03,2026-08-07 07:48:21
FEE-8006,ORD-2006,SEL-001,REFERRAL_AND_FBA,429.81,2026-08-07 07:56:48
FEE-8007,ORD-2007,SEL-001,REFERRAL_AND_FBA,227.0,2026-08-07 08:05:33
FEE-8008,ORD-2008,SEL-001,REFERRAL_AND_FBA,468.16,2026-08-07 08:13:41
FEE-8009,ORD-2009,SEL-001,REFERRAL_AND_FBA,226.06,2026-08-07 08:22:36
FEE-8010,ORD-2010,SEL-001,REFERRAL_AND_FBA,361.63,2026-08-07 08:31:06
FEE-8011,ORD-2011,SEL-001,REFERRAL_AND_FBA,1455.06,2026-08-07 08:39:15
FEE-8012,ORD-2012,SEL-001,REFERRAL_AND_FBA,344.72,2026-08-07 08:48:03
FEE-8013,ORD-2013,SEL-001,REFERRAL_AND_FBA,723.32,2026-08-07 08:56:27
FEE-8014,ORD-2014,SEL-001,REFERRAL_AND_FBA,618.82,2026-08-07 09:05:03
FEE-8015,ORD-2015,SEL-001,REFERRAL_AND_FBA,562.0,2026-08-07 09:13:24
FEE-8016,ORD-2016,SEL-001,REFERRAL_AND_FBA,154.16,2026-08-07 09:22:21
FEE-8017,ORD-2017,SEL-001,REFERRAL_AND_FBA,961.64,2026-08-07 09:30:48
FEE-8018,ORD-2018,SEL-001,REFERRAL_AND_FBA,607.04,2026-08-07 09:39:06
FEE-8019,ORD-2019,SEL-001,REFERRAL_AND_FBA,492.5,2026-08-07 09:47:47
FEE-8020,ORD-2020,SEL-001,REFERRAL_AND_FBA,238.52,2026-08-07 09:56:23
FEE-8021,ORD-2021,SEL-001,REFERRAL_AND_FBA,557.32,2026-08-07 10:04:33
FEE-8022,ORD-2022,SEL-001,REFERRAL_AND_FBA,361.63,2026-08-07 10:13:12
FEE-8023,ORD-2023,SEL-001,REFERRAL_AND_FBA,191.62,2026-08-07 10:22:01
FEE-8024,ORD-2024,SEL-001,REFERRAL_AND_FBA,196.67,2026-08-07 10:30:18
FEE-8025,ORD-2025,SEL-001,REFERRAL_AND_FBA,468.16,2026-08-07 10:39:10
FEE-8026,ORD-2026,SEL-001,REFERRAL_AND_FBA,309.41,2026-08-07 10:47:15
FEE-8027,ORD-2027,SEL-001,REFERRAL_AND_FBA,226.06,2026-08-07 10:56:07
FEE-8028,ORD-2028,SEL-001,REFERRAL_AND_FBA,1405.45,2026-08-07 11:04:31
FEE-8029,ORD-2029,SEL-001,REFERRAL_AND_FBA,162.4,2026-08-07 11:12:59
FEE-8030,ORD-2030,SEL-001,REFERRAL_AND_FBA,201.6,2026-08-07 11:21:24
FEE-8031,ORD-2031,SEL-001,REFERRAL_AND_FBA,629.82,2026-08-07 11:30:15
FEE-8032,ORD-2032,SEL-001,REFERRAL_AND_FBA,1212.42,2026-08-07 11:38:42
FEE-8033,ORD-2033,SEL-001,REFERRAL_AND_FBA,468.16,2026-08-07 11:47:18
FEE-8034,ORD-2034,SEL-001,REFERRAL_AND_FBA,859.62,2026-08-07 11:55:42
FEE-8035,ORD-2035,SEL-001,REFERRAL_AND_FBA,702.72,2026-08-07 12:04:06
FEE-8036,ORD-2036,SEL-001,REFERRAL_AND_FBA,447.56,2026-08-07 12:12:33
FEE-8037,ORD-2037,SEL-001,REFERRAL_AND_FBA,557.32,2026-08-07 12:21:11
FEE-8038,ORD-2038,SEL-001,REFERRAL_AND_FBA,263.19,2026-08-07 12:29:56
FEE-8039,ORD-2039,SEL-001,REFERRAL_AND_FBA,309.41,2026-08-07 12:38:35
FEE-8040,ORD-2040,SEL-001,REFERRAL_AND_FBA,347.12,2026-08-07 12:46:42
FEE-8041,ORD-2041,SEL-001,REFERRAL_AND_FBA,219.26,2026-08-07 12:55:23
FEE-8042,ORD-2042,SEL-001,REFERRAL_AND_FBA,417.32,2026-08-07 13:04:06
FEE-8043,ORD-2043,SEL-001,REFERRAL_AND_FBA,133.0,2026-08-07 13:12:35
FEE-8044,ORD-2044,SEL-001,REFERRAL_AND_FBA,313.78,2026-08-07 13:20:52
FEE-8045,ORD-2045,SEL-001,REFERRAL_AND_FBA,361.48,2026-08-07 13:29:46
FEE-8046,ORD-2046,SEL-001,REFERRAL_AND_FBA,238.52,2026-08-07 13:38:16
FEE-8047,ORD-2047,SEL-001,REFERRAL_AND_FBA,651.18,2026-08-07 13:46:32
FEE-8048,ORD-2048,SEL-001,REFERRAL_AND_FBA,1351.05,2026-08-07 13:55:00
FEE-8049,ORD-2049,SEL-001,REFERRAL_AND_FBA,460.56,2026-08-07 14:03:39
FEE-8050,ORD-2050,SEL-001,REFERRAL_AND_FBA,385.02,2026-08-07 14:12:21
FEE-8051,ORD-2051,SEL-001,REFERRAL_AND_FBA,618.82,2026-08-07 14:20:54
FEE-8052,ORD-2052,SEL-001,REFERRAL_AND_FBA,220.0,2026-08-07 14:29:15
FEE-8053,ORD-2053,SEL-001,REFERRAL_AND_FBA,770.04,2026-08-07 14:37:41
FEE-8054,ORD-2054,SEL-001,REFERRAL_AND_FBA,450.37,2026-08-07 14:46:20
FEE-8055,ORD-2055,SEL-001,REFERRAL_AND_FBA,361.48,2026-08-07 14:55:04
FEE-8056,ORD-2056,SEL-001,REFERRAL_AND_FBA,220.0,2026-08-07 15:03:24
FEE-8057,ORD-2057,SEL-001,REFERRAL_AND_FBA,234.8,2026-08-07 15:12:09
FEE-8058,ORD-2058,SEL-001,REFERRAL_AND_FBA,1446.64,2026-08-07 15:20:44
FEE-8059,ORD-2059,SEL-001,REFERRAL_AND_FBA,249.73,2026-08-07 15:29:10
FEE-8060,ORD-2060,SEL-001,REFERRAL_AND_FBA,452.12,2026-08-07 15:37:50
FEE-8061,ORD-2061,SEL-001,REFERRAL_AND_FBA,232.32,2026-08-07 15:46:10
FEE-8062,ORD-2062,SEL-001,REFERRAL_AND_FBA,143.37,2026-08-07 15:54:32
FEE-8063,ORD-2063,SEL-001,REFERRAL_AND_FBA,269.71,2026-08-07 16:03:24
FEE-8064,ORD-2064,SEL-001,REFERRAL_AND_FBA,344.72,2026-08-07 16:11:49
FEE-8065,ORD-2065,SEL-001,REFERRAL_AND_FBA,122.54,2026-08-07 16:20:12
FEE-8066,ORD-2066,SEL-001,REFERRAL_AND_FBA,201.6,2026-08-07 16:28:50
FEE-8067,ORD-2067,SEL-001,REFERRAL_AND_FBA,156.89,2026-08-07 16:37:23
FEE-8068,ORD-2068,SEL-001,REFERRAL_AND_FBA,234.8,2026-08-07 16:46:08
FEE-8069,ORD-2069,SEL-001,REFERRAL_AND_FBA,723.32,2026-08-07 16:54:15
FEE-8070,ORD-2070,SEL-001,REFERRAL_AND_FBA,109.42,2026-08-07 17:03:07
FEE-8071,ORD-2071,SEL-001,REFERRAL_AND_FBA,562.0,2026-08-07 17:11:36
FEE-8072,ORD-2072,SEL-001,REFERRAL_AND_FBA,440.0,2026-08-07 17:20:03
FEE-8073,ORD-2073,SEL-001,REFERRAL_AND_FBA,393.34,2026-08-07 17:28:38
FEE-8074,ORD-2074,SEL-001,REFERRAL_AND_FBA,267.83,2026-08-07 17:37:15
FEE-8075,ORD-2075,SEL-001,REFERRAL_AND_FBA,191.62,2026-08-07 17:45:51
FEE-8076,ORD-2076,SEL-001,REFERRAL_AND_FBA,712.86,2026-08-07 17:54:19
FEE-8077,ORD-2077,SEL-001,REFERRAL_AND_FBA,629.82,2026-08-07 18:02:27
FEE-8078,ORD-2078,SEL-001,REFERRAL_AND_FBA,122.54,2026-08-07 18:11:16
FEE-8079,ORD-2079,SEL-001,REFERRAL_AND_FBA,237.79,2026-08-07 18:19:36
FEE-8080,ORD-2080,SEL-001,REFERRAL_AND_FBA,661.26,2026-08-07 18:28:03
FEE-8081,ORD-2081,SEL-001,REFERRAL_AND_FBA,689.43,2026-08-07 18:36:48
FEE-8082,ORD-2082,SEL-001,REFERRAL_AND_FBA,143.37,2026-08-07 18:45:29
FEE-8083,ORD-2083,SEL-001,REFERRAL_AND_FBA,112.96,2026-08-07 18:54:01
FEE-8084,ORD-2084,SEL-001,REFERRAL_AND_FBA,414.66,2026-08-07 19:02:35
FEE-8085,ORD-2085,SEL-001,REFERRAL_AND_FBA,728.43,2026-08-07 19:10:58
FEE-8086,ORD-2086,SEL-001,REFERRAL_AND_FBA,936.31,2026-08-07 19:19:31
FEE-8087,ORD-2087,SEL-001,REFERRAL_AND_FBA,300.91,2026-08-07 19:28:17
FEE-8088,ORD-2088,SEL-001,REFERRAL_AND_FBA,500.5,2026-08-07 19:36:47
FEE-8089,ORD-2089,SEL-001,REFERRAL_AND_FBA,606.21,2026-08-07 19:45:03
FEE-8090,ORD-2090,SEL-001,REFERRAL_AND_FBA,328.49,2026-08-07 19:53:42
FEE-8091,ORD-2091,SEL-001,REFERRAL_AND_FBA,486.81,2026-08-07 20:02:06
FEE-8092,ORD-2092,SEL-001,REFERRAL_AND_FBA,263.19,2026-08-07 20:10:41
FEE-8093,ORD-2093,SEL-001,REFERRAL_AND_FBA,417.32,2026-08-07 20:19:02
FEE-8094,ORD-2094,SEL-001,REFERRAL_AND_FBA,293.6,2026-08-07 20:27:45
FEE-8095,ORD-2095,SEL-001,REFERRAL_AND_FBA,162.4,2026-08-07 20:36:25
FEE-8096,ORD-2096,SEL-001,REFERRAL_AND_FBA,227.0,2026-08-07 20:44:54
FEE-8097,ORD-2097,SEL-001,REFERRAL_AND_FBA,344.72,2026-08-07 20:53:17
FEE-8098,ORD-2098,SEL-001,REFERRAL_AND_FBA,447.56,2026-08-07 21:02:04
FEE-8099,ORD-2099,SEL-001,REFERRAL_AND_FBA,586.21,2026-08-07 21:10:18
FEE-8100,ORD-2100,SEL-001,REFERRAL_AND_FBA,608.51,2026-08-07 21:18:44
FEE-8101,ORD-2101,SEL-001,REFERRAL_AND_FBA,307.08,2026-08-07 21:27:35
FEE-8102,ORD-2102,SEL-001,REFERRAL_AND_FBA,973.61,2026-08-07 21:36:06
FEE-8103,ORD-2103,SEL-001,REFERRAL_AND_FBA,414.66,2026-08-07 21:44:42
FEE-8104,ORD-2104,SEL-001,REFERRAL_AND_FBA,621.25,2026-08-07 21:53:08
FEE-8105,ORD-2105,SEL-001,REFERRAL_AND_FBA,220.0,2026-08-07 22:01:54
FEE-8106,ORD-2106,SEL-001,REFERRAL_AND_FBA,234.8,2026-08-07 22:10:00
FEE-8107,ORD-2107,SEL-001,REFERRAL_AND_FBA,269.71,2026-08-07 22:18:41
FEE-8108,ORD-2108,SEL-001,REFERRAL_AND_FBA,233.03,2026-08-07 22:27:07
FEE-8109,ORD-2109,SEL-001,REFERRAL_AND_FBA,608.51,2026-08-07 22:36:02
FEE-8110,ORD-2110,SEL-001,REFERRAL_AND_FBA,220.0,2026-08-07 22:44:09
FEE-8111,ORD-2111,SEL-001,REFERRAL_AND_FBA,233.03,2026-08-07 22:53:05
FEE-8112,ORD-2112,SEL-001,REFERRAL_AND_FBA,150.46,2026-08-07 23:01:22
FEE-8113,ORD-2113,SEL-001,REFERRAL_AND_FBA,263.19,2026-08-07 23:09:46
FEE-8114,ORD-2114,SEL-001,REFERRAL_AND_FBA,500.13,2026-08-07 23:18:20
FEE-8115,ORD-2115,SEL-001,REFERRAL_AND_FBA,452.12,2026-08-07 23:26:52
FEE-8116,ORD-2116,SEL-001,REFERRAL_AND_FBA,122.54,2026-08-07 23:35:18
FEE-8117,ORD-2117,SEL-001,REFERRAL_AND_FBA,597.45,2026-08-07 23:44:19
FEE-8118,ORD-2118,SEL-001,REFERRAL_AND_FBA,587.2,2026-08-07 23:52:45
FEE-8119,ORD-2119,SEL-001,REFERRAL_AND_FBA,361.63,2026-08-08 00:00:55
FEE-8120,ORD-2120,SEL-001,REFERRAL_AND_FBA,293.11,2026-08-08 00:09:46
FEE-8121,ORD-2121,SEL-001,REFERRAL_AND_FBA,334.4,2026-08-08 00:18:07
FEE-8122,ORD-2122,SEL-001,REFERRAL_AND_FBA,286.74,2026-08-08 00:26:47
FEE-8123,ORD-2123,SEL-001,REFERRAL_AND_FBA,440.0,2026-08-08 00:35:10
FEE-8124,ORD-2124,SEL-001,REFERRAL_AND_FBA,147.92,2026-08-08 00:43:56
FEE-8125,ORD-2125,SEL-001,REFERRAL_AND_FBA,621.25,2026-08-08 00:52:23
FEE-8126,ORD-2126,SEL-001,REFERRAL_AND_FBA,528.94,2026-08-08 01:00:46
FEE-8127,ORD-2127,SEL-001,REFERRAL_AND_FBA,667.63,2026-08-08 01:09:17
FEE-8128,ORD-2128,SEL-001,REFERRAL_AND_FBA,664.86,2026-08-08 01:18:11
FEE-8129,ORD-2129,SEL-001,REFERRAL_AND_FBA,500.5,2026-08-08 01:26:22
FEE-8130,ORD-2130,SEL-001,REFERRAL_AND_FBA,468.16,2026-08-08 01:34:47
FEE-8131,ORD-2131,SEL-001,REFERRAL_AND_FBA,226.06,2026-08-08 01:43:44
FEE-8132,ORD-2132,SEL-001,REFERRAL_AND_FBA,307.08,2026-08-08 01:52:04
FEE-8133,ORD-2133,SEL-001,REFERRAL_AND_FBA,506.8,2026-08-08 02:00:23
FEE-8134,ORD-2134,SEL-001,REFERRAL_AND_FBA,671.56,2026-08-08 02:09:09
FEE-8135,ORD-2135,SEL-001,REFERRAL_AND_FBA,434.35,2026-08-08 02:17:47
FEE-8136,ORD-2136,SEL-001,REFERRAL_AND_FBA,201.6,2026-08-08 02:25:58
FEE-8137,ORD-2137,SEL-001,REFERRAL_AND_FBA,218.83,2026-08-08 02:34:46
FEE-8138,ORD-2138,SEL-001,REFERRAL_AND_FBA,930.35,2026-08-08 02:43:32
FEE-8139,ORD-2139,SEL-001,REFERRAL_AND_FBA,465.17,2026-08-08 02:51:42
FEE-8140,ORD-2140,SEL-001,REFERRAL_AND_FBA,232.32,2026-08-08 03:00:27
FEE-8141,ORD-2141,SEL-001,REFERRAL_AND_FBA,309.41,2026-08-08 03:08:48
FEE-8142,ORD-2142,SEL-001,REFERRAL_AND_FBA,219.26,2026-08-08 03:17:10
FEE-8143,ORD-2143,SEL-001,REFERRAL_AND_FBA,562.0,2026-08-08 03:26:05
FEE-8144,ORD-2144,SEL-001,REFERRAL_AND_FBA,303.25,2026-08-08 03:34:44
FEE-8145,ORD-2145,SEL-001,REFERRAL_AND_FBA,675.52,2026-08-08 03:43:08
FEE-8146,ORD-2146,SEL-001,REFERRAL_AND_FBA,618.82,2026-08-08 03:51:46
FEE-8147,ORD-2147,SEL-001,REFERRAL_AND_FBA,111.5,2026-08-08 03:59:58
FEE-8148,ORD-2148,SEL-001,REFERRAL_AND_FBA,347.12,2026-08-08 04:08:30
FEE-8149,ORD-2149,SEL-001,REFERRAL_AND_FBA,711.56,2026-08-08 04:17:00
FEE-8150,ORD-2150,SEL-001,REFERRAL_AND_FBA,434.35,2026-08-08 04:25:28
FEE-8151,ORD-2151,SEL-001,REFERRAL_AND_FBA,537.56,2026-08-08 04:34:28
FEE-8152,ORD-2152,SEL-001,REFERRAL_AND_FBA,385.02,2026-08-08 04:42:48
FEE-8153,ORD-2153,SEL-001,REFERRAL_AND_FBA,111.5,2026-08-08 04:51:25
FEE-8154,ORD-2154,SEL-001,REFERRAL_AND_FBA,220.0,2026-08-08 04:59:59
FEE-8155,ORD-2155,SEL-001,REFERRAL_AND_FBA,220.0,2026-08-08 05:08:07
FEE-8156,ORD-2156,SEL-001,REFERRAL_AND_FBA,500.13,2026-08-08 05:16:49
FEE-8157,ORD-2157,SEL-001,REFERRAL_AND_FBA,597.45,2026-08-08 05:25:26
FEE-8158,ORD-2158,SEL-001,REFERRAL_AND_FBA,440.0,2026-08-08 05:34:00
FEE-8159,ORD-2159,SEL-001,REFERRAL_AND_FBA,143.37,2026-08-08 05:42:30
FEE-8160,ORD-2160,SEL-001,REFERRAL_AND_FBA,260.0,2026-08-08 05:50:48
FEE-8161,ORD-2161,SEL-001,REFERRAL_AND_FBA,557.32,2026-08-08 05:59:49
FEE-8162,ORD-2162,SEL-001,REFERRAL_AND_FBA,497.75,2026-08-08 06:07:57
FEE-8163,ORD-2163,SEL-001,REFERRAL_AND_FBA,417.32,2026-08-08 06:16:35
FEE-8164,ORD-2164,SEL-001,REFERRAL_AND_FBA,233.03,2026-08-08 06:25:15
FEE-8165,ORD-2165,SEL-001,REFERRAL_AND_FBA,361.48,2026-08-08 06:33:45
FEE-8166,ORD-2166,SEL-001,REFERRAL_AND_FBA,403.2,2026-08-08 06:42:14
FEE-8167,ORD-2167,SEL-001,REFERRAL_AND_FBA,439.9,2026-08-08 06:50:56
FEE-8168,ORD-2168,SEL-001,REFERRAL_AND_FBA,112.96,2026-08-08 06:59:19
FEE-8169,ORD-2169,SEL-001,REFERRAL_AND_FBA,220.0,2026-08-08 07:08:04
FEE-8170,ORD-2170,SEL-001,REFERRAL_AND_FBA,523.9,2026-08-08 07:16:23
FEE-8171,ORD-2171,SEL-001,REFERRAL_AND_FBA,641.84,2026-08-08 07:24:40
FEE-8172,ORD-2172,SEL-001,REFERRAL_AND_FBA,361.48,2026-08-08 07:33:31
FEE-8173,ORD-2173,SEL-001,REFERRAL_AND_FBA,154.16,2026-08-08 07:41:59
FEE-8174,ORD-2174,SEL-001,REFERRAL_AND_FBA,361.63,2026-08-08 07:50:26
FEE-8175,ORD-2175,SEL-001,REFERRAL_AND_FBA,541.66,2026-08-08 07:59:09
FEE-8176,ORD-2176,SEL-001,REFERRAL_AND_FBA,121.71,2026-08-08 08:07:44
FEE-8177,ORD-2177,SEL-001,REFERRAL_AND_FBA,156.89,2026-08-08 08:16:16
FEE-8178,ORD-2178,SEL-001,REFERRAL_AND_FBA,109.42,2026-08-08 08:24:53
FEE-8179,ORD-2179,SEL-001,REFERRAL_AND_FBA,500.5,2026-08-08 08:33:08
FEE-8180,ORD-2180,SEL-001,REFERRAL_AND_FBA,262.7,2026-08-08 08:41:48
FEE-8181,ORD-2181,SEL-001,REFERRAL_AND_FBA,468.16,2026-08-08 08:50:15
FEE-8182,ORD-2182,SEL-001,REFERRAL_AND_FBA,385.02,2026-08-08 08:58:45
FEE-8183,ORD-2183,SEL-001,REFERRAL_AND_FBA,414.66,2026-08-08 09:07:26
FEE-8184,ORD-2184,SEL-001,REFERRAL_AND_FBA,220.0,2026-08-08 09:15:47
FEE-8185,ORD-2185,SEL-001,REFERRAL_AND_FBA,1455.06,2026-08-08 09:24:24
FEE-8186,ORD-2186,SEL-001,REFERRAL_AND_FBA,307.08,2026-08-08 09:32:54
FEE-8187,ORD-2187,SEL-001,REFERRAL_AND_FBA,334.4,2026-08-08 09:41:37
FEE-8188,ORD-2188,SEL-001,REFERRAL_AND_FBA,240.9,2026-08-08 09:50:13
FEE-8189,ORD-2189,SEL-001,REFERRAL_AND_FBA,727.53,2026-08-08 09:58:26
FEE-8190,ORD-2190,SEL-001,REFERRAL_AND_FBA,96.64,2026-08-08 10:06:49
FEE-8191,ORD-2191,SEL-001,REFERRAL_AND_FBA,492.5,2026-08-08 10:15:24
FEE-8192,ORD-2192,SEL-001,REFERRAL_AND_FBA,541.66,2026-08-08 10:24:06
FEE-8193,ORD-2193,SEL-001,REFERRAL_AND_FBA,452.12,2026-08-08 10:32:32
FEE-8194,ORD-2194,SEL-001,REFERRAL_AND_FBA,500.5,2026-08-08 10:41:04
FEE-8195,ORD-2195,SEL-001,REFERRAL_AND_FBA,537.56,2026-08-08 10:49:35
FEE-8196,ORD-2196,SEL-001,REFERRAL_AND_FBA,712.86,2026-08-08 10:58:24
FEE-8197,ORD-2197,SEL-001,REFERRAL_AND_FBA,233.03,2026-08-08 11:06:55
FEE-8198,ORD-2198,SEL-001,REFERRAL_AND_FBA,308.31,2026-08-08 11:15:18
FEE-8199,ORD-2199,SEL-001,REFERRAL_AND_FBA,770.04,2026-08-08 11:24:02
FEE-8200,ORD-2200,SEL-001,REFERRAL_AND_FBA,452.12,2026-08-08 11:32:26
FEE-8201,ORD-2201,SEL-001,REFERRAL_AND_FBA,196.67,2026-08-08 11:40:47
FEE-8202,ORD-2202,SEL-001,REFERRAL_AND_FBA,541.66,2026-08-08 11:49:36
FEE-8203,ORD-2203,SEL-001,REFERRAL_AND_FBA,1302.37,2026-08-08 11:58:14
FEE-8204,ORD-2204,SEL-001,REFERRAL_AND_FBA,597.45,2026-08-08 12:06:18
FEE-8205,ORD-2205,SEL-001,REFERRAL_AND_FBA,150.46,2026-08-08 12:15:05
FEE-8206,ORD-2206,SEL-001,REFERRAL_AND_FBA,108.45,2026-08-08 12:23:28
FEE-8207,ORD-2207,SEL-001,REFERRAL_AND_FBA,477.38,2026-08-08 12:31:59
FEE-8208,ORD-2208,SEL-001,REFERRAL_AND_FBA,122.54,2026-08-08 12:40:40
FEE-8209,ORD-2209,SEL-001,REFERRAL_AND_FBA,196.67,2026-08-08 12:49:15
FEE-8210,ORD-2210,SEL-001,REFERRAL_AND_FBA,156.89,2026-08-08 12:57:41
FEE-8211,ORD-2211,SEL-001,REFERRAL_AND_FBA,995.5,2026-08-08 13:06:01
FEE-8212,ORD-2212,SEL-001,REFERRAL_AND_FBA,712.86,2026-08-08 13:14:34
FEE-8213,ORD-2213,SEL-001,REFERRAL_AND_FBA,728.43,2026-08-08 13:23:24
FEE-8214,ORD-2214,SEL-001,REFERRAL_AND_FBA,232.32,2026-08-08 13:32:01
FEE-8215,ORD-2215,SEL-001,REFERRAL_AND_FBA,523.9,2026-08-08 13:40:22
FEE-8216,ORD-2216,SEL-001,REFERRAL_AND_FBA,122.54,2026-08-08 13:48:59
FEE-8217,ORD-2217,SEL-001,REFERRAL_AND_FBA,465.17,2026-08-08 13:57:24
FEE-8218,ORD-2218,SEL-001,REFERRAL_AND_FBA,307.08,2026-08-08 14:06:04
FEE-8219,ORD-2219,SEL-001,REFERRAL_AND_FBA,528.94,2026-08-08 14:14:28
FEE-8220,ORD-2220,SEL-001,REFERRAL_AND_FBA,500.5,2026-08-08 14:22:52
FEE-8221,ORD-2221,SEL-001,REFERRAL_AND_FBA,225.93,2026-08-08 14:31:37
FEE-8222,ORD-2222,SEL-001,REFERRAL_AND_FBA,417.32,2026-08-08 14:40:05
FEE-8223,ORD-2223,SEL-001,REFERRAL_AND_FBA,557.32,2026-08-08 14:48:28
FEE-8224,ORD-2224,SEL-001,REFERRAL_AND_FBA,111.5,2026-08-08 14:57:03
FEE-8225,ORD-2225,SEL-001,REFERRAL_AND_FBA,307.08,2026-08-08 15:05:52
FEE-8226,ORD-2226,SEL-001,REFERRAL_AND_FBA,587.2,2026-08-08 15:14:11
FEE-8227,ORD-2227,SEL-001,REFERRAL_AND_FBA,267.83,2026-08-08 15:22:47
FEE-8228,ORD-2228,SEL-001,REFERRAL_AND_FBA,587.2,2026-08-08 15:31:33
FEE-8229,ORD-2229,SEL-001,REFERRAL_AND_FBA,541.66,2026-08-08 15:39:48
FEE-8230,ORD-2230,SEL-001,REFERRAL_AND_FBA,557.32,2026-08-08 15:48:26
FEE-8231,ORD-2231,SEL-001,REFERRAL_AND_FBA,434.35,2026-08-08 15:57:07
FEE-8232,ORD-2232,SEL-001,REFERRAL_AND_FBA,468.16,2026-08-08 16:05:23
FEE-8233,ORD-2233,SEL-001,REFERRAL_AND_FBA,162.4,2026-08-08 16:13:51
FEE-8234,ORD-2234,SEL-001,REFERRAL_AND_FBA,347.12,2026-08-08 16:22:24
FEE-8235,ORD-2235,SEL-001,REFERRAL_AND_FBA,651.18,2026-08-08 16:30:54
FEE-8236,ORD-2236,SEL-001,REFERRAL_AND_FBA,562.0,2026-08-08 16:39:28
FEE-8237,ORD-2237,SEL-001,REFERRAL_AND_FBA,96.64,2026-08-08 16:47:59
FEE-8238,ORD-2238,SEL-001,REFERRAL_AND_FBA,429.81,2026-08-08 16:56:27
FEE-8239,ORD-2239,SEL-001,REFERRAL_AND_FBA,220.0,2026-08-08 17:05:09
FEE-8240,ORD-2240,SEL-001,REFERRAL_AND_FBA,668.81,2026-08-08 17:13:41
FEE-8241,ORD-2241,SEL-001,REFERRAL_AND_FBA,693.61,2026-08-08 17:22:27
FEE-8242,ORD-2242,SEL-001,REFERRAL_AND_FBA,1446.64,2026-08-08 17:30:45
FEE-8243,ORD-2243,SEL-001,REFERRAL_AND_FBA,328.49,2026-08-08 17:39:24
FEE-8244,ORD-2244,SEL-001,REFERRAL_AND_FBA,675.52,2026-08-08 17:47:50
FEE-8245,ORD-2245,SEL-001,REFERRAL_AND_FBA,333.82,2026-08-08 17:56:18
FEE-8246,ORD-2246,SEL-001,REFERRAL_AND_FBA,829.33,2026-08-08 18:05:10
FEE-8247,ORD-2247,SEL-001,REFERRAL_AND_FBA,1259.64,2026-08-08 18:13:30
FEE-8248,ORD-2248,SEL-001,REFERRAL_AND_FBA,689.62,2026-08-08 18:21:58
FEE-8249,ORD-2249,SEL-001,REFERRAL_AND_FBA,403.2,2026-08-08 18:30:28
FEE-8250,ORD-2250,SEL-001,REFERRAL_AND_FBA,262.7,2026-08-08 18:39:14
FEE-8251,ORD-2251,SEL-001,REFERRAL_AND_FBA,689.62,2026-08-08 18:47:48
FEE-8252,ORD-2252,SEL-001,REFERRAL_AND_FBA,468.16,2026-08-08 18:56:21
FEE-8253,ORD-2253,SEL-001,REFERRAL_AND_FBA,722.95,2026-08-08 19:04:54
FEE-8254,ORD-2254,SEL-001,REFERRAL_AND_FBA,220.0,2026-08-08 19:13:11
FEE-8255,ORD-2255,SEL-001,REFERRAL_AND_FBA,693.61,2026-08-08 19:21:37
FEE-8256,ORD-2256,SEL-001,REFERRAL_AND_FBA,263.19,2026-08-08 19:30:09
FEE-8257,ORD-2257,SEL-001,REFERRAL_AND_FBA,447.56,2026-08-08 19:38:45
FEE-8258,ORD-2258,SEL-001,REFERRAL_AND_FBA,220.0,2026-08-08 19:47:08
FEE-8259,ORD-2259,SEL-001,REFERRAL_AND_FBA,465.17,2026-08-08 19:56:06
FEE-8260,ORD-2260,SEL-001,REFERRAL_AND_FBA,260.0,2026-08-08 20:04:17
FEE-8261,ORD-2261,SEL-001,REFERRAL_AND_FBA,361.48,2026-08-08 20:12:52
FEE-8262,ORD-2262,SEL-001,REFERRAL_AND_FBA,434.35,2026-08-08 20:21:31
FEE-8263,ORD-2263,SEL-001,REFERRAL_AND_FBA,629.82,2026-08-08 20:30:10
FEE-8264,ORD-2264,SEL-001,REFERRAL_AND_FBA,417.32,2026-08-08 20:38:21
FEE-8265,ORD-2265,SEL-001,REFERRAL_AND_FBA,143.37,2026-08-08 20:47:00
FEE-8266,ORD-2266,SEL-001,REFERRAL_AND_FBA,191.62,2026-08-08 20:55:44
FEE-8267,ORD-2267,SEL-001,REFERRAL_AND_FBA,293.6,2026-08-08 21:03:59
FEE-8268,ORD-2268,SEL-001,REFERRAL_AND_FBA,712.86,2026-08-08 21:12:55
FEE-8269,ORD-2269,SEL-001,REFERRAL_AND_FBA,468.16,2026-08-08 21:21:03
FEE-8270,ORD-2270,SEL-001,REFERRAL_AND_FBA,475.57,2026-08-08 21:29:43
FEE-8271,ORD-2271,SEL-001,REFERRAL_AND_FBA,191.62,2026-08-08 21:38:10
FEE-8272,ORD-2272,SEL-001,REFERRAL_AND_FBA,112.96,2026-08-08 21:46:58
FEE-8273,ORD-2273,SEL-001,REFERRAL_AND_FBA,111.5,2026-08-08 21:55:33
FEE-8274,ORD-2274,SEL-001,REFERRAL_AND_FBA,417.32,2026-08-08 22:03:40
FEE-8275,ORD-2275,SEL-001,REFERRAL_AND_FBA,237.79,2026-08-08 22:12:40
FEE-8276,ORD-2276,SEL-001,REFERRAL_AND_FBA,440.0,2026-08-08 22:21:08
FEE-8277,ORD-2277,SEL-001,REFERRAL_AND_FBA,440.0,2026-08-08 22:29:24
FEE-8278,ORD-2278,SEL-001,REFERRAL_AND_FBA,267.83,2026-08-08 22:38:13
FEE-8279,ORD-2279,SEL-001,REFERRAL_AND_FBA,664.86,2026-08-08 22:46:22
FEE-8280,ORD-2280,SEL-001,REFERRAL_AND_FBA,361.48,2026-08-08 22:54:56
FEE-8281,ORD-2281,SEL-001,REFERRAL_AND_FBA,702.72,2026-08-08 23:03:54
FEE-8282,ORD-2282,SEL-001,REFERRAL_AND_FBA,667.63,2026-08-08 23:11:59
FEE-8283,ORD-2283,SEL-001,REFERRAL_AND_FBA,597.45,2026-08-08 23:20:34
FEE-8284,ORD-2284,SEL-001,REFERRAL_AND_FBA,727.53,2026-08-08 23:29:03
FEE-8285,ORD-2285,SEL-001,REFERRAL_AND_FBA,335.78,2026-08-08 23:37:39
FEE-8286,ORD-2286,SEL-001,REFERRAL_AND_FBA,1057.88,2026-08-08 23:46:08
FEE-8287,ORD-2287,SEL-001,REFERRAL_AND_FBA,464.63,2026-08-08 23:54:59
FEE-8288,ORD-2288,SEL-001,REFERRAL_AND_FBA,629.82,2026-08-09 00:03:20
FEE-8289,ORD-2289,SEL-001,REFERRAL_AND_FBA,587.2,2026-08-09 00:11:51
FEE-8290,ORD-2290,SEL-001,REFERRAL_AND_FBA,523.9,2026-08-09 00:20:35
FEE-8291,ORD-2291,SEL-001,REFERRAL_AND_FBA,361.63,2026-08-09 00:28:57
FEE-8292,ORD-2292,SEL-001,REFERRAL_AND_FBA,1242.49,2026-08-09 00:37:31
FEE-8293,ORD-2293,SEL-001,REFERRAL_AND_FBA,668.81,2026-08-09 00:46:16
FEE-8294,ORD-2294,SEL-001,REFERRAL_AND_FBA,219.26,2026-08-09 00:54:21
FEE-8295,ORD-2295,SEL-001,REFERRAL_AND_FBA,325.08,2026-08-09 01:03:14
FEE-8296,ORD-2296,SEL-001,REFERRAL_AND_FBA,606.21,2026-08-09 01:11:28
FEE-8297,ORD-2297,SEL-001,REFERRAL_AND_FBA,328.49,2026-08-09 01:20:07
FEE-8298,ORD-2298,SEL-001,REFERRAL_AND_FBA,162.4,2026-08-09 01:28:53
FEE-8299,ORD-2299,SEL-001,REFERRAL_AND_FBA,328.49,2026-08-09 01:37:26
FEE-8300,ORD-2300,SEL-001,REFERRAL_AND_FBA,629.82,2026-08-09 01:46:04
FEE-8301,ORD-2301,SEL-001,REFERRAL_AND_FBA,447.56,2026-08-09 01:54:09
FEE-8302,ORD-2302,SEL-001,REFERRAL_AND_FBA,361.48,2026-08-09 02:02:38
FEE-8303,ORD-2303,SEL-001,REFERRAL_AND_FBA,541.66,2026-08-09 02:11:15
FEE-8304,ORD-2304,SEL-001,REFERRAL_AND_FBA,335.78,2026-08-09 02:19:45
FEE-8305,ORD-2305,SEL-001,REFERRAL_AND_FBA,447.56,2026-08-09 02:28:28
FEE-8306,ORD-2306,SEL-001,REFERRAL_AND_FBA,293.6,2026-08-09 02:36:56
FEE-8307,ORD-2307,SEL-001,REFERRAL_AND_FBA,497.75,2026-08-09 02:45:31
FEE-8308,ORD-2308,SEL-001,REFERRAL_AND_FBA,220.0,2026-08-09 02:54:04
FEE-8309,ORD-2309,SEL-001,REFERRAL_AND_FBA,606.21,2026-08-09 03:02:46
FEE-8310,ORD-2310,SEL-001,REFERRAL_AND_FBA,506.8,2026-08-09 03:11:16
FEE-8311,ORD-2311,SEL-001,REFERRAL_AND_FBA,334.4,2026-08-09 03:19:43
FEE-8312,ORD-2312,SEL-001,REFERRAL_AND_FBA,447.56,2026-08-09 03:28:14
FEE-8313,ORD-2313,SEL-001,REFERRAL_AND_FBA,444.43,2026-08-09 03:36:51
FEE-8314,ORD-2314,SEL-001,REFERRAL_AND_FBA,276.99,2026-08-09 03:45:03
FEE-8315,ORD-2315,SEL-001,REFERRAL_AND_FBA,269.71,2026-08-09 03:53:58
FEE-8316,ORD-2316,SEL-001,REFERRAL_AND_FBA,664.86,2026-08-09 04:02:17
FEE-8317,ORD-2317,SEL-001,REFERRAL_AND_FBA,417.32,2026-08-09 04:10:47
FEE-8318,ORD-2318,SEL-001,REFERRAL_AND_FBA,220.0,2026-08-09 04:19:20
FEE-8319,ORD-2319,SEL-001,REFERRAL_AND_FBA,262.7,2026-08-09 04:28:10
FEE-8320,ORD-2320,SEL-001,REFERRAL_AND_FBA,269.71,2026-08-09 04:36:33
FEE-8321,ORD-2321,SEL-001,REFERRAL_AND_FBA,417.32,2026-08-09 04:44:50
FEE-8322,ORD-2322,SEL-001,REFERRAL_AND_FBA,237.79,2026-08-09 04:53:35
FEE-8323,ORD-2323,SEL-001,REFERRAL_AND_FBA,111.5,2026-08-09 05:02:04
FEE-8324,ORD-2324,SEL-001,REFERRAL_AND_FBA,651.18,2026-08-09 05:10:32
FEE-8325,ORD-2325,SEL-001,REFERRAL_AND_FBA,293.11,2026-08-09 05:19:18
FEE-8326,ORD-2326,SEL-001,REFERRAL_AND_FBA,334.4,2026-08-09 05:27:29
FEE-8327,ORD-2327,SEL-001,REFERRAL_AND_FBA,528.94,2026-08-09 05:36:01
FEE-8328,ORD-2328,SEL-001,REFERRAL_AND_FBA,328.49,2026-08-09 05:44:48
FEE-8329,ORD-2329,SEL-001,REFERRAL_AND_FBA,267.83,2026-08-09 05:53:24
FEE-8330,ORD-2330,SEL-001,REFERRAL_AND_FBA,1329.72,2026-08-09 06:01:40
FEE-8331,ORD-2331,SEL-001,REFERRAL_AND_FBA,112.96,2026-08-09 06:10:21
FEE-8332,ORD-2332,SEL-001,REFERRAL_AND_FBA,597.45,2026-08-09 06:19:08
FEE-8333,ORD-2333,SEL-001,REFERRAL_AND_FBA,608.51,2026-08-09 06:27:22
FEE-8334,ORD-2334,SEL-001,REFERRAL_AND_FBA,361.48,2026-08-09 06:36:10
FEE-8335,ORD-2335,SEL-001,REFERRAL_AND_FBA,96.64,2026-08-09 06:44:23
FEE-8336,ORD-2336,SEL-001,REFERRAL_AND_FBA,191.62,2026-08-09 06:52:59
FEE-8337,ORD-2337,SEL-001,REFERRAL_AND_FBA,505.62,2026-08-09 07:01:28
FEE-8338,ORD-2338,SEL-001,REFERRAL_AND_FBA,234.8,2026-08-09 07:09:57
FEE-8339,ORD-2339,SEL-001,REFERRAL_AND_FBA,1047.79,2026-08-09 07:18:44
FEE-8340,ORD-2340,SEL-001,REFERRAL_AND_FBA,231.88,2026-08-09 07:26:56
FEE-8341,ORD-2341,SEL-001,REFERRAL_AND_FBA,240.9,2026-08-09 07:35:30
FEE-8342,ORD-2342,SEL-001,REFERRAL_AND_FBA,233.03,2026-08-09 07:44:12
FEE-8343,ORD-2343,SEL-001,REFERRAL_AND_FBA,347.12,2026-08-09 07:52:48
FEE-8344,ORD-2344,SEL-001,REFERRAL_AND_FBA,414.66,2026-08-09 08:01:33
FEE-8345,ORD-2345,SEL-001,REFERRAL_AND_FBA,293.11,2026-08-09 08:10:01
FEE-8346,ORD-2346,SEL-001,REFERRAL_AND_FBA,151.63,2026-08-09 08:18:31
FEE-8347,ORD-2347,SEL-001,REFERRAL_AND_FBA,510.34,2026-08-09 08:26:48
FEE-8348,ORD-2348,SEL-001,REFERRAL_AND_FBA,293.6,2026-08-09 08:35:34
FEE-8349,ORD-2349,SEL-001,REFERRAL_AND_FBA,468.16,2026-08-09 08:44:14
FEE-8350,ORD-2350,SEL-001,REFERRAL_AND_FBA,440.0,2026-08-09 08:52:42
FEE-8351,ORD-2351,SEL-001,REFERRAL_AND_FBA,661.26,2026-08-09 09:01:14
FEE-8352,ORD-2352,SEL-001,REFERRAL_AND_FBA,641.84,2026-08-09 09:09:27
FEE-8353,ORD-2353,SEL-001,REFERRAL_AND_FBA,225.93,2026-08-09 09:18:20
FEE-8354,ORD-2354,SEL-001,REFERRAL_AND_FBA,650.16,2026-08-09 09:26:36
FEE-8355,ORD-2355,SEL-001,REFERRAL_AND_FBA,335.78,2026-08-09 09:35:05
FEE-8356,ORD-2356,SEL-001,REFERRAL_AND_FBA,249.73,2026-08-09 09:43:56
FEE-8357,ORD-2357,SEL-001,REFERRAL_AND_FBA,667.63,2026-08-09 09:52:20
FEE-8358,ORD-2358,SEL-001,REFERRAL_AND_FBA,452.12,2026-08-09 10:01:02
FEE-8359,ORD-2359,SEL-001,REFERRAL_AND_FBA,109.42,2026-08-09 10:09:17
FEE-8360,ORD-2360,SEL-001,REFERRAL_AND_FBA,675.52,2026-08-09 10:17:52
FEE-8361,ORD-2361,SEL-001,REFERRAL_AND_FBA,727.53,2026-08-09 10:26:19
FEE-8362,ORD-2362,SEL-001,REFERRAL_AND_FBA,233.03,2026-08-09 10:35:01
FEE-8363,ORD-2363,SEL-001,REFERRAL_AND_FBA,506.8,2026-08-09 10:43:22
FEE-8364,ORD-2364,SEL-001,REFERRAL_AND_FBA,220.0,2026-08-09 10:52:09
FEE-8365,ORD-2365,SEL-001,REFERRAL_AND_FBA,1446.64,2026-08-09 11:00:42
FEE-8366,ORD-2366,SEL-001,REFERRAL_AND_FBA,541.66,2026-08-09 11:08:54
FEE-8367,ORD-2367,SEL-001,REFERRAL_AND_FBA,539.42,2026-08-09 11:17:34
FEE-8368,ORD-2368,SEL-001,REFERRAL_AND_FBA,227.0,2026-08-09 11:26:00
FEE-8369,ORD-2369,SEL-001,REFERRAL_AND_FBA,702.72,2026-08-09 11:34:54
FEE-8370,ORD-2370,SEL-001,REFERRAL_AND_FBA,344.72,2026-08-09 11:42:58
FEE-8371,ORD-2371,SEL-001,REFERRAL_AND_FBA,439.9,2026-08-09 11:51:40
FEE-8372,ORD-2372,SEL-001,REFERRAL_AND_FBA,232.32,2026-08-09 12:00:25
FEE-8373,ORD-2373,SEL-001,REFERRAL_AND_FBA,712.86,2026-08-09 12:08:39
FEE-8374,ORD-2374,SEL-001,REFERRAL_AND_FBA,344.72,2026-08-09 12:17:09
FEE-8375,ORD-2375,SEL-001,REFERRAL_AND_FBA,309.41,2026-08-09 12:26:00
FEE-8376,ORD-2376,SEL-001,REFERRAL_AND_FBA,261.36,2026-08-09 12:34:18
FEE-8377,ORD-2377,SEL-001,REFERRAL_AND_FBA,231.88,2026-08-09 12:42:59
FEE-8378,ORD-2378,SEL-001,REFERRAL_AND_FBA,728.43,2026-08-09 12:51:23
FEE-8379,ORD-2379,SEL-001,REFERRAL_AND_FBA,111.5,2026-08-09 12:59:58
FEE-8380,ORD-2380,SEL-001,REFERRAL_AND_FBA,286.74,2026-08-09 13:08:27
FEE-8381,ORD-2381,SEL-001,REFERRAL_AND_FBA,133.0,2026-08-09 13:17:19
FEE-8382,ORD-2382,SEL-001,REFERRAL_AND_FBA,440.0,2026-08-09 13:25:30
FEE-8383,ORD-2383,SEL-001,REFERRAL_AND_FBA,528.94,2026-08-09 13:34:12
FEE-8384,ORD-2384,SEL-001,REFERRAL_AND_FBA,122.54,2026-08-09 13:42:40
FEE-8385,ORD-2385,SEL-001,REFERRAL_AND_FBA,220.0,2026-08-09 13:51:01
FEE-8386,ORD-2386,SEL-001,REFERRAL_AND_FBA,505.62,2026-08-09 13:59:38
FEE-8387,ORD-2387,SEL-001,REFERRAL_AND_FBA,434.35,2026-08-09 14:08:21
FEE-8388,ORD-2388,SEL-001,REFERRAL_AND_FBA,500.5,2026-08-09 14:16:39
FEE-8389,ORD-2389,SEL-001,REFERRAL_AND_FBA,480.82,2026-08-09 14:25:33
FEE-8390,ORD-2390,SEL-001,REFERRAL_AND_FBA,220.0,2026-08-09 14:33:45
FEE-8391,ORD-2391,SEL-001,REFERRAL_AND_FBA,447.56,2026-08-09 14:42:23
FEE-8392,ORD-2392,SEL-001,REFERRAL_AND_FBA,447.56,2026-08-09 14:51:04
FEE-8393,ORD-2393,SEL-001,REFERRAL_AND_FBA,614.16,2026-08-09 14:59:18
FEE-8394,ORD-2394,SEL-001,REFERRAL_AND_FBA,712.86,2026-08-09 15:07:51
FEE-8395,ORD-2395,SEL-001,REFERRAL_AND_FBA,500.13,2026-08-09 15:16:24
FEE-8396,ORD-2396,SEL-001,REFERRAL_AND_FBA,429.81,2026-08-09 15:25:03
FEE-8397,ORD-2397,SEL-001,REFERRAL_AND_FBA,728.43,2026-08-09 15:33:32
FEE-8398,ORD-2398,SEL-001,REFERRAL_AND_FBA,541.66,2026-08-09 15:42:23
FEE-8399,ORD-2399,SEL-001,REFERRAL_AND_FBA,557.32,2026-08-09 15:50:52
FEE-8400,ORD-2400,SEL-001,REFERRAL_AND_FBA,523.9,2026-08-09 15:59:19
FEE-8401,ORD-2401,SEL-001,REFERRAL_AND_FBA,1194.9,2026-08-09 16:07:40
FEE-8402,ORD-2402,SEL-001,REFERRAL_AND_FBA,260.0,2026-08-09 16:16:06
FEE-8403,ORD-2403,SEL-001,REFERRAL_AND_FBA,675.52,2026-08-09 16:24:57
FEE-8404,ORD-2404,SEL-001,REFERRAL_AND_FBA,328.49,2026-08-09 16:33:12
FEE-8405,ORD-2405,SEL-001,REFERRAL_AND_FBA,444.43,2026-08-09 16:41:44
FEE-8406,ORD-2406,SEL-001,REFERRAL_AND_FBA,505.62,2026-08-09 16:50:15
FEE-8407,ORD-2407,SEL-001,REFERRAL_AND_FBA,143.37,2026-08-09 16:59:11
FEE-8408,ORD-2408,SEL-001,REFERRAL_AND_FBA,497.75,2026-08-09 17:07:31
FEE-8409,ORD-2409,SEL-001,REFERRAL_AND_FBA,156.89,2026-08-09 17:16:00
FEE-8410,ORD-2410,SEL-001,REFERRAL_AND_FBA,475.57,2026-08-09 17:24:32
FEE-8411,ORD-2411,SEL-001,REFERRAL_AND_FBA,447.56,2026-08-09 17:33:11
FEE-8412,ORD-2412,SEL-001,REFERRAL_AND_FBA,463.76,2026-08-09 17:41:25
FEE-8413,ORD-2413,SEL-001,REFERRAL_AND_FBA,486.81,2026-08-09 17:49:59
FEE-8414,ORD-2414,SEL-001,REFERRAL_AND_FBA,222.99,2026-08-09 17:58:36
FEE-8415,ORD-2415,SEL-001,REFERRAL_AND_FBA,196.67,2026-08-09 18:07:15
FEE-8416,ORD-2416,SEL-001,REFERRAL_AND_FBA,231.88,2026-08-09 18:15:39
FEE-8417,ORD-2417,SEL-001,REFERRAL_AND_FBA,325.08,2026-08-09 18:24:08
FEE-8418,ORD-2418,SEL-001,REFERRAL_AND_FBA,492.5,2026-08-09 18:32:57
FEE-8419,ORD-2419,SEL-001,REFERRAL_AND_FBA,309.41,2026-08-09 18:41:26
FEE-8420,ORD-2420,SEL-001,REFERRAL_AND_FBA,219.26,2026-08-09 18:49:58
FEE-8421,ORD-2421,SEL-001,REFERRAL_AND_FBA,417.32,2026-08-09 18:58:16
FEE-8422,ORD-2422,SEL-001,REFERRAL_AND_FBA,486.81,2026-08-09 19:07:06
FEE-8423,ORD-2423,SEL-001,REFERRAL_AND_FBA,417.32,2026-08-09 19:15:26
FEE-8424,ORD-2424,SEL-001,REFERRAL_AND_FBA,191.62,2026-08-09 19:23:49
FEE-8425,ORD-2425,SEL-001,REFERRAL_AND_FBA,465.17,2026-08-09 19:32:26
FEE-8426,ORD-2426,SEL-001,REFERRAL_AND_FBA,414.66,2026-08-09 19:41:19
FEE-8427,ORD-2427,SEL-001,REFERRAL_AND_FBA,220.0,2026-08-09 19:49:39
FEE-8428,ORD-2428,SEL-001,REFERRAL_AND_FBA,334.4,2026-08-09 19:58:18
FEE-8429,ORD-2429,SEL-001,REFERRAL_AND_FBA,325.08,2026-08-09 20:06:35
FEE-8430,ORD-2430,SEL-001,REFERRAL_AND_FBA,361.63,2026-08-09 20:15:13
FEE-8431,ORD-2431,SEL-001,REFERRAL_AND_FBA,500.5,2026-08-09 20:23:41
FEE-8432,ORD-2432,SEL-001,REFERRAL_AND_FBA,500.5,2026-08-09 20:32:33
FEE-8433,ORD-2433,SEL-001,REFERRAL_AND_FBA,263.19,2026-08-09 20:40:36
FEE-8434,ORD-2434,SEL-001,REFERRAL_AND_FBA,447.56,2026-08-09 20:49:21
FEE-8435,ORD-2435,SEL-001,REFERRAL_AND_FBA,96.64,2026-08-09 20:57:54
FEE-8436,ORD-2436,SEL-001,REFERRAL_AND_FBA,154.16,2026-08-09 21:06:23
FEE-8437,ORD-2437,SEL-001,REFERRAL_AND_FBA,162.4,2026-08-09 21:15:13
FEE-8438,ORD-2438,SEL-001,REFERRAL_AND_FBA,262.7,2026-08-09 21:23:25
FEE-8439,ORD-2439,SEL-001,REFERRAL_AND_FBA,96.64,2026-08-09 21:32:11
FEE-8440,ORD-2440,SEL-001,REFERRAL_AND_FBA,220.0,2026-08-09 21:40:43
FEE-8441,ORD-2441,SEL-001,REFERRAL_AND_FBA,447.56,2026-08-09 21:49:07
FEE-8442,ORD-2442,SEL-001,REFERRAL_AND_FBA,434.35,2026-08-09 21:57:25
FEE-8443,ORD-2443,SEL-001,REFERRAL_AND_FBA,562.0,2026-08-09 22:06:22
FEE-8444,ORD-2444,SEL-001,REFERRAL_AND_FBA,227.0,2026-08-09 22:14:31
FEE-8445,ORD-2445,SEL-001,REFERRAL_AND_FBA,523.9,2026-08-09 22:23:10
FEE-8446,ORD-2446,SEL-001,REFERRAL_AND_FBA,629.82,2026-08-09 22:32:00
FEE-8447,ORD-2447,SEL-001,REFERRAL_AND_FBA,1114.64,2026-08-09 22:40:06
FEE-8448,ORD-2448,SEL-001,REFERRAL_AND_FBA,219.26,2026-08-09 22:48:40
FEE-8449,ORD-2449,SEL-001,REFERRAL_AND_FBA,614.16,2026-08-09 22:57:12
FEE-8450,ORD-2450,SEL-001,REFERRAL_AND_FBA,528.94,2026-08-09 23:05:50
FEE-8451,ORD-2451,SEL-001,REFERRAL_AND_FBA,233.03,2026-08-09 23:14:17
FEE-8452,ORD-2452,SEL-001,REFERRAL_AND_FBA,607.04,2026-08-09 23:22:58
FEE-8453,ORD-2453,SEL-001,REFERRAL_AND_FBA,712.86,2026-08-09 23:31:26
FEE-8454,ORD-2454,SEL-001,REFERRAL_AND_FBA,608.51,2026-08-09 23:40:00
FEE-8455,ORD-2455,SEL-001,REFERRAL_AND_FBA,689.62,2026-08-09 23:48:46
FEE-8456,ORD-2456,SEL-001,REFERRAL_AND_FBA,728.43,2026-08-09 23:57:07
FEE-8457,ORD-2457,SEL-001,REFERRAL_AND_FBA,220.0,2026-08-10 00:05:29
FEE-8458,ORD-2458,SEL-001,REFERRAL_AND_FBA,429.81,2026-08-10 00:13:59
FEE-8459,ORD-2459,SEL-001,REFERRAL_AND_FBA,260.0,2026-08-10 00:22:53
FEE-8460,ORD-2460,SEL-001,REFERRAL_AND_FBA,1174.4,2026-08-10 00:31:21
FEE-8461,ORD-2461,SEL-001,REFERRAL_AND_FBA,486.81,2026-08-10 00:40:01
FEE-8462,ORD-2462,SEL-001,REFERRAL_AND_FBA,238.52,2026-08-10 00:48:16
FEE-8463,ORD-2463,SEL-001,REFERRAL_AND_FBA,293.6,2026-08-10 00:56:49
FEE-8464,ORD-2464,SEL-001,REFERRAL_AND_FBA,465.17,2026-08-10 01:05:23
FEE-8465,ORD-2465,SEL-001,REFERRAL_AND_FBA,220.0,2026-08-10 01:13:50
FEE-8466,ORD-2466,SEL-001,REFERRAL_AND_FBA,293.6,2026-08-10 01:22:36
FEE-8467,ORD-2467,SEL-001,REFERRAL_AND_FBA,335.78,2026-08-10 01:31:02
FEE-8468,ORD-2468,SEL-001,REFERRAL_AND_FBA,434.35,2026-08-10 01:39:46
FEE-8469,ORD-2469,SEL-001,REFERRAL_AND_FBA,506.8,2026-08-10 01:48:13
FEE-8470,ORD-2470,SEL-001,REFERRAL_AND_FBA,439.9,2026-08-10 01:56:30
FEE-8471,ORD-2471,SEL-001,REFERRAL_AND_FBA,361.63,2026-08-10 02:04:57
FEE-8472,ORD-2472,SEL-001,REFERRAL_AND_FBA,293.11,2026-08-10 02:13:33
FEE-8473,ORD-2473,SEL-001,REFERRAL_AND_FBA,344.72,2026-08-10 02:22:18
FEE-8474,ORD-2474,SEL-001,REFERRAL_AND_FBA,651.18,2026-08-10 02:30:51
FEE-8475,ORD-2475,SEL-001,REFERRAL_AND_FBA,541.66,2026-08-10 02:39:18
FEE-8476,ORD-2476,SEL-001,REFERRAL_AND_FBA,468.16,2026-08-10 02:47:58
FEE-8477,ORD-2477,SEL-001,REFERRAL_AND_FBA,220.0,2026-08-10 02:56:08
FEE-8478,ORD-2478,SEL-001,REFERRAL_AND_FBA,510.34,2026-08-10 03:04:49
FEE-8479,ORD-2479,SEL-001,REFERRAL_AND_FBA,450.37,2026-08-10 03:13:37
FEE-8480,ORD-2480,SEL-001,REFERRAL_AND_FBA,262.7,2026-08-10 03:22:11
FEE-8481,ORD-2481,SEL-001,REFERRAL_AND_FBA,440.0,2026-08-10 03:30:18
FEE-8482,ORD-2482,SEL-001,REFERRAL_AND_FBA,557.32,2026-08-10 03:39:02
FEE-8483,ORD-2483,SEL-001,REFERRAL_AND_FBA,439.9,2026-08-10 03:47:48
FEE-8484,ORD-2484,SEL-001,REFERRAL_AND_FBA,523.9,2026-08-10 03:55:53
FEE-8485,ORD-2485,SEL-001,REFERRAL_AND_FBA,500.5,2026-08-10 04:04:31
FEE-8486,ORD-2486,SEL-001,REFERRAL_AND_FBA,1283.67,2026-08-10 04:13:19
FEE-8487,ORD-2487,SEL-001,REFERRAL_AND_FBA,439.9,2026-08-10 04:21:52
FEE-8488,ORD-2488,SEL-001,REFERRAL_AND_FBA,641.84,2026-08-10 04:29:59
FEE-8489,ORD-2489,SEL-001,REFERRAL_AND_FBA,492.5,2026-08-10 04:38:56
FEE-8490,ORD-2490,SEL-001,REFERRAL_AND_FBA,727.53,2026-08-10 04:47:07
FEE-8491,ORD-2491,SEL-001,REFERRAL_AND_FBA,261.36,2026-08-10 04:56:02
FEE-8492,ORD-2492,SEL-001,REFERRAL_AND_FBA,293.6,2026-08-10 05:04:14
FEE-8493,ORD-2493,SEL-001,REFERRAL_AND_FBA,829.33,2026-08-10 05:12:53
FEE-8494,ORD-2494,SEL-001,REFERRAL_AND_FBA,122.54,2026-08-10 05:21:29
FEE-8495,ORD-2495,SEL-001,REFERRAL_AND_FBA,261.36,2026-08-10 05:30:03
FEE-8496,ORD-2496,SEL-001,REFERRAL_AND_FBA,335.78,2026-08-10 05:38:45
FEE-8497,ORD-2497,SEL-001,REFERRAL_AND_FBA,618.82,2026-08-10 05:46:50
FEE-8498,ORD-2498,SEL-001,REFERRAL_AND_FBA,293.11,2026-08-10 05:55:25
FEE-8499,ORD-2499,SEL-001,REFERRAL_AND_FBA,523.9,2026-08-10 06:04:10
FEE-8500,ORD-2500,SEL-001,REFERRAL_AND_FBA,469.6,2026-08-10 06:12:33
FEE-8501,ORD-2501,SEL-001,REFERRAL_AND_FBA,109.42,2026-08-10 06:21:03
FEE-8502,ORD-2502,SEL-001,REFERRAL_AND_FBA,608.51,2026-08-10 06:29:32
FEE-8503,ORD-2503,SEL-001,REFERRAL_AND_FBA,541.66,2026-08-10 06:38:04
FEE-8504,ORD-2504,SEL-001,REFERRAL_AND_FBA,468.16,2026-08-10 06:46:40
FEE-8505,ORD-2505,SEL-001,REFERRAL_AND_FBA,439.9,2026-08-10 06:55:15
FEE-8506,ORD-2506,SEL-001,REFERRAL_AND_FBA,629.82,2026-08-10 07:03:54
FEE-8507,ORD-2507,SEL-001,REFERRAL_AND_FBA,196.67,2026-08-10 07:12:10
FEE-8508,ORD-2508,SEL-001,REFERRAL_AND_FBA,267.83,2026-08-10 07:20:39
FEE-8509,ORD-2509,SEL-001,REFERRAL_AND_FBA,227.0,2026-08-10 07:29:32
FEE-8510,ORD-2510,SEL-001,REFERRAL_AND_FBA,450.37,2026-08-10 07:38:02
FEE-8511,ORD-2511,SEL-001,REFERRAL_AND_FBA,606.21,2026-08-10 07:46:20
FEE-8512,ORD-2512,SEL-001,REFERRAL_AND_FBA,201.6,2026-08-10 07:55:01
FEE-8513,ORD-2513,SEL-001,REFERRAL_AND_FBA,930.35,2026-08-10 08:03:50
FEE-8514,ORD-2514,SEL-001,REFERRAL_AND_FBA,728.43,2026-08-10 08:12:00
FEE-8515,ORD-2515,SEL-001,REFERRAL_AND_FBA,629.82,2026-08-10 08:20:44
FEE-8516,ORD-2516,SEL-001,REFERRAL_AND_FBA,414.66,2026-08-10 08:29:13
FEE-8517,ORD-2517,SEL-001,REFERRAL_AND_FBA,667.63,2026-08-10 08:37:32
FEE-8518,ORD-2518,SEL-001,REFERRAL_AND_FBA,1456.86,2026-08-10 08:46:16
FEE-8519,ORD-2519,SEL-001,REFERRAL_AND_FBA,607.04,2026-08-10 08:54:56
FEE-8520,ORD-2520,SEL-001,REFERRAL_AND_FBA,121.71,2026-08-10 09:03:10
FEE-8521,ORD-2521,SEL-001,REFERRAL_AND_FBA,220.0,2026-08-10 09:11:56
FEE-8522,ORD-2522,SEL-001,REFERRAL_AND_FBA,150.46,2026-08-10 09:20:29
FEE-8523,ORD-2523,SEL-001,REFERRAL_AND_FBA,465.17,2026-08-10 09:28:57
FEE-8524,ORD-2524,SEL-001,REFERRAL_AND_FBA,480.82,2026-08-10 09:37:40
FEE-8525,ORD-2525,SEL-001,REFERRAL_AND_FBA,143.37,2026-08-10 09:46:10
FEE-8526,ORD-2526,SEL-001,REFERRAL_AND_FBA,439.9,2026-08-10 09:54:41
FEE-8527,ORD-2527,SEL-001,REFERRAL_AND_FBA,267.83,2026-08-10 10:03:02
FEE-8528,ORD-2528,SEL-001,REFERRAL_AND_FBA,385.02,2026-08-10 10:11:42
FEE-8529,ORD-2529,SEL-001,REFERRAL_AND_FBA,240.9,2026-08-10 10:19:59
FEE-8530,ORD-2530,SEL-001,REFERRAL_AND_FBA,500.13,2026-08-10 10:28:46
FEE-8531,ORD-2531,SEL-001,REFERRAL_AND_FBA,693.61,2026-08-10 10:37:08
FEE-8532,ORD-2532,SEL-001,REFERRAL_AND_FBA,232.32,2026-08-10 10:45:35
FEE-8533,ORD-2533,SEL-001,REFERRAL_AND_FBA,361.48,2026-08-10 10:54:03
FEE-8534,ORD-2534,SEL-001,REFERRAL_AND_FBA,597.45,2026-08-10 11:03:00
FEE-8535,ORD-2535,SEL-001,REFERRAL_AND_FBA,417.32,2026-08-10 11:11:26
FEE-8536,ORD-2536,SEL-001,REFERRAL_AND_FBA,1000.27,2026-08-10 11:19:58
FEE-8537,ORD-2537,SEL-001,REFERRAL_AND_FBA,541.66,2026-08-10 11:28:39
FEE-8538,ORD-2538,SEL-001,REFERRAL_AND_FBA,196.67,2026-08-10 11:36:49
FEE-8539,ORD-2539,SEL-001,REFERRAL_AND_FBA,661.26,2026-08-10 11:45:14
FEE-8540,ORD-2540,SEL-001,REFERRAL_AND_FBA,220.0,2026-08-10 11:53:59
FEE-8541,ORD-2541,SEL-001,REFERRAL_AND_FBA,220.0,2026-08-10 12:02:35
FEE-8542,ORD-2542,SEL-001,REFERRAL_AND_FBA,607.04,2026-08-10 12:11:02
FEE-8543,ORD-2543,SEL-001,REFERRAL_AND_FBA,234.8,2026-08-10 12:19:23
FEE-8544,ORD-2544,SEL-001,REFERRAL_AND_FBA,121.71,2026-08-10 12:28:11
FEE-8545,ORD-2545,SEL-001,REFERRAL_AND_FBA,661.26,2026-08-10 12:36:40
FEE-8546,ORD-2546,SEL-001,REFERRAL_AND_FBA,344.72,2026-08-10 12:45:04
FEE-8547,ORD-2547,SEL-001,REFERRAL_AND_FBA,463.76,2026-08-10 12:53:49
FEE-8548,ORD-2548,SEL-001,REFERRAL_AND_FBA,417.32,2026-08-10 13:02:13
FEE-8549,ORD-2549,SEL-001,REFERRAL_AND_FBA,486.81,2026-08-10 13:11:02
FEE-8550,ORD-2550,SEL-001,REFERRAL_AND_FBA,661.26,2026-08-10 13:19:08
FEE-8551,ORD-2551,SEL-001,REFERRAL_AND_FBA,1265.55,2026-08-10 13:27:40
FEE-8552,ORD-2552,SEL-001,REFERRAL_AND_FBA,196.67,2026-08-10 13:36:28
FEE-8553,ORD-2553,SEL-001,REFERRAL_AND_FBA,232.32,2026-08-10 13:45:01
FEE-8554,ORD-2554,SEL-001,REFERRAL_AND_FBA,219.26,2026-08-10 13:53:24
FEE-8555,ORD-2555,SEL-001,REFERRAL_AND_FBA,651.18,2026-08-10 14:02:04
FEE-8556,ORD-2556,SEL-001,REFERRAL_AND_FBA,261.36,2026-08-10 14:10:29
FEE-8557,ORD-2557,SEL-001,REFERRAL_AND_FBA,641.84,2026-08-10 14:19:15
FEE-8558,ORD-2558,SEL-001,REFERRAL_AND_FBA,586.21,2026-08-10 14:27:42
FEE-8559,ORD-2559,SEL-001,REFERRAL_AND_FBA,237.79,2026-08-10 14:35:58
FEE-8560,ORD-2560,SEL-001,REFERRAL_AND_FBA,468.16,2026-08-10 14:44:42
FEE-8561,ORD-2561,SEL-001,REFERRAL_AND_FBA,689.62,2026-08-10 14:53:24
FEE-8562,ORD-2562,SEL-001,REFERRAL_AND_FBA,361.48,2026-08-10 15:01:50
FEE-8563,ORD-2563,SEL-001,REFERRAL_AND_FBA,344.72,2026-08-10 15:10:24
FEE-8564,ORD-2564,SEL-001,REFERRAL_AND_FBA,486.81,2026-08-10 15:18:52
FEE-8565,ORD-2565,SEL-001,REFERRAL_AND_FBA,523.9,2026-08-10 15:27:20
FEE-8566,ORD-2566,SEL-001,REFERRAL_AND_FBA,196.67,2026-08-10 15:35:58
FEE-8567,ORD-2567,SEL-001,REFERRAL_AND_FBA,121.71,2026-08-10 15:44:33
FEE-8568,ORD-2568,SEL-001,REFERRAL_AND_FBA,500.13,2026-08-10 15:52:54
FEE-8569,ORD-2569,SEL-001,REFERRAL_AND_FBA,621.25,2026-08-10 16:01:14
FEE-8570,ORD-2570,SEL-001,REFERRAL_AND_FBA,234.8,2026-08-10 16:10:15
FEE-8571,ORD-2571,SEL-001,REFERRAL_AND_FBA,537.56,2026-08-10 16:18:25
FEE-8572,ORD-2572,SEL-001,REFERRAL_AND_FBA,220.0,2026-08-10 16:26:55
FEE-8573,ORD-2573,SEL-001,REFERRAL_AND_FBA,269.71,2026-08-10 16:35:22
FEE-8574,ORD-2574,SEL-001,REFERRAL_AND_FBA,557.32,2026-08-10 16:44:05
FEE-8575,ORD-2575,SEL-001,REFERRAL_AND_FBA,522.72,2026-08-10 16:52:48
FEE-8576,ORD-2576,SEL-001,REFERRAL_AND_FBA,220.0,2026-08-10 17:01:01
FEE-8577,ORD-2577,SEL-001,REFERRAL_AND_FBA,344.72,2026-08-10 17:09:43
FEE-8578,ORD-2578,SEL-001,REFERRAL_AND_FBA,510.34,2026-08-10 17:18:32
FEE-8579,ORD-2579,SEL-001,REFERRAL_AND_FBA,661.26,2026-08-10 17:27:00
FEE-8580,ORD-2580,SEL-001,REFERRAL_AND_FBA,586.21,2026-08-10 17:35:11
FEE-8581,ORD-2581,SEL-001,REFERRAL_AND_FBA,664.86,2026-08-10 17:43:41
FEE-8582,ORD-2582,SEL-001,REFERRAL_AND_FBA,335.78,2026-08-10 17:52:23
FEE-8583,ORD-2583,SEL-001,REFERRAL_AND_FBA,156.89,2026-08-10 18:00:57
FEE-8584,ORD-2584,SEL-001,REFERRAL_AND_FBA,293.11,2026-08-10 18:09:45
FEE-8585,ORD-2585,SEL-001,REFERRAL_AND_FBA,220.0,2026-08-10 18:18:05
FEE-8586,ORD-2586,SEL-001,REFERRAL_AND_FBA,641.84,2026-08-10 18:26:46
FEE-8587,ORD-2587,SEL-001,REFERRAL_AND_FBA,557.7,2026-08-10 18:34:56
FEE-8588,ORD-2588,SEL-001,REFERRAL_AND_FBA,143.37,2026-08-10 18:43:25
FEE-8589,ORD-2589,SEL-001,REFERRAL_AND_FBA,201.6,2026-08-10 18:52:11
FEE-8590,ORD-2590,SEL-001,REFERRAL_AND_FBA,269.71,2026-08-10 19:00:52
FEE-8591,ORD-2591,SEL-001,REFERRAL_AND_FBA,231.88,2026-08-10 19:09:07
FEE-8592,ORD-2592,SEL-001,REFERRAL_AND_FBA,667.63,2026-08-10 19:17:48
FEE-8593,ORD-2593,SEL-001,REFERRAL_AND_FBA,220.0,2026-08-10 19:26:05
FEE-8594,ORD-2594,SEL-001,REFERRAL_AND_FBA,429.81,2026-08-10 19:34:45
FEE-8595,ORD-2595,SEL-001,REFERRAL_AND_FBA,335.78,2026-08-10 19:43:30
FEE-8596,ORD-2596,SEL-001,REFERRAL_AND_FBA,444.43,2026-08-10 19:51:48
FEE-8597,ORD-2597,SEL-001,REFERRAL_AND_FBA,293.11,2026-08-10 20:00:24
FEE-8598,ORD-2598,SEL-001,REFERRAL_AND_FBA,325.08,2026-08-10 20:09:08
FEE-8599,ORD-2599,SEL-001,REFERRAL_AND_FBA,510.34,2026-08-10 20:17:22
FEE-8600,ORD-2600,SEL-001,REFERRAL_AND_FBA,231.88,2026-08-10 20:26:11
FEE-8601,ORD-2601,SEL-001,REFERRAL_AND_FBA,307.08,2026-08-10 20:34:44
FEE-8602,ORD-2602,SEL-001,REFERRAL_AND_FBA,220.0,2026-08-10 20:42:52
FEE-8603,ORD-2603,SEL-001,REFERRAL_AND_FBA,143.37,2026-08-10 20:51:39
FEE-8604,ORD-2604,SEL-001,REFERRAL_AND_FBA,711.56,2026-08-10 21:00:17
FEE-8605,ORD-2605,SEL-001,REFERRAL_AND_FBA,1124.0,2026-08-10 21:08:46
FEE-8606,ORD-2606,SEL-001,REFERRAL_AND_FBA,1351.05,2026-08-10 21:17:30
FEE-8607,ORD-2607,SEL-001,REFERRAL_AND_FBA,325.08,2026-08-10 21:25:44
FEE-8608,ORD-2608,SEL-001,REFERRAL_AND_FBA,201.6,2026-08-10 21:34:19
FEE-8609,ORD-2609,SEL-001,REFERRAL_AND_FBA,537.56,2026-08-10 21:42:41
FEE-8610,ORD-2610,SEL-001,REFERRAL_AND_FBA,722.95,2026-08-10 21:51:23
FEE-8611,ORD-2611,SEL-001,REFERRAL_AND_FBA,238.52,2026-08-10 21:59:46
FEE-8612,ORD-2612,SEL-001,REFERRAL_AND_FBA,226.06,2026-08-10 22:08:28
FEE-8613,ORD-2613,SEL-001,REFERRAL_AND_FBA,133.0,2026-08-10 22:16:48
FEE-8614,ORD-2614,SEL-001,REFERRAL_AND_FBA,307.08,2026-08-10 22:25:43
FEE-8615,ORD-2615,SEL-001,REFERRAL_AND_FBA,1302.37,2026-08-10 22:34:09
FEE-8616,ORD-2616,SEL-001,REFERRAL_AND_FBA,333.82,2026-08-10 22:42:36
FEE-8617,ORD-2617,SEL-001,REFERRAL_AND_FBA,675.52,2026-08-10 22:51:07
FEE-8618,ORD-2618,SEL-001,REFERRAL_AND_FBA,557.32,2026-08-10 22:59:54
FEE-8619,ORD-2619,SEL-001,REFERRAL_AND_FBA,557.32,2026-08-10 23:07:59
FEE-8620,ORD-2620,SEL-001,REFERRAL_AND_FBA,537.56,2026-08-10 23:16:54
FEE-8621,ORD-2621,SEL-001,REFERRAL_AND_FBA,995.5,2026-08-10 23:25:20
FEE-8622,ORD-2622,SEL-001,REFERRAL_AND_FBA,523.9,2026-08-10 23:33:51
FEE-8623,ORD-2623,SEL-001,REFERRAL_AND_FBA,621.25,2026-08-10 23:42:13
FEE-8624,ORD-2624,SEL-001,REFERRAL_AND_FBA,447.56,2026-08-10 23:51:00
FEE-8625,ORD-2625,SEL-001,REFERRAL_AND_FBA,219.26,2026-08-10 23:59:12
FEE-8626,ORD-2626,SEL-001,REFERRAL_AND_FBA,307.08,2026-08-11 00:07:54
FEE-8627,ORD-2627,SEL-001,REFERRAL_AND_FBA,133.0,2026-08-11 00:16:15
FEE-8628,ORD-2628,SEL-001,REFERRAL_AND_FBA,562.0,2026-08-11 00:24:57
FEE-8629,ORD-2629,SEL-001,REFERRAL_AND_FBA,133.0,2026-08-11 00:33:46
FEE-8630,ORD-2630,SEL-001,REFERRAL_AND_FBA,324.8,2026-08-11 00:41:51
FEE-8631,ORD-2631,SEL-001,REFERRAL_AND_FBA,606.21,2026-08-11 00:50:47
FEE-8632,ORD-2632,SEL-001,REFERRAL_AND_FBA,361.63,2026-08-11 00:58:58
FEE-8633,ORD-2633,SEL-001,REFERRAL_AND_FBA,608.51,2026-08-11 01:07:49
FEE-8634,ORD-2634,SEL-001,REFERRAL_AND_FBA,112.96,2026-08-11 01:16:19
FEE-8635,ORD-2635,SEL-001,REFERRAL_AND_FBA,260.0,2026-08-11 01:24:55
FEE-8636,ORD-2636,SEL-001,REFERRAL_AND_FBA,480.82,2026-08-11 01:33:04
FEE-8637,ORD-2637,SEL-001,REFERRAL_AND_FBA,477.38,2026-08-11 01:41:39
FEE-8638,ORD-2638,SEL-001,REFERRAL_AND_FBA,347.12,2026-08-11 01:50:16
FEE-8639,ORD-2639,SEL-001,REFERRAL_AND_FBA,347.12,2026-08-11 01:58:41
FEE-8640,ORD-2640,SEL-001,REFERRAL_AND_FBA,541.66,2026-08-11 02:07:23
FEE-8641,ORD-2641,SEL-001,REFERRAL_AND_FBA,650.16,2026-08-11 02:16:01
FEE-8642,ORD-2642,SEL-001,REFERRAL_AND_FBA,537.56,2026-08-11 02:24:20
FEE-8643,ORD-2643,SEL-001,REFERRAL_AND_FBA,154.16,2026-08-11 02:32:46
FEE-8644,ORD-2644,SEL-001,REFERRAL_AND_FBA,722.95,2026-08-11 02:41:38
FEE-8645,ORD-2645,SEL-001,REFERRAL_AND_FBA,219.26,2026-08-11 02:50:14
FEE-8646,ORD-2646,SEL-001,REFERRAL_AND_FBA,1115.41,2026-08-11 02:58:51
FEE-8647,ORD-2647,SEL-001,REFERRAL_AND_FBA,429.81,2026-08-11 03:07:14
FEE-8648,ORD-2648,SEL-001,REFERRAL_AND_FBA,921.12,2026-08-11 03:15:46
FEE-8649,ORD-2649,SEL-001,REFERRAL_AND_FBA,440.0,2026-08-11 03:24:00
FEE-8650,ORD-2650,SEL-001,REFERRAL_AND_FBA,528.94,2026-08-11 03:32:46
FEE-8651,ORD-2651,SEL-001,REFERRAL_AND_FBA,439.9,2026-08-11 03:41:09
FEE-8652,ORD-2652,SEL-001,REFERRAL_AND_FBA,147.92,2026-08-11 03:49:58
FEE-8653,ORD-2653,SEL-001,REFERRAL_AND_FBA,260.0,2026-08-11 03:58:12
FEE-8654,ORD-2654,SEL-001,REFERRAL_AND_FBA,121.71,2026-08-11 04:06:57
FEE-8655,ORD-2655,SEL-001,REFERRAL_AND_FBA,220.0,2026-08-11 04:15:35
FEE-8656,ORD-2656,SEL-001,REFERRAL_AND_FBA,632.78,2026-08-11 04:24:08
FEE-8657,ORD-2657,SEL-001,REFERRAL_AND_FBA,694.24,2026-08-11 04:32:21
FEE-8658,ORD-2658,SEL-001,REFERRAL_AND_FBA,269.71,2026-08-11 04:41:08
FEE-8659,ORD-2659,SEL-001,REFERRAL_AND_FBA,500.5,2026-08-11 04:49:39
FEE-8660,ORD-2660,SEL-001,REFERRAL_AND_FBA,220.0,2026-08-11 04:58:11
FEE-8661,ORD-2661,SEL-001,REFERRAL_AND_FBA,477.38,2026-08-11 05:06:49
FEE-8662,ORD-2662,SEL-001,REFERRAL_AND_FBA,702.72,2026-08-11 05:15:09
FEE-8663,ORD-2663,SEL-001,REFERRAL_AND_FBA,403.2,2026-08-11 05:23:34
FEE-8664,ORD-2664,SEL-001,REFERRAL_AND_FBA,240.9,2026-08-11 05:32:26
FEE-8665,ORD-2665,SEL-001,REFERRAL_AND_FBA,361.63,2026-08-11 05:40:45
FEE-8666,ORD-2666,SEL-001,REFERRAL_AND_FBA,727.53,2026-08-11 05:49:33
FEE-8667,ORD-2667,SEL-001,REFERRAL_AND_FBA,344.72,2026-08-11 05:57:59
FEE-8668,ORD-2668,SEL-001,REFERRAL_AND_FBA,641.84,2026-08-11 06:06:12
FEE-8669,ORD-2669,SEL-001,REFERRAL_AND_FBA,233.03,2026-08-11 06:14:58
FEE-8670,ORD-2670,SEL-001,REFERRAL_AND_FBA,440.0,2026-08-11 06:23:40
FEE-8671,ORD-2671,SEL-001,REFERRAL_AND_FBA,525.4,2026-08-11 06:31:54
FEE-8672,ORD-2672,SEL-001,REFERRAL_AND_FBA,520.0,2026-08-11 06:40:26
FEE-8673,ORD-2673,SEL-001,REFERRAL_AND_FBA,439.9,2026-08-11 06:49:15
FEE-8674,ORD-2674,SEL-001,REFERRAL_AND_FBA,557.7,2026-08-11 06:57:25
FEE-8675,ORD-2675,SEL-001,REFERRAL_AND_FBA,450.37,2026-08-11 07:06:02
FEE-8676,ORD-2676,SEL-001,REFERRAL_AND_FBA,361.63,2026-08-11 07:14:43
FEE-8677,ORD-2677,SEL-001,REFERRAL_AND_FBA,122.54,2026-08-11 07:23:24
FEE-8678,ORD-2678,SEL-001,REFERRAL_AND_FBA,1114.64,2026-08-11 07:31:47
FEE-8679,ORD-2679,SEL-001,REFERRAL_AND_FBA,664.86,2026-08-11 07:40:06
FEE-8680,ORD-2680,SEL-001,REFERRAL_AND_FBA,122.54,2026-08-11 07:48:54
FEE-8681,ORD-2681,SEL-001,REFERRAL_AND_FBA,689.62,2026-08-11 07:57:20
FEE-8682,ORD-2682,SEL-001,REFERRAL_AND_FBA,112.96,2026-08-11 08:05:58
FEE-8683,ORD-2683,SEL-001,REFERRAL_AND_FBA,1194.9,2026-08-11 08:14:17
FEE-8684,ORD-2684,SEL-001,REFERRAL_AND_FBA,468.16,2026-08-11 08:22:58
FEE-8685,ORD-2685,SEL-001,REFERRAL_AND_FBA,1000.27,2026-08-11 08:31:35
FEE-8686,ORD-2686,SEL-001,REFERRAL_AND_FBA,150.46,2026-08-11 08:39:44
FEE-8687,ORD-2687,SEL-001,REFERRAL_AND_FBA,537.56,2026-08-11 08:48:25
FEE-8688,ORD-2688,SEL-001,REFERRAL_AND_FBA,506.8,2026-08-11 08:56:54
FEE-8689,ORD-2689,SEL-001,REFERRAL_AND_FBA,309.41,2026-08-11 09:05:25
FEE-8690,ORD-2690,SEL-001,REFERRAL_AND_FBA,499.45,2026-08-11 09:14:20
FEE-8691,ORD-2691,SEL-001,REFERRAL_AND_FBA,231.88,2026-08-11 09:22:44
FEE-8692,ORD-2692,SEL-001,REFERRAL_AND_FBA,723.32,2026-08-11 09:31:06
FEE-8693,ORD-2693,SEL-001,REFERRAL_AND_FBA,500.13,2026-08-11 09:39:28
FEE-8694,ORD-2694,SEL-001,REFERRAL_AND_FBA,500.13,2026-08-11 09:48:01
FEE-8695,ORD-2695,SEL-001,REFERRAL_AND_FBA,500.5,2026-08-11 09:57:02
FEE-8696,ORD-2696,SEL-001,REFERRAL_AND_FBA,475.57,2026-08-11 10:05:17
FEE-8697,ORD-2697,SEL-001,REFERRAL_AND_FBA,269.71,2026-08-11 10:14:06
FEE-8698,ORD-2698,SEL-001,REFERRAL_AND_FBA,500.13,2026-08-11 10:22:35
FEE-8699,ORD-2699,SEL-001,REFERRAL_AND_FBA,233.03,2026-08-11 10:31:03
FEE-8700,ORD-2700,SEL-001,REFERRAL_AND_FBA,335.78,2026-08-11 10:39:28
FEE-8701,ORD-2701,SEL-001,REFERRAL_AND_FBA,334.4,2026-08-11 10:48:03
FEE-8702,ORD-2702,SEL-001,REFERRAL_AND_FBA,541.66,2026-08-11 10:56:17
FEE-8703,ORD-2703,SEL-001,REFERRAL_AND_FBA,541.66,2026-08-11 11:04:50
FEE-8704,ORD-2704,SEL-001,REFERRAL_AND_FBA,231.88,2026-08-11 11:13:36
FEE-8705,ORD-2705,SEL-001,REFERRAL_AND_FBA,1329.72,2026-08-11 11:22:23
FEE-8706,ORD-2706,SEL-001,REFERRAL_AND_FBA,191.62,2026-08-11 11:30:48
FEE-8707,ORD-2707,SEL-001,REFERRAL_AND_FBA,162.4,2026-08-11 11:39:25
FEE-8708,ORD-2708,SEL-001,REFERRAL_AND_FBA,464.63,2026-08-11 11:47:54
FEE-8709,ORD-2709,SEL-001,REFERRAL_AND_FBA,506.8,2026-08-11 11:56:15
FEE-8710,ORD-2710,SEL-001,REFERRAL_AND_FBA,664.86,2026-08-11 12:04:40
FEE-8711,ORD-2711,SEL-001,REFERRAL_AND_FBA,1083.33,2026-08-11 12:13:27
FEE-8712,ORD-2712,SEL-001,REFERRAL_AND_FBA,668.81,2026-08-11 12:21:44
FEE-8713,ORD-2713,SEL-001,REFERRAL_AND_FBA,450.37,2026-08-11 12:30:30
FEE-8714,ORD-2714,SEL-001,REFERRAL_AND_FBA,651.18,2026-08-11 12:39:03
FEE-8715,ORD-2715,SEL-001,REFERRAL_AND_FBA,162.4,2026-08-11 12:47:33
FEE-8716,ORD-2716,SEL-001,REFERRAL_AND_FBA,505.62,2026-08-11 12:56:05
FEE-8717,ORD-2717,SEL-001,REFERRAL_AND_FBA,414.66,2026-08-11 13:04:20
FEE-8718,ORD-2718,SEL-001,REFERRAL_AND_FBA,651.18,2026-08-11 13:12:55
FEE-8719,ORD-2719,SEL-001,REFERRAL_AND_FBA,500.13,2026-08-11 13:21:51
FEE-8720,ORD-2720,SEL-001,REFERRAL_AND_FBA,689.62,2026-08-11 13:29:59
FEE-8721,ORD-2721,SEL-001,REFERRAL_AND_FBA,587.2,2026-08-11 13:38:46
FEE-8722,ORD-2722,SEL-001,REFERRAL_AND_FBA,440.0,2026-08-11 13:47:00
FEE-8723,ORD-2723,SEL-001,REFERRAL_AND_FBA,154.16,2026-08-11 13:55:56
FEE-8724,ORD-2724,SEL-001,REFERRAL_AND_FBA,347.12,2026-08-11 14:04:21
FEE-8725,ORD-2725,SEL-001,REFERRAL_AND_FBA,1057.88,2026-08-11 14:12:35
FEE-8726,ORD-2726,SEL-001,REFERRAL_AND_FBA,249.73,2026-08-11 14:21:33
FEE-8727,ORD-2727,SEL-001,REFERRAL_AND_FBA,121.71,2026-08-11 14:30:00
FEE-8728,ORD-2728,SEL-001,REFERRAL_AND_FBA,154.16,2026-08-11 14:38:37
FEE-8729,ORD-2729,SEL-001,REFERRAL_AND_FBA,500.5,2026-08-11 14:47:09
FEE-8730,ORD-2730,SEL-001,REFERRAL_AND_FBA,193.29,2026-08-11 14:55:40
FEE-8731,ORD-2731,SEL-001,REFERRAL_AND_FBA,276.99,2026-08-11 15:03:56
FEE-8732,ORD-2732,SEL-001,REFERRAL_AND_FBA,300.91,2026-08-11 15:12:34
FEE-8733,ORD-2733,SEL-001,REFERRAL_AND_FBA,541.66,2026-08-11 15:21:07
FEE-8734,ORD-2734,SEL-001,REFERRAL_AND_FBA,122.54,2026-08-11 15:29:47
FEE-8735,ORD-2735,SEL-001,REFERRAL_AND_FBA,723.32,2026-08-11 15:38:12
FEE-8736,ORD-2736,SEL-001,REFERRAL_AND_FBA,361.63,2026-08-11 15:46:32
FEE-8737,ORD-2737,SEL-001,REFERRAL_AND_FBA,468.16,2026-08-11 15:55:25
FEE-8738,ORD-2738,SEL-001,REFERRAL_AND_FBA,147.92,2026-08-11 16:03:51
FEE-8739,ORD-2739,SEL-001,REFERRAL_AND_FBA,629.82,2026-08-11 16:12:07
FEE-8740,ORD-2740,SEL-001,REFERRAL_AND_FBA,607.04,2026-08-11 16:20:38
FEE-8741,ORD-2741,SEL-001,REFERRAL_AND_FBA,537.56,2026-08-11 16:29:21
FEE-8742,ORD-2742,SEL-001,REFERRAL_AND_FBA,414.66,2026-08-11 16:38:00
FEE-8743,ORD-2743,SEL-001,REFERRAL_AND_FBA,465.17,2026-08-11 16:46:30
FEE-8744,ORD-2744,SEL-001,REFERRAL_AND_FBA,629.82,2026-08-11 16:54:58
FEE-8745,ORD-2745,SEL-001,REFERRAL_AND_FBA,133.0,2026-08-11 17:03:33
FEE-8746,ORD-2746,SEL-001,REFERRAL_AND_FBA,150.46,2026-08-11 17:11:59
FEE-8747,ORD-2747,SEL-001,REFERRAL_AND_FBA,112.96,2026-08-11 17:20:22
FEE-8748,ORD-2748,SEL-001,REFERRAL_AND_FBA,112.96,2026-08-11 17:28:51
FEE-8749,ORD-2749,SEL-001,REFERRAL_AND_FBA,112.96,2026-08-11 17:37:25
FEE-8750,ORD-2750,SEL-001,REFERRAL_AND_FBA,1329.72,2026-08-11 17:45:58
FEE-8751,ORD-2751,SEL-001,REFERRAL_AND_FBA,227.0,2026-08-11 17:54:46
FEE-8752,ORD-2752,SEL-001,REFERRAL_AND_FBA,465.17,2026-08-11 18:03:00
FEE-8753,ORD-2753,SEL-001,REFERRAL_AND_FBA,440.0,2026-08-11 18:11:58
FEE-8754,ORD-2754,SEL-001,REFERRAL_AND_FBA,1379.23,2026-08-11 18:20:14
FEE-8755,ORD-2755,SEL-001,REFERRAL_AND_FBA,1174.4,2026-08-11 18:28:42
FEE-8756,ORD-2756,SEL-001,REFERRAL_AND_FBA,500.5,2026-08-11 18:37:24
FEE-8757,ORD-2757,SEL-001,REFERRAL_AND_FBA,307.08,2026-08-11 18:45:50
FEE-8758,ORD-2758,SEL-001,REFERRAL_AND_FBA,220.0,2026-08-11 18:54:12
FEE-8759,ORD-2759,SEL-001,REFERRAL_AND_FBA,263.19,2026-08-11 19:02:49
FEE-8760,ORD-2760,SEL-001,REFERRAL_AND_FBA,111.5,2026-08-11 19:11:19
FEE-8761,ORD-2761,SEL-001,REFERRAL_AND_FBA,557.32,2026-08-11 19:20:07
FEE-8762,ORD-2762,SEL-001,REFERRAL_AND_FBA,112.96,2026-08-11 19:28:32
FEE-8763,ORD-2763,SEL-001,REFERRAL_AND_FBA,191.62,2026-08-11 19:36:59
FEE-8764,ORD-2764,SEL-001,REFERRAL_AND_FBA,96.64,2026-08-11 19:45:43
FEE-8765,ORD-2765,SEL-001,REFERRAL_AND_FBA,675.52,2026-08-11 19:54:21
FEE-8766,ORD-2766,SEL-001,REFERRAL_AND_FBA,226.06,2026-08-11 20:02:45
FEE-8767,ORD-2767,SEL-001,REFERRAL_AND_FBA,712.86,2026-08-11 20:11:11
FEE-8768,ORD-2768,SEL-001,REFERRAL_AND_FBA,154.16,2026-08-11 20:19:40
FEE-8769,ORD-2769,SEL-001,REFERRAL_AND_FBA,1194.9,2026-08-11 20:28:33
FEE-8770,ORD-2770,SEL-001,REFERRAL_AND_FBA,276.99,2026-08-11 20:37:01
FEE-8771,ORD-2771,SEL-001,REFERRAL_AND_FBA,661.26,2026-08-11 20:45:25
FEE-8772,ORD-2772,SEL-001,REFERRAL_AND_FBA,361.63,2026-08-11 20:53:52
FEE-8773,ORD-2773,SEL-001,REFERRAL_AND_FBA,328.49,2026-08-11 21:02:29
FEE-8774,ORD-2774,SEL-001,REFERRAL_AND_FBA,608.51,2026-08-11 21:10:44
FEE-8775,ORD-2775,SEL-001,REFERRAL_AND_FBA,492.5,2026-08-11 21:19:34
FEE-8776,ORD-2776,SEL-001,REFERRAL_AND_FBA,262.7,2026-08-11 21:28:12
FEE-8777,ORD-2777,SEL-001,REFERRAL_AND_FBA,444.43,2026-08-11 21:36:31
FEE-8778,ORD-2778,SEL-001,REFERRAL_AND_FBA,632.78,2026-08-11 21:45:22
FEE-8779,ORD-2779,SEL-001,REFERRAL_AND_FBA,460.56,2026-08-11 21:53:54
FEE-8780,ORD-2780,SEL-001,REFERRAL_AND_FBA,414.66,2026-08-11 22:01:58
FEE-8781,ORD-2781,SEL-001,REFERRAL_AND_FBA,447.56,2026-08-11 22:10:51
FEE-8782,ORD-2782,SEL-001,REFERRAL_AND_FBA,723.32,2026-08-11 22:19:16
FEE-8783,ORD-2783,SEL-001,REFERRAL_AND_FBA,439.9,2026-08-11 22:27:53
FEE-8784,ORD-2784,SEL-001,REFERRAL_AND_FBA,162.4,2026-08-11 22:36:33
FEE-8785,ORD-2785,SEL-001,REFERRAL_AND_FBA,1329.72,2026-08-11 22:44:47
FEE-8786,ORD-2786,SEL-001,REFERRAL_AND_FBA,675.52,2026-08-11 22:53:36
FEE-8787,ORD-2787,SEL-001,REFERRAL_AND_FBA,727.53,2026-08-11 23:01:46
FEE-8788,ORD-2788,SEL-001,REFERRAL_AND_FBA,629.82,2026-08-11 23:10:15
FEE-8789,ORD-2789,SEL-001,REFERRAL_AND_FBA,506.8,2026-08-11 23:19:00
FEE-8790,ORD-2790,SEL-001,REFERRAL_AND_FBA,439.9,2026-08-11 23:27:43
FEE-8791,ORD-2791,SEL-001,REFERRAL_AND_FBA,220.0,2026-08-11 23:35:57
FEE-8792,ORD-2792,SEL-001,REFERRAL_AND_FBA,260.0,2026-08-11 23:44:50
FEE-8793,ORD-2793,SEL-001,REFERRAL_AND_FBA,500.5,2026-08-11 23:53:22
FEE-8794,ORD-2794,SEL-001,REFERRAL_AND_FBA,440.0,2026-08-12 00:01:36
FEE-8795,ORD-2795,SEL-001,REFERRAL_AND_FBA,500.5,2026-08-12 00:10:08
FEE-8796,ORD-2796,SEL-001,REFERRAL_AND_FBA,500.5,2026-08-12 00:18:57
FEE-8797,ORD-2797,SEL-001,REFERRAL_AND_FBA,156.89,2026-08-12 00:27:09
FEE-8798,ORD-2798,SEL-001,REFERRAL_AND_FBA,438.52,2026-08-12 00:35:38
FEE-8799,ORD-2799,SEL-001,REFERRAL_AND_FBA,133.0,2026-08-12 00:44:19
FEE-8800,ORD-2800,SEL-001,REFERRAL_AND_FBA,191.62,2026-08-12 00:53:04
FEE-8801,ORD-2801,SEL-001,REFERRAL_AND_FBA,562.0,2026-08-12 01:01:22
FEE-8802,ORD-2802,SEL-001,REFERRAL_AND_FBA,712.86,2026-08-12 01:09:56
FEE-8803,ORD-2803,SEL-001,REFERRAL_AND_FBA,220.0,2026-08-12 01:18:28
FEE-8804,ORD-2804,SEL-001,REFERRAL_AND_FBA,361.63,2026-08-12 01:27:13
FEE-8805,ORD-2805,SEL-001,REFERRAL_AND_FBA,267.83,2026-08-12 01:35:20
FEE-8806,ORD-2806,SEL-001,REFERRAL_AND_FBA,661.26,2026-08-12 01:43:49
FEE-8807,ORD-2807,SEL-001,REFERRAL_AND_FBA,220.0,2026-08-12 01:52:40
FEE-8808,ORD-2808,SEL-001,REFERRAL_AND_FBA,261.36,2026-08-12 02:00:56
FEE-8809,ORD-2809,SEL-001,REFERRAL_AND_FBA,868.69,2026-08-12 02:09:33
FEE-8810,ORD-2810,SEL-001,REFERRAL_AND_FBA,122.54,2026-08-12 02:18:24
FEE-8811,ORD-2811,SEL-001,REFERRAL_AND_FBA,383.24,2026-08-12 02:26:53
FEE-8812,ORD-2812,SEL-001,REFERRAL_AND_FBA,220.0,2026-08-12 02:35:22
FEE-8813,ORD-2813,SEL-001,REFERRAL_AND_FBA,267.83,2026-08-12 02:43:40
FEE-8814,ORD-2814,SEL-001,REFERRAL_AND_FBA,641.84,2026-08-12 02:52:07
FEE-8815,ORD-2815,SEL-001,REFERRAL_AND_FBA,147.92,2026-08-12 03:00:45
FEE-8816,ORD-2816,SEL-001,REFERRAL_AND_FBA,667.63,2026-08-12 03:09:19
FEE-8817,ORD-2817,SEL-001,REFERRAL_AND_FBA,309.41,2026-08-12 03:17:49
FEE-8818,ORD-2818,SEL-001,REFERRAL_AND_FBA,334.4,2026-08-12 03:26:37
FEE-8819,ORD-2819,SEL-001,REFERRAL_AND_FBA,500.5,2026-08-12 03:34:59
FEE-8820,ORD-2820,SEL-001,REFERRAL_AND_FBA,220.0,2026-08-12 03:43:21
FEE-8821,ORD-2821,SEL-001,REFERRAL_AND_FBA,240.9,2026-08-12 03:52:00
FEE-8822,ORD-2822,SEL-001,REFERRAL_AND_FBA,333.82,2026-08-12 04:00:41
FEE-8823,ORD-2823,SEL-001,REFERRAL_AND_FBA,133.0,2026-08-12 04:09:22
FEE-8824,ORD-2824,SEL-001,REFERRAL_AND_FBA,191.62,2026-08-12 04:17:56
FEE-8825,ORD-2825,SEL-001,REFERRAL_AND_FBA,261.36,2026-08-12 04:26:01
FEE-8826,ORD-2826,SEL-001,REFERRAL_AND_FBA,608.51,2026-08-12 04:34:54
FEE-8827,ORD-2827,SEL-001,REFERRAL_AND_FBA,1455.06,2026-08-12 04:43:19
FEE-8828,ORD-2828,SEL-001,REFERRAL_AND_FBA,249.73,2026-08-12 04:51:45
FEE-8829,ORD-2829,SEL-001,REFERRAL_AND_FBA,528.94,2026-08-12 05:00:09
FEE-8830,ORD-2830,SEL-001,REFERRAL_AND_FBA,621.25,2026-08-12 05:08:47
FEE-8831,ORD-2831,SEL-001,REFERRAL_AND_FBA,361.63,2026-08-12 05:17:36
FEE-8832,ORD-2832,SEL-001,REFERRAL_AND_FBA,111.5,2026-08-12 05:26:00
FEE-8833,ORD-2833,SEL-001,REFERRAL_AND_FBA,328.49,2026-08-12 05:34:27
FEE-8834,ORD-2834,SEL-001,REFERRAL_AND_FBA,510.34,2026-08-12 05:42:47
FEE-8835,ORD-2835,SEL-001,REFERRAL_AND_FBA,122.54,2026-08-12 05:51:44
FEE-8836,ORD-2836,SEL-001,REFERRAL_AND_FBA,712.86,2026-08-12 06:00:18
FEE-8837,ORD-2837,SEL-001,REFERRAL_AND_FBA,523.9,2026-08-12 06:08:24
FEE-8838,ORD-2838,SEL-001,REFERRAL_AND_FBA,661.26,2026-08-12 06:17:03
FEE-8839,ORD-2839,SEL-001,REFERRAL_AND_FBA,500.13,2026-08-12 06:25:53
FEE-8840,ORD-2840,SEL-001,REFERRAL_AND_FBA,245.07,2026-08-12 06:34:10
FEE-8841,ORD-2841,SEL-001,REFERRAL_AND_FBA,621.25,2026-08-12 06:42:35
FEE-8842,ORD-2842,SEL-001,REFERRAL_AND_FBA,154.16,2026-08-12 06:51:29
FEE-8843,ORD-2843,SEL-001,REFERRAL_AND_FBA,220.0,2026-08-12 06:59:43
FEE-8844,ORD-2844,SEL-001,REFERRAL_AND_FBA,492.5,2026-08-12 07:08:37
FEE-8845,ORD-2845,SEL-001,REFERRAL_AND_FBA,450.37,2026-08-12 07:16:59
FEE-8846,ORD-2846,SEL-001,REFERRAL_AND_FBA,307.08,2026-08-12 07:25:25
FEE-8847,ORD-2847,SEL-001,REFERRAL_AND_FBA,632.78,2026-08-12 07:34:07
FEE-8848,ORD-2848,SEL-001,REFERRAL_AND_FBA,447.56,2026-08-12 07:42:19
FEE-8849,ORD-2849,SEL-001,REFERRAL_AND_FBA,1001.0,2026-08-12 07:51:14
FEE-8850,ORD-2850,SEL-001,REFERRAL_AND_FBA,537.56,2026-08-12 07:59:29
FEE-8851,ORD-2851,SEL-001,REFERRAL_AND_FBA,689.62,2026-08-12 08:07:58
FEE-8852,ORD-2852,SEL-001,REFERRAL_AND_FBA,233.03,2026-08-12 08:16:36
FEE-8853,ORD-2853,SEL-001,REFERRAL_AND_FBA,267.83,2026-08-12 08:25:15
FEE-8854,ORD-2854,SEL-001,REFERRAL_AND_FBA,231.88,2026-08-12 08:33:29
FEE-8855,ORD-2855,SEL-001,REFERRAL_AND_FBA,216.89,2026-08-12 08:42:19
FEE-8856,ORD-2856,SEL-001,REFERRAL_AND_FBA,122.54,2026-08-12 08:50:55
FEE-8857,ORD-2857,SEL-001,REFERRAL_AND_FBA,96.64,2026-08-12 08:59:28
FEE-8858,ORD-2858,SEL-001,REFERRAL_AND_FBA,712.86,2026-08-12 09:07:43
FEE-8859,ORD-2859,SEL-001,REFERRAL_AND_FBA,621.25,2026-08-12 09:16:34
FEE-8860,ORD-2860,SEL-001,REFERRAL_AND_FBA,220.0,2026-08-12 09:24:53
FEE-8861,ORD-2861,SEL-001,REFERRAL_AND_FBA,444.43,2026-08-12 09:33:24
FEE-8862,ORD-2862,SEL-001,REFERRAL_AND_FBA,506.8,2026-08-12 09:41:56
FEE-8863,ORD-2863,SEL-001,REFERRAL_AND_FBA,444.43,2026-08-12 09:50:23
FEE-8864,ORD-2864,SEL-001,REFERRAL_AND_FBA,463.76,2026-08-12 09:58:51
FEE-8865,ORD-2865,SEL-001,REFERRAL_AND_FBA,344.72,2026-08-12 10:07:25
FEE-8866,ORD-2866,SEL-001,REFERRAL_AND_FBA,261.36,2026-08-12 10:16:20
FEE-8867,ORD-2867,SEL-001,REFERRAL_AND_FBA,664.86,2026-08-12 10:24:27
FEE-8868,ORD-2868,SEL-001,REFERRAL_AND_FBA,1000.27,2026-08-12 10:33:25
FEE-8869,ORD-2869,SEL-001,REFERRAL_AND_FBA,468.16,2026-08-12 10:41:52
FEE-8870,ORD-2870,SEL-001,REFERRAL_AND_FBA,361.48,2026-08-12 10:50:25
FEE-8871,ORD-2871,SEL-001,REFERRAL_AND_FBA,1083.33,2026-08-12 10:58:55
FEE-8872,ORD-2872,SEL-001,REFERRAL_AND_FBA,689.62,2026-08-12 11:07:17
FEE-8873,ORD-2873,SEL-001,REFERRAL_AND_FBA,233.03,2026-08-12 11:15:56
FEE-8874,ORD-2874,SEL-001,REFERRAL_AND_FBA,447.56,2026-08-12 11:24:16
FEE-8875,ORD-2875,SEL-001,REFERRAL_AND_FBA,231.88,2026-08-12 11:32:58
FEE-8876,ORD-2876,SEL-001,REFERRAL_AND_FBA,133.0,2026-08-12 11:41:31
FEE-8877,ORD-2877,SEL-001,REFERRAL_AND_FBA,267.83,2026-08-12 11:49:56
FEE-8878,ORD-2878,SEL-001,REFERRAL_AND_FBA,276.99,2026-08-12 11:58:21
FEE-8879,ORD-2879,SEL-001,REFERRAL_AND_FBA,557.32,2026-08-12 12:07:13
FEE-8880,ORD-2880,SEL-001,REFERRAL_AND_FBA,307.08,2026-08-12 12:15:50
FEE-8881,ORD-2881,SEL-001,REFERRAL_AND_FBA,122.54,2026-08-12 12:23:57
FEE-8882,ORD-2882,SEL-001,REFERRAL_AND_FBA,661.26,2026-08-12 12:32:47
FEE-8883,ORD-2883,SEL-001,REFERRAL_AND_FBA,96.64,2026-08-12 12:40:59
FEE-8884,ORD-2884,SEL-001,REFERRAL_AND_FBA,693.61,2026-08-12 12:49:31
FEE-8885,ORD-2885,SEL-001,REFERRAL_AND_FBA,233.03,2026-08-12 12:58:25
FEE-8886,ORD-2886,SEL-001,REFERRAL_AND_FBA,237.79,2026-08-12 13:06:42
FEE-8887,ORD-2887,SEL-001,REFERRAL_AND_FBA,295.85,2026-08-12 13:15:05
FEE-8888,ORD-2888,SEL-001,REFERRAL_AND_FBA,108.45,2026-08-12 13:24:01
FEE-8889,ORD-2889,SEL-001,REFERRAL_AND_FBA,162.4,2026-08-12 13:32:39
FEE-8890,ORD-2890,SEL-001,REFERRAL_AND_FBA,1379.23,2026-08-12 13:40:57
FEE-8891,ORD-2891,SEL-001,REFERRAL_AND_FBA,220.0,2026-08-12 13:49:15
FEE-8892,ORD-2892,SEL-001,REFERRAL_AND_FBA,266.0,2026-08-12 13:57:46
FEE-8893,ORD-2893,SEL-001,REFERRAL_AND_FBA,723.32,2026-08-12 14:06:20
FEE-8894,ORD-2894,SEL-001,REFERRAL_AND_FBA,156.89,2026-08-12 14:15:16
FEE-8895,ORD-2895,SEL-001,REFERRAL_AND_FBA,675.52,2026-08-12 14:23:25
FEE-8896,ORD-2896,SEL-001,REFERRAL_AND_FBA,219.26,2026-08-12 14:32:01
FEE-8897,ORD-2897,SEL-001,REFERRAL_AND_FBA,263.19,2026-08-12 14:40:50
FEE-8898,ORD-2898,SEL-001,REFERRAL_AND_FBA,693.61,2026-08-12 14:49:05
FEE-8899,ORD-2899,SEL-001,REFERRAL_AND_FBA,460.56,2026-08-12 14:57:55
FEE-8900,ORD-2900,SEL-001,REFERRAL_AND_FBA,325.08,2026-08-12 15:06:13
FEE-8901,ORD-2901,SEL-001,REFERRAL_AND_FBA,220.0,2026-08-12 15:14:46
FEE-8902,ORD-2902,SEL-001,REFERRAL_AND_FBA,109.42,2026-08-12 15:23:19
FEE-8903,ORD-2903,SEL-001,REFERRAL_AND_FBA,723.32,2026-08-12 15:31:38
FEE-8904,ORD-2904,SEL-001,REFERRAL_AND_FBA,196.67,2026-08-12 15:40:19
FEE-8905,ORD-2905,SEL-001,REFERRAL_AND_FBA,151.63,2026-08-12 15:49:12
FEE-8906,ORD-2906,SEL-001,REFERRAL_AND_FBA,528.94,2026-08-12 15:57:38
FEE-8907,ORD-2907,SEL-001,REFERRAL_AND_FBA,237.79,2026-08-12 16:06:06
FEE-8908,ORD-2908,SEL-001,REFERRAL_AND_FBA,505.62,2026-08-12 16:14:27
FEE-8909,ORD-2909,SEL-001,REFERRAL_AND_FBA,385.02,2026-08-12 16:23:11
FEE-8910,ORD-2910,SEL-001,REFERRAL_AND_FBA,109.42,2026-08-12 16:31:40
FEE-8911,ORD-2911,SEL-001,REFERRAL_AND_FBA,414.66,2026-08-12 16:40:21
FEE-8912,ORD-2912,SEL-001,REFERRAL_AND_FBA,361.48,2026-08-12 16:48:31
FEE-8913,ORD-2913,SEL-001,REFERRAL_AND_FBA,429.81,2026-08-12 16:57:00
FEE-8914,ORD-2914,SEL-001,REFERRAL_AND_FBA,930.35,2026-08-12 17:05:39
FEE-8915,ORD-2915,SEL-001,REFERRAL_AND_FBA,440.0,2026-08-12 17:14:21
FEE-8916,ORD-2916,SEL-001,REFERRAL_AND_FBA,220.0,2026-08-12 17:23:02
FEE-8917,ORD-2917,SEL-001,REFERRAL_AND_FBA,231.88,2026-08-12 17:31:26
FEE-8918,ORD-2918,SEL-001,REFERRAL_AND_FBA,728.43,2026-08-12 17:39:47
FEE-8919,ORD-2919,SEL-001,REFERRAL_AND_FBA,150.46,2026-08-12 17:48:12
FEE-8920,ORD-2920,SEL-001,REFERRAL_AND_FBA,111.5,2026-08-12 17:56:55
FEE-8921,ORD-2921,SEL-001,REFERRAL_AND_FBA,196.67,2026-08-12 18:05:36
FEE-8922,ORD-2922,SEL-001,REFERRAL_AND_FBA,597.45,2026-08-12 18:14:01
FEE-8923,ORD-2923,SEL-001,REFERRAL_AND_FBA,328.49,2026-08-12 18:22:31
FEE-8924,ORD-2924,SEL-001,REFERRAL_AND_FBA,361.63,2026-08-12 18:31:10
FEE-8925,ORD-2925,SEL-001,REFERRAL_AND_FBA,334.4,2026-08-12 18:39:24
FEE-8926,ORD-2926,SEL-001,REFERRAL_AND_FBA,711.56,2026-08-12 18:48:13
FEE-8927,ORD-2927,SEL-001,REFERRAL_AND_FBA,334.4,2026-08-12 18:56:38
FEE-8928,ORD-2928,SEL-001,REFERRAL_AND_FBA,689.62,2026-08-12 19:04:59
FEE-8929,ORD-2929,SEL-001,REFERRAL_AND_FBA,328.49,2026-08-12 19:13:33
FEE-8930,ORD-2930,SEL-001,REFERRAL_AND_FBA,151.63,2026-08-12 19:22:17
FEE-8931,ORD-2931,SEL-001,REFERRAL_AND_FBA,689.62,2026-08-12 19:31:01
FEE-8932,ORD-2932,SEL-001,REFERRAL_AND_FBA,262.7,2026-08-12 19:39:12
FEE-8933,ORD-2933,SEL-001,REFERRAL_AND_FBA,505.62,2026-08-12 19:48:04
FEE-8934,ORD-2934,SEL-001,REFERRAL_AND_FBA,220.0,2026-08-12 19:56:23
FEE-8935,ORD-2935,SEL-001,REFERRAL_AND_FBA,385.02,2026-08-12 20:04:46
FEE-8936,ORD-2936,SEL-001,REFERRAL_AND_FBA,361.63,2026-08-12 20:13:42
FEE-8937,ORD-2937,SEL-001,REFERRAL_AND_FBA,506.8,2026-08-12 20:21:52
FEE-8938,ORD-2938,SEL-001,REFERRAL_AND_FBA,403.2,2026-08-12 20:30:28
FEE-8939,ORD-2939,SEL-001,REFERRAL_AND_FBA,293.11,2026-08-12 20:39:12
FEE-8940,ORD-2940,SEL-001,REFERRAL_AND_FBA,711.56,2026-08-12 20:47:30
FEE-8941,ORD-2941,SEL-001,REFERRAL_AND_FBA,232.32,2026-08-12 20:56:07
FEE-8942,ORD-2942,SEL-001,REFERRAL_AND_FBA,439.9,2026-08-12 21:04:37
FEE-8943,ORD-2943,SEL-001,REFERRAL_AND_FBA,143.37,2026-08-12 21:13:14
FEE-8944,ORD-2944,SEL-001,REFERRAL_AND_FBA,537.56,2026-08-12 21:21:56
FEE-8945,ORD-2945,SEL-001,REFERRAL_AND_FBA,505.62,2026-08-12 21:30:21
FEE-8946,ORD-2946,SEL-001,REFERRAL_AND_FBA,444.43,2026-08-12 21:38:58
FEE-8947,ORD-2947,SEL-001,REFERRAL_AND_FBA,414.66,2026-08-12 21:47:36
FEE-8948,ORD-2948,SEL-001,REFERRAL_AND_FBA,226.06,2026-08-12 21:56:00
FEE-8949,ORD-2949,SEL-001,REFERRAL_AND_FBA,450.37,2026-08-12 22:04:31
FEE-8950,ORD-2950,SEL-001,REFERRAL_AND_FBA,262.7,2026-08-12 22:12:45
FEE-8951,ORD-2951,SEL-001,REFERRAL_AND_FBA,668.81,2026-08-12 22:21:33
FEE-8952,ORD-2952,SEL-001,REFERRAL_AND_FBA,260.0,2026-08-12 22:30:13
FEE-8953,ORD-2953,SEL-001,REFERRAL_AND_FBA,154.16,2026-08-12 22:38:20
FEE-8954,ORD-2954,SEL-001,REFERRAL_AND_FBA,262.7,2026-08-12 22:47:13
FEE-8955,ORD-2955,SEL-001,REFERRAL_AND_FBA,156.89,2026-08-12 22:55:24
FEE-8956,ORD-2956,SEL-001,REFERRAL_AND_FBA,1212.42,2026-08-12 23:04:19
FEE-8957,ORD-2957,SEL-001,REFERRAL_AND_FBA,191.62,2026-08-12 23:12:36
FEE-8958,ORD-2958,SEL-001,REFERRAL_AND_FBA,689.62,2026-08-12 23:21:02
FEE-8959,ORD-2959,SEL-001,REFERRAL_AND_FBA,460.56,2026-08-12 23:29:56
FEE-8960,ORD-2960,SEL-001,REFERRAL_AND_FBA,528.94,2026-08-12 23:38:08
FEE-8961,ORD-2961,SEL-001,REFERRAL_AND_FBA,434.35,2026-08-12 23:46:49
FEE-8962,ORD-2962,SEL-001,REFERRAL_AND_FBA,234.8,2026-08-12 23:55:19
FEE-8963,ORD-2963,SEL-001,REFERRAL_AND_FBA,220.0,2026-08-13 00:03:59
FEE-8964,ORD-2964,SEL-001,REFERRAL_AND_FBA,133.0,2026-08-13 00:12:15
FEE-8965,ORD-2965,SEL-001,REFERRAL_AND_FBA,309.41,2026-08-13 00:21:05
FEE-8966,ORD-2966,SEL-001,REFERRAL_AND_FBA,607.04,2026-08-13 00:29:26
FEE-8967,ORD-2967,SEL-001,REFERRAL_AND_FBA,661.26,2026-08-13 00:38:01
FEE-8968,ORD-2968,SEL-001,REFERRAL_AND_FBA,586.21,2026-08-13 00:46:41
FEE-8969,ORD-2969,SEL-001,REFERRAL_AND_FBA,468.16,2026-08-13 00:55:22
FEE-8970,ORD-2970,SEL-001,REFERRAL_AND_FBA,481.81,2026-08-13 01:03:27
FEE-8971,ORD-2971,SEL-001,REFERRAL_AND_FBA,226.06,2026-08-13 01:12:00
FEE-8972,ORD-2972,SEL-001,REFERRAL_AND_FBA,539.42,2026-08-13 01:20:31
FEE-8973,ORD-2973,SEL-001,REFERRAL_AND_FBA,486.81,2026-08-13 01:29:15
FEE-8974,ORD-2974,SEL-001,REFERRAL_AND_FBA,562.0,2026-08-13 01:37:51
FEE-8975,ORD-2975,SEL-001,REFERRAL_AND_FBA,344.72,2026-08-13 01:46:16
FEE-8976,ORD-2976,SEL-001,REFERRAL_AND_FBA,191.62,2026-08-13 01:55:00
FEE-8977,ORD-2977,SEL-001,REFERRAL_AND_FBA,303.25,2026-08-13 02:03:25
FEE-8978,ORD-2978,SEL-001,REFERRAL_AND_FBA,154.16,2026-08-13 02:11:48
FEE-8979,ORD-2979,SEL-001,REFERRAL_AND_FBA,1405.45,2026-08-13 02:20:18
FEE-8980,ORD-2980,SEL-001,REFERRAL_AND_FBA,133.0,2026-08-13 02:29:03
FEE-8981,ORD-2981,SEL-001,REFERRAL_AND_FBA,557.7,2026-08-13 02:37:48
FEE-8982,ORD-2982,SEL-001,REFERRAL_AND_FBA,325.08,2026-08-13 02:46:18
FEE-8983,ORD-2983,SEL-001,REFERRAL_AND_FBA,614.16,2026-08-13 02:54:40
FEE-8984,ORD-2984,SEL-001,REFERRAL_AND_FBA,133.0,2026-08-13 03:03:22
FEE-8985,ORD-2985,SEL-001,REFERRAL_AND_FBA,702.72,2026-08-13 03:11:29
FEE-8986,ORD-2986,SEL-001,REFERRAL_AND_FBA,1212.42,2026-08-13 03:20:18
FEE-8987,ORD-2987,SEL-001,REFERRAL_AND_FBA,675.52,2026-08-13 03:28:38
FEE-8988,ORD-2988,SEL-001,REFERRAL_AND_FBA,234.8,2026-08-13 03:37:32
FEE-8989,ORD-2989,SEL-001,REFERRAL_AND_FBA,607.04,2026-08-13 03:45:47
FEE-8990,ORD-2990,SEL-001,REFERRAL_AND_FBA,439.9,2026-08-13 03:54:17
FEE-8991,ORD-2991,SEL-001,REFERRAL_AND_FBA,693.61,2026-08-13 04:03:00
FEE-8992,ORD-2992,SEL-001,REFERRAL_AND_FBA,675.52,2026-08-13 04:11:27
FEE-8993,ORD-2993,SEL-001,REFERRAL_AND_FBA,347.12,2026-08-13 04:19:59
FEE-8994,ORD-2994,SEL-001,REFERRAL_AND_FBA,460.56,2026-08-13 04:28:27
FEE-8995,ORD-2995,SEL-001,REFERRAL_AND_FBA,1047.79,2026-08-13 04:36:47
FEE-8996,ORD-2996,SEL-001,REFERRAL_AND_FBA,541.66,2026-08-13 04:45:21
FEE-8997,ORD-2997,SEL-001,REFERRAL_AND_FBA,220.0,2026-08-13 04:53:50
FEE-8998,ORD-2998,SEL-001,REFERRAL_AND_FBA,220.0,2026-08-13 05:02:22
FEE-8999,ORD-2999,SEL-001,REFERRAL_AND_FBA,523.9,2026-08-13 05:11:23
FEE-9000,ORD-3000,SEL-001,REFERRAL_AND_FBA,333.82,2026-08-13 05:19:52
FEE-9001,ORD-3001,SEL-001,REFERRAL_AND_FBA,447.56,2026-08-13 05:28:01
FEE-9002,ORD-3002,SEL-001,REFERRAL_AND_FBA,520.0,2026-08-13 05:36:53
FEE-9003,ORD-3003,SEL-001,REFERRAL_AND_FBA,234.8,2026-08-13 05:45:14
FEE-9004,ORD-3004,SEL-001,REFERRAL_AND_FBA,417.32,2026-08-13 05:53:39
FEE-9005,ORD-3005,SEL-001,REFERRAL_AND_FBA,156.89,2026-08-13 06:02:09
FEE-9006,ORD-3006,SEL-001,REFERRAL_AND_FBA,661.26,2026-08-13 06:10:39
FEE-9007,ORD-3007,SEL-001,REFERRAL_AND_FBA,111.5,2026-08-13 06:19:14
FEE-9008,ORD-3008,SEL-001,REFERRAL_AND_FBA,150.46,2026-08-13 06:28:08
FEE-9009,ORD-3009,SEL-001,REFERRAL_AND_FBA,468.16,2026-08-13 06:36:29
FEE-9010,ORD-3010,SEL-001,REFERRAL_AND_FBA,201.6,2026-08-13 06:45:17
FEE-9011,ORD-3011,SEL-001,REFERRAL_AND_FBA,1001.0,2026-08-13 06:53:26
FEE-9012,ORD-3012,SEL-001,REFERRAL_AND_FBA,434.35,2026-08-13 07:02:14
FEE-9013,ORD-3013,SEL-001,REFERRAL_AND_FBA,607.04,2026-08-13 07:10:34
FEE-9014,ORD-3014,SEL-001,REFERRAL_AND_FBA,447.56,2026-08-13 07:19:01
FEE-9015,ORD-3015,SEL-001,REFERRAL_AND_FBA,237.79,2026-08-13 07:27:39
FEE-9016,ORD-3016,SEL-001,REFERRAL_AND_FBA,1455.06,2026-08-13 07:36:15
FEE-9017,ORD-3017,SEL-001,REFERRAL_AND_FBA,438.52,2026-08-13 07:44:51
FEE-9018,ORD-3018,SEL-001,REFERRAL_AND_FBA,261.36,2026-08-13 07:53:14
FEE-9019,ORD-3019,SEL-001,REFERRAL_AND_FBA,606.21,2026-08-13 08:01:41
FEE-9020,ORD-3020,SEL-001,REFERRAL_AND_FBA,393.34,2026-08-13 08:10:26
FEE-9021,ORD-3021,SEL-001,REFERRAL_AND_FBA,309.41,2026-08-13 08:18:47
FEE-9022,ORD-3022,SEL-001,REFERRAL_AND_FBA,879.8,2026-08-13 08:27:28
FEE-9023,ORD-3023,SEL-001,REFERRAL_AND_FBA,528.94,2026-08-13 08:35:57
FEE-9024,ORD-3024,SEL-001,REFERRAL_AND_FBA,661.26,2026-08-13 08:44:30
FEE-9025,ORD-3025,SEL-001,REFERRAL_AND_FBA,328.49,2026-08-13 08:53:01
FEE-9026,ORD-3026,SEL-001,REFERRAL_AND_FBA,219.26,2026-08-13 09:01:39
FEE-9027,ORD-3027,SEL-001,REFERRAL_AND_FBA,1322.53,2026-08-13 09:10:22
FEE-9028,ORD-3028,SEL-001,REFERRAL_AND_FBA,333.82,2026-08-13 09:18:31
FEE-9029,ORD-3029,SEL-001,REFERRAL_AND_FBA,109.42,2026-08-13 09:27:18
FEE-9030,ORD-3030,SEL-001,REFERRAL_AND_FBA,606.21,2026-08-13 09:35:50
FEE-9031,ORD-3031,SEL-001,REFERRAL_AND_FBA,597.45,2026-08-13 09:44:09
FEE-9032,ORD-3032,SEL-001,REFERRAL_AND_FBA,361.63,2026-08-13 09:53:01
FEE-9033,ORD-3033,SEL-001,REFERRAL_AND_FBA,361.48,2026-08-13 10:01:11
FEE-9034,ORD-3034,SEL-001,REFERRAL_AND_FBA,347.12,2026-08-13 10:09:50
FEE-9035,ORD-3035,SEL-001,REFERRAL_AND_FBA,111.5,2026-08-13 10:18:13
FEE-9036,ORD-3036,SEL-001,REFERRAL_AND_FBA,334.4,2026-08-13 10:26:40
FEE-9037,ORD-3037,SEL-001,REFERRAL_AND_FBA,267.83,2026-08-13 10:35:19
FEE-9038,ORD-3038,SEL-001,REFERRAL_AND_FBA,606.21,2026-08-13 10:44:10
FEE-9039,ORD-3039,SEL-001,REFERRAL_AND_FBA,121.71,2026-08-13 10:52:19
FEE-9040,ORD-3040,SEL-001,REFERRAL_AND_FBA,557.7,2026-08-13 11:01:05
FEE-9041,ORD-3041,SEL-001,REFERRAL_AND_FBA,1329.72,2026-08-13 11:09:30
FEE-9042,ORD-3042,SEL-001,REFERRAL_AND_FBA,728.43,2026-08-13 11:18:12
FEE-9043,ORD-3043,SEL-001,REFERRAL_AND_FBA,1329.72,2026-08-13 11:26:29
FEE-9044,ORD-3044,SEL-001,REFERRAL_AND_FBA,300.91,2026-08-13 11:34:57
FEE-9045,ORD-3045,SEL-001,REFERRAL_AND_FBA,269.71,2026-08-13 11:43:52
FEE-9046,ORD-3046,SEL-001,REFERRAL_AND_FBA,403.2,2026-08-13 11:52:29
FEE-9047,ORD-3047,SEL-001,REFERRAL_AND_FBA,553.97,2026-08-13 12:00:38
FEE-9048,ORD-3048,SEL-001,REFERRAL_AND_FBA,641.84,2026-08-13 12:09:18
FEE-9049,ORD-3049,SEL-001,REFERRAL_AND_FBA,439.9,2026-08-13 12:17:59
FEE-9050,ORD-3050,SEL-001,REFERRAL_AND_FBA,444.43,2026-08-13 12:26:39
FEE-9051,ORD-3051,SEL-001,REFERRAL_AND_FBA,621.25,2026-08-13 12:34:55
FEE-9052,ORD-3052,SEL-001,REFERRAL_AND_FBA,621.25,2026-08-13 12:43:22
FEE-9053,ORD-3053,SEL-001,REFERRAL_AND_FBA,661.26,2026-08-13 12:51:54
FEE-9054,ORD-3054,SEL-001,REFERRAL_AND_FBA,553.97,2026-08-13 13:00:17
FEE-9055,ORD-3055,SEL-001,REFERRAL_AND_FBA,227.0,2026-08-13 13:09:05
FEE-9056,ORD-3056,SEL-001,REFERRAL_AND_FBA,702.72,2026-08-13 13:17:29
FEE-9057,ORD-3057,SEL-001,REFERRAL_AND_FBA,440.0,2026-08-13 13:26:02
FEE-9058,ORD-3058,SEL-001,REFERRAL_AND_FBA,656.98,2026-08-13 13:34:46
FEE-9059,ORD-3059,SEL-001,REFERRAL_AND_FBA,641.84,2026-08-13 13:43:05
FEE-9060,ORD-3060,SEL-001,REFERRAL_AND_FBA,233.03,2026-08-13 13:51:57
FEE-9061,ORD-3061,SEL-001,REFERRAL_AND_FBA,486.81,2026-08-13 14:00:05
FEE-9062,ORD-3062,SEL-001,REFERRAL_AND_FBA,309.41,2026-08-13 14:09:02
FEE-9063,ORD-3063,SEL-001,REFERRAL_AND_FBA,480.82,2026-08-13 14:17:19
FEE-9064,ORD-3064,SEL-001,REFERRAL_AND_FBA,143.37,2026-08-13 14:25:59
FEE-9065,ORD-3065,SEL-001,REFERRAL_AND_FBA,220.0,2026-08-13 14:34:23
FEE-9066,ORD-3066,SEL-001,REFERRAL_AND_FBA,770.04,2026-08-13 14:42:55
FEE-9067,ORD-3067,SEL-001,REFERRAL_AND_FBA,261.36,2026-08-13 14:51:32
FEE-9068,ORD-3068,SEL-001,REFERRAL_AND_FBA,325.08,2026-08-13 14:59:55
FEE-9069,ORD-3069,SEL-001,REFERRAL_AND_FBA,587.2,2026-08-13 15:08:32
FEE-9070,ORD-3070,SEL-001,REFERRAL_AND_FBA,465.17,2026-08-13 15:16:51
FEE-9071,ORD-3071,SEL-001,REFERRAL_AND_FBA,417.32,2026-08-13 15:25:48
FEE-9072,ORD-3072,SEL-001,REFERRAL_AND_FBA,361.63,2026-08-13 15:34:17
FEE-9073,ORD-3073,SEL-001,REFERRAL_AND_FBA,447.56,2026-08-13 15:42:42
FEE-9074,ORD-3074,SEL-001,REFERRAL_AND_FBA,249.73,2026-08-13 15:51:18
FEE-9075,ORD-3075,SEL-001,REFERRAL_AND_FBA,417.32,2026-08-13 15:59:30
FEE-9076,ORD-3076,SEL-001,REFERRAL_AND_FBA,587.2,2026-08-13 16:08:06
FEE-9077,ORD-3077,SEL-001,REFERRAL_AND_FBA,480.82,2026-08-13 16:16:49
FEE-9078,ORD-3078,SEL-001,REFERRAL_AND_FBA,309.41,2026-08-13 16:25:15
FEE-9079,ORD-3079,SEL-001,REFERRAL_AND_FBA,728.43,2026-08-13 16:33:55
FEE-9080,ORD-3080,SEL-001,REFERRAL_AND_FBA,267.83,2026-08-13 16:42:13
FEE-9081,ORD-3081,SEL-001,REFERRAL_AND_FBA,361.63,2026-08-13 16:51:03
FEE-9082,ORD-3082,SEL-001,REFERRAL_AND_FBA,218.83,2026-08-13 16:59:29
FEE-9083,ORD-3083,SEL-001,REFERRAL_AND_FBA,150.46,2026-08-13 17:08:07
FEE-9084,ORD-3084,SEL-001,REFERRAL_AND_FBA,444.43,2026-08-13 17:16:45
FEE-9085,ORD-3085,SEL-001,REFERRAL_AND_FBA,260.0,2026-08-13 17:24:51
FEE-9086,ORD-3086,SEL-001,REFERRAL_AND_FBA,286.74,2026-08-13 17:33:37
FEE-9087,ORD-3087,SEL-001,REFERRAL_AND_FBA,96.64,2026-08-13 17:42:18
FEE-9088,ORD-3088,SEL-001,REFERRAL_AND_FBA,122.54,2026-08-13 17:50:43
FEE-9089,ORD-3089,SEL-001,REFERRAL_AND_FBA,465.17,2026-08-13 17:59:04
FEE-9090,ORD-3090,SEL-001,REFERRAL_AND_FBA,333.82,2026-08-13 18:07:53
FEE-9091,ORD-3091,SEL-001,REFERRAL_AND_FBA,260.0,2026-08-13 18:16:32
FEE-9092,ORD-3092,SEL-001,REFERRAL_AND_FBA,245.07,2026-08-13 18:24:54
FEE-9093,ORD-3093,SEL-001,REFERRAL_AND_FBA,541.66,2026-08-13 18:33:23
FEE-9094,ORD-3094,SEL-001,REFERRAL_AND_FBA,361.48,2026-08-13 18:41:57
FEE-9095,ORD-3095,SEL-001,REFERRAL_AND_FBA,219.26,2026-08-13 18:50:16
FEE-9096,ORD-3096,SEL-001,REFERRAL_AND_FBA,429.81,2026-08-13 18:58:53
FEE-9097,ORD-3097,SEL-001,REFERRAL_AND_FBA,537.56,2026-08-13 19:07:22
FEE-9098,ORD-3098,SEL-001,REFERRAL_AND_FBA,385.02,2026-08-13 19:16:00
FEE-9099,ORD-3099,SEL-001,REFERRAL_AND_FBA,156.89,2026-08-13 19:24:42
FEE-9100,ORD-3100,SEL-001,REFERRAL_AND_FBA,150.46,2026-08-13 19:33:20
FEE-9101,ORD-3101,SEL-001,REFERRAL_AND_FBA,702.72,2026-08-13 19:41:43
FEE-9102,ORD-3102,SEL-001,REFERRAL_AND_FBA,96.64,2026-08-13 19:50:04
FEE-9103,ORD-3103,SEL-001,REFERRAL_AND_FBA,234.8,2026-08-13 19:58:52
FEE-9104,ORD-3104,SEL-001,REFERRAL_AND_FBA,500.13,2026-08-13 20:07:05
FEE-9105,ORD-3105,SEL-001,REFERRAL_AND_FBA,309.41,2026-08-13 20:15:49
FEE-9106,ORD-3106,SEL-001,REFERRAL_AND_FBA,191.62,2026-08-13 20:24:27
FEE-9107,ORD-3107,SEL-001,REFERRAL_AND_FBA,522.72,2026-08-13 20:32:51
FEE-9108,ORD-3108,SEL-001,REFERRAL_AND_FBA,249.73,2026-08-13 20:41:33
FEE-9109,ORD-3109,SEL-001,REFERRAL_AND_FBA,486.81,2026-08-13 20:49:42
FEE-9110,ORD-3110,SEL-001,REFERRAL_AND_FBA,267.83,2026-08-13 20:58:13
FEE-9111,ORD-3111,SEL-001,REFERRAL_AND_FBA,122.54,2026-08-13 21:07:13
FEE-9112,ORD-3112,SEL-001,REFERRAL_AND_FBA,112.96,2026-08-13 21:15:21
FEE-9113,ORD-3113,SEL-001,REFERRAL_AND_FBA,328.49,2026-08-13 21:24:17
FEE-9114,ORD-3114,SEL-001,REFERRAL_AND_FBA,434.35,2026-08-13 21:32:48
FEE-9115,ORD-3115,SEL-001,REFERRAL_AND_FBA,727.53,2026-08-13 21:41:05
FEE-9116,ORD-3116,SEL-001,REFERRAL_AND_FBA,335.78,2026-08-13 21:49:50
FEE-9117,ORD-3117,SEL-001,REFERRAL_AND_FBA,1387.21,2026-08-13 21:58:03
FEE-9118,ORD-3118,SEL-001,REFERRAL_AND_FBA,440.0,2026-08-13 22:06:52
FEE-9119,ORD-3119,SEL-001,REFERRAL_AND_FBA,463.76,2026-08-13 22:15:19
FEE-9120,ORD-3120,SEL-001,REFERRAL_AND_FBA,219.26,2026-08-13 22:23:36
FEE-9121,ORD-3121,SEL-001,REFERRAL_AND_FBA,486.81,2026-08-13 22:32:24
FEE-9122,ORD-3122,SEL-001,REFERRAL_AND_FBA,234.8,2026-08-13 22:40:43
FEE-9123,ORD-3123,SEL-001,REFERRAL_AND_FBA,728.43,2026-08-13 22:49:25
FEE-9124,ORD-3124,SEL-001,REFERRAL_AND_FBA,505.62,2026-08-13 22:58:04
FEE-9125,ORD-3125,SEL-001,REFERRAL_AND_FBA,770.04,2026-08-13 23:06:15
FEE-9126,ORD-3126,SEL-001,REFERRAL_AND_FBA,147.92,2026-08-13 23:14:51
FEE-9127,ORD-3127,SEL-001,REFERRAL_AND_FBA,671.56,2026-08-13 23:23:17
FEE-9128,ORD-3128,SEL-001,REFERRAL_AND_FBA,216.89,2026-08-13 23:32:07
FEE-9129,ORD-3129,SEL-001,REFERRAL_AND_FBA,480.82,2026-08-13 23:40:22
FEE-9130,ORD-3130,SEL-001,REFERRAL_AND_FBA,1214.09,2026-08-13 23:49:04
FEE-9131,ORD-3131,SEL-001,REFERRAL_AND_FBA,664.86,2026-08-13 23:57:37
FEE-9132,ORD-3132,SEL-001,REFERRAL_AND_FBA,361.63,2026-08-14 00:06:14
FEE-9133,ORD-3133,SEL-001,REFERRAL_AND_FBA,973.61,2026-08-14 00:14:56
FEE-9134,ORD-3134,SEL-001,REFERRAL_AND_FBA,477.04,2026-08-14 00:23:10
FEE-9135,ORD-3135,SEL-001,REFERRAL_AND_FBA,553.97,2026-08-14 00:31:50
FEE-9136,ORD-3136,SEL-001,REFERRAL_AND_FBA,614.16,2026-08-14 00:40:24
FEE-9137,ORD-3137,SEL-001,REFERRAL_AND_FBA,263.19,2026-08-14 00:48:53
FEE-9138,ORD-3138,SEL-001,REFERRAL_AND_FBA,477.38,2026-08-14 00:57:35
FEE-9139,ORD-3139,SEL-001,REFERRAL_AND_FBA,447.56,2026-08-14 01:05:55
FEE-9140,ORD-3140,SEL-001,REFERRAL_AND_FBA,231.88,2026-08-14 01:14:31
FEE-9141,ORD-3141,SEL-001,REFERRAL_AND_FBA,220.0,2026-08-14 01:22:57
FEE-9142,ORD-3142,SEL-001,REFERRAL_AND_FBA,664.86,2026-08-14 01:31:24
FEE-9143,ORD-3143,SEL-001,REFERRAL_AND_FBA,553.97,2026-08-14 01:39:58
FEE-9144,ORD-3144,SEL-001,REFERRAL_AND_FBA,434.35,2026-08-14 01:48:45
FEE-9145,ORD-3145,SEL-001,REFERRAL_AND_FBA,261.36,2026-08-14 01:57:17
FEE-9146,ORD-3146,SEL-001,REFERRAL_AND_FBA,147.92,2026-08-14 02:05:48
FEE-9147,ORD-3147,SEL-001,REFERRAL_AND_FBA,888.85,2026-08-14 02:14:27
FEE-9148,ORD-3148,SEL-001,REFERRAL_AND_FBA,693.61,2026-08-14 02:22:44
FEE-9149,ORD-3149,SEL-001,REFERRAL_AND_FBA,477.38,2026-08-14 02:31:32
FEE-9150,ORD-3150,SEL-001,REFERRAL_AND_FBA,429.81,2026-08-14 02:39:42
FEE-9151,ORD-3151,SEL-001,REFERRAL_AND_FBA,240.9,2026-08-14 02:48:18
FEE-9152,ORD-3152,SEL-001,REFERRAL_AND_FBA,108.45,2026-08-14 02:56:58
FEE-9153,ORD-3153,SEL-001,REFERRAL_AND_FBA,537.56,2026-08-14 03:05:20
FEE-9154,ORD-3154,SEL-001,REFERRAL_AND_FBA,227.0,2026-08-14 03:14:12
FEE-9155,ORD-3155,SEL-001,REFERRAL_AND_FBA,385.02,2026-08-14 03:22:44
FEE-9156,ORD-3156,SEL-001,REFERRAL_AND_FBA,333.82,2026-08-14 03:31:00
FEE-9157,ORD-3157,SEL-001,REFERRAL_AND_FBA,261.36,2026-08-14 03:39:25
FEE-9158,ORD-3158,SEL-001,REFERRAL_AND_FBA,1057.88,2026-08-14 03:48:10
FEE-9159,ORD-3159,SEL-001,REFERRAL_AND_FBA,295.85,2026-08-14 03:56:23
FEE-9160,ORD-3160,SEL-001,REFERRAL_AND_FBA,143.37,2026-08-14 04:05:02
FEE-9161,ORD-3161,SEL-001,REFERRAL_AND_FBA,528.94,2026-08-14 04:13:33
FEE-9162,ORD-3162,SEL-001,REFERRAL_AND_FBA,156.89,2026-08-14 04:22:05
FEE-9163,ORD-3163,SEL-001,REFERRAL_AND_FBA,444.43,2026-08-14 04:30:32
FEE-9164,ORD-3164,SEL-001,REFERRAL_AND_FBA,452.12,2026-08-14 04:39:27
FEE-9165,ORD-3165,SEL-001,REFERRAL_AND_FBA,234.8,2026-08-14 04:48:04
FEE-9166,ORD-3166,SEL-001,REFERRAL_AND_FBA,234.8,2026-08-14 04:56:35
FEE-9167,ORD-3167,SEL-001,REFERRAL_AND_FBA,361.63,2026-08-14 05:04:48
FEE-9168,ORD-3168,SEL-001,REFERRAL_AND_FBA,293.11,2026-08-14 05:13:21
FEE-9169,ORD-3169,SEL-001,REFERRAL_AND_FBA,463.76,2026-08-14 05:21:55
FEE-9170,ORD-3170,SEL-001,REFERRAL_AND_FBA,651.18,2026-08-14 05:30:22
FEE-9171,ORD-3171,SEL-001,REFERRAL_AND_FBA,238.52,2026-08-14 05:39:04
FEE-9172,ORD-3172,SEL-001,REFERRAL_AND_FBA,460.56,2026-08-14 05:47:40
FEE-9173,ORD-3173,SEL-001,REFERRAL_AND_FBA,607.04,2026-08-14 05:56:00
FEE-9174,ORD-3174,SEL-001,REFERRAL_AND_FBA,506.8,2026-08-14 06:04:30
FEE-9175,ORD-3175,SEL-001,REFERRAL_AND_FBA,231.88,2026-08-14 06:13:25
FEE-9176,ORD-3176,SEL-001,REFERRAL_AND_FBA,675.52,2026-08-14 06:21:56
FEE-9177,ORD-3177,SEL-001,REFERRAL_AND_FBA,440.0,2026-08-14 06:30:06
FEE-9178,ORD-3178,SEL-001,REFERRAL_AND_FBA,347.12,2026-08-14 06:39:00
FEE-9179,ORD-3179,SEL-001,REFERRAL_AND_FBA,231.88,2026-08-14 06:47:12
FEE-9180,ORD-3180,SEL-001,REFERRAL_AND_FBA,429.81,2026-08-14 06:55:39
FEE-9181,ORD-3181,SEL-001,REFERRAL_AND_FBA,262.7,2026-08-14 07:04:21
FEE-9182,ORD-3182,SEL-001,REFERRAL_AND_FBA,440.0,2026-08-14 07:13:08
FEE-9183,ORD-3183,SEL-001,REFERRAL_AND_FBA,111.5,2026-08-14 07:21:11
FEE-9184,ORD-3184,SEL-001,REFERRAL_AND_FBA,143.37,2026-08-14 07:30:12
FEE-9185,ORD-3185,SEL-001,REFERRAL_AND_FBA,475.57,2026-08-14 07:38:22
FEE-9186,ORD-3186,SEL-001,REFERRAL_AND_FBA,492.5,2026-08-14 07:47:05
FEE-9187,ORD-3187,SEL-001,REFERRAL_AND_FBA,226.06,2026-08-14 07:55:30
FEE-9188,ORD-3188,SEL-001,REFERRAL_AND_FBA,150.46,2026-08-14 08:04:04
FEE-9189,ORD-3189,SEL-001,REFERRAL_AND_FBA,629.82,2026-08-14 08:12:47
FEE-9190,ORD-3190,SEL-001,REFERRAL_AND_FBA,465.17,2026-08-14 08:21:14
FEE-9191,ORD-3191,SEL-001,REFERRAL_AND_FBA,667.63,2026-08-14 08:29:33
FEE-9192,ORD-3192,SEL-001,REFERRAL_AND_FBA,693.61,2026-08-14 08:38:09
FEE-9193,ORD-3193,SEL-001,REFERRAL_AND_FBA,444.43,2026-08-14 08:46:48
FEE-9194,ORD-3194,SEL-001,REFERRAL_AND_FBA,723.25,2026-08-14 08:55:09
FEE-9195,ORD-3195,SEL-001,REFERRAL_AND_FBA,385.02,2026-08-14 09:03:49
FEE-9196,ORD-3196,SEL-001,REFERRAL_AND_FBA,500.5,2026-08-14 09:12:13
FEE-9197,ORD-3197,SEL-001,REFERRAL_AND_FBA,675.52,2026-08-14 09:20:49
FEE-9198,ORD-3198,SEL-001,REFERRAL_AND_FBA,307.08,2026-08-14 09:29:33
FEE-9199,ORD-3199,SEL-001,REFERRAL_AND_FBA,1047.79,2026-08-14 09:37:49
FEE-9200,ORD-3200,SEL-001,REFERRAL_AND_FBA,220.0,2026-08-14 09:46:41
FEE-9201,ORD-3201,SEL-001,REFERRAL_AND_FBA,651.18,2026-08-14 09:54:54
FEE-9202,ORD-3202,SEL-001,REFERRAL_AND_FBA,506.8,2026-08-14 10:03:24
FEE-9203,ORD-3203,SEL-001,REFERRAL_AND_FBA,447.56,2026-08-14 10:11:55
FEE-9204,ORD-3204,SEL-001,REFERRAL_AND_FBA,143.37,2026-08-14 10:20:32
FEE-9205,ORD-3205,SEL-001,REFERRAL_AND_FBA,96.64,2026-08-14 10:29:03
FEE-9206,ORD-3206,SEL-001,REFERRAL_AND_FBA,711.56,2026-08-14 10:37:48
FEE-9207,ORD-3207,SEL-001,REFERRAL_AND_FBA,220.0,2026-08-14 10:46:28
FEE-9208,ORD-3208,SEL-001,REFERRAL_AND_FBA,227.0,2026-08-14 10:54:48
FEE-9209,ORD-3209,SEL-001,REFERRAL_AND_FBA,108.45,2026-08-14 11:03:05
FEE-9210,ORD-3210,SEL-001,REFERRAL_AND_FBA,702.72,2026-08-14 11:12:03
FEE-9211,ORD-3211,SEL-001,REFERRAL_AND_FBA,444.43,2026-08-14 11:20:35
FEE-9212,ORD-3212,SEL-001,REFERRAL_AND_FBA,492.5,2026-08-14 11:28:43
FEE-9213,ORD-3213,SEL-001,REFERRAL_AND_FBA,562.0,2026-08-14 11:37:32
FEE-9214,ORD-3214,SEL-001,REFERRAL_AND_FBA,450.37,2026-08-14 11:45:57
FEE-9215,ORD-3215,SEL-001,REFERRAL_AND_FBA,1265.55,2026-08-14 11:54:47
FEE-9216,ORD-3216,SEL-001,REFERRAL_AND_FBA,344.72,2026-08-14 12:03:04
FEE-9217,ORD-3217,SEL-001,REFERRAL_AND_FBA,335.78,2026-08-14 12:11:24
FEE-9218,ORD-3218,SEL-001,REFERRAL_AND_FBA,689.62,2026-08-14 12:20:07
FEE-9219,ORD-3219,SEL-001,REFERRAL_AND_FBA,150.46,2026-08-14 12:28:35
FEE-9220,ORD-3220,SEL-001,REFERRAL_AND_FBA,500.5,2026-08-14 12:37:25
FEE-9221,ORD-3221,SEL-001,REFERRAL_AND_FBA,303.25,2026-08-14 12:45:29
FEE-9222,ORD-3222,SEL-001,REFERRAL_AND_FBA,434.35,2026-08-14 12:54:02
FEE-9223,ORD-3223,SEL-001,REFERRAL_AND_FBA,868.69,2026-08-14 13:02:58
FEE-9224,ORD-3224,SEL-001,REFERRAL_AND_FBA,523.9,2026-08-14 13:11:28
FEE-9225,ORD-3225,SEL-001,REFERRAL_AND_FBA,307.08,2026-08-14 13:19:55
FEE-9226,ORD-3226,SEL-001,REFERRAL_AND_FBA,220.0,2026-08-14 13:28:39
FEE-9227,ORD-3227,SEL-001,REFERRAL_AND_FBA,414.66,2026-08-14 13:37:04
FEE-9228,ORD-3228,SEL-001,REFERRAL_AND_FBA,361.48,2026-08-14 13:45:24
FEE-9229,ORD-3229,SEL-001,REFERRAL_AND_FBA,96.64,2026-08-14 13:53:56
FEE-9230,ORD-3230,SEL-001,REFERRAL_AND_FBA,193.29,2026-08-14 14:02:39
FEE-9231,ORD-3231,SEL-001,REFERRAL_AND_FBA,108.45,2026-08-14 14:10:55
FEE-9232,ORD-3232,SEL-001,REFERRAL_AND_FBA,523.9,2026-08-14 14:19:37
FEE-9233,ORD-3233,SEL-001,REFERRAL_AND_FBA,607.04,2026-08-14 14:28:01
FEE-9234,ORD-3234,SEL-001,REFERRAL_AND_FBA,328.49,2026-08-14 14:36:52
FEE-9235,ORD-3235,SEL-001,REFERRAL_AND_FBA,111.5,2026-08-14 14:45:06
FEE-9236,ORD-3236,SEL-001,REFERRAL_AND_FBA,220.0,2026-08-14 14:53:53
FEE-9237,ORD-3237,SEL-001,REFERRAL_AND_FBA,510.34,2026-08-14 15:02:31
FEE-9238,ORD-3238,SEL-001,REFERRAL_AND_FBA,541.66,2026-08-14 15:10:53
FEE-9239,ORD-3239,SEL-001,REFERRAL_AND_FBA,109.42,2026-08-14 15:19:15
FEE-9240,ORD-3240,SEL-001,REFERRAL_AND_FBA,414.66,2026-08-14 15:27:53
FEE-9241,ORD-3241,SEL-001,REFERRAL_AND_FBA,150.46,2026-08-14 15:36:18
FEE-9242,ORD-3242,SEL-001,REFERRAL_AND_FBA,156.89,2026-08-14 15:44:42
FEE-9243,ORD-3243,SEL-001,REFERRAL_AND_FBA,234.8,2026-08-14 15:53:28
FEE-9244,ORD-3244,SEL-001,REFERRAL_AND_FBA,260.0,2026-08-14 16:01:57
FEE-9245,ORD-3245,SEL-001,REFERRAL_AND_FBA,227.0,2026-08-14 16:10:38
FEE-9246,ORD-3246,SEL-001,REFERRAL_AND_FBA,468.16,2026-08-14 16:19:05
FEE-9247,ORD-3247,SEL-001,REFERRAL_AND_FBA,727.53,2026-08-14 16:27:38
FEE-9248,ORD-3248,SEL-001,REFERRAL_AND_FBA,237.79,2026-08-14 16:36:02
FEE-9249,ORD-3249,SEL-001,REFERRAL_AND_FBA,500.13,2026-08-14 16:44:48
FEE-9250,ORD-3250,SEL-001,REFERRAL_AND_FBA,447.56,2026-08-14 16:53:15
FEE-9251,ORD-3251,SEL-001,REFERRAL_AND_FBA,629.82,2026-08-14 17:01:40
FEE-9252,ORD-3252,SEL-001,REFERRAL_AND_FBA,689.62,2026-08-14 17:10:25
FEE-9253,ORD-3253,SEL-001,REFERRAL_AND_FBA,133.0,2026-08-14 17:18:58
FEE-9254,ORD-3254,SEL-001,REFERRAL_AND_FBA,689.62,2026-08-14 17:27:34
FEE-9255,ORD-3255,SEL-001,REFERRAL_AND_FBA,263.19,2026-08-14 17:35:55
FEE-9256,ORD-3256,SEL-001,REFERRAL_AND_FBA,232.32,2026-08-14 17:44:20
FEE-9257,ORD-3257,SEL-001,REFERRAL_AND_FBA,606.21,2026-08-14 17:53:11
FEE-9258,ORD-3258,SEL-001,REFERRAL_AND_FBA,162.4,2026-08-14 18:01:21
FEE-9259,ORD-3259,SEL-001,REFERRAL_AND_FBA,243.42,2026-08-14 18:10:02
FEE-9260,ORD-3260,SEL-001,REFERRAL_AND_FBA,238.52,2026-08-14 18:18:46
FEE-9261,ORD-3261,SEL-001,REFERRAL_AND_FBA,334.4,2026-08-14 18:27:01
FEE-9262,ORD-3262,SEL-001,REFERRAL_AND_FBA,417.32,2026-08-14 18:35:32
FEE-9263,ORD-3263,SEL-001,REFERRAL_AND_FBA,344.72,2026-08-14 18:43:58
FEE-9264,ORD-3264,SEL-001,REFERRAL_AND_FBA,249.73,2026-08-14 18:52:44
FEE-9265,ORD-3265,SEL-001,REFERRAL_AND_FBA,689.62,2026-08-14 19:01:08
FEE-9266,ORD-3266,SEL-001,REFERRAL_AND_FBA,557.7,2026-08-14 19:09:50
FEE-9267,ORD-3267,SEL-001,REFERRAL_AND_FBA,219.26,2026-08-14 19:18:09
FEE-9268,ORD-3268,SEL-001,REFERRAL_AND_FBA,587.2,2026-08-14 19:26:43
FEE-9269,ORD-3269,SEL-001,REFERRAL_AND_FBA,510.34,2026-08-14 19:35:17
FEE-9270,ORD-3270,SEL-001,REFERRAL_AND_FBA,334.4,2026-08-14 19:44:02
FEE-9271,ORD-3271,SEL-001,REFERRAL_AND_FBA,468.16,2026-08-14 19:52:13
FEE-9272,ORD-3272,SEL-001,REFERRAL_AND_FBA,661.26,2026-08-14 20:00:43
FEE-9273,ORD-3273,SEL-001,REFERRAL_AND_FBA,486.81,2026-08-14 20:09:28
FEE-9274,ORD-3274,SEL-001,REFERRAL_AND_FBA,497.75,2026-08-14 20:18:04
FEE-9275,ORD-3275,SEL-001,REFERRAL_AND_FBA,463.76,2026-08-14 20:26:46
FEE-9276,ORD-3276,SEL-001,REFERRAL_AND_FBA,333.82,2026-08-14 20:35:22
FEE-9277,ORD-3277,SEL-001,REFERRAL_AND_FBA,557.7,2026-08-14 20:43:41
FEE-9278,ORD-3278,SEL-001,REFERRAL_AND_FBA,469.6,2026-08-14 20:52:09
FEE-9279,ORD-3279,SEL-001,REFERRAL_AND_FBA,689.62,2026-08-14 21:00:52
FEE-9280,ORD-3280,SEL-001,REFERRAL_AND_FBA,156.89,2026-08-14 21:09:29
FEE-9281,ORD-3281,SEL-001,REFERRAL_AND_FBA,238.52,2026-08-14 21:17:32
FEE-9282,ORD-3282,SEL-001,REFERRAL_AND_FBA,557.7,2026-08-14 21:26:14
FEE-9283,ORD-3283,SEL-001,REFERRAL_AND_FBA,1047.79,2026-08-14 21:34:44
FEE-9284,ORD-3284,SEL-001,REFERRAL_AND_FBA,651.18,2026-08-14 21:43:16
FEE-9285,ORD-3285,SEL-001,REFERRAL_AND_FBA,249.73,2026-08-14 21:52:09
FEE-9286,ORD-3286,SEL-001,REFERRAL_AND_FBA,293.6,2026-08-14 22:00:35
FEE-9287,ORD-3287,SEL-001,REFERRAL_AND_FBA,608.51,2026-08-14 22:08:44
FEE-9288,ORD-3288,SEL-001,REFERRAL_AND_FBA,439.9,2026-08-14 22:17:43
FEE-9289,ORD-3289,SEL-001,REFERRAL_AND_FBA,293.6,2026-08-14 22:25:49
FEE-9290,ORD-3290,SEL-001,REFERRAL_AND_FBA,121.71,2026-08-14 22:34:40
FEE-9291,ORD-3291,SEL-001,REFERRAL_AND_FBA,510.34,2026-08-14 22:43:02
FEE-9292,ORD-3292,SEL-001,REFERRAL_AND_FBA,262.7,2026-08-14 22:51:24
FEE-9293,ORD-3293,SEL-001,REFERRAL_AND_FBA,528.94,2026-08-14 22:59:58
FEE-9294,ORD-3294,SEL-001,REFERRAL_AND_FBA,675.52,2026-08-14 23:08:33
FEE-9295,ORD-3295,SEL-001,REFERRAL_AND_FBA,500.13,2026-08-14 23:17:05
FEE-9296,ORD-3296,SEL-001,REFERRAL_AND_FBA,150.46,2026-08-14 23:25:36
FEE-9297,ORD-3297,SEL-001,REFERRAL_AND_FBA,309.41,2026-08-14 23:34:07
FEE-9298,ORD-3298,SEL-001,REFERRAL_AND_FBA,429.81,2026-08-14 23:42:55
FEE-9299,ORD-3299,SEL-001,REFERRAL_AND_FBA,607.04,2026-08-14 23:51:11
FEE-9300,ORD-3300,SEL-001,REFERRAL_AND_FBA,133.0,2026-08-15 00:00:11
FEE-9301,ORD-3301,SEL-001,REFERRAL_AND_FBA,537.56,2026-08-15 00:08:14
FEE-9302,ORD-3302,SEL-001,REFERRAL_AND_FBA,1425.72,2026-08-15 00:16:58
FEE-9303,ORD-3303,SEL-001,REFERRAL_AND_FBA,434.35,2026-08-15 00:25:26
FEE-9304,ORD-3304,SEL-001,REFERRAL_AND_FBA,587.2,2026-08-15 00:34:00
FEE-9305,ORD-3305,SEL-001,REFERRAL_AND_FBA,220.0,2026-08-15 00:42:47
FEE-9306,ORD-3306,SEL-001,REFERRAL_AND_FBA,150.46,2026-08-15 00:51:10
FEE-9307,ORD-3307,SEL-001,REFERRAL_AND_FBA,237.79,2026-08-15 00:59:46
FEE-9308,ORD-3308,SEL-001,REFERRAL_AND_FBA,414.66,2026-08-15 01:08:23
FEE-9309,ORD-3309,SEL-001,REFERRAL_AND_FBA,506.8,2026-08-15 01:16:35
FEE-9310,ORD-3310,SEL-001,REFERRAL_AND_FBA,541.66,2026-08-15 01:25:16
FEE-9311,ORD-3311,SEL-001,REFERRAL_AND_FBA,220.0,2026-08-15 01:33:51
FEE-9312,ORD-3312,SEL-001,REFERRAL_AND_FBA,220.0,2026-08-15 01:42:32
FEE-9313,ORD-3313,SEL-001,REFERRAL_AND_FBA,143.37,2026-08-15 01:50:57
FEE-9314,ORD-3314,SEL-001,REFERRAL_AND_FBA,220.0,2026-08-15 01:59:14
FEE-9315,ORD-3315,SEL-001,REFERRAL_AND_FBA,328.49,2026-08-15 02:07:59
FEE-9316,ORD-3316,SEL-001,REFERRAL_AND_FBA,723.32,2026-08-15 02:16:36
FEE-9317,ORD-3317,SEL-001,REFERRAL_AND_FBA,528.94,2026-08-15 02:25:14
FEE-9318,ORD-3318,SEL-001,REFERRAL_AND_FBA,510.34,2026-08-15 02:33:26
FEE-9319,ORD-3319,SEL-001,REFERRAL_AND_FBA,300.91,2026-08-15 02:42:19
FEE-9320,ORD-3320,SEL-001,REFERRAL_AND_FBA,664.86,2026-08-15 02:50:40
FEE-9321,ORD-3321,SEL-001,REFERRAL_AND_FBA,468.16,2026-08-15 02:58:56
FEE-9322,ORD-3322,SEL-001,REFERRAL_AND_FBA,220.0,2026-08-15 03:07:31
FEE-9323,ORD-3323,SEL-001,REFERRAL_AND_FBA,954.75,2026-08-15 03:16:07
FEE-9324,ORD-3324,SEL-001,REFERRAL_AND_FBA,227.0,2026-08-15 03:24:53
FEE-9325,ORD-3325,SEL-001,REFERRAL_AND_FBA,334.4,2026-08-15 03:33:17
FEE-9326,ORD-3326,SEL-001,REFERRAL_AND_FBA,269.71,2026-08-15 03:41:40
FEE-9327,ORD-3327,SEL-001,REFERRAL_AND_FBA,220.0,2026-08-15 03:50:30
FEE-9328,ORD-3328,SEL-001,REFERRAL_AND_FBA,444.43,2026-08-15 03:58:50
FEE-9329,ORD-3329,SEL-001,REFERRAL_AND_FBA,111.5,2026-08-15 04:07:23
FEE-9330,ORD-3330,SEL-001,REFERRAL_AND_FBA,675.52,2026-08-15 04:16:00
FEE-9331,ORD-3331,SEL-001,REFERRAL_AND_FBA,500.13,2026-08-15 04:24:25
FEE-9332,ORD-3332,SEL-001,REFERRAL_AND_FBA,233.03,2026-08-15 04:33:15
FEE-9333,ORD-3333,SEL-001,REFERRAL_AND_FBA,497.75,2026-08-15 04:41:27
FEE-9334,ORD-3334,SEL-001,REFERRAL_AND_FBA,723.32,2026-08-15 04:49:59
FEE-9335,ORD-3335,SEL-001,REFERRAL_AND_FBA,728.43,2026-08-15 04:58:35
FEE-9336,ORD-3336,SEL-001,REFERRAL_AND_FBA,597.45,2026-08-15 05:07:19
FEE-9337,ORD-3337,SEL-001,REFERRAL_AND_FBA,220.0,2026-08-15 05:15:51
FEE-9338,ORD-3338,SEL-001,REFERRAL_AND_FBA,500.5,2026-08-15 05:24:10
FEE-9339,ORD-3339,SEL-001,REFERRAL_AND_FBA,689.62,2026-08-15 05:32:44
FEE-9340,ORD-3340,SEL-001,REFERRAL_AND_FBA,201.6,2026-08-15 05:41:22
FEE-9341,ORD-3341,SEL-001,REFERRAL_AND_FBA,240.9,2026-08-15 05:49:57
FEE-9342,ORD-3342,SEL-001,REFERRAL_AND_FBA,232.32,2026-08-15 05:58:20
FEE-9343,ORD-3343,SEL-001,REFERRAL_AND_FBA,385.02,2026-08-15 06:06:57
FEE-9344,ORD-3344,SEL-001,REFERRAL_AND_FBA,879.8,2026-08-15 06:15:12
FEE-9345,ORD-3345,SEL-001,REFERRAL_AND_FBA,156.89,2026-08-15 06:23:44
FEE-9346,ORD-3346,SEL-001,REFERRAL_AND_FBA,293.6,2026-08-15 06:32:24
FEE-9347,ORD-3347,SEL-001,REFERRAL_AND_FBA,486.81,2026-08-15 06:41:00
FEE-9348,ORD-3348,SEL-001,REFERRAL_AND_FBA,220.0,2026-08-15 06:49:30
FEE-9349,ORD-3349,SEL-001,REFERRAL_AND_FBA,597.45,2026-08-15 06:57:53
FEE-9350,ORD-3350,SEL-001,REFERRAL_AND_FBA,557.32,2026-08-15 07:06:51
FEE-9351,ORD-3351,SEL-001,REFERRAL_AND_FBA,597.45,2026-08-15 07:15:21
FEE-9352,ORD-3352,SEL-001,REFERRAL_AND_FBA,562.0,2026-08-15 07:23:28
FEE-9353,ORD-3353,SEL-001,REFERRAL_AND_FBA,269.71,2026-08-15 07:32:19
FEE-9354,ORD-3354,SEL-001,REFERRAL_AND_FBA,486.81,2026-08-15 07:40:41
FEE-9355,ORD-3355,SEL-001,REFERRAL_AND_FBA,465.17,2026-08-15 07:49:33
FEE-9356,ORD-3356,SEL-001,REFERRAL_AND_FBA,191.62,2026-08-15 07:58:04
FEE-9357,ORD-3357,SEL-001,REFERRAL_AND_FBA,607.04,2026-08-15 08:06:26
FEE-9358,ORD-3358,SEL-001,REFERRAL_AND_FBA,505.62,2026-08-15 08:14:57
FEE-9359,ORD-3359,SEL-001,REFERRAL_AND_FBA,523.9,2026-08-15 08:23:16
FEE-9360,ORD-3360,SEL-001,REFERRAL_AND_FBA,226.06,2026-08-15 08:32:05
FEE-9361,ORD-3361,SEL-001,REFERRAL_AND_FBA,196.67,2026-08-15 08:40:37
FEE-9362,ORD-3362,SEL-001,REFERRAL_AND_FBA,267.83,2026-08-15 08:48:58
FEE-9363,ORD-3363,SEL-001,REFERRAL_AND_FBA,675.52,2026-08-15 08:57:39
FEE-9364,ORD-3364,SEL-001,REFERRAL_AND_FBA,497.75,2026-08-15 09:06:12
FEE-9365,ORD-3365,SEL-001,REFERRAL_AND_FBA,480.82,2026-08-15 09:14:34
FEE-9366,ORD-3366,SEL-001,REFERRAL_AND_FBA,606.21,2026-08-15 09:23:11
FEE-9367,ORD-3367,SEL-001,REFERRAL_AND_FBA,231.88,2026-08-15 09:31:29
FEE-9368,ORD-3368,SEL-001,REFERRAL_AND_FBA,238.52,2026-08-15 09:40:11
FEE-9369,ORD-3369,SEL-001,REFERRAL_AND_FBA,234.8,2026-08-15 09:48:42
FEE-9370,ORD-3370,SEL-001,REFERRAL_AND_FBA,525.4,2026-08-15 09:57:23
FEE-9371,ORD-3371,SEL-001,REFERRAL_AND_FBA,477.38,2026-08-15 10:05:45
FEE-9372,ORD-3372,SEL-001,REFERRAL_AND_FBA,439.9,2026-08-15 10:14:20
FEE-9373,ORD-3373,SEL-001,REFERRAL_AND_FBA,96.64,2026-08-15 10:22:43
FEE-9374,ORD-3374,SEL-001,REFERRAL_AND_FBA,335.78,2026-08-15 10:31:24
FEE-9375,ORD-3375,SEL-001,REFERRAL_AND_FBA,249.73,2026-08-15 10:39:52
FEE-9376,ORD-3376,SEL-001,REFERRAL_AND_FBA,460.56,2026-08-15 10:48:46
FEE-9377,ORD-3377,SEL-001,REFERRAL_AND_FBA,335.78,2026-08-15 10:56:55
FEE-9378,ORD-3378,SEL-001,REFERRAL_AND_FBA,537.56,2026-08-15 11:05:34
FEE-9379,ORD-3379,SEL-001,REFERRAL_AND_FBA,109.42,2026-08-15 11:14:06
FEE-9380,ORD-3380,SEL-001,REFERRAL_AND_FBA,234.8,2026-08-15 11:22:37
FEE-9381,ORD-3381,SEL-001,REFERRAL_AND_FBA,344.72,2026-08-15 11:31:16
FEE-9382,ORD-3382,SEL-001,REFERRAL_AND_FBA,606.21,2026-08-15 11:39:29
FEE-9383,ORD-3383,SEL-001,REFERRAL_AND_FBA,133.0,2026-08-15 11:48:03
FEE-9384,ORD-3384,SEL-001,REFERRAL_AND_FBA,383.24,2026-08-15 11:56:45
FEE-9385,ORD-3385,SEL-001,REFERRAL_AND_FBA,537.56,2026-08-15 12:05:16
FEE-9386,ORD-3386,SEL-001,REFERRAL_AND_FBA,722.95,2026-08-15 12:13:43
FEE-9387,ORD-3387,SEL-001,REFERRAL_AND_FBA,675.52,2026-08-15 12:22:23
FEE-9388,ORD-3388,SEL-001,REFERRAL_AND_FBA,260.0,2026-08-15 12:30:46
FEE-9389,ORD-3389,SEL-001,REFERRAL_AND_FBA,96.64,2026-08-15 12:39:23
FEE-9390,ORD-3390,SEL-001,REFERRAL_AND_FBA,728.43,2026-08-15 12:47:47
FEE-9391,ORD-3391,SEL-001,REFERRAL_AND_FBA,525.4,2026-08-15 12:56:32
FEE-9392,ORD-3392,SEL-001,REFERRAL_AND_FBA,675.52,2026-08-15 13:05:06
FEE-9393,ORD-3393,SEL-001,REFERRAL_AND_FBA,492.5,2026-08-15 13:13:21
FEE-9394,ORD-3394,SEL-001,REFERRAL_AND_FBA,523.9,2026-08-15 13:22:19
FEE-9395,ORD-3395,SEL-001,REFERRAL_AND_FBA,689.62,2026-08-15 13:30:41
FEE-9396,ORD-3396,SEL-001,REFERRAL_AND_FBA,293.11,2026-08-15 13:39:24
FEE-9397,ORD-3397,SEL-001,REFERRAL_AND_FBA,237.79,2026-08-15 13:47:34
FEE-9398,ORD-3398,SEL-001,REFERRAL_AND_FBA,121.71,2026-08-15 13:56:16
FEE-9399,ORD-3399,SEL-001,REFERRAL_AND_FBA,607.04,2026-08-15 14:05:01
FEE-9400,ORD-3400,SEL-001,REFERRAL_AND_FBA,201.6,2026-08-15 14:13:27
FEE-9401,ORD-3401,SEL-001,REFERRAL_AND_FBA,468.16,2026-08-15 14:21:56
FEE-9402,ORD-3402,SEL-001,REFERRAL_AND_FBA,162.4,2026-08-15 14:30:37
FEE-9403,ORD-3403,SEL-001,REFERRAL_AND_FBA,334.4,2026-08-15 14:38:47
FEE-9404,ORD-3404,SEL-001,REFERRAL_AND_FBA,220.0,2026-08-15 14:47:18
FEE-9405,ORD-3405,SEL-001,REFERRAL_AND_FBA,469.6,2026-08-15 14:55:58
FEE-9406,ORD-3406,SEL-001,REFERRAL_AND_FBA,220.0,2026-08-15 15:04:22
FEE-9407,ORD-3407,SEL-001,REFERRAL_AND_FBA,522.72,2026-08-15 15:13:17
FEE-9408,ORD-3408,SEL-001,REFERRAL_AND_FBA,528.94,2026-08-15 15:21:42
FEE-9409,ORD-3409,SEL-001,REFERRAL_AND_FBA,1212.42,2026-08-15 15:30:21
FEE-9410,ORD-3410,SEL-001,REFERRAL_AND_FBA,694.24,2026-08-15 15:38:41
FEE-9411,ORD-3411,SEL-001,REFERRAL_AND_FBA,333.82,2026-08-15 15:47:07
FEE-9412,ORD-3412,SEL-001,REFERRAL_AND_FBA,447.56,2026-08-15 15:55:33
FEE-9413,ORD-3413,SEL-001,REFERRAL_AND_FBA,477.04,2026-08-15 16:04:31
FEE-9414,ORD-3414,SEL-001,REFERRAL_AND_FBA,220.0,2026-08-15 16:12:45
FEE-9415,ORD-3415,SEL-001,REFERRAL_AND_FBA,112.96,2026-08-15 16:21:22
FEE-9416,ORD-3416,SEL-001,REFERRAL_AND_FBA,201.6,2026-08-15 16:29:40
FEE-9417,ORD-3417,SEL-001,REFERRAL_AND_FBA,834.65,2026-08-15 16:38:18
FEE-9418,ORD-3418,SEL-001,REFERRAL_AND_FBA,537.56,2026-08-15 16:46:49
FEE-9419,ORD-3419,SEL-001,REFERRAL_AND_FBA,191.62,2026-08-15 16:55:31
FEE-9420,ORD-3420,SEL-001,REFERRAL_AND_FBA,486.81,2026-08-15 17:04:14
FEE-9421,ORD-3421,SEL-001,REFERRAL_AND_FBA,196.67,2026-08-15 17:12:36
FEE-9422,ORD-3422,SEL-001,REFERRAL_AND_FBA,111.5,2026-08-15 17:20:51
FEE-9423,ORD-3423,SEL-001,REFERRAL_AND_FBA,293.6,2026-08-15 17:29:24
FEE-9424,ORD-3424,SEL-001,REFERRAL_AND_FBA,220.0,2026-08-15 17:38:04
FEE-9425,ORD-3425,SEL-001,REFERRAL_AND_FBA,260.0,2026-08-15 17:46:50
FEE-9426,ORD-3426,SEL-001,REFERRAL_AND_FBA,500.13,2026-08-15 17:55:18
FEE-9427,ORD-3427,SEL-001,REFERRAL_AND_FBA,121.71,2026-08-15 18:03:39
FEE-9428,ORD-3428,SEL-001,REFERRAL_AND_FBA,112.96,2026-08-15 18:12:33
FEE-9429,ORD-3429,SEL-001,REFERRAL_AND_FBA,480.82,2026-08-15 18:20:52
FEE-9430,ORD-3430,SEL-001,REFERRAL_AND_FBA,440.0,2026-08-15 18:29:12
FEE-9431,ORD-3431,SEL-001,REFERRAL_AND_FBA,727.53,2026-08-15 18:37:54
FEE-9432,ORD-3432,SEL-001,REFERRAL_AND_FBA,450.37,2026-08-15 18:46:40
FEE-9433,ORD-3433,SEL-001,REFERRAL_AND_FBA,632.78,2026-08-15 18:54:49
FEE-9434,ORD-3434,SEL-001,REFERRAL_AND_FBA,219.26,2026-08-15 19:03:25
FEE-9435,ORD-3435,SEL-001,REFERRAL_AND_FBA,541.66,2026-08-15 19:11:53
FEE-9436,ORD-3436,SEL-001,REFERRAL_AND_FBA,385.02,2026-08-15 19:20:44
FEE-9437,ORD-3437,SEL-001,REFERRAL_AND_FBA,262.7,2026-08-15 19:29:07
FEE-9438,ORD-3438,SEL-001,REFERRAL_AND_FBA,486.81,2026-08-15 19:37:52
FEE-9439,ORD-3439,SEL-001,REFERRAL_AND_FBA,460.56,2026-08-15 19:46:18
FEE-9440,ORD-3440,SEL-001,REFERRAL_AND_FBA,1455.06,2026-08-15 19:54:39
FEE-9441,ORD-3441,SEL-001,REFERRAL_AND_FBA,466.06,2026-08-15 20:03:12
FEE-9442,ORD-3442,SEL-001,REFERRAL_AND_FBA,307.08,2026-08-15 20:11:31
FEE-9443,ORD-3443,SEL-001,REFERRAL_AND_FBA,220.0,2026-08-15 20:20:29
FEE-9444,ORD-3444,SEL-001,REFERRAL_AND_FBA,151.63,2026-08-15 20:28:52
FEE-9445,ORD-3445,SEL-001,REFERRAL_AND_FBA,96.64,2026-08-15 20:37:16
FEE-9446,ORD-3446,SEL-001,REFERRAL_AND_FBA,523.9,2026-08-15 20:46:03
FEE-9447,ORD-3447,SEL-001,REFERRAL_AND_FBA,607.04,2026-08-15 20:54:42
FEE-9448,ORD-3448,SEL-001,REFERRAL_AND_FBA,450.37,2026-08-15 21:02:56
FEE-9449,ORD-3449,SEL-001,REFERRAL_AND_FBA,334.4,2026-08-15 21:11:30
FEE-9450,ORD-3450,SEL-001,REFERRAL_AND_FBA,1217.02,2026-08-15 21:19:58
FEE-9451,ORD-3451,SEL-001,REFERRAL_AND_FBA,480.82,2026-08-15 21:28:38
FEE-9452,ORD-3452,SEL-001,REFERRAL_AND_FBA,238.52,2026-08-15 21:37:16
FEE-9453,ORD-3453,SEL-001,REFERRAL_AND_FBA,150.46,2026-08-15 21:45:28
FEE-9454,ORD-3454,SEL-001,REFERRAL_AND_FBA,201.6,2026-08-15 21:54:23
FEE-9455,ORD-3455,SEL-001,REFERRAL_AND_FBA,240.9,2026-08-15 22:02:38
FEE-9456,ORD-3456,SEL-001,REFERRAL_AND_FBA,266.0,2026-08-15 22:11:22
FEE-9457,ORD-3457,SEL-001,REFERRAL_AND_FBA,500.5,2026-08-15 22:19:52
FEE-9458,ORD-3458,SEL-001,REFERRAL_AND_FBA,156.89,2026-08-15 22:28:05
FEE-9459,ORD-3459,SEL-001,REFERRAL_AND_FBA,541.66,2026-08-15 22:36:37
FEE-9460,ORD-3460,SEL-001,REFERRAL_AND_FBA,361.63,2026-08-15 22:45:26
FEE-9461,ORD-3461,SEL-001,REFERRAL_AND_FBA,96.64,2026-08-15 22:53:57
FEE-9462,ORD-3462,SEL-001,REFERRAL_AND_FBA,385.02,2026-08-15 23:02:14
FEE-9463,ORD-3463,SEL-001,REFERRAL_AND_FBA,333.82,2026-08-15 23:10:46
FEE-9464,ORD-3464,SEL-001,REFERRAL_AND_FBA,111.5,2026-08-15 23:19:39
FEE-9465,ORD-3465,SEL-001,REFERRAL_AND_FBA,361.63,2026-08-15 23:28:02
FEE-9466,ORD-3466,SEL-001,REFERRAL_AND_FBA,500.13,2026-08-15 23:36:21
FEE-9467,ORD-3467,SEL-001,REFERRAL_AND_FBA,608.51,2026-08-15 23:44:53
FEE-9468,ORD-3468,SEL-001,REFERRAL_AND_FBA,557.32,2026-08-15 23:53:46
FEE-9469,ORD-3469,SEL-001,REFERRAL_AND_FBA,324.8,2026-08-16 00:02:23
FEE-9470,ORD-3470,SEL-001,REFERRAL_AND_FBA,309.41,2026-08-16 00:10:53
FEE-9471,ORD-3471,SEL-001,REFERRAL_AND_FBA,220.0,2026-08-16 00:19:31
FEE-9472,ORD-3472,SEL-001,REFERRAL_AND_FBA,632.78,2026-08-16 00:27:35
FEE-9473,ORD-3473,SEL-001,REFERRAL_AND_FBA,1265.55,2026-08-16 00:36:10
FEE-9474,ORD-3474,SEL-001,REFERRAL_AND_FBA,480.82,2026-08-16 00:44:48
FEE-9475,ORD-3475,SEL-001,REFERRAL_AND_FBA,361.63,2026-08-16 00:53:09
FEE-9476,ORD-3476,SEL-001,REFERRAL_AND_FBA,429.81,2026-08-16 01:01:55
FEE-9477,ORD-3477,SEL-001,REFERRAL_AND_FBA,293.11,2026-08-16 01:10:15
FEE-9478,ORD-3478,SEL-001,REFERRAL_AND_FBA,500.5,2026-08-16 01:19:09
FEE-9479,ORD-3479,SEL-001,REFERRAL_AND_FBA,414.66,2026-08-16 01:27:27
FEE-9480,ORD-3480,SEL-001,REFERRAL_AND_FBA,557.32,2026-08-16 01:35:57
FEE-9481,ORD-3481,SEL-001,REFERRAL_AND_FBA,109.42,2026-08-16 01:44:34
FEE-9482,ORD-3482,SEL-001,REFERRAL_AND_FBA,465.17,2026-08-16 01:53:19
FEE-9483,ORD-3483,SEL-001,REFERRAL_AND_FBA,995.5,2026-08-16 02:01:27
FEE-9484,ORD-3484,SEL-001,REFERRAL_AND_FBA,607.04,2026-08-16 02:10:25
FEE-9485,ORD-3485,SEL-001,REFERRAL_AND_FBA,147.92,2026-08-16 02:18:51
FEE-9486,ORD-3486,SEL-001,REFERRAL_AND_FBA,261.36,2026-08-16 02:27:24
FEE-9487,ORD-3487,SEL-001,REFERRAL_AND_FBA,608.51,2026-08-16 02:35:38
FEE-9488,ORD-3488,SEL-001,REFERRAL_AND_FBA,506.8,2026-08-16 02:44:11
FEE-9489,ORD-3489,SEL-001,REFERRAL_AND_FBA,313.78,2026-08-16 02:52:44
FEE-9490,ORD-3490,SEL-001,REFERRAL_AND_FBA,121.71,2026-08-16 03:01:20
FEE-9491,ORD-3491,SEL-001,REFERRAL_AND_FBA,226.06,2026-08-16 03:10:05
FEE-9492,ORD-3492,SEL-001,REFERRAL_AND_FBA,96.64,2026-08-16 03:18:33
FEE-9493,ORD-3493,SEL-001,REFERRAL_AND_FBA,361.48,2026-08-16 03:26:53
FEE-9494,ORD-3494,SEL-001,REFERRAL_AND_FBA,480.82,2026-08-16 03:35:31
FEE-9495,ORD-3495,SEL-001,REFERRAL_AND_FBA,668.81,2026-08-16 03:44:10
FEE-9496,ORD-3496,SEL-001,REFERRAL_AND_FBA,385.02,2026-08-16 03:52:32
FEE-9497,ORD-3497,SEL-001,REFERRAL_AND_FBA,651.18,2026-08-16 04:01:09
FEE-9498,ORD-3498,SEL-001,REFERRAL_AND_FBA,154.16,2026-08-16 04:09:30
FEE-9499,ORD-3499,SEL-001,REFERRAL_AND_FBA,385.02,2026-08-16 04:18:20
FEE-9500,ORD-3500,SEL-001,REFERRAL_AND_FBA,121.71,2026-08-16 04:26:35
FEE-9501,ORD-3501,SEL-001,REFERRAL_AND_FBA,712.86,2026-08-16 04:35:20
FEE-9502,ORD-3502,SEL-001,REFERRAL_AND_FBA,293.11,2026-08-16 04:43:47
FEE-9503,ORD-3503,SEL-001,REFERRAL_AND_FBA,249.73,2026-08-16 04:52:29
FEE-9504,ORD-3504,SEL-001,REFERRAL_AND_FBA,562.0,2026-08-16 05:00:43
FEE-9505,ORD-3505,SEL-001,REFERRAL_AND_FBA,220.0,2026-08-16 05:09:22
FEE-9506,ORD-3506,SEL-001,REFERRAL_AND_FBA,651.18,2026-08-16 05:17:48
FEE-9507,ORD-3507,SEL-001,REFERRAL_AND_FBA,480.82,2026-08-16 05:26:28
FEE-9508,ORD-3508,SEL-001,REFERRAL_AND_FBA,475.57,2026-08-16 05:35:10
FEE-9509,ORD-3509,SEL-001,REFERRAL_AND_FBA,429.81,2026-08-16 05:43:29
FEE-9510,ORD-3510,SEL-001,REFERRAL_AND_FBA,587.2,2026-08-16 05:52:12
FEE-9511,ORD-3511,SEL-001,REFERRAL_AND_FBA,220.0,2026-08-16 06:00:36
FEE-9512,ORD-3512,SEL-001,REFERRAL_AND_FBA,263.19,2026-08-16 06:09:09
FEE-9513,ORD-3513,SEL-001,REFERRAL_AND_FBA,526.37,2026-08-16 06:17:38
FEE-9514,ORD-3514,SEL-001,REFERRAL_AND_FBA,325.08,2026-08-16 06:26:26
FEE-9515,ORD-3515,SEL-001,REFERRAL_AND_FBA,728.43,2026-08-16 06:34:47
FEE-9516,ORD-3516,SEL-001,REFERRAL_AND_FBA,1387.21,2026-08-16 06:43:19
FEE-9517,ORD-3517,SEL-001,REFERRAL_AND_FBA,632.78,2026-08-16 06:52:00
FEE-9518,ORD-3518,SEL-001,REFERRAL_AND_FBA,728.43,2026-08-16 07:00:12
FEE-9519,ORD-3519,SEL-001,REFERRAL_AND_FBA,335.78,2026-08-16 07:08:58
FEE-9520,ORD-3520,SEL-001,REFERRAL_AND_FBA,702.72,2026-08-16 07:17:41
FEE-9521,ORD-3521,SEL-001,REFERRAL_AND_FBA,1174.4,2026-08-16 07:26:13
FEE-9522,ORD-3522,SEL-001,REFERRAL_AND_FBA,486.81,2026-08-16 07:34:29
FEE-9523,ORD-3523,SEL-001,REFERRAL_AND_FBA,597.45,2026-08-16 07:43:04
FEE-9524,ORD-3524,SEL-001,REFERRAL_AND_FBA,468.16,2026-08-16 07:51:20
FEE-9525,ORD-3525,SEL-001,REFERRAL_AND_FBA,607.04,2026-08-16 08:00:16
FEE-9526,ORD-3526,SEL-001,REFERRAL_AND_FBA,607.04,2026-08-16 08:08:36
FEE-9527,ORD-3527,SEL-001,REFERRAL_AND_FBA,328.49,2026-08-16 08:17:25
FEE-9528,ORD-3528,SEL-001,REFERRAL_AND_FBA,480.82,2026-08-16 08:25:57
FEE-9529,ORD-3529,SEL-001,REFERRAL_AND_FBA,587.2,2026-08-16 08:34:09
FEE-9530,ORD-3530,SEL-001,REFERRAL_AND_FBA,664.86,2026-08-16 08:42:52
FEE-9531,ORD-3531,SEL-001,REFERRAL_AND_FBA,608.51,2026-08-16 08:51:21
FEE-9532,ORD-3532,SEL-001,REFERRAL_AND_FBA,1425.72,2026-08-16 09:00:05
FEE-9533,ORD-3533,SEL-001,REFERRAL_AND_FBA,249.73,2026-08-16 09:08:34
FEE-9534,ORD-3534,SEL-001,REFERRAL_AND_FBA,500.5,2026-08-16 09:17:08
FEE-9535,ORD-3535,SEL-001,REFERRAL_AND_FBA,1351.05,2026-08-16 09:25:15
FEE-9536,ORD-3536,SEL-001,REFERRAL_AND_FBA,447.56,2026-08-16 09:33:51
FEE-9537,ORD-3537,SEL-001,REFERRAL_AND_FBA,429.81,2026-08-16 09:42:29
FEE-9538,ORD-3538,SEL-001,REFERRAL_AND_FBA,629.82,2026-08-16 09:50:56
FEE-9539,ORD-3539,SEL-001,REFERRAL_AND_FBA,109.42,2026-08-16 09:59:28
FEE-9540,ORD-3540,SEL-001,REFERRAL_AND_FBA,505.62,2026-08-16 10:08:10
FEE-9541,ORD-3541,SEL-001,REFERRAL_AND_FBA,227.0,2026-08-16 10:16:48
FEE-9542,ORD-3542,SEL-001,REFERRAL_AND_FBA,347.12,2026-08-16 10:25:15
FEE-9543,ORD-3543,SEL-001,REFERRAL_AND_FBA,109.42,2026-08-16 10:33:46
FEE-9544,ORD-3544,SEL-001,REFERRAL_AND_FBA,232.32,2026-08-16 10:42:24
FEE-9545,ORD-3545,SEL-001,REFERRAL_AND_FBA,523.9,2026-08-16 10:50:58
FEE-9546,ORD-3546,SEL-001,REFERRAL_AND_FBA,587.2,2026-08-16 10:59:31
FEE-9547,ORD-3547,SEL-001,REFERRAL_AND_FBA,505.62,2026-08-16 11:08:01
FEE-9548,ORD-3548,SEL-001,REFERRAL_AND_FBA,440.0,2026-08-16 11:16:26
FEE-9549,ORD-3549,SEL-001,REFERRAL_AND_FBA,597.45,2026-08-16 11:25:09
FEE-9550,ORD-3550,SEL-001,REFERRAL_AND_FBA,286.74,2026-08-16 11:33:23
FEE-9551,ORD-3551,SEL-001,REFERRAL_AND_FBA,557.32,2026-08-16 11:41:59
FEE-9552,ORD-3552,SEL-001,REFERRAL_AND_FBA,227.0,2026-08-16 11:50:41
FEE-9553,ORD-3553,SEL-001,REFERRAL_AND_FBA,276.99,2026-08-16 11:58:59
FEE-9554,ORD-3554,SEL-001,REFERRAL_AND_FBA,143.37,2026-08-16 12:07:36
FEE-9555,ORD-3555,SEL-001,REFERRAL_AND_FBA,641.84,2026-08-16 12:16:19
FEE-9556,ORD-3556,SEL-001,REFERRAL_AND_FBA,447.56,2026-08-16 12:24:45
FEE-9557,ORD-3557,SEL-001,REFERRAL_AND_FBA,500.5,2026-08-16 12:33:03
FEE-9558,ORD-3558,SEL-001,REFERRAL_AND_FBA,606.21,2026-08-16 12:41:57
FEE-9559,ORD-3559,SEL-001,REFERRAL_AND_FBA,150.46,2026-08-16 12:50:19
FEE-9560,ORD-3560,SEL-001,REFERRAL_AND_FBA,261.36,2026-08-16 12:58:50
FEE-9561,ORD-3561,SEL-001,REFERRAL_AND_FBA,664.86,2026-08-16 13:07:07
FEE-9562,ORD-3562,SEL-001,REFERRAL_AND_FBA,325.08,2026-08-16 13:15:59
FEE-9563,ORD-3563,SEL-001,REFERRAL_AND_FBA,621.25,2026-08-16 13:24:36
FEE-9564,ORD-3564,SEL-001,REFERRAL_AND_FBA,523.9,2026-08-16 13:32:51
FEE-9565,ORD-3565,SEL-001,REFERRAL_AND_FBA,834.65,2026-08-16 13:41:21
FEE-9566,ORD-3566,SEL-001,REFERRAL_AND_FBA,151.63,2026-08-16 13:49:52
FEE-9567,ORD-3567,SEL-001,REFERRAL_AND_FBA,723.32,2026-08-16 13:58:47
FEE-9568,ORD-3568,SEL-001,REFERRAL_AND_FBA,309.41,2026-08-16 14:07:06
FEE-9569,ORD-3569,SEL-001,REFERRAL_AND_FBA,497.75,2026-08-16 14:15:41
FEE-9570,ORD-3570,SEL-001,REFERRAL_AND_FBA,505.62,2026-08-16 14:24:04
FEE-9571,ORD-3571,SEL-001,REFERRAL_AND_FBA,143.37,2026-08-16 14:32:54
FEE-9572,ORD-3572,SEL-001,REFERRAL_AND_FBA,150.46,2026-08-16 14:41:07
FEE-9573,ORD-3573,SEL-001,REFERRAL_AND_FBA,528.94,2026-08-16 14:49:34
FEE-9574,ORD-3574,SEL-001,REFERRAL_AND_FBA,632.78,2026-08-16 14:58:05
FEE-9575,ORD-3575,SEL-001,REFERRAL_AND_FBA,154.16,2026-08-16 15:06:54
FEE-9576,ORD-3576,SEL-001,REFERRAL_AND_FBA,447.56,2026-08-16 15:15:07
FEE-9577,ORD-3577,SEL-001,REFERRAL_AND_FBA,227.0,2026-08-16 15:23:43
FEE-9578,ORD-3578,SEL-001,REFERRAL_AND_FBA,361.48,2026-08-16 15:32:25
FEE-9579,ORD-3579,SEL-001,REFERRAL_AND_FBA,597.45,2026-08-16 15:41:05
FEE-9580,ORD-3580,SEL-001,REFERRAL_AND_FBA,466.06,2026-08-16 15:49:27
FEE-9581,ORD-3581,SEL-001,REFERRAL_AND_FBA,232.32,2026-08-16 15:58:00
FEE-9582,ORD-3582,SEL-001,REFERRAL_AND_FBA,226.06,2026-08-16 16:06:43
FEE-9583,ORD-3583,SEL-001,REFERRAL_AND_FBA,1000.27,2026-08-16 16:15:11
FEE-9584,ORD-3584,SEL-001,REFERRAL_AND_FBA,1423.12,2026-08-16 16:23:46
FEE-9585,ORD-3585,SEL-001,REFERRAL_AND_FBA,597.45,2026-08-16 16:32:10
FEE-9586,ORD-3586,SEL-001,REFERRAL_AND_FBA,309.41,2026-08-16 16:40:50
FEE-9587,ORD-3587,SEL-001,REFERRAL_AND_FBA,218.83,2026-08-16 16:49:21
FEE-9588,ORD-3588,SEL-001,REFERRAL_AND_FBA,226.06,2026-08-16 16:58:00
FEE-9589,ORD-3589,SEL-001,REFERRAL_AND_FBA,641.84,2026-08-16 17:06:29
FEE-9590,ORD-3590,SEL-001,REFERRAL_AND_FBA,309.41,2026-08-16 17:15:02
FEE-9591,ORD-3591,SEL-001,REFERRAL_AND_FBA,237.79,2026-08-16 17:23:17
FEE-9592,ORD-3592,SEL-001,REFERRAL_AND_FBA,295.85,2026-08-16 17:31:46
FEE-9593,ORD-3593,SEL-001,REFERRAL_AND_FBA,238.52,2026-08-16 17:40:21
FEE-9594,ORD-3594,SEL-001,REFERRAL_AND_FBA,693.61,2026-08-16 17:48:52
FEE-9595,ORD-3595,SEL-001,REFERRAL_AND_FBA,261.36,2026-08-16 17:57:45
FEE-9596,ORD-3596,SEL-001,REFERRAL_AND_FBA,608.51,2026-08-16 18:05:58
FEE-9597,ORD-3597,SEL-001,REFERRAL_AND_FBA,429.81,2026-08-16 18:14:47
FEE-9598,ORD-3598,SEL-001,REFERRAL_AND_FBA,220.0,2026-08-16 18:23:17
FEE-9599,ORD-3599,SEL-001,REFERRAL_AND_FBA,1283.67,2026-08-16 18:31:53
FEE-9600,ORD-3600,SEL-001,REFERRAL_AND_FBA,1212.42,2026-08-16 18:40:16
FEE-9601,ORD-3601,SEL-001,REFERRAL_AND_FBA,475.57,2026-08-16 18:48:46
FEE-9602,ORD-3602,SEL-001,REFERRAL_AND_FBA,403.2,2026-08-16 18:57:16
FEE-9603,ORD-3603,SEL-001,REFERRAL_AND_FBA,468.16,2026-08-16 19:05:33
FEE-9604,ORD-3604,SEL-001,REFERRAL_AND_FBA,143.37,2026-08-16 19:14:09
FEE-9605,ORD-3605,SEL-001,REFERRAL_AND_FBA,664.86,2026-08-16 19:22:50
FEE-9606,ORD-3606,SEL-001,REFERRAL_AND_FBA,664.86,2026-08-16 19:31:10
FEE-9607,ORD-3607,SEL-001,REFERRAL_AND_FBA,587.2,2026-08-16 19:39:57
FEE-9608,ORD-3608,SEL-001,REFERRAL_AND_FBA,201.6,2026-08-16 19:48:17
FEE-9609,ORD-3609,SEL-001,REFERRAL_AND_FBA,269.71,2026-08-16 19:57:03
FEE-9610,ORD-3610,SEL-001,REFERRAL_AND_FBA,385.02,2026-08-16 20:05:18
FEE-9611,ORD-3611,SEL-001,REFERRAL_AND_FBA,728.43,2026-08-16 20:14:12
FEE-9612,ORD-3612,SEL-001,REFERRAL_AND_FBA,1283.67,2026-08-16 20:22:20
FEE-9613,ORD-3613,SEL-001,REFERRAL_AND_FBA,460.56,2026-08-16 20:31:09
FEE-9614,ORD-3614,SEL-001,REFERRAL_AND_FBA,191.62,2026-08-16 20:39:24
FEE-9615,ORD-3615,SEL-001,REFERRAL_AND_FBA,505.62,2026-08-16 20:48:22
FEE-9616,ORD-3616,SEL-001,REFERRAL_AND_FBA,150.46,2026-08-16 20:56:33
FEE-9617,ORD-3617,SEL-001,REFERRAL_AND_FBA,154.16,2026-08-16 21:05:14
FEE-9618,ORD-3618,SEL-001,REFERRAL_AND_FBA,450.37,2026-08-16 21:13:38
FEE-9619,ORD-3619,SEL-001,REFERRAL_AND_FBA,1013.6,2026-08-16 21:22:16
FEE-9620,ORD-3620,SEL-001,REFERRAL_AND_FBA,1075.13,2026-08-16 21:31:05
FEE-9621,ORD-3621,SEL-001,REFERRAL_AND_FBA,523.9,2026-08-16 21:39:19
FEE-9622,ORD-3622,SEL-001,REFERRAL_AND_FBA,689.62,2026-08-16 21:47:59
FEE-9623,ORD-3623,SEL-001,REFERRAL_AND_FBA,465.17,2026-08-16 21:56:40
FEE-9624,ORD-3624,SEL-001,REFERRAL_AND_FBA,226.06,2026-08-16 22:05:06
FEE-9625,ORD-3625,SEL-001,REFERRAL_AND_FBA,557.7,2026-08-16 22:13:22
FEE-9626,ORD-3626,SEL-001,REFERRAL_AND_FBA,201.6,2026-08-16 22:22:00
FEE-9627,ORD-3627,SEL-001,REFERRAL_AND_FBA,193.29,2026-08-16 22:30:22
FEE-9628,ORD-3628,SEL-001,REFERRAL_AND_FBA,361.63,2026-08-16 22:38:57
FEE-9629,ORD-3629,SEL-001,REFERRAL_AND_FBA,112.96,2026-08-16 22:47:53
FEE-9630,ORD-3630,SEL-001,REFERRAL_AND_FBA,325.08,2026-08-16 22:56:04
FEE-9631,ORD-3631,SEL-001,REFERRAL_AND_FBA,447.56,2026-08-16 23:04:58
FEE-9632,ORD-3632,SEL-001,REFERRAL_AND_FBA,506.8,2026-08-16 23:13:01
FEE-9633,ORD-3633,SEL-001,REFERRAL_AND_FBA,361.48,2026-08-16 23:21:37
FEE-9634,ORD-3634,SEL-001,REFERRAL_AND_FBA,344.72,2026-08-16 23:30:18
FEE-9635,ORD-3635,SEL-001,REFERRAL_AND_FBA,429.81,2026-08-16 23:38:52
FEE-9636,ORD-3636,SEL-001,REFERRAL_AND_FBA,475.57,2026-08-16 23:47:27
FEE-9637,ORD-3637,SEL-001,REFERRAL_AND_FBA,260.0,2026-08-16 23:55:46
FEE-9638,ORD-3638,SEL-001,REFERRAL_AND_FBA,154.16,2026-08-17 00:04:43
FEE-9639,ORD-3639,SEL-001,REFERRAL_AND_FBA,480.82,2026-08-17 00:13:06
FEE-9640,ORD-3640,SEL-001,REFERRAL_AND_FBA,468.16,2026-08-17 00:21:33
FEE-9641,ORD-3641,SEL-001,REFERRAL_AND_FBA,587.2,2026-08-17 00:29:52
FEE-9642,ORD-3642,SEL-001,REFERRAL_AND_FBA,156.89,2026-08-17 00:38:26
FEE-9643,ORD-3643,SEL-001,REFERRAL_AND_FBA,220.0,2026-08-17 00:47:14
FEE-9644,ORD-3644,SEL-001,REFERRAL_AND_FBA,154.16,2026-08-17 00:55:37
FEE-9645,ORD-3645,SEL-001,REFERRAL_AND_FBA,220.0,2026-08-17 01:04:14
FEE-9646,ORD-3646,SEL-001,REFERRAL_AND_FBA,728.43,2026-08-17 01:12:47
FEE-9647,ORD-3647,SEL-001,REFERRAL_AND_FBA,385.02,2026-08-17 01:21:24
FEE-9648,ORD-3648,SEL-001,REFERRAL_AND_FBA,608.51,2026-08-17 01:29:53
FEE-9649,ORD-3649,SEL-001,REFERRAL_AND_FBA,597.45,2026-08-17 01:38:12
FEE-9650,ORD-3650,SEL-001,REFERRAL_AND_FBA,361.63,2026-08-17 01:46:45
FEE-9651,ORD-3651,SEL-001,REFERRAL_AND_FBA,245.07,2026-08-17 01:55:13
FEE-9652,ORD-3652,SEL-001,REFERRAL_AND_FBA,143.37,2026-08-17 02:03:53
FEE-9653,ORD-3653,SEL-001,REFERRAL_AND_FBA,201.6,2026-08-17 02:12:41
FEE-9654,ORD-3654,SEL-001,REFERRAL_AND_FBA,328.49,2026-08-17 02:20:56
FEE-9655,ORD-3655,SEL-001,REFERRAL_AND_FBA,693.61,2026-08-17 02:29:24
FEE-9656,ORD-3656,SEL-001,REFERRAL_AND_FBA,196.67,2026-08-17 02:38:10
FEE-9657,ORD-3657,SEL-001,REFERRAL_AND_FBA,151.63,2026-08-17 02:46:34
FEE-9658,ORD-3658,SEL-001,REFERRAL_AND_FBA,1423.12,2026-08-17 02:55:11
FEE-9659,ORD-3659,SEL-001,REFERRAL_AND_FBA,96.64,2026-08-17 03:03:32
FEE-9660,ORD-3660,SEL-001,REFERRAL_AND_FBA,234.8,2026-08-17 03:12:11
FEE-9661,ORD-3661,SEL-001,REFERRAL_AND_FBA,133.0,2026-08-17 03:20:51
FEE-9662,ORD-3662,SEL-001,REFERRAL_AND_FBA,702.72,2026-08-17 03:29:22
FEE-9663,ORD-3663,SEL-001,REFERRAL_AND_FBA,1455.06,2026-08-17 03:37:41
FEE-9664,ORD-3664,SEL-001,REFERRAL_AND_FBA,361.63,2026-08-17 03:46:35
FEE-9665,ORD-3665,SEL-001,REFERRAL_AND_FBA,267.83,2026-08-17 03:54:41
FEE-9666,ORD-3666,SEL-001,REFERRAL_AND_FBA,921.12,2026-08-17 04:03:11
FEE-9667,ORD-3667,SEL-001,REFERRAL_AND_FBA,641.84,2026-08-17 04:12:05
FEE-9668,ORD-3668,SEL-001,REFERRAL_AND_FBA,201.6,2026-08-17 04:20:43
FEE-9669,ORD-3669,SEL-001,REFERRAL_AND_FBA,227.0,2026-08-17 04:28:55
FEE-9670,ORD-3670,SEL-001,REFERRAL_AND_FBA,261.36,2026-08-17 04:37:23
FEE-9671,ORD-3671,SEL-001,REFERRAL_AND_FBA,333.82,2026-08-17 04:46:10
FEE-9672,ORD-3672,SEL-001,REFERRAL_AND_FBA,480.82,2026-08-17 04:54:25
FEE-9673,ORD-3673,SEL-001,REFERRAL_AND_FBA,723.32,2026-08-17 05:03:22
FEE-9674,ORD-3674,SEL-001,REFERRAL_AND_FBA,651.18,2026-08-17 05:11:37
FEE-9675,ORD-3675,SEL-001,REFERRAL_AND_FBA,553.97,2026-08-17 05:20:13
FEE-9676,ORD-3676,SEL-001,REFERRAL_AND_FBA,233.03,2026-08-17 05:28:58
FEE-9677,ORD-3677,SEL-001,REFERRAL_AND_FBA,347.12,2026-08-17 05:37:31
FEE-9678,ORD-3678,SEL-001,REFERRAL_AND_FBA,231.88,2026-08-17 05:45:43
FEE-9679,ORD-3679,SEL-001,REFERRAL_AND_FBA,510.34,2026-08-17 05:54:22
FEE-9680,ORD-3680,SEL-001,REFERRAL_AND_FBA,667.63,2026-08-17 06:03:06
FEE-9681,ORD-3681,SEL-001,REFERRAL_AND_FBA,606.21,2026-08-17 06:11:11
FEE-9682,ORD-3682,SEL-001,REFERRAL_AND_FBA,505.62,2026-08-17 06:19:52
FEE-9683,ORD-3683,SEL-001,REFERRAL_AND_FBA,231.88,2026-08-17 06:28:39
FEE-9684,ORD-3684,SEL-001,REFERRAL_AND_FBA,361.63,2026-08-17 06:37:14
FEE-9685,ORD-3685,SEL-001,REFERRAL_AND_FBA,497.75,2026-08-17 06:45:25
FEE-9686,ORD-3686,SEL-001,REFERRAL_AND_FBA,1259.64,2026-08-17 06:54:13
FEE-9687,ORD-3687,SEL-001,REFERRAL_AND_FBA,276.99,2026-08-17 07:02:36
FEE-9688,ORD-3688,SEL-001,REFERRAL_AND_FBA,403.2,2026-08-17 07:11:10
FEE-9689,ORD-3689,SEL-001,REFERRAL_AND_FBA,1259.64,2026-08-17 07:19:48
FEE-9690,ORD-3690,SEL-001,REFERRAL_AND_FBA,607.04,2026-08-17 07:28:03
FEE-9691,ORD-3691,SEL-001,REFERRAL_AND_FBA,711.56,2026-08-17 07:36:35
FEE-9692,ORD-3692,SEL-001,REFERRAL_AND_FBA,475.57,2026-08-17 07:45:26
FEE-9693,ORD-3693,SEL-001,REFERRAL_AND_FBA,557.32,2026-08-17 07:53:39
FEE-9694,ORD-3694,SEL-001,REFERRAL_AND_FBA,147.92,2026-08-17 08:02:28
FEE-9695,ORD-3695,SEL-001,REFERRAL_AND_FBA,414.66,2026-08-17 08:11:02
FEE-9696,ORD-3696,SEL-001,REFERRAL_AND_FBA,307.08,2026-08-17 08:19:24
FEE-9697,ORD-3697,SEL-001,REFERRAL_AND_FBA,334.4,2026-08-17 08:27:53
FEE-9698,ORD-3698,SEL-001,REFERRAL_AND_FBA,334.4,2026-08-17 08:36:30
FEE-9699,ORD-3699,SEL-001,REFERRAL_AND_FBA,309.41,2026-08-17 08:45:14
FEE-9700,ORD-3700,SEL-001,REFERRAL_AND_FBA,293.6,2026-08-17 08:53:26
FEE-9701,ORD-3701,SEL-001,REFERRAL_AND_FBA,191.62,2026-08-17 09:01:55
FEE-9702,ORD-3702,SEL-001,REFERRAL_AND_FBA,510.34,2026-08-17 09:10:31
FEE-9703,ORD-3703,SEL-001,REFERRAL_AND_FBA,557.7,2026-08-17 09:19:16
FEE-9704,ORD-3704,SEL-001,REFERRAL_AND_FBA,728.43,2026-08-17 09:27:44
FEE-9705,ORD-3705,SEL-001,REFERRAL_AND_FBA,553.97,2026-08-17 09:36:02
FEE-9706,ORD-3706,SEL-001,REFERRAL_AND_FBA,232.32,2026-08-17 09:44:56
FEE-9707,ORD-3707,SEL-001,REFERRAL_AND_FBA,460.56,2026-08-17 09:53:04
FEE-9708,ORD-3708,SEL-001,REFERRAL_AND_FBA,464.63,2026-08-17 10:01:47
FEE-9709,ORD-3709,SEL-001,REFERRAL_AND_FBA,143.37,2026-08-17 10:10:31
FEE-9710,ORD-3710,SEL-001,REFERRAL_AND_FBA,460.56,2026-08-17 10:18:55
FEE-9711,ORD-3711,SEL-001,REFERRAL_AND_FBA,417.32,2026-08-17 10:27:19
FEE-9712,ORD-3712,SEL-001,REFERRAL_AND_FBA,328.49,2026-08-17 10:35:58
FEE-9713,ORD-3713,SEL-001,REFERRAL_AND_FBA,335.78,2026-08-17 10:44:30
FEE-9714,ORD-3714,SEL-001,REFERRAL_AND_FBA,539.42,2026-08-17 10:53:15
FEE-9715,ORD-3715,SEL-001,REFERRAL_AND_FBA,220.0,2026-08-17 11:01:32
FEE-9716,ORD-3716,SEL-001,REFERRAL_AND_FBA,309.41,2026-08-17 11:09:57
FEE-9717,ORD-3717,SEL-001,REFERRAL_AND_FBA,220.0,2026-08-17 11:18:34
FEE-9718,ORD-3718,SEL-001,REFERRAL_AND_FBA,632.78,2026-08-17 11:27:26
FEE-9719,ORD-3719,SEL-001,REFERRAL_AND_FBA,96.64,2026-08-17 11:35:43
FEE-9720,ORD-3720,SEL-001,REFERRAL_AND_FBA,541.66,2026-08-17 11:44:11
FEE-9721,ORD-3721,SEL-001,REFERRAL_AND_FBA,447.56,2026-08-17 11:52:37
FEE-9722,ORD-3722,SEL-001,REFERRAL_AND_FBA,96.64,2026-08-17 12:01:05
FEE-9723,ORD-3723,SEL-001,REFERRAL_AND_FBA,344.72,2026-08-17 12:09:56
FEE-9724,ORD-3724,SEL-001,REFERRAL_AND_FBA,220.0,2026-08-17 12:18:32
FEE-9725,ORD-3725,SEL-001,REFERRAL_AND_FBA,262.7,2026-08-17 12:26:43
FEE-9726,ORD-3726,SEL-001,REFERRAL_AND_FBA,460.56,2026-08-17 12:35:35
FEE-9727,ORD-3727,SEL-001,REFERRAL_AND_FBA,237.79,2026-08-17 12:44:00
FEE-9728,ORD-3728,SEL-001,REFERRAL_AND_FBA,541.66,2026-08-17 12:52:23
FEE-9729,ORD-3729,SEL-001,REFERRAL_AND_FBA,385.02,2026-08-17 13:01:18
FEE-9730,ORD-3730,SEL-001,REFERRAL_AND_FBA,267.83,2026-08-17 13:09:36
FEE-9731,ORD-3731,SEL-001,REFERRAL_AND_FBA,541.66,2026-08-17 13:18:05
FEE-9732,ORD-3732,SEL-001,REFERRAL_AND_FBA,597.45,2026-08-17 13:26:44
FEE-9733,ORD-3733,SEL-001,REFERRAL_AND_FBA,333.82,2026-08-17 13:35:21
FEE-9734,ORD-3734,SEL-001,REFERRAL_AND_FBA,154.16,2026-08-17 13:43:53
FEE-9735,ORD-3735,SEL-001,REFERRAL_AND_FBA,468.16,2026-08-17 13:52:27
FEE-9736,ORD-3736,SEL-001,REFERRAL_AND_FBA,112.96,2026-08-17 14:00:48
FEE-9737,ORD-3737,SEL-001,REFERRAL_AND_FBA,675.52,2026-08-17 14:09:11
FEE-9738,ORD-3738,SEL-001,REFERRAL_AND_FBA,528.94,2026-08-17 14:18:00
FEE-9739,ORD-3739,SEL-001,REFERRAL_AND_FBA,108.45,2026-08-17 14:26:22
FEE-9740,ORD-3740,SEL-001,REFERRAL_AND_FBA,220.0,2026-08-17 14:34:50
FEE-9741,ORD-3741,SEL-001,REFERRAL_AND_FBA,468.16,2026-08-17 14:43:24
FEE-9742,ORD-3742,SEL-001,REFERRAL_AND_FBA,460.56,2026-08-17 14:51:50
FEE-9743,ORD-3743,SEL-001,REFERRAL_AND_FBA,557.32,2026-08-17 15:00:26
FEE-9744,ORD-3744,SEL-001,REFERRAL_AND_FBA,220.0,2026-08-17 15:09:00
FEE-9745,ORD-3745,SEL-001,REFERRAL_AND_FBA,492.5,2026-08-17 15:17:37
FEE-9746,ORD-3746,SEL-001,REFERRAL_AND_FBA,537.56,2026-08-17 15:26:07
FEE-9747,ORD-3747,SEL-001,REFERRAL_AND_FBA,693.61,2026-08-17 15:34:27
FEE-9748,ORD-3748,SEL-001,REFERRAL_AND_FBA,162.4,2026-08-17 15:43:14
FEE-9749,ORD-3749,SEL-001,REFERRAL_AND_FBA,587.2,2026-08-17 15:51:32
FEE-9750,ORD-3750,SEL-001,REFERRAL_AND_FBA,143.37,2026-08-17 16:00:04
FEE-9751,ORD-3751,SEL-001,REFERRAL_AND_FBA,293.6,2026-08-17 16:08:58
FEE-9752,ORD-3752,SEL-001,REFERRAL_AND_FBA,263.19,2026-08-17 16:17:31
FEE-9753,ORD-3753,SEL-001,REFERRAL_AND_FBA,434.35,2026-08-17 16:25:52
FEE-9754,ORD-3754,SEL-001,REFERRAL_AND_FBA,220.0,2026-08-17 16:34:31
FEE-9755,ORD-3755,SEL-001,REFERRAL_AND_FBA,727.53,2026-08-17 16:42:57
FEE-9756,ORD-3756,SEL-001,REFERRAL_AND_FBA,541.66,2026-08-17 16:51:41
FEE-9757,ORD-3757,SEL-001,REFERRAL_AND_FBA,621.25,2026-08-17 16:59:58
FEE-9758,ORD-3758,SEL-001,REFERRAL_AND_FBA,523.9,2026-08-17 17:08:40
FEE-9759,ORD-3759,SEL-001,REFERRAL_AND_FBA,276.99,2026-08-17 17:16:57
FEE-9760,ORD-3760,SEL-001,REFERRAL_AND_FBA,606.21,2026-08-17 17:25:33
FEE-9761,ORD-3761,SEL-001,REFERRAL_AND_FBA,261.36,2026-08-17 17:33:54
FEE-9762,ORD-3762,SEL-001,REFERRAL_AND_FBA,702.72,2026-08-17 17:42:42
FEE-9763,ORD-3763,SEL-001,REFERRAL_AND_FBA,325.08,2026-08-17 17:51:04
FEE-9764,ORD-3764,SEL-001,REFERRAL_AND_FBA,465.17,2026-08-17 17:59:31
FEE-9765,ORD-3765,SEL-001,REFERRAL_AND_FBA,497.75,2026-08-17 18:08:09
FEE-9766,ORD-3766,SEL-001,REFERRAL_AND_FBA,693.61,2026-08-17 18:17:02
FEE-9767,ORD-3767,SEL-001,REFERRAL_AND_FBA,510.34,2026-08-17 18:25:29
FEE-9768,ORD-3768,SEL-001,REFERRAL_AND_FBA,1387.21,2026-08-17 18:33:40
FEE-9769,ORD-3769,SEL-001,REFERRAL_AND_FBA,220.0,2026-08-17 18:42:17
FEE-9770,ORD-3770,SEL-001,REFERRAL_AND_FBA,492.5,2026-08-17 18:51:10
FEE-9771,ORD-3771,SEL-001,REFERRAL_AND_FBA,500.5,2026-08-17 18:59:27
FEE-9772,ORD-3772,SEL-001,REFERRAL_AND_FBA,607.04,2026-08-17 19:08:12
FEE-9773,ORD-3773,SEL-001,REFERRAL_AND_FBA,220.0,2026-08-17 19:16:19
FEE-9774,ORD-3774,SEL-001,REFERRAL_AND_FBA,220.0,2026-08-17 19:24:59
FEE-9775,ORD-3775,SEL-001,REFERRAL_AND_FBA,156.89,2026-08-17 19:33:53
FEE-9776,ORD-3776,SEL-001,REFERRAL_AND_FBA,111.5,2026-08-17 19:42:08
FEE-9777,ORD-3777,SEL-001,REFERRAL_AND_FBA,220.0,2026-08-17 19:50:36
FEE-9778,ORD-3778,SEL-001,REFERRAL_AND_FBA,307.08,2026-08-17 19:59:13
FEE-9779,ORD-3779,SEL-001,REFERRAL_AND_FBA,334.4,2026-08-17 20:08:01
FEE-9780,ORD-3780,SEL-001,REFERRAL_AND_FBA,293.11,2026-08-17 20:16:26
FEE-9781,ORD-3781,SEL-001,REFERRAL_AND_FBA,361.48,2026-08-17 20:24:35
FEE-9782,ORD-3782,SEL-001,REFERRAL_AND_FBA,234.8,2026-08-17 20:33:09
FEE-9783,ORD-3783,SEL-001,REFERRAL_AND_FBA,108.45,2026-08-17 20:41:53
FEE-9784,ORD-3784,SEL-001,REFERRAL_AND_FBA,333.82,2026-08-17 20:50:13
FEE-9785,ORD-3785,SEL-001,REFERRAL_AND_FBA,347.12,2026-08-17 20:58:50
FEE-9786,ORD-3786,SEL-001,REFERRAL_AND_FBA,1000.27,2026-08-17 21:07:23
FEE-9787,ORD-3787,SEL-001,REFERRAL_AND_FBA,454.0,2026-08-17 21:16:06
FEE-9788,ORD-3788,SEL-001,REFERRAL_AND_FBA,661.26,2026-08-17 21:24:27
FEE-9789,ORD-3789,SEL-001,REFERRAL_AND_FBA,293.6,2026-08-17 21:33:03
FEE-9790,ORD-3790,SEL-001,REFERRAL_AND_FBA,468.16,2026-08-17 21:41:35
FEE-9791,ORD-3791,SEL-001,REFERRAL_AND_FBA,156.89,2026-08-17 21:50:09
FEE-9792,ORD-3792,SEL-001,REFERRAL_AND_FBA,671.56,2026-08-17 21:58:37
FEE-9793,ORD-3793,SEL-001,REFERRAL_AND_FBA,414.66,2026-08-17 22:07:13
FEE-9794,ORD-3794,SEL-001,REFERRAL_AND_FBA,196.67,2026-08-17 22:15:42
FEE-9795,ORD-3795,SEL-001,REFERRAL_AND_FBA,237.79,2026-08-17 22:24:25
FEE-9796,ORD-3796,SEL-001,REFERRAL_AND_FBA,293.6,2026-08-17 22:32:56
FEE-9797,ORD-3797,SEL-001,REFERRAL_AND_FBA,307.08,2026-08-17 22:41:35
FEE-9798,ORD-3798,SEL-001,REFERRAL_AND_FBA,528.94,2026-08-17 22:50:06
FEE-9799,ORD-3799,SEL-001,REFERRAL_AND_FBA,263.19,2026-08-17 22:58:30
FEE-9800,ORD-3800,SEL-001,REFERRAL_AND_FBA,121.71,2026-08-17 23:06:51
FEE-9801,ORD-3801,SEL-001,REFERRAL_AND_FBA,325.08,2026-08-17 23:15:42
FEE-9802,ORD-3802,SEL-001,REFERRAL_AND_FBA,226.06,2026-08-17 23:23:55
FEE-9803,ORD-3803,SEL-001,REFERRAL_AND_FBA,608.51,2026-08-17 23:32:27
FEE-9804,ORD-3804,SEL-001,REFERRAL_AND_FBA,220.0,2026-08-17 23:40:58
FEE-9805,ORD-3805,SEL-001,REFERRAL_AND_FBA,111.5,2026-08-17 23:49:27
FEE-9806,ORD-3806,SEL-001,REFERRAL_AND_FBA,307.08,2026-08-17 23:58:20
FEE-9807,ORD-3807,SEL-001,REFERRAL_AND_FBA,220.0,2026-08-18 00:06:55
FEE-9808,ORD-3808,SEL-001,REFERRAL_AND_FBA,111.5,2026-08-18 00:15:06
FEE-9809,ORD-3809,SEL-001,REFERRAL_AND_FBA,664.86,2026-08-18 00:23:36
FEE-9810,ORD-3810,SEL-001,REFERRAL_AND_FBA,307.08,2026-08-18 00:32:14
FEE-9811,ORD-3811,SEL-001,REFERRAL_AND_FBA,510.34,2026-08-18 00:41:06
FEE-9812,ORD-3812,SEL-001,REFERRAL_AND_FBA,234.8,2026-08-18 00:49:10
FEE-9813,ORD-3813,SEL-001,REFERRAL_AND_FBA,429.81,2026-08-18 00:58:06
FEE-9814,ORD-3814,SEL-001,REFERRAL_AND_FBA,728.43,2026-08-18 01:06:32
FEE-9815,ORD-3815,SEL-001,REFERRAL_AND_FBA,414.66,2026-08-18 01:14:46
FEE-9816,ORD-3816,SEL-001,REFERRAL_AND_FBA,162.4,2026-08-18 01:23:19
FEE-9817,ORD-3817,SEL-001,REFERRAL_AND_FBA,1351.05,2026-08-18 01:32:01
FEE-9818,ORD-3818,SEL-001,REFERRAL_AND_FBA,201.6,2026-08-18 01:40:30
FEE-9819,ORD-3819,SEL-001,REFERRAL_AND_FBA,232.32,2026-08-18 01:48:53
FEE-9820,ORD-3820,SEL-001,REFERRAL_AND_FBA,196.67,2026-08-18 01:57:39
FEE-9821,ORD-3821,SEL-001,REFERRAL_AND_FBA,492.5,2026-08-18 02:06:22
FEE-9822,ORD-3822,SEL-001,REFERRAL_AND_FBA,201.6,2026-08-18 02:14:51
FEE-9823,ORD-3823,SEL-001,REFERRAL_AND_FBA,506.8,2026-08-18 02:23:10
FEE-9824,ORD-3824,SEL-001,REFERRAL_AND_FBA,607.04,2026-08-18 02:31:35
FEE-9825,ORD-3825,SEL-001,REFERRAL_AND_FBA,429.81,2026-08-18 02:40:30
FEE-9826,ORD-3826,SEL-001,REFERRAL_AND_FBA,293.11,2026-08-18 02:48:44
FEE-9827,ORD-3827,SEL-001,REFERRAL_AND_FBA,506.8,2026-08-18 02:57:23
FEE-9828,ORD-3828,SEL-001,REFERRAL_AND_FBA,234.8,2026-08-18 03:06:05
FEE-9829,ORD-3829,SEL-001,REFERRAL_AND_FBA,220.0,2026-08-18 03:14:36
FEE-9830,ORD-3830,SEL-001,REFERRAL_AND_FBA,334.4,2026-08-18 03:23:06
FEE-9831,ORD-3831,SEL-001,REFERRAL_AND_FBA,414.66,2026-08-18 03:31:40
FEE-9832,ORD-3832,SEL-001,REFERRAL_AND_FBA,1214.09,2026-08-18 03:40:01
FEE-9833,ORD-3833,SEL-001,REFERRAL_AND_FBA,651.18,2026-08-18 03:48:25
FEE-9834,ORD-3834,SEL-001,REFERRAL_AND_FBA,434.35,2026-08-18 03:57:15
FEE-9835,ORD-3835,SEL-001,REFERRAL_AND_FBA,506.8,2026-08-18 04:05:47
FEE-9836,ORD-3836,SEL-001,REFERRAL_AND_FBA,150.46,2026-08-18 04:14:02
FEE-9837,ORD-3837,SEL-001,REFERRAL_AND_FBA,220.0,2026-08-18 04:22:46
FEE-9838,ORD-3838,SEL-001,REFERRAL_AND_FBA,233.03,2026-08-18 04:31:18
FEE-9839,ORD-3839,SEL-001,REFERRAL_AND_FBA,664.86,2026-08-18 04:39:49
FEE-9840,ORD-3840,SEL-001,REFERRAL_AND_FBA,450.37,2026-08-18 04:48:09
FEE-9841,ORD-3841,SEL-001,REFERRAL_AND_FBA,629.82,2026-08-18 04:56:40
FEE-9842,ORD-3842,SEL-001,REFERRAL_AND_FBA,111.5,2026-08-18 05:05:25
FEE-9843,ORD-3843,SEL-001,REFERRAL_AND_FBA,481.81,2026-08-18 05:14:06
FEE-9844,ORD-3844,SEL-001,REFERRAL_AND_FBA,1047.79,2026-08-18 05:22:27
FEE-9845,ORD-3845,SEL-001,REFERRAL_AND_FBA,156.89,2026-08-18 05:30:46
FEE-9846,ORD-3846,SEL-001,REFERRAL_AND_FBA,220.0,2026-08-18 05:39:45
FEE-9847,ORD-3847,SEL-001,REFERRAL_AND_FBA,335.78,2026-08-18 05:48:06
FEE-9848,ORD-3848,SEL-001,REFERRAL_AND_FBA,111.5,2026-08-18 05:56:38
FEE-9849,ORD-3849,SEL-001,REFERRAL_AND_FBA,711.56,2026-08-18 06:04:57
FEE-9850,ORD-3850,SEL-001,REFERRAL_AND_FBA,196.67,2026-08-18 06:13:38
FEE-9851,ORD-3851,SEL-001,REFERRAL_AND_FBA,675.52,2026-08-18 06:22:09
FEE-9852,ORD-3852,SEL-001,REFERRAL_AND_FBA,497.75,2026-08-18 06:31:01
FEE-9853,ORD-3853,SEL-001,REFERRAL_AND_FBA,728.43,2026-08-18 06:39:21
FEE-9854,ORD-3854,SEL-001,REFERRAL_AND_FBA,414.66,2026-08-18 06:47:53
FEE-9855,ORD-3855,SEL-001,REFERRAL_AND_FBA,361.48,2026-08-18 06:56:24
FEE-9856,ORD-3856,SEL-001,REFERRAL_AND_FBA,629.82,2026-08-18 07:04:47
FEE-9857,ORD-3857,SEL-001,REFERRAL_AND_FBA,191.62,2026-08-18 07:13:21
FEE-9858,ORD-3858,SEL-001,REFERRAL_AND_FBA,226.06,2026-08-18 07:22:09
FEE-9859,ORD-3859,SEL-001,REFERRAL_AND_FBA,770.04,2026-08-18 07:30:36
FEE-9860,ORD-3860,SEL-001,REFERRAL_AND_FBA,728.43,2026-08-18 07:39:11
FEE-9861,ORD-3861,SEL-001,REFERRAL_AND_FBA,196.67,2026-08-18 07:47:36
FEE-9862,ORD-3862,SEL-001,REFERRAL_AND_FBA,450.37,2026-08-18 07:56:14
FEE-9863,ORD-3863,SEL-001,REFERRAL_AND_FBA,260.0,2026-08-18 08:04:43
FEE-9864,ORD-3864,SEL-001,REFERRAL_AND_FBA,693.61,2026-08-18 08:13:07
FEE-9865,ORD-3865,SEL-001,REFERRAL_AND_FBA,879.8,2026-08-18 08:21:35
FEE-9866,ORD-3866,SEL-001,REFERRAL_AND_FBA,1115.41,2026-08-18 08:30:11
FEE-9867,ORD-3867,SEL-001,REFERRAL_AND_FBA,629.82,2026-08-18 08:38:48
FEE-9868,ORD-3868,SEL-001,REFERRAL_AND_FBA,500.5,2026-08-18 08:47:04
FEE-9869,ORD-3869,SEL-001,REFERRAL_AND_FBA,309.41,2026-08-18 08:55:47
FEE-9870,ORD-3870,SEL-001,REFERRAL_AND_FBA,333.82,2026-08-18 09:04:09
FEE-9871,ORD-3871,SEL-001,REFERRAL_AND_FBA,133.0,2026-08-18 09:12:44
FEE-9872,ORD-3872,SEL-001,REFERRAL_AND_FBA,108.45,2026-08-18 09:21:40
FEE-9873,ORD-3873,SEL-001,REFERRAL_AND_FBA,477.38,2026-08-18 09:30:07
FEE-9874,ORD-3874,SEL-001,REFERRAL_AND_FBA,263.19,2026-08-18 09:38:34
FEE-9875,ORD-3875,SEL-001,REFERRAL_AND_FBA,727.53,2026-08-18 09:46:48
FEE-9876,ORD-3876,SEL-001,REFERRAL_AND_FBA,385.02,2026-08-18 09:55:46
FEE-9877,ORD-3877,SEL-001,REFERRAL_AND_FBA,712.86,2026-08-18 10:04:10
FEE-9878,ORD-3878,SEL-001,REFERRAL_AND_FBA,477.38,2026-08-18 10:12:31
FEE-9879,ORD-3879,SEL-001,REFERRAL_AND_FBA,219.26,2026-08-18 10:21:01
FEE-9880,ORD-3880,SEL-001,REFERRAL_AND_FBA,497.75,2026-08-18 10:29:41
FEE-9881,ORD-3881,SEL-001,REFERRAL_AND_FBA,480.82,2026-08-18 10:38:27
FEE-9882,ORD-3882,SEL-001,REFERRAL_AND_FBA,269.71,2026-08-18 10:46:44
FEE-9883,ORD-3883,SEL-001,REFERRAL_AND_FBA,505.62,2026-08-18 10:55:10
FEE-9884,ORD-3884,SEL-001,REFERRAL_AND_FBA,385.02,2026-08-18 11:03:46
FEE-9885,ORD-3885,SEL-001,REFERRAL_AND_FBA,111.5,2026-08-18 11:12:14
FEE-9886,ORD-3886,SEL-001,REFERRAL_AND_FBA,307.08,2026-08-18 11:20:52
FEE-9887,ORD-3887,SEL-001,REFERRAL_AND_FBA,632.78,2026-08-18 11:29:20
FEE-9888,ORD-3888,SEL-001,REFERRAL_AND_FBA,693.61,2026-08-18 11:38:14
FEE-9889,ORD-3889,SEL-001,REFERRAL_AND_FBA,497.75,2026-08-18 11:46:30
FEE-9890,ORD-3890,SEL-001,REFERRAL_AND_FBA,403.2,2026-08-18 11:54:48
FEE-9891,ORD-3891,SEL-001,REFERRAL_AND_FBA,481.81,2026-08-18 12:03:28
FEE-9892,ORD-3892,SEL-001,REFERRAL_AND_FBA,293.11,2026-08-18 12:11:58
FEE-9893,ORD-3893,SEL-001,REFERRAL_AND_FBA,269.71,2026-08-18 12:20:50
FEE-9894,ORD-3894,SEL-001,REFERRAL_AND_FBA,414.66,2026-08-18 12:28:59
FEE-9895,ORD-3895,SEL-001,REFERRAL_AND_FBA,557.7,2026-08-18 12:37:37
FEE-9896,ORD-3896,SEL-001,REFERRAL_AND_FBA,309.41,2026-08-18 12:46:28
FEE-9897,ORD-3897,SEL-001,REFERRAL_AND_FBA,414.66,2026-08-18 12:54:49
FEE-9898,ORD-3898,SEL-001,REFERRAL_AND_FBA,361.63,2026-08-18 13:03:30
FEE-9899,ORD-3899,SEL-001,REFERRAL_AND_FBA,477.38,2026-08-18 13:12:07
FEE-9900,ORD-3900,SEL-001,REFERRAL_AND_FBA,429.81,2026-08-18 13:20:28
FEE-9901,ORD-3901,SEL-001,REFERRAL_AND_FBA,196.67,2026-08-18 13:28:46
FEE-9902,ORD-3902,SEL-001,REFERRAL_AND_FBA,309.41,2026-08-18 13:37:18
FEE-9903,ORD-3903,SEL-001,REFERRAL_AND_FBA,528.94,2026-08-18 13:45:53
FEE-9904,ORD-3904,SEL-001,REFERRAL_AND_FBA,608.51,2026-08-18 13:54:21
FEE-9905,ORD-3905,SEL-001,REFERRAL_AND_FBA,333.82,2026-08-18 14:03:08
FEE-9906,ORD-3906,SEL-001,REFERRAL_AND_FBA,96.64,2026-08-18 14:11:43
FEE-9907,ORD-3907,SEL-001,REFERRAL_AND_FBA,444.43,2026-08-18 14:19:55
FEE-9908,ORD-3908,SEL-001,REFERRAL_AND_FBA,293.6,2026-08-18 14:28:46
FEE-9909,ORD-3909,SEL-001,REFERRAL_AND_FBA,587.2,2026-08-18 14:37:11
FEE-9910,ORD-3910,SEL-001,REFERRAL_AND_FBA,335.78,2026-08-18 14:45:51
FEE-9911,ORD-3911,SEL-001,REFERRAL_AND_FBA,220.0,2026-08-18 14:54:06
FEE-9912,ORD-3912,SEL-001,REFERRAL_AND_FBA,506.8,2026-08-18 15:02:52
FEE-9913,ORD-3913,SEL-001,REFERRAL_AND_FBA,460.56,2026-08-18 15:11:18
FEE-9914,ORD-3914,SEL-001,REFERRAL_AND_FBA,335.78,2026-08-18 15:19:44
FEE-9915,ORD-3915,SEL-001,REFERRAL_AND_FBA,465.17,2026-08-18 15:28:35
FEE-9916,ORD-3916,SEL-001,REFERRAL_AND_FBA,480.82,2026-08-18 15:36:46
FEE-9917,ORD-3917,SEL-001,REFERRAL_AND_FBA,307.08,2026-08-18 15:45:36
FEE-9918,ORD-3918,SEL-001,REFERRAL_AND_FBA,900.74,2026-08-18 15:53:47
FEE-9919,ORD-3919,SEL-001,REFERRAL_AND_FBA,995.5,2026-08-18 16:02:19
FEE-9920,ORD-3920,SEL-001,REFERRAL_AND_FBA,629.82,2026-08-18 16:10:52
FEE-9921,ORD-3921,SEL-001,REFERRAL_AND_FBA,143.37,2026-08-18 16:19:49
FEE-9922,ORD-3922,SEL-001,REFERRAL_AND_FBA,220.0,2026-08-18 16:28:10
FEE-9923,ORD-3923,SEL-001,REFERRAL_AND_FBA,629.82,2026-08-18 16:36:43
FEE-9924,ORD-3924,SEL-001,REFERRAL_AND_FBA,385.02,2026-08-18 16:44:58
FEE-9925,ORD-3925,SEL-001,REFERRAL_AND_FBA,587.2,2026-08-18 16:53:39
FEE-9926,ORD-3926,SEL-001,REFERRAL_AND_FBA,629.82,2026-08-18 17:02:26
FEE-9927,ORD-3927,SEL-001,REFERRAL_AND_FBA,722.95,2026-08-18 17:10:57
FEE-9928,ORD-3928,SEL-001,REFERRAL_AND_FBA,162.4,2026-08-18 17:19:32
FEE-9929,ORD-3929,SEL-001,REFERRAL_AND_FBA,702.72,2026-08-18 17:27:46
FEE-9930,ORD-3930,SEL-001,REFERRAL_AND_FBA,486.81,2026-08-18 17:36:22
FEE-9931,ORD-3931,SEL-001,REFERRAL_AND_FBA,608.51,2026-08-18 17:44:55
FEE-9932,ORD-3932,SEL-001,REFERRAL_AND_FBA,220.0,2026-08-18 17:53:43
FEE-9933,ORD-3933,SEL-001,REFERRAL_AND_FBA,361.48,2026-08-18 18:01:54
FEE-9934,ORD-3934,SEL-001,REFERRAL_AND_FBA,506.8,2026-08-18 18:10:24
FEE-9935,ORD-3935,SEL-001,REFERRAL_AND_FBA,313.78,2026-08-18 18:19:19
FEE-9936,ORD-3936,SEL-001,REFERRAL_AND_FBA,361.63,2026-08-18 18:27:31
FEE-9937,ORD-3937,SEL-001,REFERRAL_AND_FBA,162.4,2026-08-18 18:36:11
FEE-9938,ORD-3938,SEL-001,REFERRAL_AND_FBA,607.04,2026-08-18 18:44:52
FEE-9939,ORD-3939,SEL-001,REFERRAL_AND_FBA,629.82,2026-08-18 18:53:14
FEE-9940,ORD-3940,SEL-001,REFERRAL_AND_FBA,486.81,2026-08-18 19:01:43
FEE-9941,ORD-3941,SEL-001,REFERRAL_AND_FBA,308.31,2026-08-18 19:10:29
FEE-9942,ORD-3942,SEL-001,REFERRAL_AND_FBA,150.46,2026-08-18 19:19:03
FEE-9943,ORD-3943,SEL-001,REFERRAL_AND_FBA,121.71,2026-08-18 19:27:30
FEE-9944,ORD-3944,SEL-001,REFERRAL_AND_FBA,664.86,2026-08-18 19:35:58
FEE-9945,ORD-3945,SEL-001,REFERRAL_AND_FBA,505.62,2026-08-18 19:44:39
FEE-9946,ORD-3946,SEL-001,REFERRAL_AND_FBA,439.9,2026-08-18 19:52:43
FEE-9947,ORD-3947,SEL-001,REFERRAL_AND_FBA,510.34,2026-08-18 20:01:30
FEE-9948,ORD-3948,SEL-001,REFERRAL_AND_FBA,606.21,2026-08-18 20:09:54
FEE-9949,ORD-3949,SEL-001,REFERRAL_AND_FBA,109.42,2026-08-18 20:18:37
FEE-9950,ORD-3950,SEL-001,REFERRAL_AND_FBA,895.11,2026-08-18 20:26:51
FEE-9951,ORD-3951,SEL-001,REFERRAL_AND_FBA,1217.02,2026-08-18 20:35:48
FEE-9952,ORD-3952,SEL-001,REFERRAL_AND_FBA,1456.86,2026-08-18 20:44:04
FEE-9953,ORD-3953,SEL-001,REFERRAL_AND_FBA,1212.42,2026-08-18 20:52:48
FEE-9954,ORD-3954,SEL-001,REFERRAL_AND_FBA,523.9,2026-08-18 21:01:00
FEE-9955,ORD-3955,SEL-001,REFERRAL_AND_FBA,325.08,2026-08-18 21:09:38
FEE-9956,ORD-3956,SEL-001,REFERRAL_AND_FBA,238.52,2026-08-18 21:18:12
FEE-9957,ORD-3957,SEL-001,REFERRAL_AND_FBA,434.35,2026-08-18 21:26:40
FEE-9958,ORD-3958,SEL-001,REFERRAL_AND_FBA,154.16,2026-08-18 21:35:24
FEE-9959,ORD-3959,SEL-001,REFERRAL_AND_FBA,417.32,2026-08-18 21:44:07
FEE-9960,ORD-3960,SEL-001,REFERRAL_AND_FBA,465.17,2026-08-18 21:52:42
FEE-9961,ORD-3961,SEL-001,REFERRAL_AND_FBA,641.84,2026-08-18 22:01:09
FEE-9962,ORD-3962,SEL-001,REFERRAL_AND_FBA,562.0,2026-08-18 22:09:30
FEE-9963,ORD-3963,SEL-001,REFERRAL_AND_FBA,201.6,2026-08-18 22:17:51
FEE-9964,ORD-3964,SEL-001,REFERRAL_AND_FBA,460.56,2026-08-18 22:26:29
FEE-9965,ORD-3965,SEL-001,REFERRAL_AND_FBA,260.0,2026-08-18 22:35:05
FEE-9966,ORD-3966,SEL-001,REFERRAL_AND_FBA,122.54,2026-08-18 22:43:47
FEE-9967,ORD-3967,SEL-001,REFERRAL_AND_FBA,191.62,2026-08-18 22:51:57
FEE-9968,ORD-3968,SEL-001,REFERRAL_AND_FBA,497.75,2026-08-18 23:00:54
FEE-9969,ORD-3969,SEL-001,REFERRAL_AND_FBA,245.07,2026-08-18 23:09:21
FEE-9970,ORD-3970,SEL-001,REFERRAL_AND_FBA,122.54,2026-08-18 23:17:58
FEE-9971,ORD-3971,SEL-001,REFERRAL_AND_FBA,150.46,2026-08-18 23:26:33
FEE-9972,ORD-3972,SEL-001,REFERRAL_AND_FBA,414.66,2026-08-18 23:34:41
FEE-9973,ORD-3973,SEL-001,REFERRAL_AND_FBA,477.38,2026-08-18 23:43:12
FEE-9974,ORD-3974,SEL-001,REFERRAL_AND_FBA,309.41,2026-08-18 23:51:48
FEE-9975,ORD-3975,SEL-001,REFERRAL_AND_FBA,385.02,2026-08-19 00:00:32
FEE-9976,ORD-3976,SEL-001,REFERRAL_AND_FBA,121.71,2026-08-19 00:09:00
FEE-9977,ORD-3977,SEL-001,REFERRAL_AND_FBA,650.16,2026-08-19 00:17:40
FEE-9978,ORD-3978,SEL-001,REFERRAL_AND_FBA,505.62,2026-08-19 00:26:08
FEE-9979,ORD-3979,SEL-001,REFERRAL_AND_FBA,510.34,2026-08-19 00:34:22
FEE-9980,ORD-3980,SEL-001,REFERRAL_AND_FBA,121.71,2026-08-19 00:43:17
FEE-9981,ORD-3981,SEL-001,REFERRAL_AND_FBA,525.4,2026-08-19 00:51:55
FEE-9982,ORD-3982,SEL-001,REFERRAL_AND_FBA,460.56,2026-08-19 01:00:16
FEE-9983,ORD-3983,SEL-001,REFERRAL_AND_FBA,562.0,2026-08-19 01:08:37
FEE-9984,ORD-3984,SEL-001,REFERRAL_AND_FBA,500.13,2026-08-19 01:17:19
FEE-9985,ORD-3985,SEL-001,REFERRAL_AND_FBA,325.08,2026-08-19 01:26:03
FEE-9986,ORD-3986,SEL-001,REFERRAL_AND_FBA,112.96,2026-08-19 01:34:07
FEE-9987,ORD-3987,SEL-001,REFERRAL_AND_FBA,597.45,2026-08-19 01:42:50
FEE-9988,ORD-3988,SEL-001,REFERRAL_AND_FBA,661.26,2026-08-19 01:51:18
FEE-9989,ORD-3989,SEL-001,REFERRAL_AND_FBA,711.56,2026-08-19 01:59:58
FEE-9990,ORD-3990,SEL-001,REFERRAL_AND_FBA,537.56,2026-08-19 02:08:25
FEE-9991,ORD-3991,SEL-001,REFERRAL_AND_FBA,260.0,2026-08-19 02:17:06
FEE-9992,ORD-3992,SEL-001,REFERRAL_AND_FBA,597.45,2026-08-19 02:25:20
FEE-9993,ORD-3993,SEL-001,REFERRAL_AND_FBA,689.62,2026-08-19 02:34:10
FEE-9994,ORD-3994,SEL-001,REFERRAL_AND_FBA,1283.67,2026-08-19 02:42:24
FEE-9995,ORD-3995,SEL-001,REFERRAL_AND_FBA,1217.02,2026-08-19 02:51:13
FEE-9996,ORD-3996,SEL-001,REFERRAL_AND_FBA,711.56,2026-08-19 02:59:25
FEE-9997,ORD-3997,SEL-001,REFERRAL_AND_FBA,727.53,2026-08-19 03:08:05
FEE-9998,ORD-3998,SEL-001,REFERRAL_AND_FBA,196.67,2026-08-19 03:16:54
FEE-9999,ORD-3999,SEL-001,REFERRAL_AND_FBA,143.37,2026-08-19 03:25:21
FEE-10000,ORD-4000,SEL-001,REFERRAL_AND_FBA,557.7,2026-08-19 03:33:46
FEE-10001,ORD-4001,SEL-001,REFERRAL_AND_FBA,429.81,2026-08-19 03:42:25
FEE-10002,ORD-4002,SEL-001,REFERRAL_AND_FBA,417.32,2026-08-19 03:50:42
FEE-10003,ORD-4003,SEL-001,REFERRAL_AND_FBA,234.8,2026-08-19 03:59:39
FEE-10004,ORD-4004,SEL-001,REFERRAL_AND_FBA,629.82,2026-08-19 04:08:06
FEE-10005,ORD-4005,SEL-001,REFERRAL_AND_FBA,723.32,2026-08-19 04:16:19
FEE-10006,ORD-4006,SEL-001,REFERRAL_AND_FBA,632.78,2026-08-19 04:24:48
FEE-10007,ORD-4007,SEL-001,REFERRAL_AND_FBA,557.32,2026-08-19 04:33:42
FEE-10008,ORD-4008,SEL-001,REFERRAL_AND_FBA,201.6,2026-08-19 04:41:56
FEE-10009,ORD-4009,SEL-001,REFERRAL_AND_FBA,465.17,2026-08-19 04:50:22
FEE-10010,ORD-4010,SEL-001,REFERRAL_AND_FBA,196.67,2026-08-19 04:58:54
FEE-10011,ORD-4011,SEL-001,REFERRAL_AND_FBA,506.8,2026-08-19 05:07:45
FEE-10012,ORD-4012,SEL-001,REFERRAL_AND_FBA,237.79,2026-08-19 05:16:15
FEE-10013,ORD-4013,SEL-001,REFERRAL_AND_FBA,607.04,2026-08-19 05:24:55
FEE-10014,ORD-4014,SEL-001,REFERRAL_AND_FBA,295.85,2026-08-19 05:33:11
FEE-10015,ORD-4015,SEL-001,REFERRAL_AND_FBA,539.42,2026-08-19 05:41:38
FEE-10016,ORD-4016,SEL-001,REFERRAL_AND_FBA,238.52,2026-08-19 05:50:33
FEE-10017,ORD-4017,SEL-001,REFERRAL_AND_FBA,469.6,2026-08-19 05:59:01
FEE-10018,ORD-4018,SEL-001,REFERRAL_AND_FBA,238.52,2026-08-19 06:07:32
FEE-10019,ORD-4019,SEL-001,REFERRAL_AND_FBA,434.35,2026-08-19 06:15:54
FEE-10020,ORD-4020,SEL-001,REFERRAL_AND_FBA,293.11,2026-08-19 06:24:18
FEE-10021,ORD-4021,SEL-001,REFERRAL_AND_FBA,263.19,2026-08-19 06:32:55
FEE-10022,ORD-4022,SEL-001,REFERRAL_AND_FBA,1302.37,2026-08-19 06:41:21
FEE-10023,ORD-4023,SEL-001,REFERRAL_AND_FBA,218.83,2026-08-19 06:50:20
FEE-10024,ORD-4024,SEL-001,REFERRAL_AND_FBA,262.7,2026-08-19 06:58:24
FEE-10025,ORD-4025,SEL-001,REFERRAL_AND_FBA,218.83,2026-08-19 07:07:18
FEE-10026,ORD-4026,SEL-001,REFERRAL_AND_FBA,334.4,2026-08-19 07:15:30
FEE-10027,ORD-4027,SEL-001,REFERRAL_AND_FBA,454.0,2026-08-19 07:24:02
FEE-10028,ORD-4028,SEL-001,REFERRAL_AND_FBA,693.61,2026-08-19 07:32:41
FEE-10029,ORD-4029,SEL-001,REFERRAL_AND_FBA,597.45,2026-08-19 07:41:28
FEE-10030,ORD-4030,SEL-001,REFERRAL_AND_FBA,629.82,2026-08-19 07:50:05
FEE-10031,ORD-4031,SEL-001,REFERRAL_AND_FBA,651.18,2026-08-19 07:58:28
FEE-10032,ORD-4032,SEL-001,REFERRAL_AND_FBA,147.92,2026-08-19 08:06:45
FEE-10033,ORD-4033,SEL-001,REFERRAL_AND_FBA,621.25,2026-08-19 08:15:23
FEE-10034,ORD-4034,SEL-001,REFERRAL_AND_FBA,444.43,2026-08-19 08:24:01
FEE-10035,ORD-4035,SEL-001,REFERRAL_AND_FBA,557.7,2026-08-19 08:32:43
FEE-10036,ORD-4036,SEL-001,REFERRAL_AND_FBA,133.0,2026-08-19 08:40:50
FEE-10037,ORD-4037,SEL-001,REFERRAL_AND_FBA,879.8,2026-08-19 08:49:24
FEE-10038,ORD-4038,SEL-001,REFERRAL_AND_FBA,607.04,2026-08-19 08:58:13
FEE-10039,ORD-4039,SEL-001,REFERRAL_AND_FBA,151.63,2026-08-19 09:06:44
FEE-10040,ORD-4040,SEL-001,REFERRAL_AND_FBA,506.8,2026-08-19 09:14:56
FEE-10041,ORD-4041,SEL-001,REFERRAL_AND_FBA,260.0,2026-08-19 09:23:42
FEE-10042,ORD-4042,SEL-001,REFERRAL_AND_FBA,587.2,2026-08-19 09:32:10
FEE-10043,ORD-4043,SEL-001,REFERRAL_AND_FBA,307.08,2026-08-19 09:40:38
FEE-10044,ORD-4044,SEL-001,REFERRAL_AND_FBA,607.04,2026-08-19 09:49:25
FEE-10045,ORD-4045,SEL-001,REFERRAL_AND_FBA,505.62,2026-08-19 09:57:49
FEE-10046,ORD-4046,SEL-001,REFERRAL_AND_FBA,557.32,2026-08-19 10:06:36
FEE-10047,ORD-4047,SEL-001,REFERRAL_AND_FBA,444.43,2026-08-19 10:14:43
FEE-10048,ORD-4048,SEL-001,REFERRAL_AND_FBA,238.52,2026-08-19 10:23:12
FEE-10049,ORD-4049,SEL-001,REFERRAL_AND_FBA,702.72,2026-08-19 10:31:53
FEE-10050,ORD-4050,SEL-001,REFERRAL_AND_FBA,96.64,2026-08-19 10:40:31
FEE-10051,ORD-4051,SEL-001,REFERRAL_AND_FBA,260.0,2026-08-19 10:48:52
FEE-10052,ORD-4052,SEL-001,REFERRAL_AND_FBA,468.16,2026-08-19 10:57:50
FEE-10053,ORD-4053,SEL-001,REFERRAL_AND_FBA,1425.72,2026-08-19 11:06:08
FEE-10054,ORD-4054,SEL-001,REFERRAL_AND_FBA,361.48,2026-08-19 11:14:33
FEE-10055,ORD-4055,SEL-001,REFERRAL_AND_FBA,607.04,2026-08-19 11:23:03
FEE-10056,ORD-4056,SEL-001,REFERRAL_AND_FBA,477.04,2026-08-19 11:31:45
FEE-10057,ORD-4057,SEL-001,REFERRAL_AND_FBA,267.83,2026-08-19 11:40:16
FEE-10058,ORD-4058,SEL-001,REFERRAL_AND_FBA,500.13,2026-08-19 11:48:49
FEE-10059,ORD-4059,SEL-001,REFERRAL_AND_FBA,689.62,2026-08-19 11:57:27
FEE-10060,ORD-4060,SEL-001,REFERRAL_AND_FBA,347.12,2026-08-19 12:05:54
FEE-10061,ORD-4061,SEL-001,REFERRAL_AND_FBA,334.4,2026-08-19 12:14:26
FEE-10062,ORD-4062,SEL-001,REFERRAL_AND_FBA,143.37,2026-08-19 12:22:51
FEE-10063,ORD-4063,SEL-001,REFERRAL_AND_FBA,227.0,2026-08-19 12:31:23
FEE-10064,ORD-4064,SEL-001,REFERRAL_AND_FBA,452.12,2026-08-19 12:40:03
FEE-10065,ORD-4065,SEL-001,REFERRAL_AND_FBA,111.5,2026-08-19 12:48:30
FEE-10066,ORD-4066,SEL-001,REFERRAL_AND_FBA,154.16,2026-08-19 12:57:06
FEE-10067,ORD-4067,SEL-001,REFERRAL_AND_FBA,510.34,2026-08-19 13:05:24
FEE-10068,ORD-4068,SEL-001,REFERRAL_AND_FBA,307.08,2026-08-19 13:14:13
FEE-10069,ORD-4069,SEL-001,REFERRAL_AND_FBA,557.7,2026-08-19 13:22:44
FEE-10070,ORD-4070,SEL-001,REFERRAL_AND_FBA,523.9,2026-08-19 13:31:17
FEE-10071,ORD-4071,SEL-001,REFERRAL_AND_FBA,597.45,2026-08-19 13:39:34
FEE-10072,ORD-4072,SEL-001,REFERRAL_AND_FBA,121.71,2026-08-19 13:48:27
FEE-10073,ORD-4073,SEL-001,REFERRAL_AND_FBA,500.13,2026-08-19 13:56:40
FEE-10074,ORD-4074,SEL-001,REFERRAL_AND_FBA,150.46,2026-08-19 14:05:16
FEE-10075,ORD-4075,SEL-001,REFERRAL_AND_FBA,220.0,2026-08-19 14:13:57
FEE-10076,ORD-4076,SEL-001,REFERRAL_AND_FBA,597.45,2026-08-19 14:22:14
FEE-10077,ORD-4077,SEL-001,REFERRAL_AND_FBA,147.92,2026-08-19 14:30:47
FEE-10078,ORD-4078,SEL-001,REFERRAL_AND_FBA,492.5,2026-08-19 14:39:17
FEE-10079,ORD-4079,SEL-001,REFERRAL_AND_FBA,728.43,2026-08-19 14:48:13
FEE-10080,ORD-4080,SEL-001,REFERRAL_AND_FBA,269.71,2026-08-19 14:56:43
FEE-10081,ORD-4081,SEL-001,REFERRAL_AND_FBA,262.7,2026-08-19 15:05:06
FEE-10082,ORD-4082,SEL-001,REFERRAL_AND_FBA,219.26,2026-08-19 15:13:27
FEE-10083,ORD-4083,SEL-001,REFERRAL_AND_FBA,162.4,2026-08-19 15:21:59
FEE-10084,ORD-4084,SEL-001,REFERRAL_AND_FBA,586.21,2026-08-19 15:30:56
FEE-10085,ORD-4085,SEL-001,REFERRAL_AND_FBA,112.96,2026-08-19 15:39:03
FEE-10086,ORD-4086,SEL-001,REFERRAL_AND_FBA,480.82,2026-08-19 15:47:44
FEE-10087,ORD-4087,SEL-001,REFERRAL_AND_FBA,429.81,2026-08-19 15:56:08
FEE-10088,ORD-4088,SEL-001,REFERRAL_AND_FBA,393.34,2026-08-19 16:04:43
FEE-10089,ORD-4089,SEL-001,REFERRAL_AND_FBA,661.26,2026-08-19 16:13:09
FEE-10090,ORD-4090,SEL-001,REFERRAL_AND_FBA,723.32,2026-08-19 16:22:08
FEE-10091,ORD-4091,SEL-001,REFERRAL_AND_FBA,661.26,2026-08-19 16:30:32
FEE-10092,ORD-4092,SEL-001,REFERRAL_AND_FBA,661.26,2026-08-19 16:38:49
FEE-10093,ORD-4093,SEL-001,REFERRAL_AND_FBA,263.19,2026-08-19 16:47:42
FEE-10094,ORD-4094,SEL-001,REFERRAL_AND_FBA,263.19,2026-08-19 16:55:48
FEE-10095,ORD-4095,SEL-001,REFERRAL_AND_FBA,307.08,2026-08-19 17:04:31
FEE-10096,ORD-4096,SEL-001,REFERRAL_AND_FBA,468.16,2026-08-19 17:13:12
FEE-10097,ORD-4097,SEL-001,REFERRAL_AND_FBA,361.63,2026-08-19 17:21:45
FEE-10098,ORD-4098,SEL-001,REFERRAL_AND_FBA,237.79,2026-08-19 17:30:15
FEE-10099,ORD-4099,SEL-001,REFERRAL_AND_FBA,417.32,2026-08-19 17:38:50
FEE-10100,ORD-4100,SEL-001,REFERRAL_AND_FBA,335.78,2026-08-19 17:46:58
FEE-10101,ORD-4101,SEL-001,REFERRAL_AND_FBA,1446.64,2026-08-19 17:55:32
FEE-10102,ORD-4102,SEL-001,REFERRAL_AND_FBA,156.89,2026-08-19 18:04:27
FEE-10103,ORD-4103,SEL-001,REFERRAL_AND_FBA,220.0,2026-08-19 18:13:04
FEE-10104,ORD-4104,SEL-001,REFERRAL_AND_FBA,528.94,2026-08-19 18:21:19
FEE-10105,ORD-4105,SEL-001,REFERRAL_AND_FBA,468.16,2026-08-19 18:29:47
FEE-10106,ORD-4106,SEL-001,REFERRAL_AND_FBA,429.81,2026-08-19 18:38:26
FEE-10107,ORD-4107,SEL-001,REFERRAL_AND_FBA,523.9,2026-08-19 18:47:07
FEE-10108,ORD-4108,SEL-001,REFERRAL_AND_FBA,523.9,2026-08-19 18:55:31
FEE-10109,ORD-4109,SEL-001,REFERRAL_AND_FBA,414.66,2026-08-19 19:03:59
FEE-10110,ORD-4110,SEL-001,REFERRAL_AND_FBA,693.61,2026-08-19 19:12:35
FEE-10111,ORD-4111,SEL-001,REFERRAL_AND_FBA,541.66,2026-08-19 19:21:16
FEE-10112,ORD-4112,SEL-001,REFERRAL_AND_FBA,651.18,2026-08-19 19:29:32
FEE-10113,ORD-4113,SEL-001,REFERRAL_AND_FBA,661.26,2026-08-19 19:38:17
FEE-10114,ORD-4114,SEL-001,REFERRAL_AND_FBA,557.32,2026-08-19 19:46:46
FEE-10115,ORD-4115,SEL-001,REFERRAL_AND_FBA,900.74,2026-08-19 19:54:59
FEE-10116,ORD-4116,SEL-001,REFERRAL_AND_FBA,147.92,2026-08-19 20:03:47
FEE-10117,ORD-4117,SEL-001,REFERRAL_AND_FBA,238.52,2026-08-19 20:12:06
FEE-10118,ORD-4118,SEL-001,REFERRAL_AND_FBA,220.0,2026-08-19 20:20:51
FEE-10119,ORD-4119,SEL-001,REFERRAL_AND_FBA,334.4,2026-08-19 20:29:34
FEE-10120,ORD-4120,SEL-001,REFERRAL_AND_FBA,727.53,2026-08-19 20:37:55
FEE-10121,ORD-4121,SEL-001,REFERRAL_AND_FBA,232.32,2026-08-19 20:46:23
FEE-10122,ORD-4122,SEL-001,REFERRAL_AND_FBA,606.21,2026-08-19 20:55:02
FEE-10123,ORD-4123,SEL-001,REFERRAL_AND_FBA,486.81,2026-08-19 21:03:36
FEE-10124,ORD-4124,SEL-001,REFERRAL_AND_FBA,156.89,2026-08-19 21:12:00
FEE-10125,ORD-4125,SEL-001,REFERRAL_AND_FBA,711.56,2026-08-19 21:20:33
FEE-10126,ORD-4126,SEL-001,REFERRAL_AND_FBA,249.73,2026-08-19 21:28:53
FEE-10127,ORD-4127,SEL-001,REFERRAL_AND_FBA,523.9,2026-08-19 21:37:48
FEE-10128,ORD-4128,SEL-001,REFERRAL_AND_FBA,293.6,2026-08-19 21:46:19
FEE-10129,ORD-4129,SEL-001,REFERRAL_AND_FBA,267.83,2026-08-19 21:54:58
FEE-10130,ORD-4130,SEL-001,REFERRAL_AND_FBA,621.25,2026-08-19 22:03:09
FEE-10131,ORD-4131,SEL-001,REFERRAL_AND_FBA,267.83,2026-08-19 22:11:48
FEE-10132,ORD-4132,SEL-001,REFERRAL_AND_FBA,528.94,2026-08-19 22:20:15
FEE-10133,ORD-4133,SEL-001,REFERRAL_AND_FBA,233.03,2026-08-19 22:28:44
FEE-10134,ORD-4134,SEL-001,REFERRAL_AND_FBA,562.0,2026-08-19 22:37:09
FEE-10135,ORD-4135,SEL-001,REFERRAL_AND_FBA,151.63,2026-08-19 22:46:07
FEE-10136,ORD-4136,SEL-001,REFERRAL_AND_FBA,557.7,2026-08-19 22:54:23
FEE-10137,ORD-4137,SEL-001,REFERRAL_AND_FBA,468.16,2026-08-19 23:02:47
FEE-10138,ORD-4138,SEL-001,REFERRAL_AND_FBA,196.67,2026-08-19 23:11:38
FEE-10139,ORD-4139,SEL-001,REFERRAL_AND_FBA,702.72,2026-08-19 23:20:05
FEE-10140,ORD-4140,SEL-001,REFERRAL_AND_FBA,233.03,2026-08-19 23:28:41
FEE-10141,ORD-4141,SEL-001,REFERRAL_AND_FBA,562.0,2026-08-19 23:36:59
FEE-10142,ORD-4142,SEL-001,REFERRAL_AND_FBA,528.94,2026-08-19 23:45:53
FEE-10143,ORD-4143,SEL-001,REFERRAL_AND_FBA,1057.88,2026-08-19 23:54:08
FEE-10144,ORD-4144,SEL-001,REFERRAL_AND_FBA,108.45,2026-08-20 00:02:51
FEE-10145,ORD-4145,SEL-001,REFERRAL_AND_FBA,234.8,2026-08-20 00:11:26
FEE-10146,ORD-4146,SEL-001,REFERRAL_AND_FBA,344.72,2026-08-20 00:19:45
FEE-10147,ORD-4147,SEL-001,REFERRAL_AND_FBA,434.35,2026-08-20 00:28:20
FEE-10148,ORD-4148,SEL-001,REFERRAL_AND_FBA,525.4,2026-08-20 00:36:56
FEE-10149,ORD-4149,SEL-001,REFERRAL_AND_FBA,385.02,2026-08-20 00:45:30
FEE-10150,ORD-4150,SEL-001,REFERRAL_AND_FBA,111.5,2026-08-20 00:53:42
FEE-10151,ORD-4151,SEL-001,REFERRAL_AND_FBA,219.26,2026-08-20 01:02:33
FEE-10152,ORD-4152,SEL-001,REFERRAL_AND_FBA,234.8,2026-08-20 01:10:57
FEE-10153,ORD-4153,SEL-001,REFERRAL_AND_FBA,492.5,2026-08-20 01:19:30
FEE-10154,ORD-4154,SEL-001,REFERRAL_AND_FBA,477.38,2026-08-20 01:28:08
FEE-10155,ORD-4155,SEL-001,REFERRAL_AND_FBA,562.0,2026-08-20 01:36:34
FEE-10156,ORD-4156,SEL-001,REFERRAL_AND_FBA,452.12,2026-08-20 01:45:02
FEE-10157,ORD-4157,SEL-001,REFERRAL_AND_FBA,220.0,2026-08-20 01:53:36
FEE-10158,ORD-4158,SEL-001,REFERRAL_AND_FBA,133.0,2026-08-20 02:02:26
FEE-10159,ORD-4159,SEL-001,REFERRAL_AND_FBA,711.56,2026-08-20 02:10:32
FEE-10160,ORD-4160,SEL-001,REFERRAL_AND_FBA,147.92,2026-08-20 02:19:31
FEE-10161,ORD-4161,SEL-001,REFERRAL_AND_FBA,414.66,2026-08-20 02:27:45
FEE-10162,ORD-4162,SEL-001,REFERRAL_AND_FBA,111.5,2026-08-20 02:36:17
FEE-10163,ORD-4163,SEL-001,REFERRAL_AND_FBA,151.63,2026-08-20 02:44:40
FEE-10164,ORD-4164,SEL-001,REFERRAL_AND_FBA,263.19,2026-08-20 02:53:10
FEE-10165,ORD-4165,SEL-001,REFERRAL_AND_FBA,689.62,2026-08-20 03:01:56
FEE-10166,ORD-4166,SEL-001,REFERRAL_AND_FBA,238.52,2026-08-20 03:10:17
FEE-10167,ORD-4167,SEL-001,REFERRAL_AND_FBA,973.61,2026-08-20 03:19:15
FEE-10168,ORD-4168,SEL-001,REFERRAL_AND_FBA,477.38,2026-08-20 03:27:42
FEE-10169,ORD-4169,SEL-001,REFERRAL_AND_FBA,233.03,2026-08-20 03:36:07
FEE-10170,ORD-4170,SEL-001,REFERRAL_AND_FBA,439.9,2026-08-20 03:44:42
FEE-10171,ORD-4171,SEL-001,REFERRAL_AND_FBA,675.52,2026-08-20 03:53:08
FEE-10172,ORD-4172,SEL-001,REFERRAL_AND_FBA,621.25,2026-08-20 04:01:44
FEE-10173,ORD-4173,SEL-001,REFERRAL_AND_FBA,557.7,2026-08-20 04:09:58
FEE-10174,ORD-4174,SEL-001,REFERRAL_AND_FBA,522.72,2026-08-20 04:18:54
FEE-10175,ORD-4175,SEL-001,REFERRAL_AND_FBA,711.56,2026-08-20 04:27:21
FEE-10176,ORD-4176,SEL-001,REFERRAL_AND_FBA,133.0,2026-08-20 04:35:54
FEE-10177,ORD-4177,SEL-001,REFERRAL_AND_FBA,587.2,2026-08-20 04:44:33
FEE-10178,ORD-4178,SEL-001,REFERRAL_AND_FBA,693.61,2026-08-20 04:52:49
FEE-10179,ORD-4179,SEL-001,REFERRAL_AND_FBA,220.0,2026-08-20 05:01:13
FEE-10180,ORD-4180,SEL-001,REFERRAL_AND_FBA,383.24,2026-08-20 05:10:01
FEE-10181,ORD-4181,SEL-001,REFERRAL_AND_FBA,154.16,2026-08-20 05:18:17
FEE-10182,ORD-4182,SEL-001,REFERRAL_AND_FBA,147.92,2026-08-20 05:26:59
FEE-10183,ORD-4183,SEL-001,REFERRAL_AND_FBA,450.37,2026-08-20 05:35:35
FEE-10184,ORD-4184,SEL-001,REFERRAL_AND_FBA,537.56,2026-08-20 05:44:18
FEE-10185,ORD-4185,SEL-001,REFERRAL_AND_FBA,675.52,2026-08-20 05:52:52
FEE-10186,ORD-4186,SEL-001,REFERRAL_AND_FBA,1214.09,2026-08-20 06:01:13
FEE-10187,ORD-4187,SEL-001,REFERRAL_AND_FBA,267.83,2026-08-20 06:09:47
FEE-10188,ORD-4188,SEL-001,REFERRAL_AND_FBA,452.12,2026-08-20 06:18:24
FEE-10189,ORD-4189,SEL-001,REFERRAL_AND_FBA,385.02,2026-08-20 06:26:35
FEE-10190,ORD-4190,SEL-001,REFERRAL_AND_FBA,328.49,2026-08-20 06:35:28
FEE-10191,ORD-4191,SEL-001,REFERRAL_AND_FBA,712.86,2026-08-20 06:43:56
FEE-10192,ORD-4192,SEL-001,REFERRAL_AND_FBA,249.73,2026-08-20 06:52:25
FEE-10193,ORD-4193,SEL-001,REFERRAL_AND_FBA,689.62,2026-08-20 07:00:39
FEE-10194,ORD-4194,SEL-001,REFERRAL_AND_FBA,238.52,2026-08-20 07:09:39
FEE-10195,ORD-4195,SEL-001,REFERRAL_AND_FBA,191.62,2026-08-20 07:18:12
FEE-10196,ORD-4196,SEL-001,REFERRAL_AND_FBA,429.81,2026-08-20 07:26:19
FEE-10197,ORD-4197,SEL-001,REFERRAL_AND_FBA,234.8,2026-08-20 07:35:07
FEE-10198,ORD-4198,SEL-001,REFERRAL_AND_FBA,220.0,2026-08-20 07:43:43
FEE-10199,ORD-4199,SEL-001,REFERRAL_AND_FBA,497.75,2026-08-20 07:52:10
FEE-10200,ORD-4200,SEL-001,REFERRAL_AND_FBA,702.72,2026-08-20 08:00:49
FEE-10201,ORD-4201,SEL-001,REFERRAL_AND_FBA,234.8,2026-08-20 08:09:21
FEE-10202,ORD-4202,SEL-001,REFERRAL_AND_FBA,333.82,2026-08-20 08:17:43
FEE-10203,ORD-4203,SEL-001,REFERRAL_AND_FBA,661.26,2026-08-20 08:26:01
FEE-10204,ORD-4204,SEL-001,REFERRAL_AND_FBA,586.21,2026-08-20 08:34:58
FEE-10205,ORD-4205,SEL-001,REFERRAL_AND_FBA,156.89,2026-08-20 08:43:23
FEE-10206,ORD-4206,SEL-001,REFERRAL_AND_FBA,480.82,2026-08-20 08:51:35
FEE-10207,ORD-4207,SEL-001,REFERRAL_AND_FBA,233.03,2026-08-20 09:00:08
FEE-10208,ORD-4208,SEL-001,REFERRAL_AND_FBA,233.03,2026-08-20 09:08:52
FEE-10209,ORD-4209,SEL-001,REFERRAL_AND_FBA,492.5,2026-08-20 09:17:13
FEE-10210,ORD-4210,SEL-001,REFERRAL_AND_FBA,96.64,2026-08-20 09:25:56
FEE-10211,ORD-4211,SEL-001,REFERRAL_AND_FBA,267.83,2026-08-20 09:34:18
FEE-10212,ORD-4212,SEL-001,REFERRAL_AND_FBA,191.62,2026-08-20 09:43:05
FEE-10213,ORD-4213,SEL-001,REFERRAL_AND_FBA,460.56,2026-08-20 09:51:22
FEE-10214,ORD-4214,SEL-001,REFERRAL_AND_FBA,328.49,2026-08-20 09:59:58
FEE-10215,ORD-4215,SEL-001,REFERRAL_AND_FBA,220.0,2026-08-20 10:08:26
FEE-10216,ORD-4216,SEL-001,REFERRAL_AND_FBA,675.52,2026-08-20 10:17:01
FEE-10217,ORD-4217,SEL-001,REFERRAL_AND_FBA,1259.64,2026-08-20 10:25:35
FEE-10218,ORD-4218,SEL-001,REFERRAL_AND_FBA,276.99,2026-08-20 10:34:14
FEE-10219,ORD-4219,SEL-001,REFERRAL_AND_FBA,293.6,2026-08-20 10:42:46
FEE-10220,ORD-4220,SEL-001,REFERRAL_AND_FBA,293.11,2026-08-20 10:51:05
FEE-10221,ORD-4221,SEL-001,REFERRAL_AND_FBA,109.42,2026-08-20 10:59:48
FEE-10222,ORD-4222,SEL-001,REFERRAL_AND_FBA,728.43,2026-08-20 11:08:09
FEE-10223,ORD-4223,SEL-001,REFERRAL_AND_FBA,936.31,2026-08-20 11:16:55
FEE-10224,ORD-4224,SEL-001,REFERRAL_AND_FBA,309.41,2026-08-20 11:25:27
FEE-10225,ORD-4225,SEL-001,REFERRAL_AND_FBA,510.34,2026-08-20 11:34:04
FEE-10226,ORD-4226,SEL-001,REFERRAL_AND_FBA,262.7,2026-08-20 11:42:36
FEE-10227,ORD-4227,SEL-001,REFERRAL_AND_FBA,597.45,2026-08-20 11:51:11
FEE-10228,ORD-4228,SEL-001,REFERRAL_AND_FBA,1265.55,2026-08-20 11:59:44
FEE-10229,ORD-4229,SEL-001,REFERRAL_AND_FBA,537.56,2026-08-20 12:08:20
FEE-10230,ORD-4230,SEL-001,REFERRAL_AND_FBA,651.18,2026-08-20 12:16:37
FEE-10231,ORD-4231,SEL-001,REFERRAL_AND_FBA,510.34,2026-08-20 12:24:56
FEE-10232,ORD-4232,SEL-001,REFERRAL_AND_FBA,439.9,2026-08-20 12:33:41
FEE-10233,ORD-4233,SEL-001,REFERRAL_AND_FBA,954.75,2026-08-20 12:42:13
FEE-10234,ORD-4234,SEL-001,REFERRAL_AND_FBA,108.45,2026-08-20 12:50:58
FEE-10235,ORD-4235,SEL-001,REFERRAL_AND_FBA,154.16,2026-08-20 12:59:26
FEE-10236,ORD-4236,SEL-001,REFERRAL_AND_FBA,464.63,2026-08-20 13:07:42
FEE-10237,ORD-4237,SEL-001,REFERRAL_AND_FBA,403.2,2026-08-20 13:16:33
FEE-10238,ORD-4238,SEL-001,REFERRAL_AND_FBA,111.5,2026-08-20 13:24:53
FEE-10239,ORD-4239,SEL-001,REFERRAL_AND_FBA,233.03,2026-08-20 13:33:18
FEE-10240,ORD-4240,SEL-001,REFERRAL_AND_FBA,523.9,2026-08-20 13:41:59
FEE-10241,ORD-4241,SEL-001,REFERRAL_AND_FBA,261.36,2026-08-20 13:50:38
FEE-10242,ORD-4242,SEL-001,REFERRAL_AND_FBA,220.0,2026-08-20 13:59:06
FEE-10243,ORD-4243,SEL-001,REFERRAL_AND_FBA,1124.0,2026-08-20 14:07:22
FEE-10244,ORD-4244,SEL-001,REFERRAL_AND_FBA,1011.25,2026-08-20 14:16:00
FEE-10245,ORD-4245,SEL-001,REFERRAL_AND_FBA,621.25,2026-08-20 14:24:47
FEE-10246,ORD-4246,SEL-001,REFERRAL_AND_FBA,385.02,2026-08-20 14:33:16
FEE-10247,ORD-4247,SEL-001,REFERRAL_AND_FBA,201.6,2026-08-20 14:41:49
FEE-10248,ORD-4248,SEL-001,REFERRAL_AND_FBA,562.0,2026-08-20 14:50:31
FEE-10249,ORD-4249,SEL-001,REFERRAL_AND_FBA,293.6,2026-08-20 14:58:44
FEE-10250,ORD-4250,SEL-001,REFERRAL_AND_FBA,664.86,2026-08-20 15:07:11
FEE-10251,ORD-4251,SEL-001,REFERRAL_AND_FBA,222.99,2026-08-20 15:15:51
FEE-10252,ORD-4252,SEL-001,REFERRAL_AND_FBA,447.56,2026-08-20 15:24:29
FEE-10253,ORD-4253,SEL-001,REFERRAL_AND_FBA,1302.37,2026-08-20 15:32:59
FEE-10254,ORD-4254,SEL-001,REFERRAL_AND_FBA,220.0,2026-08-20 15:41:36
FEE-10255,ORD-4255,SEL-001,REFERRAL_AND_FBA,220.0,2026-08-20 15:50:01
FEE-10256,ORD-4256,SEL-001,REFERRAL_AND_FBA,309.41,2026-08-20 15:58:34
FEE-10257,ORD-4257,SEL-001,REFERRAL_AND_FBA,234.8,2026-08-20 16:07:01
FEE-10258,ORD-4258,SEL-001,REFERRAL_AND_FBA,261.36,2026-08-20 16:15:46
FEE-10259,ORD-4259,SEL-001,REFERRAL_AND_FBA,606.21,2026-08-20 16:23:55
FEE-10260,ORD-4260,SEL-001,REFERRAL_AND_FBA,156.89,2026-08-20 16:32:50
FEE-10261,ORD-4261,SEL-001,REFERRAL_AND_FBA,325.08,2026-08-20 16:41:14
FEE-10262,ORD-4262,SEL-001,REFERRAL_AND_FBA,450.37,2026-08-20 16:49:56
FEE-10263,ORD-4263,SEL-001,REFERRAL_AND_FBA,712.86,2026-08-20 16:58:23
FEE-10264,ORD-4264,SEL-001,REFERRAL_AND_FBA,587.2,2026-08-20 17:06:41
FEE-10265,ORD-4265,SEL-001,REFERRAL_AND_FBA,606.21,2026-08-20 17:15:35
FEE-10266,ORD-4266,SEL-001,REFERRAL_AND_FBA,727.53,2026-08-20 17:24:07
FEE-10267,ORD-4267,SEL-001,REFERRAL_AND_FBA,237.79,2026-08-20 17:32:25
FEE-10268,ORD-4268,SEL-001,REFERRAL_AND_FBA,308.31,2026-08-20 17:40:47
FEE-10269,ORD-4269,SEL-001,REFERRAL_AND_FBA,156.89,2026-08-20 17:49:30
FEE-10270,ORD-4270,SEL-001,REFERRAL_AND_FBA,122.54,2026-08-20 17:58:16
FEE-10271,ORD-4271,SEL-001,REFERRAL_AND_FBA,868.69,2026-08-20 18:06:48
FEE-10272,ORD-4272,SEL-001,REFERRAL_AND_FBA,220.0,2026-08-20 18:15:07
FEE-10273,ORD-4273,SEL-001,REFERRAL_AND_FBA,154.16,2026-08-20 18:23:43
FEE-10274,ORD-4274,SEL-001,REFERRAL_AND_FBA,629.82,2026-08-20 18:32:14
FEE-10275,ORD-4275,SEL-001,REFERRAL_AND_FBA,344.72,2026-08-20 18:40:53
FEE-10276,ORD-4276,SEL-001,REFERRAL_AND_FBA,293.11,2026-08-20 18:49:15
FEE-10277,ORD-4277,SEL-001,REFERRAL_AND_FBA,325.08,2026-08-20 18:57:33
FEE-10278,ORD-4278,SEL-001,REFERRAL_AND_FBA,541.66,2026-08-20 19:06:17
FEE-10279,ORD-4279,SEL-001,REFERRAL_AND_FBA,151.63,2026-08-20 19:14:40
FEE-10280,ORD-4280,SEL-001,REFERRAL_AND_FBA,477.38,2026-08-20 19:23:34
FEE-10281,ORD-4281,SEL-001,REFERRAL_AND_FBA,220.0,2026-08-20 19:31:49
FEE-10282,ORD-4282,SEL-001,REFERRAL_AND_FBA,219.26,2026-08-20 19:40:15
FEE-10283,ORD-4283,SEL-001,REFERRAL_AND_FBA,537.56,2026-08-20 19:48:45
FEE-10284,ORD-4284,SEL-001,REFERRAL_AND_FBA,238.52,2026-08-20 19:57:45
FEE-10285,ORD-4285,SEL-001,REFERRAL_AND_FBA,723.32,2026-08-20 20:06:10
FEE-10286,ORD-4286,SEL-001,REFERRAL_AND_FBA,454.0,2026-08-20 20:14:26
FEE-10287,ORD-4287,SEL-001,REFERRAL_AND_FBA,121.71,2026-08-20 20:22:56
FEE-10288,ORD-4288,SEL-001,REFERRAL_AND_FBA,1083.33,2026-08-20 20:31:47
FEE-10289,ORD-4289,SEL-001,REFERRAL_AND_FBA,112.96,2026-08-20 20:40:08
FEE-10290,ORD-4290,SEL-001,REFERRAL_AND_FBA,237.79,2026-08-20 20:48:32
FEE-10291,ORD-4291,SEL-001,REFERRAL_AND_FBA,249.73,2026-08-20 20:57:27
FEE-10292,ORD-4292,SEL-001,REFERRAL_AND_FBA,460.56,2026-08-20 21:06:01
FEE-10293,ORD-4293,SEL-001,REFERRAL_AND_FBA,973.61,2026-08-20 21:14:12
FEE-10294,ORD-4294,SEL-001,REFERRAL_AND_FBA,1379.23,2026-08-20 21:23:05
FEE-10295,ORD-4295,SEL-001,REFERRAL_AND_FBA,220.0,2026-08-20 21:31:37
FEE-10296,ORD-4296,SEL-001,REFERRAL_AND_FBA,510.34,2026-08-20 21:39:49
FEE-10297,ORD-4297,SEL-001,REFERRAL_AND_FBA,506.8,2026-08-20 21:48:42
FEE-10298,ORD-4298,SEL-001,REFERRAL_AND_FBA,220.0,2026-08-20 21:56:46
FEE-10299,ORD-4299,SEL-001,REFERRAL_AND_FBA,227.0,2026-08-20 22:05:22
FEE-10300,ORD-4300,SEL-001,REFERRAL_AND_FBA,587.2,2026-08-20 22:13:57
FEE-10301,ORD-4301,SEL-001,REFERRAL_AND_FBA,500.5,2026-08-20 22:22:38
FEE-10302,ORD-4302,SEL-001,REFERRAL_AND_FBA,403.2,2026-08-20 22:31:14
FEE-10303,ORD-4303,SEL-001,REFERRAL_AND_FBA,226.06,2026-08-20 22:39:47
FEE-10304,ORD-4304,SEL-001,REFERRAL_AND_FBA,156.89,2026-08-20 22:48:19
FEE-10305,ORD-4305,SEL-001,REFERRAL_AND_FBA,537.56,2026-08-20 22:56:30
FEE-10306,ORD-4306,SEL-001,REFERRAL_AND_FBA,361.48,2026-08-20 23:05:03
FEE-10307,ORD-4307,SEL-001,REFERRAL_AND_FBA,249.73,2026-08-20 23:14:00
FEE-10308,ORD-4308,SEL-001,REFERRAL_AND_FBA,220.0,2026-08-20 23:22:16
FEE-10309,ORD-4309,SEL-001,REFERRAL_AND_FBA,162.4,2026-08-20 23:30:44
FEE-10310,ORD-4310,SEL-001,REFERRAL_AND_FBA,328.49,2026-08-20 23:39:25
FEE-10311,ORD-4311,SEL-001,REFERRAL_AND_FBA,276.99,2026-08-20 23:47:54
FEE-10312,ORD-4312,SEL-001,REFERRAL_AND_FBA,249.73,2026-08-20 23:56:35
FEE-10313,ORD-4313,SEL-001,REFERRAL_AND_FBA,562.0,2026-08-21 00:04:48
FEE-10314,ORD-4314,SEL-001,REFERRAL_AND_FBA,347.12,2026-08-21 00:13:32
FEE-10315,ORD-4315,SEL-001,REFERRAL_AND_FBA,219.26,2026-08-21 00:22:09
FEE-10316,ORD-4316,SEL-001,REFERRAL_AND_FBA,439.9,2026-08-21 00:30:25
FEE-10317,ORD-4317,SEL-001,REFERRAL_AND_FBA,480.82,2026-08-21 00:39:07
FEE-10318,ORD-4318,SEL-001,REFERRAL_AND_FBA,618.82,2026-08-21 00:47:54
FEE-10319,ORD-4319,SEL-001,REFERRAL_AND_FBA,1302.37,2026-08-21 00:56:07
FEE-10320,ORD-4320,SEL-001,REFERRAL_AND_FBA,1212.42,2026-08-21 01:04:35
FEE-10321,ORD-4321,SEL-001,REFERRAL_AND_FBA,293.11,2026-08-21 01:13:26
FEE-10322,ORD-4322,SEL-001,REFERRAL_AND_FBA,606.21,2026-08-21 01:21:50
FEE-10323,ORD-4323,SEL-001,REFERRAL_AND_FBA,293.6,2026-08-21 01:30:35
FEE-10324,ORD-4324,SEL-001,REFERRAL_AND_FBA,500.5,2026-08-21 01:38:46
FEE-10325,ORD-4325,SEL-001,REFERRAL_AND_FBA,96.64,2026-08-21 01:47:32
FEE-10326,ORD-4326,SEL-001,REFERRAL_AND_FBA,868.69,2026-08-21 01:56:11
FEE-10327,ORD-4327,SEL-001,REFERRAL_AND_FBA,162.4,2026-08-21 02:04:43
FEE-10328,ORD-4328,SEL-001,REFERRAL_AND_FBA,293.11,2026-08-21 02:12:59
FEE-10329,ORD-4329,SEL-001,REFERRAL_AND_FBA,147.92,2026-08-21 02:21:22
FEE-10330,ORD-4330,SEL-001,REFERRAL_AND_FBA,447.56,2026-08-21 02:30:08
FEE-10331,ORD-4331,SEL-001,REFERRAL_AND_FBA,233.03,2026-08-21 02:38:43
FEE-10332,ORD-4332,SEL-001,REFERRAL_AND_FBA,608.51,2026-08-21 02:47:22
FEE-10333,ORD-4333,SEL-001,REFERRAL_AND_FBA,325.08,2026-08-21 02:55:28
FEE-10334,ORD-4334,SEL-001,REFERRAL_AND_FBA,1124.0,2026-08-21 03:03:58
FEE-10335,ORD-4335,SEL-001,REFERRAL_AND_FBA,1456.86,2026-08-21 03:12:46
FEE-10336,ORD-4336,SEL-001,REFERRAL_AND_FBA,276.99,2026-08-21 03:21:17
FEE-10337,ORD-4337,SEL-001,REFERRAL_AND_FBA,347.12,2026-08-21 03:29:56
FEE-10338,ORD-4338,SEL-001,REFERRAL_AND_FBA,147.92,2026-08-21 03:38:26
FEE-10339,ORD-4339,SEL-001,REFERRAL_AND_FBA,702.72,2026-08-21 03:47:03
FEE-10340,ORD-4340,SEL-001,REFERRAL_AND_FBA,231.88,2026-08-21 03:55:17
FEE-10341,ORD-4341,SEL-001,REFERRAL_AND_FBA,361.48,2026-08-21 04:04:00
FEE-10342,ORD-4342,SEL-001,REFERRAL_AND_FBA,1302.37,2026-08-21 04:12:44
FEE-10343,ORD-4343,SEL-001,REFERRAL_AND_FBA,651.18,2026-08-21 04:20:46
FEE-10344,ORD-4344,SEL-001,REFERRAL_AND_FBA,664.86,2026-08-21 04:29:48
FEE-10345,ORD-4345,SEL-001,REFERRAL_AND_FBA,361.63,2026-08-21 04:38:05
FEE-10346,ORD-4346,SEL-001,REFERRAL_AND_FBA,651.18,2026-08-21 04:46:48
FEE-10347,ORD-4347,SEL-001,REFERRAL_AND_FBA,414.66,2026-08-21 04:55:00
FEE-10348,ORD-4348,SEL-001,REFERRAL_AND_FBA,597.45,2026-08-21 05:03:38
FEE-10349,ORD-4349,SEL-001,REFERRAL_AND_FBA,300.91,2026-08-21 05:12:01
FEE-10350,ORD-4350,SEL-001,REFERRAL_AND_FBA,506.8,2026-08-21 05:20:54
FEE-10351,ORD-4351,SEL-001,REFERRAL_AND_FBA,328.49,2026-08-21 05:29:04
FEE-10352,ORD-4352,SEL-001,REFERRAL_AND_FBA,562.0,2026-08-21 05:37:35
FEE-10353,ORD-4353,SEL-001,REFERRAL_AND_FBA,727.53,2026-08-21 05:46:27
FEE-10354,ORD-4354,SEL-001,REFERRAL_AND_FBA,151.63,2026-08-21 05:55:07
FEE-10355,ORD-4355,SEL-001,REFERRAL_AND_FBA,112.96,2026-08-21 06:03:23
FEE-10356,ORD-4356,SEL-001,REFERRAL_AND_FBA,486.81,2026-08-21 06:12:02
FEE-10357,ORD-4357,SEL-001,REFERRAL_AND_FBA,109.42,2026-08-21 06:20:38
FEE-10358,ORD-4358,SEL-001,REFERRAL_AND_FBA,238.52,2026-08-21 06:29:03
FEE-10359,ORD-4359,SEL-001,REFERRAL_AND_FBA,233.03,2026-08-21 06:37:19
FEE-10360,ORD-4360,SEL-001,REFERRAL_AND_FBA,510.34,2026-08-21 06:45:55
FEE-10361,ORD-4361,SEL-001,REFERRAL_AND_FBA,361.48,2026-08-21 06:54:53
FEE-10362,ORD-4362,SEL-001,REFERRAL_AND_FBA,162.4,2026-08-21 07:02:55
FEE-10363,ORD-4363,SEL-001,REFERRAL_AND_FBA,447.56,2026-08-21 07:11:31
FEE-10364,ORD-4364,SEL-001,REFERRAL_AND_FBA,468.16,2026-08-21 07:20:06
FEE-10365,ORD-4365,SEL-001,REFERRAL_AND_FBA,240.9,2026-08-21 07:28:42
FEE-10366,ORD-4366,SEL-001,REFERRAL_AND_FBA,868.69,2026-08-21 07:37:07
FEE-10367,ORD-4367,SEL-001,REFERRAL_AND_FBA,440.0,2026-08-21 07:45:59
FEE-10368,ORD-4368,SEL-001,REFERRAL_AND_FBA,96.64,2026-08-21 07:54:20
FEE-10369,ORD-4369,SEL-001,REFERRAL_AND_FBA,261.36,2026-08-21 08:02:47
FEE-10370,ORD-4370,SEL-001,REFERRAL_AND_FBA,510.34,2026-08-21 08:11:41
FEE-10371,ORD-4371,SEL-001,REFERRAL_AND_FBA,930.35,2026-08-21 08:19:47
FEE-10372,ORD-4372,SEL-001,REFERRAL_AND_FBA,96.64,2026-08-21 08:28:25
FEE-10373,ORD-4373,SEL-001,REFERRAL_AND_FBA,245.07,2026-08-21 08:37:07
FEE-10374,ORD-4374,SEL-001,REFERRAL_AND_FBA,220.0,2026-08-21 08:45:20
FEE-10375,ORD-4375,SEL-001,REFERRAL_AND_FBA,429.81,2026-08-21 08:54:21
FEE-10376,ORD-4376,SEL-001,REFERRAL_AND_FBA,361.48,2026-08-21 09:02:51
FEE-10377,ORD-4377,SEL-001,REFERRAL_AND_FBA,689.62,2026-08-21 09:11:19
FEE-10378,ORD-4378,SEL-001,REFERRAL_AND_FBA,233.03,2026-08-21 09:19:35
FEE-10379,ORD-4379,SEL-001,REFERRAL_AND_FBA,227.0,2026-08-21 09:28:12
FEE-10380,ORD-4380,SEL-001,REFERRAL_AND_FBA,307.08,2026-08-21 09:36:57
FEE-10381,ORD-4381,SEL-001,REFERRAL_AND_FBA,109.42,2026-08-21 09:45:29
FEE-10382,ORD-4382,SEL-001,REFERRAL_AND_FBA,689.62,2026-08-21 09:54:06
FEE-10383,ORD-4383,SEL-001,REFERRAL_AND_FBA,347.12,2026-08-21 10:02:24
FEE-10384,ORD-4384,SEL-001,REFERRAL_AND_FBA,438.52,2026-08-21 10:10:58
FEE-10385,ORD-4385,SEL-001,REFERRAL_AND_FBA,523.9,2026-08-21 10:19:26
FEE-10386,ORD-4386,SEL-001,REFERRAL_AND_FBA,121.71,2026-08-21 10:27:45
FEE-10387,ORD-4387,SEL-001,REFERRAL_AND_FBA,477.04,2026-08-21 10:36:43
FEE-10388,ORD-4388,SEL-001,REFERRAL_AND_FBA,506.8,2026-08-21 10:44:54
FEE-10389,ORD-4389,SEL-001,REFERRAL_AND_FBA,225.93,2026-08-21 10:53:38
FEE-10390,ORD-4390,SEL-001,REFERRAL_AND_FBA,344.72,2026-08-21 11:02:06
FEE-10391,ORD-4391,SEL-001,REFERRAL_AND_FBA,220.0,2026-08-21 11:10:27
FEE-10392,ORD-4392,SEL-001,REFERRAL_AND_FBA,328.49,2026-08-21 11:19:23
FEE-10393,ORD-4393,SEL-001,REFERRAL_AND_FBA,1011.25,2026-08-21 11:27:58
FEE-10394,ORD-4394,SEL-001,REFERRAL_AND_FBA,361.48,2026-08-21 11:36:04
FEE-10395,ORD-4395,SEL-001,REFERRAL_AND_FBA,562.0,2026-08-21 11:44:54
FEE-10396,ORD-4396,SEL-001,REFERRAL_AND_FBA,121.71,2026-08-21 11:53:17
FEE-10397,ORD-4397,SEL-001,REFERRAL_AND_FBA,201.6,2026-08-21 12:01:38
FEE-10398,ORD-4398,SEL-001,REFERRAL_AND_FBA,267.83,2026-08-21 12:10:11
FEE-10399,ORD-4399,SEL-001,REFERRAL_AND_FBA,263.19,2026-08-21 12:18:47
FEE-10400,ORD-4400,SEL-001,REFERRAL_AND_FBA,249.73,2026-08-21 12:27:36
FEE-10401,ORD-4401,SEL-001,REFERRAL_AND_FBA,122.54,2026-08-21 12:35:54
FEE-10402,ORD-4402,SEL-001,REFERRAL_AND_FBA,528.94,2026-08-21 12:44:18
FEE-10403,ORD-4403,SEL-001,REFERRAL_AND_FBA,895.11,2026-08-21 12:53:09
FEE-10404,ORD-4404,SEL-001,REFERRAL_AND_FBA,450.37,2026-08-21 13:01:40
FEE-10405,ORD-4405,SEL-001,REFERRAL_AND_FBA,439.9,2026-08-21 13:10:07
FEE-10406,ORD-4406,SEL-001,REFERRAL_AND_FBA,452.12,2026-08-21 13:18:42
FEE-10407,ORD-4407,SEL-001,REFERRAL_AND_FBA,661.26,2026-08-21 13:27:01
FEE-10408,ORD-4408,SEL-001,REFERRAL_AND_FBA,727.53,2026-08-21 13:35:36
FEE-10409,ORD-4409,SEL-001,REFERRAL_AND_FBA,347.12,2026-08-21 13:44:24
FEE-10410,ORD-4410,SEL-001,REFERRAL_AND_FBA,385.02,2026-08-21 13:52:51
FEE-10411,ORD-4411,SEL-001,REFERRAL_AND_FBA,664.86,2026-08-21 14:01:13
FEE-10412,ORD-4412,SEL-001,REFERRAL_AND_FBA,293.6,2026-08-21 14:09:38
FEE-10413,ORD-4413,SEL-001,REFERRAL_AND_FBA,664.86,2026-08-21 14:18:22
FEE-10414,ORD-4414,SEL-001,REFERRAL_AND_FBA,109.42,2026-08-21 14:27:06
FEE-10415,ORD-4415,SEL-001,REFERRAL_AND_FBA,231.88,2026-08-21 14:35:30
FEE-10416,ORD-4416,SEL-001,REFERRAL_AND_FBA,344.72,2026-08-21 14:44:09
FEE-10417,ORD-4417,SEL-001,REFERRAL_AND_FBA,506.8,2026-08-21 14:52:35
FEE-10418,ORD-4418,SEL-001,REFERRAL_AND_FBA,528.94,2026-08-21 15:00:49
FEE-10419,ORD-4419,SEL-001,REFERRAL_AND_FBA,222.99,2026-08-21 15:09:50
FEE-10420,ORD-4420,SEL-001,REFERRAL_AND_FBA,233.03,2026-08-21 15:18:21
FEE-10421,ORD-4421,SEL-001,REFERRAL_AND_FBA,587.2,2026-08-21 15:26:55
FEE-10422,ORD-4422,SEL-001,REFERRAL_AND_FBA,156.89,2026-08-21 15:35:15
FEE-10423,ORD-4423,SEL-001,REFERRAL_AND_FBA,262.7,2026-08-21 15:43:30
FEE-10424,ORD-4424,SEL-001,REFERRAL_AND_FBA,191.62,2026-08-21 15:52:04
FEE-10425,ORD-4425,SEL-001,REFERRAL_AND_FBA,260.0,2026-08-21 16:00:53
FEE-10426,ORD-4426,SEL-001,REFERRAL_AND_FBA,510.34,2026-08-21 16:09:22
FEE-10427,ORD-4427,SEL-001,REFERRAL_AND_FBA,528.94,2026-08-21 16:17:59
FEE-10428,ORD-4428,SEL-001,REFERRAL_AND_FBA,694.24,2026-08-21 16:26:22
FEE-10429,ORD-4429,SEL-001,REFERRAL_AND_FBA,510.34,2026-08-21 16:35:02
FEE-10430,ORD-4430,SEL-001,REFERRAL_AND_FBA,293.11,2026-08-21 16:43:22
FEE-10431,ORD-4431,SEL-001,REFERRAL_AND_FBA,260.0,2026-08-21 16:51:47
FEE-10432,ORD-4432,SEL-001,REFERRAL_AND_FBA,263.19,2026-08-21 17:00:39
FEE-10433,ORD-4433,SEL-001,REFERRAL_AND_FBA,557.32,2026-08-21 17:09:02
FEE-10434,ORD-4434,SEL-001,REFERRAL_AND_FBA,309.41,2026-08-21 17:17:43
FEE-10435,ORD-4435,SEL-001,REFERRAL_AND_FBA,450.37,2026-08-21 17:26:13
FEE-10436,ORD-4436,SEL-001,REFERRAL_AND_FBA,868.69,2026-08-21 17:34:38
FEE-10437,ORD-4437,SEL-001,REFERRAL_AND_FBA,608.51,2026-08-21 17:43:06
FEE-10438,ORD-4438,SEL-001,REFERRAL_AND_FBA,143.37,2026-08-21 17:51:42
FEE-10439,ORD-4439,SEL-001,REFERRAL_AND_FBA,293.6,2026-08-21 18:00:22
FEE-10440,ORD-4440,SEL-001,REFERRAL_AND_FBA,154.16,2026-08-21 18:08:52
FEE-10441,ORD-4441,SEL-001,REFERRAL_AND_FBA,1047.79,2026-08-21 18:17:28
FEE-10442,ORD-4442,SEL-001,REFERRAL_AND_FBA,335.78,2026-08-21 18:25:46
FEE-10443,ORD-4443,SEL-001,REFERRAL_AND_FBA,220.0,2026-08-21 18:34:12
FEE-10444,ORD-4444,SEL-001,REFERRAL_AND_FBA,506.8,2026-08-21 18:42:45
FEE-10445,ORD-4445,SEL-001,REFERRAL_AND_FBA,671.56,2026-08-21 18:51:38
FEE-10446,ORD-4446,SEL-001,REFERRAL_AND_FBA,162.4,2026-08-21 18:59:52
FEE-10447,ORD-4447,SEL-001,REFERRAL_AND_FBA,500.13,2026-08-21 19:08:34
FEE-10448,ORD-4448,SEL-001,REFERRAL_AND_FBA,227.0,2026-08-21 19:16:52
FEE-10449,ORD-4449,SEL-001,REFERRAL_AND_FBA,606.21,2026-08-21 19:25:47
FEE-10450,ORD-4450,SEL-001,REFERRAL_AND_FBA,434.35,2026-08-21 19:34:19
FEE-10451,ORD-4451,SEL-001,REFERRAL_AND_FBA,220.0,2026-08-21 19:42:37
FEE-10452,ORD-4452,SEL-001,REFERRAL_AND_FBA,328.49,2026-08-21 19:50:59
FEE-10453,ORD-4453,SEL-001,REFERRAL_AND_FBA,133.0,2026-08-21 19:59:54
FEE-10454,ORD-4454,SEL-001,REFERRAL_AND_FBA,651.18,2026-08-21 20:08:25
FEE-10455,ORD-4455,SEL-001,REFERRAL_AND_FBA,597.45,2026-08-21 20:16:52
FEE-10456,ORD-4456,SEL-001,REFERRAL_AND_FBA,712.86,2026-08-21 20:25:33
FEE-10457,ORD-4457,SEL-001,REFERRAL_AND_FBA,154.16,2026-08-21 20:33:55
FEE-10458,ORD-4458,SEL-001,REFERRAL_AND_FBA,434.35,2026-08-21 20:42:40
FEE-10459,ORD-4459,SEL-001,REFERRAL_AND_FBA,607.04,2026-08-21 20:51:00
FEE-10460,ORD-4460,SEL-001,REFERRAL_AND_FBA,1283.67,2026-08-21 20:59:37
FEE-10461,ORD-4461,SEL-001,REFERRAL_AND_FBA,414.66,2026-08-21 21:07:56
FEE-10462,ORD-4462,SEL-001,REFERRAL_AND_FBA,506.8,2026-08-21 21:16:29
FEE-10463,ORD-4463,SEL-001,REFERRAL_AND_FBA,728.43,2026-08-21 21:25:10
FEE-10464,ORD-4464,SEL-001,REFERRAL_AND_FBA,417.32,2026-08-21 21:33:30
FEE-10465,ORD-4465,SEL-001,REFERRAL_AND_FBA,597.45,2026-08-21 21:42:11
FEE-10466,ORD-4466,SEL-001,REFERRAL_AND_FBA,325.08,2026-08-21 21:50:45
FEE-10467,ORD-4467,SEL-001,REFERRAL_AND_FBA,220.0,2026-08-21 21:59:13
FEE-10468,ORD-4468,SEL-001,REFERRAL_AND_FBA,269.71,2026-08-21 22:07:42
FEE-10469,ORD-4469,SEL-001,REFERRAL_AND_FBA,486.81,2026-08-21 22:16:23
FEE-10470,ORD-4470,SEL-001,REFERRAL_AND_FBA,1242.49,2026-08-21 22:24:54
FEE-10471,ORD-4471,SEL-001,REFERRAL_AND_FBA,723.25,2026-08-21 22:33:29
FEE-10472,ORD-4472,SEL-001,REFERRAL_AND_FBA,541.66,2026-08-21 22:41:53
FEE-10473,ORD-4473,SEL-001,REFERRAL_AND_FBA,641.84,2026-08-21 22:50:12
FEE-10474,ORD-4474,SEL-001,REFERRAL_AND_FBA,225.93,2026-08-21 22:58:59
FEE-10475,ORD-4475,SEL-001,REFERRAL_AND_FBA,921.12,2026-08-21 23:07:41
FEE-10476,ORD-4476,SEL-001,REFERRAL_AND_FBA,689.62,2026-08-21 23:16:04
FEE-10477,ORD-4477,SEL-001,REFERRAL_AND_FBA,269.71,2026-08-21 23:24:31
FEE-10478,ORD-4478,SEL-001,REFERRAL_AND_FBA,150.46,2026-08-21 23:32:57
FEE-10479,ORD-4479,SEL-001,REFERRAL_AND_FBA,276.99,2026-08-21 23:41:44
FEE-10480,ORD-4480,SEL-001,REFERRAL_AND_FBA,193.29,2026-08-21 23:50:18
FEE-10481,ORD-4481,SEL-001,REFERRAL_AND_FBA,727.53,2026-08-21 23:58:32
FEE-10482,ORD-4482,SEL-001,REFERRAL_AND_FBA,334.4,2026-08-22 00:07:28
FEE-10483,ORD-4483,SEL-001,REFERRAL_AND_FBA,234.8,2026-08-22 00:15:42
FEE-10484,ORD-4484,SEL-001,REFERRAL_AND_FBA,528.94,2026-08-22 00:24:26
FEE-10485,ORD-4485,SEL-001,REFERRAL_AND_FBA,147.92,2026-08-22 00:33:01
FEE-10486,ORD-4486,SEL-001,REFERRAL_AND_FBA,510.34,2026-08-22 00:41:25
FEE-10487,ORD-4487,SEL-001,REFERRAL_AND_FBA,220.0,2026-08-22 00:50:03
FEE-10488,ORD-4488,SEL-001,REFERRAL_AND_FBA,143.37,2026-08-22 00:58:31
FEE-10489,ORD-4489,SEL-001,REFERRAL_AND_FBA,201.6,2026-08-22 01:06:45
FEE-10490,ORD-4490,SEL-001,REFERRAL_AND_FBA,450.37,2026-08-22 01:15:42
FEE-10491,ORD-4491,SEL-001,REFERRAL_AND_FBA,661.26,2026-08-22 01:24:12
FEE-10492,ORD-4492,SEL-001,REFERRAL_AND_FBA,237.79,2026-08-22 01:32:44
FEE-10493,ORD-4493,SEL-001,REFERRAL_AND_FBA,335.78,2026-08-22 01:41:11
FEE-10494,ORD-4494,SEL-001,REFERRAL_AND_FBA,606.21,2026-08-22 01:49:36
FEE-10495,ORD-4495,SEL-001,REFERRAL_AND_FBA,439.9,2026-08-22 01:58:13
FEE-10496,ORD-4496,SEL-001,REFERRAL_AND_FBA,557.7,2026-08-22 02:06:36
FEE-10497,ORD-4497,SEL-001,REFERRAL_AND_FBA,464.63,2026-08-22 02:15:31
FEE-10498,ORD-4498,SEL-001,REFERRAL_AND_FBA,196.67,2026-08-22 02:23:53
FEE-10499,ORD-4499,SEL-001,REFERRAL_AND_FBA,506.8,2026-08-22 02:32:11
FEE-10500,ORD-4500,SEL-001,REFERRAL_AND_FBA,444.43,2026-08-22 02:41:06
FEE-10501,ORD-4501,SEL-001,REFERRAL_AND_FBA,1456.86,2026-08-22 02:49:32
FEE-10502,ORD-4502,SEL-001,REFERRAL_AND_FBA,711.56,2026-08-22 02:57:43
FEE-10503,ORD-4503,SEL-001,REFERRAL_AND_FBA,232.32,2026-08-22 03:06:34
FEE-10504,ORD-4504,SEL-001,REFERRAL_AND_FBA,227.0,2026-08-22 03:14:45
FEE-10505,ORD-4505,SEL-001,REFERRAL_AND_FBA,143.37,2026-08-22 03:23:43
FEE-10506,ORD-4506,SEL-001,REFERRAL_AND_FBA,675.52,2026-08-22 03:31:50
FEE-10507,ORD-4507,SEL-001,REFERRAL_AND_FBA,162.4,2026-08-22 03:40:47
FEE-10508,ORD-4508,SEL-001,REFERRAL_AND_FBA,541.66,2026-08-22 03:49:13
FEE-10509,ORD-4509,SEL-001,REFERRAL_AND_FBA,632.78,2026-08-22 03:57:30
FEE-10510,ORD-4510,SEL-001,REFERRAL_AND_FBA,440.0,2026-08-22 04:06:07
FEE-10511,ORD-4511,SEL-001,REFERRAL_AND_FBA,361.48,2026-08-22 04:14:50
FEE-10512,ORD-4512,SEL-001,REFERRAL_AND_FBA,361.48,2026-08-22 04:23:17
FEE-10513,ORD-4513,SEL-001,REFERRAL_AND_FBA,694.24,2026-08-22 04:31:39
FEE-10514,ORD-4514,SEL-001,REFERRAL_AND_FBA,307.08,2026-08-22 04:40:19
FEE-10515,ORD-4515,SEL-001,REFERRAL_AND_FBA,261.36,2026-08-22 04:49:00
FEE-10516,ORD-4516,SEL-001,REFERRAL_AND_FBA,220.0,2026-08-22 04:57:27
FEE-10517,ORD-4517,SEL-001,REFERRAL_AND_FBA,477.38,2026-08-22 05:06:07
FEE-10518,ORD-4518,SEL-001,REFERRAL_AND_FBA,629.82,2026-08-22 05:14:31
FEE-10519,ORD-4519,SEL-001,REFERRAL_AND_FBA,693.61,2026-08-22 05:23:09
FEE-10520,ORD-4520,SEL-001,REFERRAL_AND_FBA,727.53,2026-08-22 05:31:34
FEE-10521,ORD-4521,SEL-001,REFERRAL_AND_FBA,233.03,2026-08-22 05:40:00
FEE-10522,ORD-4522,SEL-001,REFERRAL_AND_FBA,557.7,2026-08-22 05:48:48
FEE-10523,ORD-4523,SEL-001,REFERRAL_AND_FBA,344.72,2026-08-22 05:56:56
FEE-10524,ORD-4524,SEL-001,REFERRAL_AND_FBA,440.0,2026-08-22 06:05:48
FEE-10525,ORD-4525,SEL-001,REFERRAL_AND_FBA,96.64,2026-08-22 06:14:18
FEE-10526,ORD-4526,SEL-001,REFERRAL_AND_FBA,1013.6,2026-08-22 06:22:55
FEE-10527,ORD-4527,SEL-001,REFERRAL_AND_FBA,193.29,2026-08-22 06:31:17
FEE-10528,ORD-4528,SEL-001,REFERRAL_AND_FBA,661.26,2026-08-22 06:39:39
FEE-10529,ORD-4529,SEL-001,REFERRAL_AND_FBA,523.9,2026-08-22 06:48:13
FEE-10530,ORD-4530,SEL-001,REFERRAL_AND_FBA,587.2,2026-08-22 06:56:39
FEE-10531,ORD-4531,SEL-001,REFERRAL_AND_FBA,629.82,2026-08-22 07:05:14
FEE-10532,ORD-4532,SEL-001,REFERRAL_AND_FBA,232.32,2026-08-22 07:14:10
FEE-10533,ORD-4533,SEL-001,REFERRAL_AND_FBA,621.25,2026-08-22 07:22:15
FEE-10534,ORD-4534,SEL-001,REFERRAL_AND_FBA,492.5,2026-08-22 07:30:49
FEE-10535,ORD-4535,SEL-001,REFERRAL_AND_FBA,520.0,2026-08-22 07:39:48
FEE-10536,ORD-4536,SEL-001,REFERRAL_AND_FBA,333.82,2026-08-22 07:48:15
FEE-10537,ORD-4537,SEL-001,REFERRAL_AND_FBA,191.62,2026-08-22 07:56:50
FEE-10538,ORD-4538,SEL-001,REFERRAL_AND_FBA,109.42,2026-08-22 08:05:13
FEE-10539,ORD-4539,SEL-001,REFERRAL_AND_FBA,335.78,2026-08-22 08:13:51
FEE-10540,ORD-4540,SEL-001,REFERRAL_AND_FBA,243.42,2026-08-22 08:22:10
FEE-10541,ORD-4541,SEL-001,REFERRAL_AND_FBA,535.66,2026-08-22 08:30:45
FEE-10542,ORD-4542,SEL-001,REFERRAL_AND_FBA,497.75,2026-08-22 08:39:16
FEE-10543,ORD-4543,SEL-001,REFERRAL_AND_FBA,156.89,2026-08-22 08:47:35
FEE-10544,ORD-4544,SEL-001,REFERRAL_AND_FBA,308.31,2026-08-22 08:56:09
FEE-10545,ORD-4545,SEL-001,REFERRAL_AND_FBA,510.34,2026-08-22 09:04:42
FEE-10546,ORD-4546,SEL-001,REFERRAL_AND_FBA,156.89,2026-08-22 09:13:12
FEE-10547,ORD-4547,SEL-001,REFERRAL_AND_FBA,621.25,2026-08-22 09:21:56
FEE-10548,ORD-4548,SEL-001,REFERRAL_AND_FBA,328.49,2026-08-22 09:30:38
FEE-10549,ORD-4549,SEL-001,REFERRAL_AND_FBA,293.6,2026-08-22 09:39:12
FEE-10550,ORD-4550,SEL-001,REFERRAL_AND_FBA,334.4,2026-08-22 09:47:48
FEE-10551,ORD-4551,SEL-001,REFERRAL_AND_FBA,111.5,2026-08-22 09:56:12
FEE-10552,ORD-4552,SEL-001,REFERRAL_AND_FBA,557.32,2026-08-22 10:04:42
FEE-10553,ORD-4553,SEL-001,REFERRAL_AND_FBA,220.0,2026-08-22 10:13:24
FEE-10554,ORD-4554,SEL-001,REFERRAL_AND_FBA,150.46,2026-08-22 10:21:58
FEE-10555,ORD-4555,SEL-001,REFERRAL_AND_FBA,651.18,2026-08-22 10:30:27
FEE-10556,ORD-4556,SEL-001,REFERRAL_AND_FBA,231.88,2026-08-22 10:38:44
FEE-10557,ORD-4557,SEL-001,REFERRAL_AND_FBA,111.5,2026-08-22 10:47:22
FEE-10558,ORD-4558,SEL-001,REFERRAL_AND_FBA,439.9,2026-08-22 10:55:52
FEE-10559,ORD-4559,SEL-001,REFERRAL_AND_FBA,233.03,2026-08-22 11:04:30
FEE-10560,ORD-4560,SEL-001,REFERRAL_AND_FBA,293.6,2026-08-22 11:12:45
FEE-10561,ORD-4561,SEL-001,REFERRAL_AND_FBA,675.52,2026-08-22 11:21:29
FEE-10562,ORD-4562,SEL-001,REFERRAL_AND_FBA,96.64,2026-08-22 11:29:48
FEE-10563,ORD-4563,SEL-001,REFERRAL_AND_FBA,201.6,2026-08-22 11:38:26
FEE-10564,ORD-4564,SEL-001,REFERRAL_AND_FBA,597.45,2026-08-22 11:47:17
FEE-10565,ORD-4565,SEL-001,REFERRAL_AND_FBA,728.43,2026-08-22 11:55:23
FEE-10566,ORD-4566,SEL-001,REFERRAL_AND_FBA,711.56,2026-08-22 12:04:18
FEE-10567,ORD-4567,SEL-001,REFERRAL_AND_FBA,500.13,2026-08-22 12:12:51
FEE-10568,ORD-4568,SEL-001,REFERRAL_AND_FBA,245.07,2026-08-22 12:21:16
FEE-10569,ORD-4569,SEL-001,REFERRAL_AND_FBA,151.63,2026-08-22 12:29:58
FEE-10570,ORD-4570,SEL-001,REFERRAL_AND_FBA,528.94,2026-08-22 12:38:27
FEE-10571,ORD-4571,SEL-001,REFERRAL_AND_FBA,333.82,2026-08-22 12:46:42
FEE-10572,ORD-4572,SEL-001,REFERRAL_AND_FBA,587.2,2026-08-22 12:55:21
FEE-10573,ORD-4573,SEL-001,REFERRAL_AND_FBA,466.06,2026-08-22 13:03:59
FEE-10574,ORD-4574,SEL-001,REFERRAL_AND_FBA,429.81,2026-08-22 13:12:39
FEE-10575,ORD-4575,SEL-001,REFERRAL_AND_FBA,227.0,2026-08-22 13:20:42
FEE-10576,ORD-4576,SEL-001,REFERRAL_AND_FBA,313.78,2026-08-22 13:29:14
FEE-10577,ORD-4577,SEL-001,REFERRAL_AND_FBA,438.52,2026-08-22 13:38:12
FEE-10578,ORD-4578,SEL-001,REFERRAL_AND_FBA,266.0,2026-08-22 13:46:27
FEE-10579,ORD-4579,SEL-001,REFERRAL_AND_FBA,480.82,2026-08-22 13:54:56
FEE-10580,ORD-4580,SEL-001,REFERRAL_AND_FBA,220.0,2026-08-22 14:03:27
FEE-10581,ORD-4581,SEL-001,REFERRAL_AND_FBA,440.0,2026-08-22 14:12:03
FEE-10582,ORD-4582,SEL-001,REFERRAL_AND_FBA,829.33,2026-08-22 14:20:47
FEE-10583,ORD-4583,SEL-001,REFERRAL_AND_FBA,150.46,2026-08-22 14:29:06
FEE-10584,ORD-4584,SEL-001,REFERRAL_AND_FBA,196.67,2026-08-22 14:37:33
FEE-10585,ORD-4585,SEL-001,REFERRAL_AND_FBA,276.99,2026-08-22 14:46:07
FEE-10586,ORD-4586,SEL-001,REFERRAL_AND_FBA,226.06,2026-08-22 14:55:03
FEE-10587,ORD-4587,SEL-001,REFERRAL_AND_FBA,936.31,2026-08-22 15:03:24
FEE-10588,ORD-4588,SEL-001,REFERRAL_AND_FBA,303.25,2026-08-22 15:11:46
FEE-10589,ORD-4589,SEL-001,REFERRAL_AND_FBA,523.9,2026-08-22 15:20:11
FEE-10590,ORD-4590,SEL-001,REFERRAL_AND_FBA,728.43,2026-08-22 15:29:02
FEE-10591,ORD-4591,SEL-001,REFERRAL_AND_FBA,597.45,2026-08-22 15:37:22
FEE-10592,ORD-4592,SEL-001,REFERRAL_AND_FBA,475.57,2026-08-22 15:46:09
FEE-10593,ORD-4593,SEL-001,REFERRAL_AND_FBA,1425.72,2026-08-22 15:54:34
FEE-10594,ORD-4594,SEL-001,REFERRAL_AND_FBA,510.34,2026-08-22 16:03:13
FEE-10595,ORD-4595,SEL-001,REFERRAL_AND_FBA,293.6,2026-08-22 16:11:30
FEE-10596,ORD-4596,SEL-001,REFERRAL_AND_FBA,632.78,2026-08-22 16:20:24
FEE-10597,ORD-4597,SEL-001,REFERRAL_AND_FBA,486.81,2026-08-22 16:28:55
FEE-10598,ORD-4598,SEL-001,REFERRAL_AND_FBA,201.6,2026-08-22 16:36:59
FEE-10599,ORD-4599,SEL-001,REFERRAL_AND_FBA,201.6,2026-08-22 16:45:52
FEE-10600,ORD-4600,SEL-001,REFERRAL_AND_FBA,307.08,2026-08-22 16:54:13
FEE-10601,ORD-4601,SEL-001,REFERRAL_AND_FBA,440.0,2026-08-22 17:02:34
FEE-10602,ORD-4602,SEL-001,REFERRAL_AND_FBA,249.73,2026-08-22 17:11:16
FEE-10603,ORD-4603,SEL-001,REFERRAL_AND_FBA,632.78,2026-08-22 17:19:59
FEE-10604,ORD-4604,SEL-001,REFERRAL_AND_FBA,497.75,2026-08-22 17:28:13
FEE-10605,ORD-4605,SEL-001,REFERRAL_AND_FBA,621.25,2026-08-22 17:36:42
FEE-10606,ORD-4606,SEL-001,REFERRAL_AND_FBA,537.56,2026-08-22 17:45:26
FEE-10607,ORD-4607,SEL-001,REFERRAL_AND_FBA,632.78,2026-08-22 17:54:08
FEE-10608,ORD-4608,SEL-001,REFERRAL_AND_FBA,728.43,2026-08-22 18:02:26
FEE-10609,ORD-4609,SEL-001,REFERRAL_AND_FBA,693.61,2026-08-22 18:10:55
FEE-10610,ORD-4610,SEL-001,REFERRAL_AND_FBA,727.53,2026-08-22 18:19:22
FEE-10611,ORD-4611,SEL-001,REFERRAL_AND_FBA,303.25,2026-08-22 18:27:56
FEE-10612,ORD-4612,SEL-001,REFERRAL_AND_FBA,465.17,2026-08-22 18:36:55
FEE-10613,ORD-4613,SEL-001,REFERRAL_AND_FBA,237.79,2026-08-22 18:45:12
FEE-10614,ORD-4614,SEL-001,REFERRAL_AND_FBA,727.53,2026-08-22 18:54:01
FEE-10615,ORD-4615,SEL-001,REFERRAL_AND_FBA,1322.53,2026-08-22 19:02:07
FEE-10616,ORD-4616,SEL-001,REFERRAL_AND_FBA,469.6,2026-08-22 19:10:53
FEE-10617,ORD-4617,SEL-001,REFERRAL_AND_FBA,325.08,2026-08-22 19:19:33
FEE-10618,ORD-4618,SEL-001,REFERRAL_AND_FBA,492.5,2026-08-22 19:27:45
FEE-10619,ORD-4619,SEL-001,REFERRAL_AND_FBA,220.0,2026-08-22 19:36:29
FEE-10620,ORD-4620,SEL-001,REFERRAL_AND_FBA,528.94,2026-08-22 19:45:11
FEE-10621,ORD-4621,SEL-001,REFERRAL_AND_FBA,486.81,2026-08-22 19:53:24
FEE-10622,ORD-4622,SEL-001,REFERRAL_AND_FBA,475.57,2026-08-22 20:02:17
FEE-10623,ORD-4623,SEL-001,REFERRAL_AND_FBA,276.99,2026-08-22 20:10:24
FEE-10624,ORD-4624,SEL-001,REFERRAL_AND_FBA,468.16,2026-08-22 20:19:02
FEE-10625,ORD-4625,SEL-001,REFERRAL_AND_FBA,500.5,2026-08-22 20:27:24
FEE-10626,ORD-4626,SEL-001,REFERRAL_AND_FBA,1379.23,2026-08-22 20:36:15
FEE-10627,ORD-4627,SEL-001,REFERRAL_AND_FBA,497.75,2026-08-22 20:44:44
FEE-10628,ORD-4628,SEL-001,REFERRAL_AND_FBA,954.75,2026-08-22 20:53:00
FEE-10629,ORD-4629,SEL-001,REFERRAL_AND_FBA,151.63,2026-08-22 21:01:53
FEE-10630,ORD-4630,SEL-001,REFERRAL_AND_FBA,313.78,2026-08-22 21:10:12
FEE-10631,ORD-4631,SEL-001,REFERRAL_AND_FBA,96.64,2026-08-22 21:18:47
FEE-10632,ORD-4632,SEL-001,REFERRAL_AND_FBA,303.25,2026-08-22 21:27:33
FEE-10633,ORD-4633,SEL-001,REFERRAL_AND_FBA,444.43,2026-08-22 21:35:43
FEE-10634,ORD-4634,SEL-001,REFERRAL_AND_FBA,309.41,2026-08-22 21:44:16
FEE-10635,ORD-4635,SEL-001,REFERRAL_AND_FBA,154.16,2026-08-22 21:53:08
FEE-10636,ORD-4636,SEL-001,REFERRAL_AND_FBA,562.0,2026-08-22 22:01:18
FEE-10637,ORD-4637,SEL-001,REFERRAL_AND_FBA,523.9,2026-08-22 22:10:16
FEE-10638,ORD-4638,SEL-001,REFERRAL_AND_FBA,557.7,2026-08-22 22:18:37
FEE-10639,ORD-4639,SEL-001,REFERRAL_AND_FBA,325.08,2026-08-22 22:27:20
FEE-10640,ORD-4640,SEL-001,REFERRAL_AND_FBA,440.0,2026-08-22 22:35:43
FEE-10641,ORD-4641,SEL-001,REFERRAL_AND_FBA,671.56,2026-08-22 22:44:25
FEE-10642,ORD-4642,SEL-001,REFERRAL_AND_FBA,1387.21,2026-08-22 22:52:53
FEE-10643,ORD-4643,SEL-001,REFERRAL_AND_FBA,689.62,2026-08-22 23:01:18
FEE-10644,ORD-4644,SEL-001,REFERRAL_AND_FBA,262.7,2026-08-22 23:09:39
FEE-10645,ORD-4645,SEL-001,REFERRAL_AND_FBA,468.16,2026-08-22 23:18:29
FEE-10646,ORD-4646,SEL-001,REFERRAL_AND_FBA,393.34,2026-08-22 23:26:41
FEE-10647,ORD-4647,SEL-001,REFERRAL_AND_FBA,506.8,2026-08-22 23:35:12
FEE-10648,ORD-4648,SEL-001,REFERRAL_AND_FBA,263.19,2026-08-22 23:43:45
FEE-10649,ORD-4649,SEL-001,REFERRAL_AND_FBA,260.0,2026-08-22 23:52:34
FEE-10650,ORD-4650,SEL-001,REFERRAL_AND_FBA,238.52,2026-08-23 00:00:49
FEE-10651,ORD-4651,SEL-001,REFERRAL_AND_FBA,728.43,2026-08-23 00:09:45
FEE-10652,ORD-4652,SEL-001,REFERRAL_AND_FBA,505.62,2026-08-23 00:17:51
FEE-10653,ORD-4653,SEL-001,REFERRAL_AND_FBA,1020.68,2026-08-23 00:26:37
FEE-10654,ORD-4654,SEL-001,REFERRAL_AND_FBA,606.21,2026-08-23 00:35:06
FEE-10655,ORD-4655,SEL-001,REFERRAL_AND_FBA,661.26,2026-08-23 00:43:41
FEE-10656,ORD-4656,SEL-001,REFERRAL_AND_FBA,727.53,2026-08-23 00:52:25
FEE-10657,ORD-4657,SEL-001,REFERRAL_AND_FBA,269.71,2026-08-23 01:00:35
FEE-10658,ORD-4658,SEL-001,REFERRAL_AND_FBA,537.56,2026-08-23 01:09:30
FEE-10659,ORD-4659,SEL-001,REFERRAL_AND_FBA,661.26,2026-08-23 01:18:03
FEE-10660,ORD-4660,SEL-001,REFERRAL_AND_FBA,723.32,2026-08-23 01:26:09
FEE-10661,ORD-4661,SEL-001,REFERRAL_AND_FBA,112.96,2026-08-23 01:34:54
FEE-10662,ORD-4662,SEL-001,REFERRAL_AND_FBA,608.51,2026-08-23 01:43:16
FEE-10663,ORD-4663,SEL-001,REFERRAL_AND_FBA,465.17,2026-08-23 01:51:49
FEE-10664,ORD-4664,SEL-001,REFERRAL_AND_FBA,506.8,2026-08-23 02:00:36
FEE-10665,ORD-4665,SEL-001,REFERRAL_AND_FBA,122.54,2026-08-23 02:09:15
FEE-10666,ORD-4666,SEL-001,REFERRAL_AND_FBA,450.37,2026-08-23 02:17:40
FEE-10667,ORD-4667,SEL-001,REFERRAL_AND_FBA,308.31,2026-08-23 02:26:18
FEE-10668,ORD-4668,SEL-001,REFERRAL_AND_FBA,220.0,2026-08-23 02:34:35
FEE-10669,ORD-4669,SEL-001,REFERRAL_AND_FBA,711.56,2026-08-23 02:43:04
FEE-10670,ORD-4670,SEL-001,REFERRAL_AND_FBA,226.06,2026-08-23 02:51:38
FEE-10671,ORD-4671,SEL-001,REFERRAL_AND_FBA,162.4,2026-08-23 03:00:18
FEE-10672,ORD-4672,SEL-001,REFERRAL_AND_FBA,143.37,2026-08-23 03:08:55
FEE-10673,ORD-4673,SEL-001,REFERRAL_AND_FBA,429.81,2026-08-23 03:17:20
FEE-10674,ORD-4674,SEL-001,REFERRAL_AND_FBA,1456.86,2026-08-23 03:25:38
FEE-10675,ORD-4675,SEL-001,REFERRAL_AND_FBA,539.42,2026-08-23 03:34:28
FEE-10676,ORD-4676,SEL-001,REFERRAL_AND_FBA,238.52,2026-08-23 03:43:07
FEE-10677,ORD-4677,SEL-001,REFERRAL_AND_FBA,361.63,2026-08-23 03:51:09
FEE-10678,ORD-4678,SEL-001,REFERRAL_AND_FBA,608.51,2026-08-23 04:00:01
FEE-10679,ORD-4679,SEL-001,REFERRAL_AND_FBA,500.5,2026-08-23 04:08:20
FEE-10680,ORD-4680,SEL-001,REFERRAL_AND_FBA,262.7,2026-08-23 04:16:58
FEE-10681,ORD-4681,SEL-001,REFERRAL_AND_FBA,523.9,2026-08-23 04:25:32
FEE-10682,ORD-4682,SEL-001,REFERRAL_AND_FBA,629.82,2026-08-23 04:34:19
FEE-10683,ORD-4683,SEL-001,REFERRAL_AND_FBA,711.56,2026-08-23 04:42:23
FEE-10684,ORD-4684,SEL-001,REFERRAL_AND_FBA,505.62,2026-08-23 04:51:14
FEE-10685,ORD-4685,SEL-001,REFERRAL_AND_FBA,162.4,2026-08-23 04:59:35
FEE-10686,ORD-4686,SEL-001,REFERRAL_AND_FBA,269.71,2026-08-23 05:07:58
FEE-10687,ORD-4687,SEL-001,REFERRAL_AND_FBA,1011.25,2026-08-23 05:16:57
FEE-10688,ORD-4688,SEL-001,REFERRAL_AND_FBA,151.63,2026-08-23 05:25:11
FEE-10689,ORD-4689,SEL-001,REFERRAL_AND_FBA,465.17,2026-08-23 05:34:03
FEE-10690,ORD-4690,SEL-001,REFERRAL_AND_FBA,1259.64,2026-08-23 05:42:27
FEE-10691,ORD-4691,SEL-001,REFERRAL_AND_FBA,895.11,2026-08-23 05:51:08
FEE-10692,ORD-4692,SEL-001,REFERRAL_AND_FBA,522.72,2026-08-23 05:59:31
FEE-10693,ORD-4693,SEL-001,REFERRAL_AND_FBA,162.4,2026-08-23 06:07:49
FEE-10694,ORD-4694,SEL-001,REFERRAL_AND_FBA,702.72,2026-08-23 06:16:35
FEE-10695,ORD-4695,SEL-001,REFERRAL_AND_FBA,888.85,2026-08-23 06:25:14
FEE-10696,ORD-4696,SEL-001,REFERRAL_AND_FBA,147.92,2026-08-23 06:33:23
FEE-10697,ORD-4697,SEL-001,REFERRAL_AND_FBA,562.0,2026-08-23 06:41:57
FEE-10698,ORD-4698,SEL-001,REFERRAL_AND_FBA,347.12,2026-08-23 06:50:24
FEE-10699,ORD-4699,SEL-001,REFERRAL_AND_FBA,196.67,2026-08-23 06:59:06
FEE-10700,ORD-4700,SEL-001,REFERRAL_AND_FBA,447.56,2026-08-23 07:07:49
FEE-10701,ORD-4701,SEL-001,REFERRAL_AND_FBA,712.86,2026-08-23 07:16:17
FEE-10702,ORD-4702,SEL-001,REFERRAL_AND_FBA,702.72,2026-08-23 07:25:00
FEE-10703,ORD-4703,SEL-001,REFERRAL_AND_FBA,712.86,2026-08-23 07:33:14
FEE-10704,ORD-4704,SEL-001,REFERRAL_AND_FBA,361.48,2026-08-23 07:41:54
FEE-10705,ORD-4705,SEL-001,REFERRAL_AND_FBA,444.43,2026-08-23 07:50:11
FEE-10706,ORD-4706,SEL-001,REFERRAL_AND_FBA,522.72,2026-08-23 07:59:08
FEE-10707,ORD-4707,SEL-001,REFERRAL_AND_FBA,727.53,2026-08-23 08:07:13
FEE-10708,ORD-4708,SEL-001,REFERRAL_AND_FBA,269.71,2026-08-23 08:16:08
FEE-10709,ORD-4709,SEL-001,REFERRAL_AND_FBA,477.38,2026-08-23 08:24:20
FEE-10710,ORD-4710,SEL-001,REFERRAL_AND_FBA,711.56,2026-08-23 08:32:55
FEE-10711,ORD-4711,SEL-001,REFERRAL_AND_FBA,444.43,2026-08-23 08:41:27
FEE-10712,ORD-4712,SEL-001,REFERRAL_AND_FBA,702.72,2026-08-23 08:49:59
FEE-10713,ORD-4713,SEL-001,REFERRAL_AND_FBA,486.81,2026-08-23 08:58:53
FEE-10714,ORD-4714,SEL-001,REFERRAL_AND_FBA,201.6,2026-08-23 09:07:01
FEE-10715,ORD-4715,SEL-001,REFERRAL_AND_FBA,1456.86,2026-08-23 09:15:51
FEE-10716,ORD-4716,SEL-001,REFERRAL_AND_FBA,895.11,2026-08-23 09:24:19
FEE-10717,ORD-4717,SEL-001,REFERRAL_AND_FBA,439.9,2026-08-23 09:33:00
FEE-10718,ORD-4718,SEL-001,REFERRAL_AND_FBA,227.0,2026-08-23 09:41:17
FEE-10719,ORD-4719,SEL-001,REFERRAL_AND_FBA,333.82,2026-08-23 09:49:46
FEE-10720,ORD-4720,SEL-001,REFERRAL_AND_FBA,557.32,2026-08-23 09:58:36
FEE-10721,ORD-4721,SEL-001,REFERRAL_AND_FBA,661.26,2026-08-23 10:07:00
FEE-10722,ORD-4722,SEL-001,REFERRAL_AND_FBA,232.32,2026-08-23 10:15:42
FEE-10723,ORD-4723,SEL-001,REFERRAL_AND_FBA,468.16,2026-08-23 10:24:09
FEE-10724,ORD-4724,SEL-001,REFERRAL_AND_FBA,328.49,2026-08-23 10:32:30
FEE-10725,ORD-4725,SEL-001,REFERRAL_AND_FBA,220.0,2026-08-23 10:40:54
FEE-10726,ORD-4726,SEL-001,REFERRAL_AND_FBA,249.73,2026-08-23 10:49:46
FEE-10727,ORD-4727,SEL-001,REFERRAL_AND_FBA,361.48,2026-08-23 10:58:18
FEE-10728,ORD-4728,SEL-001,REFERRAL_AND_FBA,523.9,2026-08-23 11:06:34
FEE-10729,ORD-4729,SEL-001,REFERRAL_AND_FBA,597.45,2026-08-23 11:15:11
FEE-10730,ORD-4730,SEL-001,REFERRAL_AND_FBA,191.62,2026-08-23 11:23:38
FEE-10731,ORD-4731,SEL-001,REFERRAL_AND_FBA,417.32,2026-08-23 11:32:09
FEE-10732,ORD-4732,SEL-001,REFERRAL_AND_FBA,249.73,2026-08-23 11:40:38
FEE-10733,ORD-4733,SEL-001,REFERRAL_AND_FBA,220.0,2026-08-23 11:49:09
FEE-10734,ORD-4734,SEL-001,REFERRAL_AND_FBA,587.2,2026-08-23 11:57:47
FEE-10735,ORD-4735,SEL-001,REFERRAL_AND_FBA,309.41,2026-08-23 12:06:31
FEE-10736,ORD-4736,SEL-001,REFERRAL_AND_FBA,220.0,2026-08-23 12:14:55
FEE-10737,ORD-4737,SEL-001,REFERRAL_AND_FBA,664.86,2026-08-23 12:23:23
FEE-10738,ORD-4738,SEL-001,REFERRAL_AND_FBA,417.32,2026-08-23 12:31:48
FEE-10739,ORD-4739,SEL-001,REFERRAL_AND_FBA,587.2,2026-08-23 12:40:38
FEE-10740,ORD-4740,SEL-001,REFERRAL_AND_FBA,417.32,2026-08-23 12:48:57
FEE-10741,ORD-4741,SEL-001,REFERRAL_AND_FBA,154.16,2026-08-23 12:57:46
FEE-10742,ORD-4742,SEL-001,REFERRAL_AND_FBA,562.0,2026-08-23 13:05:55
FEE-10743,ORD-4743,SEL-001,REFERRAL_AND_FBA,523.9,2026-08-23 13:14:26
FEE-10744,ORD-4744,SEL-001,REFERRAL_AND_FBA,727.53,2026-08-23 13:23:12
FEE-10745,ORD-4745,SEL-001,REFERRAL_AND_FBA,109.42,2026-08-23 13:31:56
FEE-10746,ORD-4746,SEL-001,REFERRAL_AND_FBA,263.19,2026-08-23 13:40:13
FEE-10747,ORD-4747,SEL-001,REFERRAL_AND_FBA,309.41,2026-08-23 13:48:54
FEE-10748,ORD-4748,SEL-001,REFERRAL_AND_FBA,249.73,2026-08-23 13:57:20
FEE-10749,ORD-4749,SEL-001,REFERRAL_AND_FBA,711.56,2026-08-23 14:05:45
FEE-10750,ORD-4750,SEL-001,REFERRAL_AND_FBA,468.16,2026-08-23 14:14:23
FEE-10751,ORD-4751,SEL-001,REFERRAL_AND_FBA,936.31,2026-08-23 14:22:47
FEE-10752,ORD-4752,SEL-001,REFERRAL_AND_FBA,335.78,2026-08-23 14:31:29
FEE-10753,ORD-4753,SEL-001,REFERRAL_AND_FBA,694.24,2026-08-23 14:39:49
FEE-10754,ORD-4754,SEL-001,REFERRAL_AND_FBA,728.43,2026-08-23 14:48:39
FEE-10755,ORD-4755,SEL-001,REFERRAL_AND_FBA,147.92,2026-08-23 14:57:12
FEE-10756,ORD-4756,SEL-001,REFERRAL_AND_FBA,465.17,2026-08-23 15:05:40
FEE-10757,ORD-4757,SEL-001,REFERRAL_AND_FBA,492.5,2026-08-23 15:14:19
FEE-10758,ORD-4758,SEL-001,REFERRAL_AND_FBA,112.96,2026-08-23 15:22:27
FEE-10759,ORD-4759,SEL-001,REFERRAL_AND_FBA,477.38,2026-08-23 15:31:22
FEE-10760,ORD-4760,SEL-001,REFERRAL_AND_FBA,641.84,2026-08-23 15:39:36
FEE-10761,ORD-4761,SEL-001,REFERRAL_AND_FBA,220.0,2026-08-23 15:48:11
FEE-10762,ORD-4762,SEL-001,REFERRAL_AND_FBA,147.92,2026-08-23 15:56:45
FEE-10763,ORD-4763,SEL-001,REFERRAL_AND_FBA,492.5,2026-08-23 16:05:18
FEE-10764,ORD-4764,SEL-001,REFERRAL_AND_FBA,334.4,2026-08-23 16:13:40
FEE-10765,ORD-4765,SEL-001,REFERRAL_AND_FBA,249.73,2026-08-23 16:22:28
FEE-10766,ORD-4766,SEL-001,REFERRAL_AND_FBA,111.5,2026-08-23 16:30:55
FEE-10767,ORD-4767,SEL-001,REFERRAL_AND_FBA,267.83,2026-08-23 16:39:24
FEE-10768,ORD-4768,SEL-001,REFERRAL_AND_FBA,151.63,2026-08-23 16:48:04
FEE-10769,ORD-4769,SEL-001,REFERRAL_AND_FBA,147.92,2026-08-23 16:56:33
FEE-10770,ORD-4770,SEL-001,REFERRAL_AND_FBA,347.12,2026-08-23 17:04:55
FEE-10771,ORD-4771,SEL-001,REFERRAL_AND_FBA,597.45,2026-08-23 17:13:42
FEE-10772,ORD-4772,SEL-001,REFERRAL_AND_FBA,607.04,2026-08-23 17:21:56
FEE-10773,ORD-4773,SEL-001,REFERRAL_AND_FBA,112.96,2026-08-23 17:30:56
FEE-10774,ORD-4774,SEL-001,REFERRAL_AND_FBA,334.4,2026-08-23 17:38:59
FEE-10775,ORD-4775,SEL-001,REFERRAL_AND_FBA,231.88,2026-08-23 17:47:45
FEE-10776,ORD-4776,SEL-001,REFERRAL_AND_FBA,497.75,2026-08-23 17:56:07
FEE-10777,ORD-4777,SEL-001,REFERRAL_AND_FBA,238.52,2026-08-23 18:05:04
FEE-10778,ORD-4778,SEL-001,REFERRAL_AND_FBA,900.74,2026-08-23 18:13:23
FEE-10779,ORD-4779,SEL-001,REFERRAL_AND_FBA,150.46,2026-08-23 18:21:59
FEE-10780,ORD-4780,SEL-001,REFERRAL_AND_FBA,269.71,2026-08-23 18:30:29
FEE-10781,ORD-4781,SEL-001,REFERRAL_AND_FBA,293.11,2026-08-23 18:39:12
FEE-10782,ORD-4782,SEL-001,REFERRAL_AND_FBA,439.9,2026-08-23 18:47:17
FEE-10783,ORD-4783,SEL-001,REFERRAL_AND_FBA,269.71,2026-08-23 18:55:46
FEE-10784,ORD-4784,SEL-001,REFERRAL_AND_FBA,444.43,2026-08-23 19:04:39
FEE-10785,ORD-4785,SEL-001,REFERRAL_AND_FBA,227.0,2026-08-23 19:12:51
FEE-10786,ORD-4786,SEL-001,REFERRAL_AND_FBA,447.56,2026-08-23 19:21:40
FEE-10787,ORD-4787,SEL-001,REFERRAL_AND_FBA,414.66,2026-08-23 19:30:13
FEE-10788,ORD-4788,SEL-001,REFERRAL_AND_FBA,562.0,2026-08-23 19:38:55
FEE-10789,ORD-4789,SEL-001,REFERRAL_AND_FBA,460.56,2026-08-23 19:46:59
FEE-10790,ORD-4790,SEL-001,REFERRAL_AND_FBA,712.86,2026-08-23 19:55:32
FEE-10791,ORD-4791,SEL-001,REFERRAL_AND_FBA,1013.6,2026-08-23 20:04:33
FEE-10792,ORD-4792,SEL-001,REFERRAL_AND_FBA,269.71,2026-08-23 20:12:46
FEE-10793,ORD-4793,SEL-001,REFERRAL_AND_FBA,492.5,2026-08-23 20:21:29
FEE-10794,ORD-4794,SEL-001,REFERRAL_AND_FBA,196.67,2026-08-23 20:29:42
FEE-10795,ORD-4795,SEL-001,REFERRAL_AND_FBA,460.56,2026-08-23 20:38:20
FEE-10796,ORD-4796,SEL-001,REFERRAL_AND_FBA,693.61,2026-08-23 20:47:02
FEE-10797,ORD-4797,SEL-001,REFERRAL_AND_FBA,664.86,2026-08-23 20:55:26
FEE-10798,ORD-4798,SEL-001,REFERRAL_AND_FBA,621.25,2026-08-23 21:03:57
FEE-10799,ORD-4799,SEL-001,REFERRAL_AND_FBA,641.84,2026-08-23 21:12:27
FEE-10800,ORD-4800,SEL-001,REFERRAL_AND_FBA,335.78,2026-08-23 21:21:20
FEE-10801,ORD-4801,SEL-001,REFERRAL_AND_FBA,293.11,2026-08-23 21:29:53
FEE-10802,ORD-4802,SEL-001,REFERRAL_AND_FBA,434.35,2026-08-23 21:38:23
FEE-10803,ORD-4803,SEL-001,REFERRAL_AND_FBA,606.21,2026-08-23 21:46:53
FEE-10804,ORD-4804,SEL-001,REFERRAL_AND_FBA,675.52,2026-08-23 21:55:09
FEE-10805,ORD-4805,SEL-001,REFERRAL_AND_FBA,112.96,2026-08-23 22:03:38
FEE-10806,ORD-4806,SEL-001,REFERRAL_AND_FBA,109.42,2026-08-23 22:12:22
FEE-10807,ORD-4807,SEL-001,REFERRAL_AND_FBA,201.6,2026-08-23 22:20:36
FEE-10808,ORD-4808,SEL-001,REFERRAL_AND_FBA,523.9,2026-08-23 22:29:11
FEE-10809,ORD-4809,SEL-001,REFERRAL_AND_FBA,444.43,2026-08-23 22:38:07
FEE-10810,ORD-4810,SEL-001,REFERRAL_AND_FBA,293.11,2026-08-23 22:46:23
FEE-10811,ORD-4811,SEL-001,REFERRAL_AND_FBA,220.0,2026-08-23 22:54:45
FEE-10812,ORD-4812,SEL-001,REFERRAL_AND_FBA,361.48,2026-08-23 23:03:43
FEE-10813,ORD-4813,SEL-001,REFERRAL_AND_FBA,936.31,2026-08-23 23:12:06
FEE-10814,ORD-4814,SEL-001,REFERRAL_AND_FBA,307.08,2026-08-23 23:20:23
FEE-10815,ORD-4815,SEL-001,REFERRAL_AND_FBA,238.52,2026-08-23 23:29:19
FEE-10816,ORD-4816,SEL-001,REFERRAL_AND_FBA,232.32,2026-08-23 23:37:34
FEE-10817,ORD-4817,SEL-001,REFERRAL_AND_FBA,463.76,2026-08-23 23:46:13
FEE-10818,ORD-4818,SEL-001,REFERRAL_AND_FBA,240.9,2026-08-23 23:54:58
FEE-10819,ORD-4819,SEL-001,REFERRAL_AND_FBA,154.16,2026-08-24 00:03:22
FEE-10820,ORD-4820,SEL-001,REFERRAL_AND_FBA,307.08,2026-08-24 00:11:49
FEE-10821,ORD-4821,SEL-001,REFERRAL_AND_FBA,347.12,2026-08-24 00:20:30
FEE-10822,ORD-4822,SEL-001,REFERRAL_AND_FBA,621.25,2026-08-24 00:28:43
FEE-10823,ORD-4823,SEL-001,REFERRAL_AND_FBA,220.0,2026-08-24 00:37:28
FEE-10824,ORD-4824,SEL-001,REFERRAL_AND_FBA,417.32,2026-08-24 00:45:58
FEE-10825,ORD-4825,SEL-001,REFERRAL_AND_FBA,234.8,2026-08-24 00:54:37
FEE-10826,ORD-4826,SEL-001,REFERRAL_AND_FBA,245.07,2026-08-24 01:03:14
FEE-10827,ORD-4827,SEL-001,REFERRAL_AND_FBA,661.26,2026-08-24 01:11:25
FEE-10828,ORD-4828,SEL-001,REFERRAL_AND_FBA,500.5,2026-08-24 01:19:51
FEE-10829,ORD-4829,SEL-001,REFERRAL_AND_FBA,562.0,2026-08-24 01:28:35
FEE-10830,ORD-4830,SEL-001,REFERRAL_AND_FBA,481.81,2026-08-24 01:36:54
FEE-10831,ORD-4831,SEL-001,REFERRAL_AND_FBA,333.82,2026-08-24 01:45:51
FEE-10832,ORD-4832,SEL-001,REFERRAL_AND_FBA,671.56,2026-08-24 01:54:11
FEE-10833,ORD-4833,SEL-001,REFERRAL_AND_FBA,608.51,2026-08-24 02:02:35
FEE-10834,ORD-4834,SEL-001,REFERRAL_AND_FBA,328.49,2026-08-24 02:11:05
FEE-10835,ORD-4835,SEL-001,REFERRAL_AND_FBA,220.0,2026-08-24 02:19:39
FEE-10836,ORD-4836,SEL-001,REFERRAL_AND_FBA,597.45,2026-08-24 02:28:18
FEE-10837,ORD-4837,SEL-001,REFERRAL_AND_FBA,108.45,2026-08-24 02:36:50
FEE-10838,ORD-4838,SEL-001,REFERRAL_AND_FBA,276.99,2026-08-24 02:45:33
FEE-10839,ORD-4839,SEL-001,REFERRAL_AND_FBA,333.82,2026-08-24 02:54:09
FEE-10840,ORD-4840,SEL-001,REFERRAL_AND_FBA,632.78,2026-08-24 03:02:15
FEE-10841,ORD-4841,SEL-001,REFERRAL_AND_FBA,477.38,2026-08-24 03:10:53
FEE-10842,ORD-4842,SEL-001,REFERRAL_AND_FBA,523.9,2026-08-24 03:19:46
FEE-10843,ORD-4843,SEL-001,REFERRAL_AND_FBA,293.11,2026-08-24 03:27:51
FEE-10844,ORD-4844,SEL-001,REFERRAL_AND_FBA,220.0,2026-08-24 03:36:50
FEE-10845,ORD-4845,SEL-001,REFERRAL_AND_FBA,621.25,2026-08-24 03:44:58
FEE-10846,ORD-4846,SEL-001,REFERRAL_AND_FBA,452.12,2026-08-24 03:53:39
FEE-10847,ORD-4847,SEL-001,REFERRAL_AND_FBA,1423.12,2026-08-24 04:02:25
FEE-10848,ORD-4848,SEL-001,REFERRAL_AND_FBA,447.56,2026-08-24 04:10:45
FEE-10849,ORD-4849,SEL-001,REFERRAL_AND_FBA,689.43,2026-08-24 04:19:05
FEE-10850,ORD-4850,SEL-001,REFERRAL_AND_FBA,450.37,2026-08-24 04:27:42
FEE-10851,ORD-4851,SEL-001,REFERRAL_AND_FBA,232.32,2026-08-24 04:36:35
FEE-10852,ORD-4852,SEL-001,REFERRAL_AND_FBA,309.41,2026-08-24 04:44:54
FEE-10853,ORD-4853,SEL-001,REFERRAL_AND_FBA,417.32,2026-08-24 04:53:35
FEE-10854,ORD-4854,SEL-001,REFERRAL_AND_FBA,528.94,2026-08-24 05:01:59
FEE-10855,ORD-4855,SEL-001,REFERRAL_AND_FBA,191.62,2026-08-24 05:10:21
FEE-10856,ORD-4856,SEL-001,REFERRAL_AND_FBA,220.0,2026-08-24 05:18:48
FEE-10857,ORD-4857,SEL-001,REFERRAL_AND_FBA,629.82,2026-08-24 05:27:21
FEE-10858,ORD-4858,SEL-001,REFERRAL_AND_FBA,133.0,2026-08-24 05:36:12
FEE-10859,ORD-4859,SEL-001,REFERRAL_AND_FBA,1114.64,2026-08-24 05:44:50
FEE-10860,ORD-4860,SEL-001,REFERRAL_AND_FBA,499.45,2026-08-24 05:53:09
FEE-10861,ORD-4861,SEL-001,REFERRAL_AND_FBA,261.36,2026-08-24 06:01:37
FEE-10862,ORD-4862,SEL-001,REFERRAL_AND_FBA,727.53,2026-08-24 06:10:03
FEE-10863,ORD-4863,SEL-001,REFERRAL_AND_FBA,497.75,2026-08-24 06:18:35
FEE-10864,ORD-4864,SEL-001,REFERRAL_AND_FBA,267.83,2026-08-24 06:27:19
FEE-10865,ORD-4865,SEL-001,REFERRAL_AND_FBA,269.71,2026-08-24 06:35:38
FEE-10866,ORD-4866,SEL-001,REFERRAL_AND_FBA,269.71,2026-08-24 06:44:14
FEE-10867,ORD-4867,SEL-001,REFERRAL_AND_FBA,417.32,2026-08-24 06:52:44
FEE-10868,ORD-4868,SEL-001,REFERRAL_AND_FBA,267.83,2026-08-24 07:01:19
FEE-10869,ORD-4869,SEL-001,REFERRAL_AND_FBA,121.71,2026-08-24 07:09:58
FEE-10870,ORD-4870,SEL-001,REFERRAL_AND_FBA,220.0,2026-08-24 07:18:40
FEE-10871,ORD-4871,SEL-001,REFERRAL_AND_FBA,111.5,2026-08-24 07:27:11
FEE-10872,ORD-4872,SEL-001,REFERRAL_AND_FBA,447.56,2026-08-24 07:35:25
FEE-10873,ORD-4873,SEL-001,REFERRAL_AND_FBA,664.86,2026-08-24 07:43:56
FEE-10874,ORD-4874,SEL-001,REFERRAL_AND_FBA,632.78,2026-08-24 07:52:42
FEE-10875,ORD-4875,SEL-001,REFERRAL_AND_FBA,606.21,2026-08-24 08:01:10
FEE-10876,ORD-4876,SEL-001,REFERRAL_AND_FBA,328.49,2026-08-24 08:09:31
FEE-10877,ORD-4877,SEL-001,REFERRAL_AND_FBA,465.17,2026-08-24 08:18:24
FEE-10878,ORD-4878,SEL-001,REFERRAL_AND_FBA,506.8,2026-08-24 08:26:36
FEE-10879,ORD-4879,SEL-001,REFERRAL_AND_FBA,151.63,2026-08-24 08:35:33
FEE-10880,ORD-4880,SEL-001,REFERRAL_AND_FBA,293.11,2026-08-24 08:43:45
FEE-10881,ORD-4881,SEL-001,REFERRAL_AND_FBA,608.51,2026-08-24 08:52:21
FEE-10882,ORD-4882,SEL-001,REFERRAL_AND_FBA,1455.06,2026-08-24 09:00:58
FEE-10883,ORD-4883,SEL-001,REFERRAL_AND_FBA,434.35,2026-08-24 09:09:23
FEE-10884,ORD-4884,SEL-001,REFERRAL_AND_FBA,191.62,2026-08-24 09:18:04
FEE-10885,ORD-4885,SEL-001,REFERRAL_AND_FBA,523.9,2026-08-24 09:26:35
FEE-10886,ORD-4886,SEL-001,REFERRAL_AND_FBA,96.64,2026-08-24 09:35:14
FEE-10887,ORD-4887,SEL-001,REFERRAL_AND_FBA,537.56,2026-08-24 09:43:24
FEE-10888,ORD-4888,SEL-001,REFERRAL_AND_FBA,506.8,2026-08-24 09:52:00
FEE-10889,ORD-4889,SEL-001,REFERRAL_AND_FBA,112.96,2026-08-24 10:00:50
FEE-10890,ORD-4890,SEL-001,REFERRAL_AND_FBA,293.11,2026-08-24 10:09:24
FEE-10891,ORD-4891,SEL-001,REFERRAL_AND_FBA,1283.67,2026-08-24 10:17:45
FEE-10892,ORD-4892,SEL-001,REFERRAL_AND_FBA,523.9,2026-08-24 10:26:26
FEE-10893,ORD-4893,SEL-001,REFERRAL_AND_FBA,447.56,2026-08-24 10:35:01
FEE-10894,ORD-4894,SEL-001,REFERRAL_AND_FBA,541.66,2026-08-24 10:43:11
FEE-10895,ORD-4895,SEL-001,REFERRAL_AND_FBA,328.49,2026-08-24 10:51:56
FEE-10896,ORD-4896,SEL-001,REFERRAL_AND_FBA,220.0,2026-08-24 11:00:11
FEE-10897,ORD-4897,SEL-001,REFERRAL_AND_FBA,505.62,2026-08-24 11:08:43
FEE-10898,ORD-4898,SEL-001,REFERRAL_AND_FBA,220.0,2026-08-24 11:17:18
FEE-10899,ORD-4899,SEL-001,REFERRAL_AND_FBA,151.63,2026-08-24 11:25:49
FEE-10900,ORD-4900,SEL-001,REFERRAL_AND_FBA,693.61,2026-08-24 11:34:39
FEE-10901,ORD-4901,SEL-001,REFERRAL_AND_FBA,385.02,2026-08-24 11:42:51
FEE-10902,ORD-4902,SEL-001,REFERRAL_AND_FBA,385.02,2026-08-24 11:51:33
FEE-10903,ORD-4903,SEL-001,REFERRAL_AND_FBA,150.46,2026-08-24 11:59:55
FEE-10904,ORD-4904,SEL-001,REFERRAL_AND_FBA,505.62,2026-08-24 12:08:24
FEE-10905,ORD-4905,SEL-001,REFERRAL_AND_FBA,553.97,2026-08-24 12:17:18
FEE-10906,ORD-4906,SEL-001,REFERRAL_AND_FBA,325.08,2026-08-24 12:25:45
FEE-10907,ORD-4907,SEL-001,REFERRAL_AND_FBA,537.56,2026-08-24 12:34:10
FEE-10908,ORD-4908,SEL-001,REFERRAL_AND_FBA,1000.27,2026-08-24 12:43:00
FEE-10909,ORD-4909,SEL-001,REFERRAL_AND_FBA,385.02,2026-08-24 12:51:09
FEE-10910,ORD-4910,SEL-001,REFERRAL_AND_FBA,201.6,2026-08-24 13:00:00
FEE-10911,ORD-4911,SEL-001,REFERRAL_AND_FBA,1011.25,2026-08-24 13:08:13
FEE-10912,ORD-4912,SEL-001,REFERRAL_AND_FBA,614.16,2026-08-24 13:16:46
FEE-10913,ORD-4913,SEL-001,REFERRAL_AND_FBA,307.08,2026-08-24 13:25:41
FEE-10914,ORD-4914,SEL-001,REFERRAL_AND_FBA,237.79,2026-08-24 13:34:13
FEE-10915,ORD-4915,SEL-001,REFERRAL_AND_FBA,335.78,2026-08-24 13:42:47
FEE-10916,ORD-4916,SEL-001,REFERRAL_AND_FBA,505.62,2026-08-24 13:51:01
FEE-10917,ORD-4917,SEL-001,REFERRAL_AND_FBA,191.62,2026-08-24 13:59:24
FEE-10918,ORD-4918,SEL-001,REFERRAL_AND_FBA,162.4,2026-08-24 14:07:58
FEE-10919,ORD-4919,SEL-001,REFERRAL_AND_FBA,154.16,2026-08-24 14:16:42
FEE-10920,ORD-4920,SEL-001,REFERRAL_AND_FBA,361.48,2026-08-24 14:25:20
FEE-10921,ORD-4921,SEL-001,REFERRAL_AND_FBA,150.46,2026-08-24 14:33:59
FEE-10922,ORD-4922,SEL-001,REFERRAL_AND_FBA,465.17,2026-08-24 14:42:16
FEE-10923,ORD-4923,SEL-001,REFERRAL_AND_FBA,606.21,2026-08-24 14:50:56
FEE-10924,ORD-4924,SEL-001,REFERRAL_AND_FBA,465.17,2026-08-24 14:59:22
FEE-10925,ORD-4925,SEL-001,REFERRAL_AND_FBA,675.52,2026-08-24 15:07:39
FEE-10926,ORD-4926,SEL-001,REFERRAL_AND_FBA,506.8,2026-08-24 15:16:23
FEE-10927,ORD-4927,SEL-001,REFERRAL_AND_FBA,607.04,2026-08-24 15:24:59
FEE-10928,ORD-4928,SEL-001,REFERRAL_AND_FBA,232.32,2026-08-24 15:33:34
FEE-10929,ORD-4929,SEL-001,REFERRAL_AND_FBA,269.71,2026-08-24 15:42:08
FEE-10930,ORD-4930,SEL-001,REFERRAL_AND_FBA,606.21,2026-08-24 15:50:29
FEE-10931,ORD-4931,SEL-001,REFERRAL_AND_FBA,201.6,2026-08-24 15:59:15
FEE-10932,ORD-4932,SEL-001,REFERRAL_AND_FBA,96.64,2026-08-24 16:07:39
FEE-10933,ORD-4933,SEL-001,REFERRAL_AND_FBA,450.37,2026-08-24 16:16:02
FEE-10934,ORD-4934,SEL-001,REFERRAL_AND_FBA,675.52,2026-08-24 16:24:35
FEE-10935,ORD-4935,SEL-001,REFERRAL_AND_FBA,226.06,2026-08-24 16:33:13
FEE-10936,ORD-4936,SEL-001,REFERRAL_AND_FBA,651.18,2026-08-24 16:41:39
FEE-10937,ORD-4937,SEL-001,REFERRAL_AND_FBA,344.72,2026-08-24 16:50:19
FEE-10938,ORD-4938,SEL-001,REFERRAL_AND_FBA,728.43,2026-08-24 16:58:49
FEE-10939,ORD-4939,SEL-001,REFERRAL_AND_FBA,629.82,2026-08-24 17:07:18
FEE-10940,ORD-4940,SEL-001,REFERRAL_AND_FBA,226.06,2026-08-24 17:15:54
FEE-10941,ORD-4941,SEL-001,REFERRAL_AND_FBA,237.79,2026-08-24 17:24:24
FEE-10942,ORD-4942,SEL-001,REFERRAL_AND_FBA,269.71,2026-08-24 17:32:59
FEE-10943,ORD-4943,SEL-001,REFERRAL_AND_FBA,108.45,2026-08-24 17:41:14
FEE-10944,ORD-4944,SEL-001,REFERRAL_AND_FBA,108.45,2026-08-24 17:50:06
FEE-10945,ORD-4945,SEL-001,REFERRAL_AND_FBA,96.64,2026-08-24 17:58:44
FEE-10946,ORD-4946,SEL-001,REFERRAL_AND_FBA,263.19,2026-08-24 18:06:51
FEE-10947,ORD-4947,SEL-001,REFERRAL_AND_FBA,112.96,2026-08-24 18:15:48
FEE-10948,ORD-4948,SEL-001,REFERRAL_AND_FBA,454.0,2026-08-24 18:23:57
FEE-10949,ORD-4949,SEL-001,REFERRAL_AND_FBA,523.9,2026-08-24 18:32:32
FEE-10950,ORD-4950,SEL-001,REFERRAL_AND_FBA,261.36,2026-08-24 18:41:24
FEE-10951,ORD-4951,SEL-001,REFERRAL_AND_FBA,219.26,2026-08-24 18:49:56
FEE-10952,ORD-4952,SEL-001,REFERRAL_AND_FBA,440.0,2026-08-24 18:58:29
FEE-10953,ORD-4953,SEL-001,REFERRAL_AND_FBA,220.0,2026-08-24 19:06:45
FEE-10954,ORD-4954,SEL-001,REFERRAL_AND_FBA,232.32,2026-08-24 19:15:18
FEE-10955,ORD-4955,SEL-001,REFERRAL_AND_FBA,260.0,2026-08-24 19:24:06
FEE-10956,ORD-4956,SEL-001,REFERRAL_AND_FBA,109.42,2026-08-24 19:32:41
FEE-10957,ORD-4957,SEL-001,REFERRAL_AND_FBA,293.6,2026-08-24 19:40:49
FEE-10958,ORD-4958,SEL-001,REFERRAL_AND_FBA,661.26,2026-08-24 19:49:24
FEE-10959,ORD-4959,SEL-001,REFERRAL_AND_FBA,220.0,2026-08-24 19:58:10
FEE-10960,ORD-4960,SEL-001,REFERRAL_AND_FBA,562.0,2026-08-24 20:06:32
FEE-10961,ORD-4961,SEL-001,REFERRAL_AND_FBA,417.32,2026-08-24 20:14:57
FEE-10962,ORD-4962,SEL-001,REFERRAL_AND_FBA,557.7,2026-08-24 20:23:52
FEE-10963,ORD-4963,SEL-001,REFERRAL_AND_FBA,347.12,2026-08-24 20:31:56
FEE-10964,ORD-4964,SEL-001,REFERRAL_AND_FBA,156.89,2026-08-24 20:40:55
FEE-10965,ORD-4965,SEL-001,REFERRAL_AND_FBA,220.0,2026-08-24 20:49:11
FEE-10966,ORD-4966,SEL-001,REFERRAL_AND_FBA,723.32,2026-08-24 20:57:50
FEE-10967,ORD-4967,SEL-001,REFERRAL_AND_FBA,309.41,2026-08-24 21:06:27
FEE-10968,ORD-4968,SEL-001,REFERRAL_AND_FBA,480.82,2026-08-24 21:14:55
FEE-10969,ORD-4969,SEL-001,REFERRAL_AND_FBA,486.81,2026-08-24 21:23:16
FEE-10970,ORD-4970,SEL-001,REFERRAL_AND_FBA,344.72,2026-08-24 21:31:49
FEE-10971,ORD-4971,SEL-001,REFERRAL_AND_FBA,112.96,2026-08-24 21:40:38
FEE-10972,ORD-4972,SEL-001,REFERRAL_AND_FBA,276.99,2026-08-24 21:48:47
FEE-10973,ORD-4973,SEL-001,REFERRAL_AND_FBA,147.92,2026-08-24 21:57:41
FEE-10974,ORD-4974,SEL-001,REFERRAL_AND_FBA,829.33,2026-08-24 22:05:51
FEE-10975,ORD-4975,SEL-001,REFERRAL_AND_FBA,711.56,2026-08-24 22:14:42
FEE-10976,ORD-4976,SEL-001,REFERRAL_AND_FBA,429.81,2026-08-24 22:23:06
FEE-10977,ORD-4977,SEL-001,REFERRAL_AND_FBA,227.0,2026-08-24 22:31:47
FEE-10978,ORD-4978,SEL-001,REFERRAL_AND_FBA,293.11,2026-08-24 22:40:13
FEE-10979,ORD-4979,SEL-001,REFERRAL_AND_FBA,460.56,2026-08-24 22:48:54
FEE-10980,ORD-4980,SEL-001,REFERRAL_AND_FBA,385.02,2026-08-24 22:57:16
FEE-10981,ORD-4981,SEL-001,REFERRAL_AND_FBA,450.37,2026-08-24 23:05:42
FEE-10982,ORD-4982,SEL-001,REFERRAL_AND_FBA,641.84,2026-08-24 23:14:06
FEE-10983,ORD-4983,SEL-001,REFERRAL_AND_FBA,429.81,2026-08-24 23:22:47
FEE-10984,ORD-4984,SEL-001,REFERRAL_AND_FBA,597.45,2026-08-24 23:31:24
FEE-10985,ORD-4985,SEL-001,REFERRAL_AND_FBA,293.11,2026-08-24 23:40:07
FEE-10986,ORD-4986,SEL-001,REFERRAL_AND_FBA,621.25,2026-08-24 23:48:30
FEE-10987,ORD-4987,SEL-001,REFERRAL_AND_FBA,629.82,2026-08-24 23:56:45
FEE-10988,ORD-4988,SEL-001,REFERRAL_AND_FBA,463.76,2026-08-25 00:05:19
FEE-10989,ORD-4989,SEL-001,REFERRAL_AND_FBA,1174.4,2026-08-25 00:13:54
FEE-10990,ORD-4990,SEL-001,REFERRAL_AND_FBA,220.0,2026-08-25 00:22:33
FEE-10991,ORD-4991,SEL-001,REFERRAL_AND_FBA,361.48,2026-08-25 00:30:57
FEE-10992,ORD-4992,SEL-001,REFERRAL_AND_FBA,444.43,2026-08-25 00:39:41
FEE-10993,ORD-4993,SEL-001,REFERRAL_AND_FBA,309.41,2026-08-25 00:48:06
FEE-10994,ORD-4994,SEL-001,REFERRAL_AND_FBA,303.25,2026-08-25 00:56:41
FEE-10995,ORD-4995,SEL-001,REFERRAL_AND_FBA,629.82,2026-08-25 01:05:15
FEE-10996,ORD-4996,SEL-001,REFERRAL_AND_FBA,728.43,2026-08-25 01:13:59
FEE-10997,ORD-4997,SEL-001,REFERRAL_AND_FBA,361.63,2026-08-25 01:22:32
FEE-10998,ORD-4998,SEL-001,REFERRAL_AND_FBA,325.08,2026-08-25 01:31:06
FEE-10999,ORD-4999,SEL-001,REFERRAL_AND_FBA,325.08,2026-08-25 01:39:18
FEE-11000,ORD-5000,SEL-001,REFERRAL_AND_FBA,505.62,2026-08-25 01:47:49
FEE-11001,ORD-5001,SEL-001,REFERRAL_AND_FBA,293.11,2026-08-25 01:56:14
FEE-11002,ORD-5002,SEL-001,REFERRAL_AND_FBA,263.19,2026-08-25 02:04:48
FEE-11003,ORD-5003,SEL-001,REFERRAL_AND_FBA,728.43,2026-08-25 02:13:17
FEE-11004,ORD-5004,SEL-001,REFERRAL_AND_FBA,226.06,2026-08-25 02:22:11
FEE-11005,ORD-5005,SEL-001,REFERRAL_AND_FBA,497.75,2026-08-25 02:30:30
FEE-11006,ORD-5006,SEL-001,REFERRAL_AND_FBA,671.56,2026-08-25 02:39:17
FEE-11007,ORD-5007,SEL-001,REFERRAL_AND_FBA,156.89,2026-08-25 02:47:44
FEE-11008,ORD-5008,SEL-001,REFERRAL_AND_FBA,500.5,2026-08-25 02:56:25
FEE-11009,ORD-5009,SEL-001,REFERRAL_AND_FBA,587.2,2026-08-25 03:04:40
FEE-11010,ORD-5010,SEL-001,REFERRAL_AND_FBA,480.82,2026-08-25 03:13:02
FEE-11011,ORD-5011,SEL-001,REFERRAL_AND_FBA,664.86,2026-08-25 03:21:50
FEE-11012,ORD-5012,SEL-001,REFERRAL_AND_FBA,293.6,2026-08-25 03:30:31
FEE-11013,ORD-5013,SEL-001,REFERRAL_AND_FBA,196.67,2026-08-25 03:39:04
FEE-11014,ORD-5014,SEL-001,REFERRAL_AND_FBA,868.69,2026-08-25 03:47:27
FEE-11015,ORD-5015,SEL-001,REFERRAL_AND_FBA,307.08,2026-08-25 03:56:06
FEE-11016,ORD-5016,SEL-001,REFERRAL_AND_FBA,587.2,2026-08-25 04:04:18
FEE-11017,ORD-5017,SEL-001,REFERRAL_AND_FBA,220.0,2026-08-25 04:12:51
FEE-11018,ORD-5018,SEL-001,REFERRAL_AND_FBA,711.56,2026-08-25 04:21:31
FEE-11019,ORD-5019,SEL-001,REFERRAL_AND_FBA,667.63,2026-08-25 04:30:05
FEE-11020,ORD-5020,SEL-001,REFERRAL_AND_FBA,361.63,2026-08-25 04:38:22
FEE-11021,ORD-5021,SEL-001,REFERRAL_AND_FBA,651.18,2026-08-25 04:47:21
FEE-11022,ORD-5022,SEL-001,REFERRAL_AND_FBA,661.26,2026-08-25 04:55:29
FEE-11023,ORD-5023,SEL-001,REFERRAL_AND_FBA,293.11,2026-08-25 05:04:25
FEE-11024,ORD-5024,SEL-001,REFERRAL_AND_FBA,664.86,2026-08-25 05:12:41
FEE-11025,ORD-5025,SEL-001,REFERRAL_AND_FBA,393.34,2026-08-25 05:21:26
FEE-11026,ORD-5026,SEL-001,REFERRAL_AND_FBA,267.83,2026-08-25 05:29:40
FEE-11027,ORD-5027,SEL-001,REFERRAL_AND_FBA,231.88,2026-08-25 05:38:24
FEE-11028,ORD-5028,SEL-001,REFERRAL_AND_FBA,334.4,2026-08-25 05:46:55
FEE-11029,ORD-5029,SEL-001,REFERRAL_AND_FBA,492.5,2026-08-25 05:55:20
FEE-11030,ORD-5030,SEL-001,REFERRAL_AND_FBA,112.96,2026-08-25 06:04:04
FEE-11031,ORD-5031,SEL-001,REFERRAL_AND_FBA,541.66,2026-08-25 06:12:36
FEE-11032,ORD-5032,SEL-001,REFERRAL_AND_FBA,328.49,2026-08-25 06:20:52
FEE-11033,ORD-5033,SEL-001,REFERRAL_AND_FBA,447.56,2026-08-25 06:29:40
FEE-11034,ORD-5034,SEL-001,REFERRAL_AND_FBA,151.63,2026-08-25 06:37:54
FEE-11035,ORD-5035,SEL-001,REFERRAL_AND_FBA,307.08,2026-08-25 06:46:41
FEE-11036,ORD-5036,SEL-001,REFERRAL_AND_FBA,220.0,2026-08-25 06:54:55
FEE-11037,ORD-5037,SEL-001,REFERRAL_AND_FBA,505.62,2026-08-25 07:03:53
FEE-11038,ORD-5038,SEL-001,REFERRAL_AND_FBA,414.66,2026-08-25 07:12:07
FEE-11039,ORD-5039,SEL-001,REFERRAL_AND_FBA,500.5,2026-08-25 07:20:57
FEE-11040,ORD-5040,SEL-001,REFERRAL_AND_FBA,269.71,2026-08-25 07:29:28
FEE-11041,ORD-5041,SEL-001,REFERRAL_AND_FBA,233.03,2026-08-25 07:37:56
FEE-11042,ORD-5042,SEL-001,REFERRAL_AND_FBA,469.6,2026-08-25 07:46:22
FEE-11043,ORD-5043,SEL-001,REFERRAL_AND_FBA,226.06,2026-08-25 07:54:52
FEE-11044,ORD-5044,SEL-001,REFERRAL_AND_FBA,269.71,2026-08-25 08:03:20
FEE-11045,ORD-5045,SEL-001,REFERRAL_AND_FBA,111.5,2026-08-25 08:12:09
FEE-11046,ORD-5046,SEL-001,REFERRAL_AND_FBA,541.66,2026-08-25 08:20:37
FEE-11047,ORD-5047,SEL-001,REFERRAL_AND_FBA,486.81,2026-08-25 08:29:04
FEE-11048,ORD-5048,SEL-001,REFERRAL_AND_FBA,191.62,2026-08-25 08:37:30
FEE-11049,ORD-5049,SEL-001,REFERRAL_AND_FBA,108.45,2026-08-25 08:45:55
FEE-11050,ORD-5050,SEL-001,REFERRAL_AND_FBA,1259.64,2026-08-25 08:54:29
FEE-11051,ORD-5051,SEL-001,REFERRAL_AND_FBA,506.8,2026-08-25 09:03:03
FEE-11052,ORD-5052,SEL-001,REFERRAL_AND_FBA,267.83,2026-08-25 09:11:45
FEE-11053,ORD-5053,SEL-001,REFERRAL_AND_FBA,434.35,2026-08-25 09:20:00
FEE-11054,ORD-5054,SEL-001,REFERRAL_AND_FBA,834.65,2026-08-25 09:28:52
FEE-11055,ORD-5055,SEL-001,REFERRAL_AND_FBA,667.63,2026-08-25 09:37:08
FEE-11056,ORD-5056,SEL-001,REFERRAL_AND_FBA,671.56,2026-08-25 09:45:59
FEE-11057,ORD-5057,SEL-001,REFERRAL_AND_FBA,429.81,2026-08-25 09:54:29
FEE-11058,ORD-5058,SEL-001,REFERRAL_AND_FBA,439.9,2026-08-25 10:02:53
FEE-11059,ORD-5059,SEL-001,REFERRAL_AND_FBA,526.37,2026-08-25 10:11:11
FEE-11060,ORD-5060,SEL-001,REFERRAL_AND_FBA,712.86,2026-08-25 10:20:09
FEE-11061,ORD-5061,SEL-001,REFERRAL_AND_FBA,307.08,2026-08-25 10:28:17
FEE-11062,ORD-5062,SEL-001,REFERRAL_AND_FBA,307.08,2026-08-25 10:37:16
FEE-11063,ORD-5063,SEL-001,REFERRAL_AND_FBA,154.16,2026-08-25 10:45:43
FEE-11064,ORD-5064,SEL-001,REFERRAL_AND_FBA,108.45,2026-08-25 10:54:01
FEE-11065,ORD-5065,SEL-001,REFERRAL_AND_FBA,522.72,2026-08-25 11:02:46
FEE-11066,ORD-5066,SEL-001,REFERRAL_AND_FBA,900.74,2026-08-25 11:11:07
FEE-11067,ORD-5067,SEL-001,REFERRAL_AND_FBA,233.03,2026-08-25 11:19:33
FEE-11068,ORD-5068,SEL-001,REFERRAL_AND_FBA,465.17,2026-08-25 11:28:01
FEE-11069,ORD-5069,SEL-001,REFERRAL_AND_FBA,562.0,2026-08-25 11:36:39
FEE-11070,ORD-5070,SEL-001,REFERRAL_AND_FBA,220.0,2026-08-25 11:45:18
FEE-11071,ORD-5071,SEL-001,REFERRAL_AND_FBA,417.32,2026-08-25 11:53:37
FEE-11072,ORD-5072,SEL-001,REFERRAL_AND_FBA,712.86,2026-08-25 12:02:11
FEE-11073,ORD-5073,SEL-001,REFERRAL_AND_FBA,147.92,2026-08-25 12:11:06
FEE-11074,ORD-5074,SEL-001,REFERRAL_AND_FBA,468.16,2026-08-25 12:19:21
FEE-11075,ORD-5075,SEL-001,REFERRAL_AND_FBA,220.0,2026-08-25 12:28:14
FEE-11076,ORD-5076,SEL-001,REFERRAL_AND_FBA,1115.41,2026-08-25 12:36:20
FEE-11077,ORD-5077,SEL-001,REFERRAL_AND_FBA,463.76,2026-08-25 12:44:54
FEE-11078,ORD-5078,SEL-001,REFERRAL_AND_FBA,108.45,2026-08-25 12:53:45
FEE-11079,ORD-5079,SEL-001,REFERRAL_AND_FBA,262.7,2026-08-25 13:02:12
FEE-11080,ORD-5080,SEL-001,REFERRAL_AND_FBA,220.0,2026-08-25 13:10:43
FEE-11081,ORD-5081,SEL-001,REFERRAL_AND_FBA,661.26,2026-08-25 13:18:59
FEE-11082,ORD-5082,SEL-001,REFERRAL_AND_FBA,606.21,2026-08-25 13:27:41
FEE-11083,ORD-5083,SEL-001,REFERRAL_AND_FBA,220.0,2026-08-25 13:36:25
FEE-11084,ORD-5084,SEL-001,REFERRAL_AND_FBA,492.5,2026-08-25 13:44:45
FEE-11085,ORD-5085,SEL-001,REFERRAL_AND_FBA,293.11,2026-08-25 13:53:11
FEE-11086,ORD-5086,SEL-001,REFERRAL_AND_FBA,147.92,2026-08-25 14:01:52
FEE-11087,ORD-5087,SEL-001,REFERRAL_AND_FBA,108.45,2026-08-25 14:10:19
FEE-11088,ORD-5088,SEL-001,REFERRAL_AND_FBA,335.78,2026-08-25 14:19:00
FEE-11089,ORD-5089,SEL-001,REFERRAL_AND_FBA,307.08,2026-08-25 14:27:18
FEE-11090,ORD-5090,SEL-001,REFERRAL_AND_FBA,111.5,2026-08-25 14:35:46
FEE-11091,ORD-5091,SEL-001,REFERRAL_AND_FBA,220.0,2026-08-25 14:44:22
FEE-11092,ORD-5092,SEL-001,REFERRAL_AND_FBA,133.0,2026-08-25 14:53:18
FEE-11093,ORD-5093,SEL-001,REFERRAL_AND_FBA,263.19,2026-08-25 15:01:36
FEE-11094,ORD-5094,SEL-001,REFERRAL_AND_FBA,220.0,2026-08-25 15:10:08
FEE-11095,ORD-5095,SEL-001,REFERRAL_AND_FBA,727.53,2026-08-25 15:18:26
FEE-11096,ORD-5096,SEL-001,REFERRAL_AND_FBA,240.9,2026-08-25 15:27:26
FEE-11097,ORD-5097,SEL-001,REFERRAL_AND_FBA,303.25,2026-08-25 15:35:29
FEE-11098,ORD-5098,SEL-001,REFERRAL_AND_FBA,347.12,2026-08-25 15:44:03
FEE-11099,ORD-5099,SEL-001,REFERRAL_AND_FBA,668.81,2026-08-25 15:52:42
FEE-11100,ORD-5100,SEL-001,REFERRAL_AND_FBA,262.7,2026-08-25 16:01:05
FEE-11101,ORD-5101,SEL-001,REFERRAL_AND_FBA,334.4,2026-08-25 16:09:40
FEE-11102,ORD-5102,SEL-001,REFERRAL_AND_FBA,227.0,2026-08-25 16:18:28
FEE-11103,ORD-5103,SEL-001,REFERRAL_AND_FBA,417.32,2026-08-25 16:26:46
FEE-11104,ORD-5104,SEL-001,REFERRAL_AND_FBA,220.0,2026-08-25 16:35:17
FEE-11105,ORD-5105,SEL-001,REFERRAL_AND_FBA,112.96,2026-08-25 16:43:49
FEE-11106,ORD-5106,SEL-001,REFERRAL_AND_FBA,656.98,2026-08-25 16:52:23
FEE-11107,ORD-5107,SEL-001,REFERRAL_AND_FBA,226.06,2026-08-25 17:01:13
FEE-11108,ORD-5108,SEL-001,REFERRAL_AND_FBA,629.82,2026-08-25 17:09:47
FEE-11109,ORD-5109,SEL-001,REFERRAL_AND_FBA,108.45,2026-08-25 17:18:08
FEE-11110,ORD-5110,SEL-001,REFERRAL_AND_FBA,220.0,2026-08-25 17:26:40
FEE-11111,ORD-5111,SEL-001,REFERRAL_AND_FBA,693.61,2026-08-25 17:35:19
FEE-11112,ORD-5112,SEL-001,REFERRAL_AND_FBA,220.0,2026-08-25 17:43:39
FEE-11113,ORD-5113,SEL-001,REFERRAL_AND_FBA,492.5,2026-08-25 17:52:03
FEE-11114,ORD-5114,SEL-001,REFERRAL_AND_FBA,702.72,2026-08-25 18:00:58
FEE-11115,ORD-5115,SEL-001,REFERRAL_AND_FBA,1083.33,2026-08-25 18:09:26
FEE-11116,ORD-5116,SEL-001,REFERRAL_AND_FBA,403.2,2026-08-25 18:17:46
FEE-11117,ORD-5117,SEL-001,REFERRAL_AND_FBA,238.52,2026-08-25 18:26:15
FEE-11118,ORD-5118,SEL-001,REFERRAL_AND_FBA,108.45,2026-08-25 18:34:47
FEE-11119,ORD-5119,SEL-001,REFERRAL_AND_FBA,1456.86,2026-08-25 18:43:20
FEE-11120,ORD-5120,SEL-001,REFERRAL_AND_FBA,1000.27,2026-08-25 18:51:46
FEE-11121,ORD-5121,SEL-001,REFERRAL_AND_FBA,220.0,2026-08-25 19:00:18
FEE-11122,ORD-5122,SEL-001,REFERRAL_AND_FBA,328.49,2026-08-25 19:09:15
FEE-11123,ORD-5123,SEL-001,REFERRAL_AND_FBA,220.0,2026-08-25 19:17:41
FEE-11124,ORD-5124,SEL-001,REFERRAL_AND_FBA,439.9,2026-08-25 19:26:13
FEE-11125,ORD-5125,SEL-001,REFERRAL_AND_FBA,335.78,2026-08-25 19:34:54
FEE-11126,ORD-5126,SEL-001,REFERRAL_AND_FBA,1405.45,2026-08-25 19:43:06
FEE-11127,ORD-5127,SEL-001,REFERRAL_AND_FBA,429.81,2026-08-25 19:51:49
FEE-11128,ORD-5128,SEL-001,REFERRAL_AND_FBA,108.45,2026-08-25 20:00:25
FEE-11129,ORD-5129,SEL-001,REFERRAL_AND_FBA,463.76,2026-08-25 20:08:44
FEE-11130,ORD-5130,SEL-001,REFERRAL_AND_FBA,434.35,2026-08-25 20:17:24
FEE-11131,ORD-5131,SEL-001,REFERRAL_AND_FBA,510.34,2026-08-25 20:25:39
FEE-11132,ORD-5132,SEL-001,REFERRAL_AND_FBA,109.42,2026-08-25 20:34:18
FEE-11133,ORD-5133,SEL-001,REFERRAL_AND_FBA,1174.4,2026-08-25 20:42:57
FEE-11134,ORD-5134,SEL-001,REFERRAL_AND_FBA,156.89,2026-08-25 20:51:36
FEE-11135,ORD-5135,SEL-001,REFERRAL_AND_FBA,641.84,2026-08-25 20:59:51
FEE-11136,ORD-5136,SEL-001,REFERRAL_AND_FBA,220.0,2026-08-25 21:08:46
FEE-11137,ORD-5137,SEL-001,REFERRAL_AND_FBA,234.8,2026-08-25 21:16:58
FEE-11138,ORD-5138,SEL-001,REFERRAL_AND_FBA,444.43,2026-08-25 21:25:41
FEE-11139,ORD-5139,SEL-001,REFERRAL_AND_FBA,468.16,2026-08-25 21:34:22
FEE-11140,ORD-5140,SEL-001,REFERRAL_AND_FBA,260.0,2026-08-25 21:42:44
FEE-11141,ORD-5141,SEL-001,REFERRAL_AND_FBA,414.66,2026-08-25 21:51:21
FEE-11142,ORD-5142,SEL-001,REFERRAL_AND_FBA,201.6,2026-08-25 21:59:35
FEE-11143,ORD-5143,SEL-001,REFERRAL_AND_FBA,325.08,2026-08-25 22:08:33
FEE-11144,ORD-5144,SEL-001,REFERRAL_AND_FBA,434.35,2026-08-25 22:16:51
FEE-11145,ORD-5145,SEL-001,REFERRAL_AND_FBA,143.37,2026-08-25 22:25:22
FEE-11146,ORD-5146,SEL-001,REFERRAL_AND_FBA,154.16,2026-08-25 22:33:49
FEE-11147,ORD-5147,SEL-001,REFERRAL_AND_FBA,261.36,2026-08-25 22:42:12
FEE-11148,ORD-5148,SEL-001,REFERRAL_AND_FBA,121.71,2026-08-25 22:51:14
FEE-11149,ORD-5149,SEL-001,REFERRAL_AND_FBA,537.56,2026-08-25 22:59:29
FEE-11150,ORD-5150,SEL-001,REFERRAL_AND_FBA,220.0,2026-08-25 23:07:59
FEE-11151,ORD-5151,SEL-001,REFERRAL_AND_FBA,220.0,2026-08-25 23:16:23
FEE-11152,ORD-5152,SEL-001,REFERRAL_AND_FBA,234.8,2026-08-25 23:24:53
FEE-11153,ORD-5153,SEL-001,REFERRAL_AND_FBA,414.66,2026-08-25 23:33:31
FEE-11154,ORD-5154,SEL-001,REFERRAL_AND_FBA,220.0,2026-08-25 23:42:19
FEE-11155,ORD-5155,SEL-001,REFERRAL_AND_FBA,414.66,2026-08-25 23:50:48
FEE-11156,ORD-5156,SEL-001,REFERRAL_AND_FBA,156.89,2026-08-25 23:59:08
FEE-11157,ORD-5157,SEL-001,REFERRAL_AND_FBA,859.62,2026-08-26 00:07:45
FEE-11158,ORD-5158,SEL-001,REFERRAL_AND_FBA,492.5,2026-08-26 00:16:28
FEE-11159,ORD-5159,SEL-001,REFERRAL_AND_FBA,480.82,2026-08-26 00:24:56
FEE-11160,ORD-5160,SEL-001,REFERRAL_AND_FBA,234.8,2026-08-26 00:33:28
FEE-11161,ORD-5161,SEL-001,REFERRAL_AND_FBA,492.5,2026-08-26 00:41:47
FEE-11162,ORD-5162,SEL-001,REFERRAL_AND_FBA,500.5,2026-08-26 00:50:18
FEE-11163,ORD-5163,SEL-001,REFERRAL_AND_FBA,231.88,2026-08-26 00:58:55
FEE-11164,ORD-5164,SEL-001,REFERRAL_AND_FBA,335.78,2026-08-26 01:07:21
FEE-11165,ORD-5165,SEL-001,REFERRAL_AND_FBA,309.41,2026-08-26 01:16:14
FEE-11166,ORD-5166,SEL-001,REFERRAL_AND_FBA,122.54,2026-08-26 01:24:37
FEE-11167,ORD-5167,SEL-001,REFERRAL_AND_FBA,1217.02,2026-08-26 01:33:22
FEE-11168,ORD-5168,SEL-001,REFERRAL_AND_FBA,961.64,2026-08-26 01:41:27
FEE-11169,ORD-5169,SEL-001,REFERRAL_AND_FBA,712.86,2026-08-26 01:50:14
FEE-11170,ORD-5170,SEL-001,REFERRAL_AND_FBA,96.64,2026-08-26 01:58:43
FEE-11171,ORD-5171,SEL-001,REFERRAL_AND_FBA,440.0,2026-08-26 02:07:12
FEE-11172,ORD-5172,SEL-001,REFERRAL_AND_FBA,1446.64,2026-08-26 02:15:49
FEE-11173,ORD-5173,SEL-001,REFERRAL_AND_FBA,712.86,2026-08-26 02:24:09
FEE-11174,ORD-5174,SEL-001,REFERRAL_AND_FBA,361.63,2026-08-26 02:32:46
FEE-11175,ORD-5175,SEL-001,REFERRAL_AND_FBA,237.79,2026-08-26 02:41:39
FEE-11176,ORD-5176,SEL-001,REFERRAL_AND_FBA,143.37,2026-08-26 02:49:49
FEE-11177,ORD-5177,SEL-001,REFERRAL_AND_FBA,220.0,2026-08-26 02:58:38
FEE-11178,ORD-5178,SEL-001,REFERRAL_AND_FBA,414.66,2026-08-26 03:07:10
FEE-11179,ORD-5179,SEL-001,REFERRAL_AND_FBA,702.72,2026-08-26 03:15:39
FEE-11180,ORD-5180,SEL-001,REFERRAL_AND_FBA,347.12,2026-08-26 03:23:53
FEE-11181,ORD-5181,SEL-001,REFERRAL_AND_FBA,444.43,2026-08-26 03:32:31
FEE-11182,ORD-5182,SEL-001,REFERRAL_AND_FBA,238.52,2026-08-26 03:41:18
FEE-11183,ORD-5183,SEL-001,REFERRAL_AND_FBA,220.0,2026-08-26 03:49:38
FEE-11184,ORD-5184,SEL-001,REFERRAL_AND_FBA,109.42,2026-08-26 03:58:21
FEE-11185,ORD-5185,SEL-001,REFERRAL_AND_FBA,156.89,2026-08-26 04:06:34
FEE-11186,ORD-5186,SEL-001,REFERRAL_AND_FBA,309.41,2026-08-26 04:15:09
FEE-11187,ORD-5187,SEL-001,REFERRAL_AND_FBA,385.02,2026-08-26 04:23:55
FEE-11188,ORD-5188,SEL-001,REFERRAL_AND_FBA,447.56,2026-08-26 04:32:06
FEE-11189,ORD-5189,SEL-001,REFERRAL_AND_FBA,1322.53,2026-08-26 04:40:58
FEE-11190,ORD-5190,SEL-001,REFERRAL_AND_FBA,344.72,2026-08-26 04:49:11
FEE-11191,ORD-5191,SEL-001,REFERRAL_AND_FBA,661.26,2026-08-26 04:58:01
FEE-11192,ORD-5192,SEL-001,REFERRAL_AND_FBA,220.0,2026-08-26 05:06:15
FEE-11193,ORD-5193,SEL-001,REFERRAL_AND_FBA,335.78,2026-08-26 05:15:12
FEE-11194,ORD-5194,SEL-001,REFERRAL_AND_FBA,465.17,2026-08-26 05:23:36
FEE-11195,ORD-5195,SEL-001,REFERRAL_AND_FBA,335.78,2026-08-26 05:32:13
FEE-11196,ORD-5196,SEL-001,REFERRAL_AND_FBA,162.4,2026-08-26 05:40:46
FEE-11197,ORD-5197,SEL-001,REFERRAL_AND_FBA,109.42,2026-08-26 05:48:55
FEE-11198,ORD-5198,SEL-001,REFERRAL_AND_FBA,243.42,2026-08-26 05:57:46
FEE-11199,ORD-5199,SEL-001,REFERRAL_AND_FBA,480.82,2026-08-26 06:06:18
FEE-11200,ORD-5200,SEL-001,REFERRAL_AND_FBA,668.81,2026-08-26 06:14:35
FEE-11201,ORD-5201,SEL-001,REFERRAL_AND_FBA,587.2,2026-08-26 06:23:23
FEE-11202,ORD-5202,SEL-001,REFERRAL_AND_FBA,147.92,2026-08-26 06:31:58
FEE-11203,ORD-5203,SEL-001,REFERRAL_AND_FBA,234.8,2026-08-26 06:40:36
FEE-11204,ORD-5204,SEL-001,REFERRAL_AND_FBA,608.51,2026-08-26 06:49:02
FEE-11205,ORD-5205,SEL-001,REFERRAL_AND_FBA,900.74,2026-08-26 06:57:29
FEE-11206,ORD-5206,SEL-001,REFERRAL_AND_FBA,702.72,2026-08-26 07:05:57
FEE-11207,ORD-5207,SEL-001,REFERRAL_AND_FBA,454.0,2026-08-26 07:14:15
FEE-11208,ORD-5208,SEL-001,REFERRAL_AND_FBA,263.19,2026-08-26 07:22:46
FEE-11209,ORD-5209,SEL-001,REFERRAL_AND_FBA,393.34,2026-08-26 07:31:36
FEE-11210,ORD-5210,SEL-001,REFERRAL_AND_FBA,694.24,2026-08-26 07:39:51
FEE-11211,ORD-5211,SEL-001,REFERRAL_AND_FBA,650.16,2026-08-26 07:48:47
FEE-11212,ORD-5212,SEL-001,REFERRAL_AND_FBA,562.0,2026-08-26 07:57:21
FEE-11213,ORD-5213,SEL-001,REFERRAL_AND_FBA,143.37,2026-08-26 08:05:48
FEE-11214,ORD-5214,SEL-001,REFERRAL_AND_FBA,220.0,2026-08-26 08:14:20
FEE-11215,ORD-5215,SEL-001,REFERRAL_AND_FBA,417.32,2026-08-26 08:22:42
FEE-11216,ORD-5216,SEL-001,REFERRAL_AND_FBA,266.0,2026-08-26 08:31:32
FEE-11217,ORD-5217,SEL-001,REFERRAL_AND_FBA,506.8,2026-08-26 08:39:37
FEE-11218,ORD-5218,SEL-001,REFERRAL_AND_FBA,500.13,2026-08-26 08:48:33
FEE-11219,ORD-5219,SEL-001,REFERRAL_AND_FBA,587.2,2026-08-26 08:57:09
FEE-11220,ORD-5220,SEL-001,REFERRAL_AND_FBA,150.46,2026-08-26 09:05:16
FEE-11221,ORD-5221,SEL-001,REFERRAL_AND_FBA,233.03,2026-08-26 09:14:00
FEE-11222,ORD-5222,SEL-001,REFERRAL_AND_FBA,108.45,2026-08-26 09:22:31
FEE-11223,ORD-5223,SEL-001,REFERRAL_AND_FBA,111.5,2026-08-26 09:31:00
FEE-11224,ORD-5224,SEL-001,REFERRAL_AND_FBA,313.78,2026-08-26 09:39:26
FEE-11225,ORD-5225,SEL-001,REFERRAL_AND_FBA,162.4,2026-08-26 09:48:14
FEE-11226,ORD-5226,SEL-001,REFERRAL_AND_FBA,607.04,2026-08-26 09:56:32
FEE-11227,ORD-5227,SEL-001,REFERRAL_AND_FBA,641.84,2026-08-26 10:05:14
FEE-11228,ORD-5228,SEL-001,REFERRAL_AND_FBA,727.53,2026-08-26 10:13:37
FEE-11229,ORD-5229,SEL-001,REFERRAL_AND_FBA,500.5,2026-08-26 10:22:07
FEE-11230,ORD-5230,SEL-001,REFERRAL_AND_FBA,439.9,2026-08-26 10:30:57
FEE-11231,ORD-5231,SEL-001,REFERRAL_AND_FBA,506.8,2026-08-26 10:39:14
FEE-11232,ORD-5232,SEL-001,REFERRAL_AND_FBA,121.71,2026-08-26 10:48:04
FEE-11233,ORD-5233,SEL-001,REFERRAL_AND_FBA,447.56,2026-08-26 10:56:26
FEE-11234,ORD-5234,SEL-001,REFERRAL_AND_FBA,450.37,2026-08-26 11:04:48
FEE-11235,ORD-5235,SEL-001,REFERRAL_AND_FBA,597.45,2026-08-26 11:13:31
FEE-11236,ORD-5236,SEL-001,REFERRAL_AND_FBA,361.63,2026-08-26 11:22:09
FEE-11237,ORD-5237,SEL-001,REFERRAL_AND_FBA,196.67,2026-08-26 11:30:24
FEE-11238,ORD-5238,SEL-001,REFERRAL_AND_FBA,220.0,2026-08-26 11:39:02
FEE-11239,ORD-5239,SEL-001,REFERRAL_AND_FBA,434.35,2026-08-26 11:47:34
FEE-11240,ORD-5240,SEL-001,REFERRAL_AND_FBA,347.12,2026-08-26 11:56:12
FEE-11241,ORD-5241,SEL-001,REFERRAL_AND_FBA,632.78,2026-08-26 12:04:39
FEE-11242,ORD-5242,SEL-001,REFERRAL_AND_FBA,111.5,2026-08-26 12:13:24
FEE-11243,ORD-5243,SEL-001,REFERRAL_AND_FBA,309.41,2026-08-26 12:21:38
FEE-11244,ORD-5244,SEL-001,REFERRAL_AND_FBA,335.78,2026-08-26 12:30:05
FEE-11245,ORD-5245,SEL-001,REFERRAL_AND_FBA,227.0,2026-08-26 12:38:36
FEE-11246,ORD-5246,SEL-001,REFERRAL_AND_FBA,557.7,2026-08-26 12:47:05
FEE-11247,ORD-5247,SEL-001,REFERRAL_AND_FBA,468.16,2026-08-26 12:56:04
FEE-11248,ORD-5248,SEL-001,REFERRAL_AND_FBA,237.79,2026-08-26 13:04:34
FEE-11249,ORD-5249,SEL-001,REFERRAL_AND_FBA,417.32,2026-08-26 13:13:09
FEE-11250,ORD-5250,SEL-001,REFERRAL_AND_FBA,492.5,2026-08-26 13:21:18
FEE-11251,ORD-5251,SEL-001,REFERRAL_AND_FBA,417.32,2026-08-26 13:29:46
FEE-11252,ORD-5252,SEL-001,REFERRAL_AND_FBA,325.08,2026-08-26 13:38:46
FEE-11253,ORD-5253,SEL-001,REFERRAL_AND_FBA,156.89,2026-08-26 13:46:50
FEE-11254,ORD-5254,SEL-001,REFERRAL_AND_FBA,220.0,2026-08-26 13:55:32
FEE-11255,ORD-5255,SEL-001,REFERRAL_AND_FBA,651.18,2026-08-26 14:04:17
FEE-11256,ORD-5256,SEL-001,REFERRAL_AND_FBA,201.6,2026-08-26 14:12:53
FEE-11257,ORD-5257,SEL-001,REFERRAL_AND_FBA,465.17,2026-08-26 14:20:57
FEE-11258,ORD-5258,SEL-001,REFERRAL_AND_FBA,689.43,2026-08-26 14:29:30
FEE-11259,ORD-5259,SEL-001,REFERRAL_AND_FBA,1011.25,2026-08-26 14:38:11
FEE-11260,ORD-5260,SEL-001,REFERRAL_AND_FBA,238.52,2026-08-26 14:47:00
FEE-11261,ORD-5261,SEL-001,REFERRAL_AND_FBA,133.0,2026-08-26 14:55:20
FEE-11262,ORD-5262,SEL-001,REFERRAL_AND_FBA,537.56,2026-08-26 15:03:43
FEE-11263,ORD-5263,SEL-001,REFERRAL_AND_FBA,111.5,2026-08-26 15:12:24
FEE-11264,ORD-5264,SEL-001,REFERRAL_AND_FBA,675.52,2026-08-26 15:21:01
FEE-11265,ORD-5265,SEL-001,REFERRAL_AND_FBA,621.25,2026-08-26 15:29:26
FEE-11266,ORD-5266,SEL-001,REFERRAL_AND_FBA,263.19,2026-08-26 15:37:56
FEE-11267,ORD-5267,SEL-001,REFERRAL_AND_FBA,219.26,2026-08-26 15:46:18
FEE-11268,ORD-5268,SEL-001,REFERRAL_AND_FBA,537.56,2026-08-26 15:54:49
FEE-11269,ORD-5269,SEL-001,REFERRAL_AND_FBA,693.61,2026-08-26 16:03:44
FEE-11270,ORD-5270,SEL-001,REFERRAL_AND_FBA,111.5,2026-08-26 16:12:14
FEE-11271,ORD-5271,SEL-001,REFERRAL_AND_FBA,727.53,2026-08-26 16:20:52
FEE-11272,ORD-5272,SEL-001,REFERRAL_AND_FBA,403.2,2026-08-26 16:28:59
FEE-11273,ORD-5273,SEL-001,REFERRAL_AND_FBA,220.0,2026-08-26 16:37:40
FEE-11274,ORD-5274,SEL-001,REFERRAL_AND_FBA,557.32,2026-08-26 16:46:08
FEE-11275,ORD-5275,SEL-001,REFERRAL_AND_FBA,1013.6,2026-08-26 16:54:46
FEE-11276,ORD-5276,SEL-001,REFERRAL_AND_FBA,1011.25,2026-08-26 17:03:24
FEE-11277,ORD-5277,SEL-001,REFERRAL_AND_FBA,693.61,2026-08-26 17:11:38
FEE-11278,ORD-5278,SEL-001,REFERRAL_AND_FBA,193.29,2026-08-26 17:20:39
FEE-11279,ORD-5279,SEL-001,REFERRAL_AND_FBA,541.66,2026-08-26 17:29:01
FEE-11280,ORD-5280,SEL-001,REFERRAL_AND_FBA,196.67,2026-08-26 17:37:37
FEE-11281,ORD-5281,SEL-001,REFERRAL_AND_FBA,414.66,2026-08-26 17:46:01
FEE-11282,ORD-5282,SEL-001,REFERRAL_AND_FBA,465.17,2026-08-26 17:54:44
FEE-11283,ORD-5283,SEL-001,REFERRAL_AND_FBA,220.0,2026-08-26 18:03:08
FEE-11284,ORD-5284,SEL-001,REFERRAL_AND_FBA,606.21,2026-08-26 18:11:36
FEE-11285,ORD-5285,SEL-001,REFERRAL_AND_FBA,307.08,2026-08-26 18:20:14
FEE-11286,ORD-5286,SEL-001,REFERRAL_AND_FBA,267.83,2026-08-26 18:28:49
FEE-11287,ORD-5287,SEL-001,REFERRAL_AND_FBA,220.0,2026-08-26 18:37:07
FEE-11288,ORD-5288,SEL-001,REFERRAL_AND_FBA,267.83,2026-08-26 18:45:54
FEE-11289,ORD-5289,SEL-001,REFERRAL_AND_FBA,1387.21,2026-08-26 18:54:23
FEE-11290,ORD-5290,SEL-001,REFERRAL_AND_FBA,429.81,2026-08-26 19:02:53
FEE-11291,ORD-5291,SEL-001,REFERRAL_AND_FBA,477.38,2026-08-26 19:11:32
FEE-11292,ORD-5292,SEL-001,REFERRAL_AND_FBA,293.11,2026-08-26 19:19:55
FEE-11293,ORD-5293,SEL-001,REFERRAL_AND_FBA,307.08,2026-08-26 19:28:21
FEE-11294,ORD-5294,SEL-001,REFERRAL_AND_FBA,608.51,2026-08-26 19:36:50
FEE-11295,ORD-5295,SEL-001,REFERRAL_AND_FBA,147.92,2026-08-26 19:45:40
FEE-11296,ORD-5296,SEL-001,REFERRAL_AND_FBA,162.4,2026-08-26 19:53:54
FEE-11297,ORD-5297,SEL-001,REFERRAL_AND_FBA,263.19,2026-08-26 20:02:46
FEE-11298,ORD-5298,SEL-001,REFERRAL_AND_FBA,335.78,2026-08-26 20:11:16
FEE-11299,ORD-5299,SEL-001,REFERRAL_AND_FBA,650.16,2026-08-26 20:19:28
FEE-11300,ORD-5300,SEL-001,REFERRAL_AND_FBA,234.8,2026-08-26 20:27:59
FEE-11301,ORD-5301,SEL-001,REFERRAL_AND_FBA,220.0,2026-08-26 20:36:44
FEE-11302,ORD-5302,SEL-001,REFERRAL_AND_FBA,293.11,2026-08-26 20:45:23
FEE-11303,ORD-5303,SEL-001,REFERRAL_AND_FBA,385.02,2026-08-26 20:53:55
FEE-11304,ORD-5304,SEL-001,REFERRAL_AND_FBA,447.56,2026-08-26 21:02:04
FEE-11305,ORD-5305,SEL-001,REFERRAL_AND_FBA,333.82,2026-08-26 21:10:49
FEE-11306,ORD-5306,SEL-001,REFERRAL_AND_FBA,712.86,2026-08-26 21:19:19
FEE-11307,ORD-5307,SEL-001,REFERRAL_AND_FBA,109.42,2026-08-26 21:28:07
FEE-11308,ORD-5308,SEL-001,REFERRAL_AND_FBA,109.42,2026-08-26 21:36:25
FEE-11309,ORD-5309,SEL-001,REFERRAL_AND_FBA,333.82,2026-08-26 21:44:55
FEE-11310,ORD-5310,SEL-001,REFERRAL_AND_FBA,328.49,2026-08-26 21:53:42
FEE-11311,ORD-5311,SEL-001,REFERRAL_AND_FBA,261.36,2026-08-26 22:02:15
FEE-11312,ORD-5312,SEL-001,REFERRAL_AND_FBA,220.0,2026-08-26 22:10:43
FEE-11313,ORD-5313,SEL-001,REFERRAL_AND_FBA,712.86,2026-08-26 22:19:14
FEE-11314,ORD-5314,SEL-001,REFERRAL_AND_FBA,219.26,2026-08-26 22:27:24
FEE-11315,ORD-5315,SEL-001,REFERRAL_AND_FBA,460.56,2026-08-26 22:36:23
FEE-11316,ORD-5316,SEL-001,REFERRAL_AND_FBA,450.37,2026-08-26 22:44:52
FEE-11317,ORD-5317,SEL-001,REFERRAL_AND_FBA,480.82,2026-08-26 22:53:26
FEE-11318,ORD-5318,SEL-001,REFERRAL_AND_FBA,1351.05,2026-08-26 23:01:52
FEE-11319,ORD-5319,SEL-001,REFERRAL_AND_FBA,1217.02,2026-08-26 23:10:27
FEE-11320,ORD-5320,SEL-001,REFERRAL_AND_FBA,249.73,2026-08-26 23:18:43
FEE-11321,ORD-5321,SEL-001,REFERRAL_AND_FBA,510.34,2026-08-26 23:27:37
FEE-11322,ORD-5322,SEL-001,REFERRAL_AND_FBA,723.32,2026-08-26 23:35:40
FEE-11323,ORD-5323,SEL-001,REFERRAL_AND_FBA,1405.45,2026-08-26 23:44:32
FEE-11324,ORD-5324,SEL-001,REFERRAL_AND_FBA,227.0,2026-08-26 23:53:08
FEE-11325,ORD-5325,SEL-001,REFERRAL_AND_FBA,606.21,2026-08-27 00:01:43
FEE-11326,ORD-5326,SEL-001,REFERRAL_AND_FBA,333.82,2026-08-27 00:10:09
FEE-11327,ORD-5327,SEL-001,REFERRAL_AND_FBA,143.37,2026-08-27 00:18:40
FEE-11328,ORD-5328,SEL-001,REFERRAL_AND_FBA,711.56,2026-08-27 00:27:18
FEE-11329,ORD-5329,SEL-001,REFERRAL_AND_FBA,537.56,2026-08-27 00:35:49
FEE-11330,ORD-5330,SEL-001,REFERRAL_AND_FBA,293.11,2026-08-27 00:44:08
FEE-11331,ORD-5331,SEL-001,REFERRAL_AND_FBA,900.74,2026-08-27 00:52:57
FEE-11332,ORD-5332,SEL-001,REFERRAL_AND_FBA,606.21,2026-08-27 01:01:02
FEE-11333,ORD-5333,SEL-001,REFERRAL_AND_FBA,220.0,2026-08-27 01:09:59
FEE-11334,ORD-5334,SEL-001,REFERRAL_AND_FBA,450.37,2026-08-27 01:18:27
FEE-11335,ORD-5335,SEL-001,REFERRAL_AND_FBA,226.06,2026-08-27 01:26:45
FEE-11336,ORD-5336,SEL-001,REFERRAL_AND_FBA,829.33,2026-08-27 01:35:37
FEE-11337,ORD-5337,SEL-001,REFERRAL_AND_FBA,414.66,2026-08-27 01:43:46
FEE-11338,ORD-5338,SEL-001,REFERRAL_AND_FBA,675.52,2026-08-27 01:52:32
FEE-11339,ORD-5339,SEL-001,REFERRAL_AND_FBA,523.9,2026-08-27 02:00:50
FEE-11340,ORD-5340,SEL-001,REFERRAL_AND_FBA,237.79,2026-08-27 02:09:25
FEE-11341,ORD-5341,SEL-001,REFERRAL_AND_FBA,309.41,2026-08-27 02:18:07
FEE-11342,ORD-5342,SEL-001,REFERRAL_AND_FBA,220.0,2026-08-27 02:26:41
FEE-11343,ORD-5343,SEL-001,REFERRAL_AND_FBA,154.16,2026-08-27 02:35:16
FEE-11344,ORD-5344,SEL-001,REFERRAL_AND_FBA,96.64,2026-08-27 02:43:42
FEE-11345,ORD-5345,SEL-001,REFERRAL_AND_FBA,539.42,2026-08-27 02:51:59
FEE-11346,ORD-5346,SEL-001,REFERRAL_AND_FBA,220.0,2026-08-27 03:00:42
FEE-11347,ORD-5347,SEL-001,REFERRAL_AND_FBA,333.82,2026-08-27 03:09:22
FEE-11348,ORD-5348,SEL-001,REFERRAL_AND_FBA,147.92,2026-08-27 03:17:56
FEE-11349,ORD-5349,SEL-001,REFERRAL_AND_FBA,122.54,2026-08-27 03:26:09
FEE-11350,ORD-5350,SEL-001,REFERRAL_AND_FBA,632.78,2026-08-27 03:34:37
FEE-11351,ORD-5351,SEL-001,REFERRAL_AND_FBA,689.62,2026-08-27 03:43:22
FEE-11352,ORD-5352,SEL-001,REFERRAL_AND_FBA,702.72,2026-08-27 03:52:02
FEE-11353,ORD-5353,SEL-001,REFERRAL_AND_FBA,434.35,2026-08-27 04:00:33
FEE-11354,ORD-5354,SEL-001,REFERRAL_AND_FBA,702.72,2026-08-27 04:08:58
FEE-11355,ORD-5355,SEL-001,REFERRAL_AND_FBA,1013.6,2026-08-27 04:17:25
FEE-11356,ORD-5356,SEL-001,REFERRAL_AND_FBA,497.75,2026-08-27 04:25:54
FEE-11357,ORD-5357,SEL-001,REFERRAL_AND_FBA,562.0,2026-08-27 04:34:34
FEE-11358,ORD-5358,SEL-001,REFERRAL_AND_FBA,309.41,2026-08-27 04:43:19
FEE-11359,ORD-5359,SEL-001,REFERRAL_AND_FBA,361.48,2026-08-27 04:51:34
FEE-11360,ORD-5360,SEL-001,REFERRAL_AND_FBA,535.66,2026-08-27 05:00:01
FEE-11361,ORD-5361,SEL-001,REFERRAL_AND_FBA,191.62,2026-08-27 05:08:45
FEE-11362,ORD-5362,SEL-001,REFERRAL_AND_FBA,227.0,2026-08-27 05:17:03
FEE-11363,ORD-5363,SEL-001,REFERRAL_AND_FBA,447.56,2026-08-27 05:25:58
FEE-11364,ORD-5364,SEL-001,REFERRAL_AND_FBA,702.72,2026-08-27 05:34:19
FEE-11365,ORD-5365,SEL-001,REFERRAL_AND_FBA,108.45,2026-08-27 05:42:46
FEE-11366,ORD-5366,SEL-001,REFERRAL_AND_FBA,154.16,2026-08-27 05:51:34
FEE-11367,ORD-5367,SEL-001,REFERRAL_AND_FBA,333.82,2026-08-27 05:59:55
FEE-11368,ORD-5368,SEL-001,REFERRAL_AND_FBA,712.86,2026-08-27 06:08:30
FEE-11369,ORD-5369,SEL-001,REFERRAL_AND_FBA,499.45,2026-08-27 06:16:53
FEE-11370,ORD-5370,SEL-001,REFERRAL_AND_FBA,325.08,2026-08-27 06:25:48
FEE-11371,ORD-5371,SEL-001,REFERRAL_AND_FBA,562.0,2026-08-27 06:34:14
FEE-11372,ORD-5372,SEL-001,REFERRAL_AND_FBA,689.62,2026-08-27 06:42:39
FEE-11373,ORD-5373,SEL-001,REFERRAL_AND_FBA,109.42,2026-08-27 06:51:14
FEE-11374,ORD-5374,SEL-001,REFERRAL_AND_FBA,333.82,2026-08-27 06:59:56
FEE-11375,ORD-5375,SEL-001,REFERRAL_AND_FBA,335.78,2026-08-27 07:08:21
FEE-11376,ORD-5376,SEL-001,REFERRAL_AND_FBA,1115.41,2026-08-27 07:16:57
FEE-11377,ORD-5377,SEL-001,REFERRAL_AND_FBA,335.78,2026-08-27 07:25:06
FEE-11378,ORD-5378,SEL-001,REFERRAL_AND_FBA,361.48,2026-08-27 07:33:59
FEE-11379,ORD-5379,SEL-001,REFERRAL_AND_FBA,587.2,2026-08-27 07:42:29
FEE-11380,ORD-5380,SEL-001,REFERRAL_AND_FBA,668.81,2026-08-27 07:51:09
FEE-11381,ORD-5381,SEL-001,REFERRAL_AND_FBA,220.0,2026-08-27 07:59:37
FEE-11382,ORD-5382,SEL-001,REFERRAL_AND_FBA,227.0,2026-08-27 08:08:05
FEE-11383,ORD-5383,SEL-001,REFERRAL_AND_FBA,689.62,2026-08-27 08:16:22
FEE-11384,ORD-5384,SEL-001,REFERRAL_AND_FBA,1425.72,2026-08-27 08:24:54
FEE-11385,ORD-5385,SEL-001,REFERRAL_AND_FBA,220.0,2026-08-27 08:33:26
FEE-11386,ORD-5386,SEL-001,REFERRAL_AND_FBA,334.4,2026-08-27 08:41:57
FEE-11387,ORD-5387,SEL-001,REFERRAL_AND_FBA,309.41,2026-08-27 08:50:26
FEE-11388,ORD-5388,SEL-001,REFERRAL_AND_FBA,651.18,2026-08-27 08:59:23
FEE-11389,ORD-5389,SEL-001,REFERRAL_AND_FBA,201.6,2026-08-27 09:07:46
FEE-11390,ORD-5390,SEL-001,REFERRAL_AND_FBA,121.71,2026-08-27 09:16:09
FEE-11391,ORD-5391,SEL-001,REFERRAL_AND_FBA,307.08,2026-08-27 09:24:32
FEE-11392,ORD-5392,SEL-001,REFERRAL_AND_FBA,629.82,2026-08-27 09:33:24
FEE-11393,ORD-5393,SEL-001,REFERRAL_AND_FBA,328.49,2026-08-27 09:41:51
FEE-11394,ORD-5394,SEL-001,REFERRAL_AND_FBA,267.83,2026-08-27 09:50:32
FEE-11395,ORD-5395,SEL-001,REFERRAL_AND_FBA,439.9,2026-08-27 09:58:57
FEE-11396,ORD-5396,SEL-001,REFERRAL_AND_FBA,727.53,2026-08-27 10:07:31
FEE-11397,ORD-5397,SEL-001,REFERRAL_AND_FBA,480.82,2026-08-27 10:16:10
FEE-11398,ORD-5398,SEL-001,REFERRAL_AND_FBA,361.48,2026-08-27 10:24:20
FEE-11399,ORD-5399,SEL-001,REFERRAL_AND_FBA,108.45,2026-08-27 10:33:16
FEE-11400,ORD-5400,SEL-001,REFERRAL_AND_FBA,629.82,2026-08-27 10:41:38
FEE-11401,ORD-5401,SEL-001,REFERRAL_AND_FBA,96.64,2026-08-27 10:50:10
FEE-11402,ORD-5402,SEL-001,REFERRAL_AND_FBA,429.81,2026-08-27 10:58:37
FEE-11403,ORD-5403,SEL-001,REFERRAL_AND_FBA,500.13,2026-08-27 11:07:10
FEE-11404,ORD-5404,SEL-001,REFERRAL_AND_FBA,328.49,2026-08-27 11:15:37
FEE-11405,ORD-5405,SEL-001,REFERRAL_AND_FBA,112.96,2026-08-27 11:24:06
FEE-11406,ORD-5406,SEL-001,REFERRAL_AND_FBA,954.75,2026-08-27 11:33:00
FEE-11407,ORD-5407,SEL-001,REFERRAL_AND_FBA,506.8,2026-08-27 11:41:24
FEE-11408,ORD-5408,SEL-001,REFERRAL_AND_FBA,269.71,2026-08-27 11:49:55
FEE-11409,ORD-5409,SEL-001,REFERRAL_AND_FBA,191.62,2026-08-27 11:58:18
FEE-11410,ORD-5410,SEL-001,REFERRAL_AND_FBA,712.86,2026-08-27 12:06:59
FEE-11411,ORD-5411,SEL-001,REFERRAL_AND_FBA,607.04,2026-08-27 12:15:35
FEE-11412,ORD-5412,SEL-001,REFERRAL_AND_FBA,361.63,2026-08-27 12:24:09
FEE-11413,ORD-5413,SEL-001,REFERRAL_AND_FBA,500.13,2026-08-27 12:32:19
FEE-11414,ORD-5414,SEL-001,REFERRAL_AND_FBA,232.32,2026-08-27 12:41:08
FEE-11415,ORD-5415,SEL-001,REFERRAL_AND_FBA,1455.06,2026-08-27 12:49:36
FEE-11416,ORD-5416,SEL-001,REFERRAL_AND_FBA,429.81,2026-08-27 12:58:04
FEE-11417,ORD-5417,SEL-001,REFERRAL_AND_FBA,629.82,2026-08-27 13:06:28
FEE-11418,ORD-5418,SEL-001,REFERRAL_AND_FBA,689.43,2026-08-27 13:14:57
FEE-11419,ORD-5419,SEL-001,REFERRAL_AND_FBA,661.26,2026-08-27 13:23:37
FEE-11420,ORD-5420,SEL-001,REFERRAL_AND_FBA,361.48,2026-08-27 13:32:17
FEE-11421,ORD-5421,SEL-001,REFERRAL_AND_FBA,262.7,2026-08-27 13:40:49
FEE-11422,ORD-5422,SEL-001,REFERRAL_AND_FBA,238.52,2026-08-27 13:49:29
FEE-11423,ORD-5423,SEL-001,REFERRAL_AND_FBA,220.0,2026-08-27 13:57:58
FEE-11424,ORD-5424,SEL-001,REFERRAL_AND_FBA,693.61,2026-08-27 14:06:27
FEE-11425,ORD-5425,SEL-001,REFERRAL_AND_FBA,262.7,2026-08-27 14:15:01
FEE-11426,ORD-5426,SEL-001,REFERRAL_AND_FBA,689.43,2026-08-27 14:23:31
FEE-11427,ORD-5427,SEL-001,REFERRAL_AND_FBA,328.49,2026-08-27 14:31:48
FEE-11428,ORD-5428,SEL-001,REFERRAL_AND_FBA,439.9,2026-08-27 14:40:43
FEE-11429,ORD-5429,SEL-001,REFERRAL_AND_FBA,262.7,2026-08-27 14:49:14
FEE-11430,ORD-5430,SEL-001,REFERRAL_AND_FBA,541.66,2026-08-27 14:57:29
FEE-11431,ORD-5431,SEL-001,REFERRAL_AND_FBA,243.42,2026-08-27 15:06:13
FEE-11432,ORD-5432,SEL-001,REFERRAL_AND_FBA,231.88,2026-08-27 15:14:53
FEE-11433,ORD-5433,SEL-001,REFERRAL_AND_FBA,664.86,2026-08-27 15:23:06
FEE-11434,ORD-5434,SEL-001,REFERRAL_AND_FBA,344.72,2026-08-27 15:31:57
FEE-11435,ORD-5435,SEL-001,REFERRAL_AND_FBA,557.32,2026-08-27 15:40:30
FEE-11436,ORD-5436,SEL-001,REFERRAL_AND_FBA,122.54,2026-08-27 15:48:51
FEE-11437,ORD-5437,SEL-001,REFERRAL_AND_FBA,440.0,2026-08-27 15:57:25
FEE-11438,ORD-5438,SEL-001,REFERRAL_AND_FBA,1455.06,2026-08-27 16:05:49
FEE-11439,ORD-5439,SEL-001,REFERRAL_AND_FBA,727.53,2026-08-27 16:14:20
FEE-11440,ORD-5440,SEL-001,REFERRAL_AND_FBA,480.82,2026-08-27 16:22:43
FEE-11441,ORD-5441,SEL-001,REFERRAL_AND_FBA,220.0,2026-08-27 16:31:21
FEE-11442,ORD-5442,SEL-001,REFERRAL_AND_FBA,629.82,2026-08-27 16:40:07
FEE-11443,ORD-5443,SEL-001,REFERRAL_AND_FBA,447.56,2026-08-27 16:48:45
FEE-11444,ORD-5444,SEL-001,REFERRAL_AND_FBA,1217.02,2026-08-27 16:57:20
FEE-11445,ORD-5445,SEL-001,REFERRAL_AND_FBA,220.0,2026-08-27 17:05:29
FEE-11446,ORD-5446,SEL-001,REFERRAL_AND_FBA,226.06,2026-08-27 17:14:18
FEE-11447,ORD-5447,SEL-001,REFERRAL_AND_FBA,1001.0,2026-08-27 17:22:37
FEE-11448,ORD-5448,SEL-001,REFERRAL_AND_FBA,133.0,2026-08-27 17:31:19
FEE-11449,ORD-5449,SEL-001,REFERRAL_AND_FBA,1212.42,2026-08-27 17:39:49
FEE-11450,ORD-5450,SEL-001,REFERRAL_AND_FBA,325.08,2026-08-27 17:48:06
FEE-11451,ORD-5451,SEL-001,REFERRAL_AND_FBA,537.56,2026-08-27 17:57:03
FEE-11452,ORD-5452,SEL-001,REFERRAL_AND_FBA,344.72,2026-08-27 18:05:25
FEE-11453,ORD-5453,SEL-001,REFERRAL_AND_FBA,597.45,2026-08-27 18:14:07
FEE-11454,ORD-5454,SEL-001,REFERRAL_AND_FBA,328.49,2026-08-27 18:22:34
FEE-11455,ORD-5455,SEL-001,REFERRAL_AND_FBA,313.78,2026-08-27 18:30:57
FEE-11456,ORD-5456,SEL-001,REFERRAL_AND_FBA,238.52,2026-08-27 18:39:23
FEE-11457,ORD-5457,SEL-001,REFERRAL_AND_FBA,675.52,2026-08-27 18:48:13
FEE-11458,ORD-5458,SEL-001,REFERRAL_AND_FBA,383.24,2026-08-27 18:56:24
FEE-11459,ORD-5459,SEL-001,REFERRAL_AND_FBA,234.8,2026-08-27 19:04:54
FEE-11460,ORD-5460,SEL-001,REFERRAL_AND_FBA,664.86,2026-08-27 19:13:31
FEE-11461,ORD-5461,SEL-001,REFERRAL_AND_FBA,266.0,2026-08-27 19:21:58
FEE-11462,ORD-5462,SEL-001,REFERRAL_AND_FBA,1265.55,2026-08-27 19:30:35
FEE-11463,ORD-5463,SEL-001,REFERRAL_AND_FBA,151.63,2026-08-27 19:39:21
FEE-11464,ORD-5464,SEL-001,REFERRAL_AND_FBA,450.37,2026-08-27 19:47:46
FEE-11465,ORD-5465,SEL-001,REFERRAL_AND_FBA,505.62,2026-08-27 19:56:04
FEE-11466,ORD-5466,SEL-001,REFERRAL_AND_FBA,694.24,2026-08-27 20:04:47
FEE-11467,ORD-5467,SEL-001,REFERRAL_AND_FBA,122.54,2026-08-27 20:13:36
FEE-11468,ORD-5468,SEL-001,REFERRAL_AND_FBA,632.78,2026-08-27 20:21:44
FEE-11469,ORD-5469,SEL-001,REFERRAL_AND_FBA,219.26,2026-08-27 20:30:24
FEE-11470,ORD-5470,SEL-001,REFERRAL_AND_FBA,1387.21,2026-08-27 20:39:11
FEE-11471,ORD-5471,SEL-001,REFERRAL_AND_FBA,562.0,2026-08-27 20:47:32
FEE-11472,ORD-5472,SEL-001,REFERRAL_AND_FBA,500.13,2026-08-27 20:55:59
FEE-11473,ORD-5473,SEL-001,REFERRAL_AND_FBA,201.6,2026-08-27 21:04:26
FEE-11474,ORD-5474,SEL-001,REFERRAL_AND_FBA,243.42,2026-08-27 21:13:20
FEE-11475,ORD-5475,SEL-001,REFERRAL_AND_FBA,520.0,2026-08-27 21:21:47
FEE-11476,ORD-5476,SEL-001,REFERRAL_AND_FBA,641.84,2026-08-27 21:30:22
FEE-11477,ORD-5477,SEL-001,REFERRAL_AND_FBA,111.5,2026-08-27 21:38:32
FEE-11478,ORD-5478,SEL-001,REFERRAL_AND_FBA,109.42,2026-08-27 21:47:18
FEE-11479,ORD-5479,SEL-001,REFERRAL_AND_FBA,111.5,2026-08-27 21:55:46
FEE-11480,ORD-5480,SEL-001,REFERRAL_AND_FBA,335.78,2026-08-27 22:04:04
FEE-11481,ORD-5481,SEL-001,REFERRAL_AND_FBA,121.71,2026-08-27 22:13:05
FEE-11482,ORD-5482,SEL-001,REFERRAL_AND_FBA,510.34,2026-08-27 22:21:25
FEE-11483,ORD-5483,SEL-001,REFERRAL_AND_FBA,486.81,2026-08-27 22:29:45
FEE-11484,ORD-5484,SEL-001,REFERRAL_AND_FBA,201.6,2026-08-27 22:38:38
FEE-11485,ORD-5485,SEL-001,REFERRAL_AND_FBA,234.8,2026-08-27 22:47:08
FEE-11486,ORD-5486,SEL-001,REFERRAL_AND_FBA,154.16,2026-08-27 22:55:29
FEE-11487,ORD-5487,SEL-001,REFERRAL_AND_FBA,220.0,2026-08-27 23:04:18
FEE-11488,ORD-5488,SEL-001,REFERRAL_AND_FBA,111.5,2026-08-27 23:12:22
FEE-11489,ORD-5489,SEL-001,REFERRAL_AND_FBA,1423.12,2026-08-27 23:21:21
FEE-11490,ORD-5490,SEL-001,REFERRAL_AND_FBA,1212.42,2026-08-27 23:29:46
FEE-11491,ORD-5491,SEL-001,REFERRAL_AND_FBA,383.24,2026-08-27 23:37:58
FEE-11492,ORD-5492,SEL-001,REFERRAL_AND_FBA,143.37,2026-08-27 23:46:54
FEE-11493,ORD-5493,SEL-001,REFERRAL_AND_FBA,361.63,2026-08-27 23:55:17
FEE-11494,ORD-5494,SEL-001,REFERRAL_AND_FBA,162.4,2026-08-28 00:03:58
FEE-11495,ORD-5495,SEL-001,REFERRAL_AND_FBA,1013.6,2026-08-28 00:12:15
FEE-11496,ORD-5496,SEL-001,REFERRAL_AND_FBA,661.26,2026-08-28 00:20:51
FEE-11497,ORD-5497,SEL-001,REFERRAL_AND_FBA,162.4,2026-08-28 00:29:36
FEE-11498,ORD-5498,SEL-001,REFERRAL_AND_FBA,535.66,2026-08-28 00:37:43
FEE-11499,ORD-5499,SEL-001,REFERRAL_AND_FBA,608.51,2026-08-28 00:46:41
FEE-11500,ORD-5500,SEL-001,REFERRAL_AND_FBA,269.71,2026-08-28 00:54:44
FEE-11501,ORD-5501,SEL-001,REFERRAL_AND_FBA,477.38,2026-08-28 01:03:46
FEE-11502,ORD-5502,SEL-001,REFERRAL_AND_FBA,333.82,2026-08-28 01:12:05
FEE-11503,ORD-5503,SEL-001,REFERRAL_AND_FBA,293.6,2026-08-28 01:20:20
FEE-11504,ORD-5504,SEL-001,REFERRAL_AND_FBA,829.33,2026-08-28 01:28:57
FEE-11505,ORD-5505,SEL-001,REFERRAL_AND_FBA,614.16,2026-08-28 01:37:46
FEE-11506,ORD-5506,SEL-001,REFERRAL_AND_FBA,702.72,2026-08-28 01:46:07
FEE-11507,ORD-5507,SEL-001,REFERRAL_AND_FBA,267.83,2026-08-28 01:54:43
FEE-11508,ORD-5508,SEL-001,REFERRAL_AND_FBA,505.62,2026-08-28 02:03:02
FEE-11509,ORD-5509,SEL-001,REFERRAL_AND_FBA,523.9,2026-08-28 02:12:03
FEE-11510,ORD-5510,SEL-001,REFERRAL_AND_FBA,150.46,2026-08-28 02:20:26
FEE-11511,ORD-5511,SEL-001,REFERRAL_AND_FBA,888.85,2026-08-28 02:29:00
FEE-11512,ORD-5512,SEL-001,REFERRAL_AND_FBA,468.16,2026-08-28 02:37:15
FEE-11513,ORD-5513,SEL-001,REFERRAL_AND_FBA,263.19,2026-08-28 02:45:44
FEE-11514,ORD-5514,SEL-001,REFERRAL_AND_FBA,309.41,2026-08-28 02:54:18
FEE-11515,ORD-5515,SEL-001,REFERRAL_AND_FBA,440.0,2026-08-28 03:03:05
FEE-11516,ORD-5516,SEL-001,REFERRAL_AND_FBA,460.56,2026-08-28 03:11:38
FEE-11517,ORD-5517,SEL-001,REFERRAL_AND_FBA,712.86,2026-08-28 03:20:10
FEE-11518,ORD-5518,SEL-001,REFERRAL_AND_FBA,295.85,2026-08-28 03:28:36
FEE-11519,ORD-5519,SEL-001,REFERRAL_AND_FBA,900.74,2026-08-28 03:37:14
FEE-11520,ORD-5520,SEL-001,REFERRAL_AND_FBA,133.0,2026-08-28 03:45:49
FEE-11521,ORD-5521,SEL-001,REFERRAL_AND_FBA,712.86,2026-08-28 03:54:07
FEE-11522,ORD-5522,SEL-001,REFERRAL_AND_FBA,440.0,2026-08-28 04:02:54
FEE-11523,ORD-5523,SEL-001,REFERRAL_AND_FBA,539.42,2026-08-28 04:11:11
FEE-11524,ORD-5524,SEL-001,REFERRAL_AND_FBA,111.5,2026-08-28 04:19:33
FEE-11525,ORD-5525,SEL-001,REFERRAL_AND_FBA,454.0,2026-08-28 04:28:09
FEE-11526,ORD-5526,SEL-001,REFERRAL_AND_FBA,661.26,2026-08-28 04:36:49
FEE-11527,ORD-5527,SEL-001,REFERRAL_AND_FBA,108.45,2026-08-28 04:45:21
FEE-11528,ORD-5528,SEL-001,REFERRAL_AND_FBA,260.0,2026-08-28 04:53:58
FEE-11529,ORD-5529,SEL-001,REFERRAL_AND_FBA,439.9,2026-08-28 05:02:14
FEE-11530,ORD-5530,SEL-001,REFERRAL_AND_FBA,606.21,2026-08-28 05:10:47
FEE-11531,ORD-5531,SEL-001,REFERRAL_AND_FBA,233.03,2026-08-28 05:19:38
FEE-11532,ORD-5532,SEL-001,REFERRAL_AND_FBA,557.32,2026-08-28 05:27:55
FEE-11533,ORD-5533,SEL-001,REFERRAL_AND_FBA,506.8,2026-08-28 05:36:44
FEE-11534,ORD-5534,SEL-001,REFERRAL_AND_FBA,162.4,2026-08-28 05:45:06
FEE-11535,ORD-5535,SEL-001,REFERRAL_AND_FBA,895.11,2026-08-28 05:53:53
FEE-11536,ORD-5536,SEL-001,REFERRAL_AND_FBA,249.73,2026-08-28 06:02:06
FEE-11537,ORD-5537,SEL-001,REFERRAL_AND_FBA,675.52,2026-08-28 06:10:40
FEE-11538,ORD-5538,SEL-001,REFERRAL_AND_FBA,439.9,2026-08-28 06:19:12
FEE-11539,ORD-5539,SEL-001,REFERRAL_AND_FBA,497.75,2026-08-28 06:27:37
FEE-11540,ORD-5540,SEL-001,REFERRAL_AND_FBA,444.43,2026-08-28 06:36:12
FEE-11541,ORD-5541,SEL-001,REFERRAL_AND_FBA,344.72,2026-08-28 06:44:50
FEE-11542,ORD-5542,SEL-001,REFERRAL_AND_FBA,661.26,2026-08-28 06:53:13
FEE-11543,ORD-5543,SEL-001,REFERRAL_AND_FBA,226.06,2026-08-28 07:01:42
FEE-11544,ORD-5544,SEL-001,REFERRAL_AND_FBA,234.8,2026-08-28 07:10:18
FEE-11545,ORD-5545,SEL-001,REFERRAL_AND_FBA,525.4,2026-08-28 07:19:13
FEE-11546,ORD-5546,SEL-001,REFERRAL_AND_FBA,361.48,2026-08-28 07:27:22
FEE-11547,ORD-5547,SEL-001,REFERRAL_AND_FBA,728.43,2026-08-28 07:35:52
FEE-11548,ORD-5548,SEL-001,REFERRAL_AND_FBA,414.66,2026-08-28 07:44:43
FEE-11549,ORD-5549,SEL-001,REFERRAL_AND_FBA,238.52,2026-08-28 07:53:05
FEE-11550,ORD-5550,SEL-001,REFERRAL_AND_FBA,111.5,2026-08-28 08:01:31
FEE-11551,ORD-5551,SEL-001,REFERRAL_AND_FBA,147.92,2026-08-28 08:10:08
FEE-11552,ORD-5552,SEL-001,REFERRAL_AND_FBA,109.42,2026-08-28 08:18:54
FEE-11553,ORD-5553,SEL-001,REFERRAL_AND_FBA,661.26,2026-08-28 08:27:33
FEE-11554,ORD-5554,SEL-001,REFERRAL_AND_FBA,727.53,2026-08-28 08:35:53
FEE-11555,ORD-5555,SEL-001,REFERRAL_AND_FBA,266.0,2026-08-28 08:44:25
FEE-11556,ORD-5556,SEL-001,REFERRAL_AND_FBA,121.71,2026-08-28 08:52:51
FEE-11557,ORD-5557,SEL-001,REFERRAL_AND_FBA,162.4,2026-08-28 09:01:18
FEE-11558,ORD-5558,SEL-001,REFERRAL_AND_FBA,526.37,2026-08-28 09:10:04
FEE-11559,ORD-5559,SEL-001,REFERRAL_AND_FBA,1214.09,2026-08-28 09:18:29
FEE-11560,ORD-5560,SEL-001,REFERRAL_AND_FBA,414.66,2026-08-28 09:27:14
FEE-11561,ORD-5561,SEL-001,REFERRAL_AND_FBA,693.61,2026-08-28 09:35:19
FEE-11562,ORD-5562,SEL-001,REFERRAL_AND_FBA,151.63,2026-08-28 09:44:02
FEE-11563,ORD-5563,SEL-001,REFERRAL_AND_FBA,723.32,2026-08-28 09:52:45
FEE-11564,ORD-5564,SEL-001,REFERRAL_AND_FBA,328.49,2026-08-28 10:01:01
FEE-11565,ORD-5565,SEL-001,REFERRAL_AND_FBA,541.66,2026-08-28 10:09:54
FEE-11566,ORD-5566,SEL-001,REFERRAL_AND_FBA,557.32,2026-08-28 10:18:11
FEE-11567,ORD-5567,SEL-001,REFERRAL_AND_FBA,480.82,2026-08-28 10:26:51
FEE-11568,ORD-5568,SEL-001,REFERRAL_AND_FBA,492.5,2026-08-28 10:35:32
FEE-11569,ORD-5569,SEL-001,REFERRAL_AND_FBA,728.43,2026-08-28 10:43:39
FEE-11570,ORD-5570,SEL-001,REFERRAL_AND_FBA,361.48,2026-08-28 10:52:16
FEE-11571,ORD-5571,SEL-001,REFERRAL_AND_FBA,333.82,2026-08-28 11:01:04
FEE-11572,ORD-5572,SEL-001,REFERRAL_AND_FBA,675.52,2026-08-28 11:09:21
FEE-11573,ORD-5573,SEL-001,REFERRAL_AND_FBA,723.32,2026-08-28 11:18:03
FEE-11574,ORD-5574,SEL-001,REFERRAL_AND_FBA,417.32,2026-08-28 11:26:18
FEE-11575,ORD-5575,SEL-001,REFERRAL_AND_FBA,541.66,2026-08-28 11:34:49
FEE-11576,ORD-5576,SEL-001,REFERRAL_AND_FBA,154.16,2026-08-28 11:43:39
FEE-11577,ORD-5577,SEL-001,REFERRAL_AND_FBA,608.51,2026-08-28 11:52:01
FEE-11578,ORD-5578,SEL-001,REFERRAL_AND_FBA,220.0,2026-08-28 12:00:44
FEE-11579,ORD-5579,SEL-001,REFERRAL_AND_FBA,525.4,2026-08-28 12:09:02
FEE-11580,ORD-5580,SEL-001,REFERRAL_AND_FBA,656.98,2026-08-28 12:17:58
FEE-11581,ORD-5581,SEL-001,REFERRAL_AND_FBA,500.13,2026-08-28 12:26:00
FEE-11582,ORD-5582,SEL-001,REFERRAL_AND_FBA,121.71,2026-08-28 12:34:39
FEE-11583,ORD-5583,SEL-001,REFERRAL_AND_FBA,249.73,2026-08-28 12:43:20
FEE-11584,ORD-5584,SEL-001,REFERRAL_AND_FBA,122.54,2026-08-28 12:51:37
FEE-11585,ORD-5585,SEL-001,REFERRAL_AND_FBA,232.32,2026-08-28 13:00:36
FEE-11586,ORD-5586,SEL-001,REFERRAL_AND_FBA,606.21,2026-08-28 13:09:05
FEE-11587,ORD-5587,SEL-001,REFERRAL_AND_FBA,505.62,2026-08-28 13:17:23
FEE-11588,ORD-5588,SEL-001,REFERRAL_AND_FBA,1329.72,2026-08-28 13:25:56
FEE-11589,ORD-5589,SEL-001,REFERRAL_AND_FBA,868.69,2026-08-28 13:34:41
FEE-11590,ORD-5590,SEL-001,REFERRAL_AND_FBA,460.56,2026-08-28 13:42:57
FEE-11591,ORD-5591,SEL-001,REFERRAL_AND_FBA,303.25,2026-08-28 13:51:27
FEE-11592,ORD-5592,SEL-001,REFERRAL_AND_FBA,651.18,2026-08-28 14:00:11
FEE-11593,ORD-5593,SEL-001,REFERRAL_AND_FBA,557.7,2026-08-28 14:08:51
FEE-11594,ORD-5594,SEL-001,REFERRAL_AND_FBA,522.72,2026-08-28 14:17:10
FEE-11595,ORD-5595,SEL-001,REFERRAL_AND_FBA,150.46,2026-08-28 14:25:29
FEE-11596,ORD-5596,SEL-001,REFERRAL_AND_FBA,505.62,2026-08-28 14:34:27
FEE-11597,ORD-5597,SEL-001,REFERRAL_AND_FBA,1115.41,2026-08-28 14:42:56
FEE-11598,ORD-5598,SEL-001,REFERRAL_AND_FBA,293.11,2026-08-28 14:51:08
FEE-11599,ORD-5599,SEL-001,REFERRAL_AND_FBA,219.26,2026-08-28 15:00:02
FEE-11600,ORD-5600,SEL-001,REFERRAL_AND_FBA,267.83,2026-08-28 15:08:38
FEE-11601,ORD-5601,SEL-001,REFERRAL_AND_FBA,300.91,2026-08-28 15:17:02
FEE-11602,ORD-5602,SEL-001,REFERRAL_AND_FBA,1020.68,2026-08-28 15:25:17
FEE-11603,ORD-5603,SEL-001,REFERRAL_AND_FBA,537.56,2026-08-28 15:33:54
FEE-11604,ORD-5604,SEL-001,REFERRAL_AND_FBA,196.67,2026-08-28 15:42:22
FEE-11605,ORD-5605,SEL-001,REFERRAL_AND_FBA,528.94,2026-08-28 15:50:51
FEE-11606,ORD-5606,SEL-001,REFERRAL_AND_FBA,260.0,2026-08-28 15:59:25
FEE-11607,ORD-5607,SEL-001,REFERRAL_AND_FBA,621.25,2026-08-28 16:08:03
FEE-11608,ORD-5608,SEL-001,REFERRAL_AND_FBA,597.45,2026-08-28 16:16:37
FEE-11609,ORD-5609,SEL-001,REFERRAL_AND_FBA,641.84,2026-08-28 16:25:15
FEE-11610,ORD-5610,SEL-001,REFERRAL_AND_FBA,712.86,2026-08-28 16:33:48
FEE-11611,ORD-5611,SEL-001,REFERRAL_AND_FBA,480.82,2026-08-28 16:42:11
FEE-11612,ORD-5612,SEL-001,REFERRAL_AND_FBA,232.32,2026-08-28 16:50:58
FEE-11613,ORD-5613,SEL-001,REFERRAL_AND_FBA,480.82,2026-08-28 16:59:33
FEE-11614,ORD-5614,SEL-001,REFERRAL_AND_FBA,147.92,2026-08-28 17:07:41
FEE-11615,ORD-5615,SEL-001,REFERRAL_AND_FBA,500.13,2026-08-28 17:16:12
FEE-11616,ORD-5616,SEL-001,REFERRAL_AND_FBA,728.43,2026-08-28 17:25:10
FEE-11617,ORD-5617,SEL-001,REFERRAL_AND_FBA,1174.4,2026-08-28 17:33:24
FEE-11618,ORD-5618,SEL-001,REFERRAL_AND_FBA,447.56,2026-08-28 17:42:10
FEE-11619,ORD-5619,SEL-001,REFERRAL_AND_FBA,333.82,2026-08-28 17:50:23
FEE-11620,ORD-5620,SEL-001,REFERRAL_AND_FBA,262.7,2026-08-28 17:59:06
FEE-11621,ORD-5621,SEL-001,REFERRAL_AND_FBA,111.5,2026-08-28 18:07:31
FEE-11622,ORD-5622,SEL-001,REFERRAL_AND_FBA,1115.41,2026-08-28 18:16:04
FEE-11623,ORD-5623,SEL-001,REFERRAL_AND_FBA,668.81,2026-08-28 18:24:50
FEE-11624,ORD-5624,SEL-001,REFERRAL_AND_FBA,225.93,2026-08-28 18:33:04
FEE-11625,ORD-5625,SEL-001,REFERRAL_AND_FBA,523.9,2026-08-28 18:41:40
FEE-11626,ORD-5626,SEL-001,REFERRAL_AND_FBA,1047.79,2026-08-28 18:50:32
FEE-11627,ORD-5627,SEL-001,REFERRAL_AND_FBA,151.63,2026-08-28 18:59:03
FEE-11628,ORD-5628,SEL-001,REFERRAL_AND_FBA,121.71,2026-08-28 19:07:11
FEE-11629,ORD-5629,SEL-001,REFERRAL_AND_FBA,675.52,2026-08-28 19:16:01
FEE-11630,ORD-5630,SEL-001,REFERRAL_AND_FBA,293.11,2026-08-28 19:24:12
FEE-11631,ORD-5631,SEL-001,REFERRAL_AND_FBA,334.4,2026-08-28 19:33:02
FEE-11632,ORD-5632,SEL-001,REFERRAL_AND_FBA,500.5,2026-08-28 19:41:43
FEE-11633,ORD-5633,SEL-001,REFERRAL_AND_FBA,307.08,2026-08-28 19:49:50
FEE-11634,ORD-5634,SEL-001,REFERRAL_AND_FBA,523.9,2026-08-28 19:58:35
FEE-11635,ORD-5635,SEL-001,REFERRAL_AND_FBA,500.5,2026-08-28 20:07:15
FEE-11636,ORD-5636,SEL-001,REFERRAL_AND_FBA,450.37,2026-08-28 20:15:23
FEE-11637,ORD-5637,SEL-001,REFERRAL_AND_FBA,220.0,2026-08-28 20:24:03
FEE-11638,ORD-5638,SEL-001,REFERRAL_AND_FBA,1329.72,2026-08-28 20:32:51
FEE-11639,ORD-5639,SEL-001,REFERRAL_AND_FBA,523.9,2026-08-28 20:41:07
FEE-11640,ORD-5640,SEL-001,REFERRAL_AND_FBA,727.53,2026-08-28 20:49:42
FEE-11641,ORD-5641,SEL-001,REFERRAL_AND_FBA,196.67,2026-08-28 20:58:22
FEE-11642,ORD-5642,SEL-001,REFERRAL_AND_FBA,133.0,2026-08-28 21:06:36
FEE-11643,ORD-5643,SEL-001,REFERRAL_AND_FBA,240.9,2026-08-28 21:15:16
FEE-11644,ORD-5644,SEL-001,REFERRAL_AND_FBA,1259.64,2026-08-28 21:23:42
FEE-11645,ORD-5645,SEL-001,REFERRAL_AND_FBA,96.64,2026-08-28 21:32:40
FEE-11646,ORD-5646,SEL-001,REFERRAL_AND_FBA,675.52,2026-08-28 21:41:07
FEE-11647,ORD-5647,SEL-001,REFERRAL_AND_FBA,333.82,2026-08-28 21:49:42
FEE-11648,ORD-5648,SEL-001,REFERRAL_AND_FBA,1212.42,2026-08-28 21:57:54
FEE-11649,ORD-5649,SEL-001,REFERRAL_AND_FBA,263.19,2026-08-28 22:06:42
FEE-11650,ORD-5650,SEL-001,REFERRAL_AND_FBA,723.32,2026-08-28 22:14:59
FEE-11651,ORD-5651,SEL-001,REFERRAL_AND_FBA,191.62,2026-08-28 22:23:26
FEE-11652,ORD-5652,SEL-001,REFERRAL_AND_FBA,1329.72,2026-08-28 22:32:00
FEE-11653,ORD-5653,SEL-001,REFERRAL_AND_FBA,477.04,2026-08-28 22:40:29
FEE-11654,ORD-5654,SEL-001,REFERRAL_AND_FBA,608.51,2026-08-28 22:49:01
FEE-11655,ORD-5655,SEL-001,REFERRAL_AND_FBA,237.79,2026-08-28 22:57:44
FEE-11656,ORD-5656,SEL-001,REFERRAL_AND_FBA,525.4,2026-08-28 23:06:21
FEE-11657,ORD-5657,SEL-001,REFERRAL_AND_FBA,465.17,2026-08-28 23:14:50
FEE-11658,ORD-5658,SEL-001,REFERRAL_AND_FBA,1217.02,2026-08-28 23:23:24
FEE-11659,ORD-5659,SEL-001,REFERRAL_AND_FBA,562.0,2026-08-28 23:32:01
FEE-11660,ORD-5660,SEL-001,REFERRAL_AND_FBA,162.4,2026-08-28 23:40:25
FEE-11661,ORD-5661,SEL-001,REFERRAL_AND_FBA,333.82,2026-08-28 23:48:45
FEE-11662,ORD-5662,SEL-001,REFERRAL_AND_FBA,111.5,2026-08-28 23:57:34
FEE-11663,ORD-5663,SEL-001,REFERRAL_AND_FBA,510.34,2026-08-29 00:06:03
FEE-11664,ORD-5664,SEL-001,REFERRAL_AND_FBA,261.36,2026-08-29 00:14:48
FEE-11665,ORD-5665,SEL-001,REFERRAL_AND_FBA,361.48,2026-08-29 00:23:15
FEE-11666,ORD-5666,SEL-001,REFERRAL_AND_FBA,293.11,2026-08-29 00:31:39
FEE-11667,ORD-5667,SEL-001,REFERRAL_AND_FBA,497.75,2026-08-29 00:40:15
FEE-11668,ORD-5668,SEL-001,REFERRAL_AND_FBA,629.82,2026-08-29 00:48:34
FEE-11669,ORD-5669,SEL-001,REFERRAL_AND_FBA,267.83,2026-08-29 00:57:00
FEE-11670,ORD-5670,SEL-001,REFERRAL_AND_FBA,728.43,2026-08-29 01:05:36
FEE-11671,ORD-5671,SEL-001,REFERRAL_AND_FBA,234.8,2026-08-29 01:14:24
FEE-11672,ORD-5672,SEL-001,REFERRAL_AND_FBA,293.6,2026-08-29 01:22:38
FEE-11673,ORD-5673,SEL-001,REFERRAL_AND_FBA,260.0,2026-08-29 01:31:28
FEE-11674,ORD-5674,SEL-001,REFERRAL_AND_FBA,233.03,2026-08-29 01:40:04
FEE-11675,ORD-5675,SEL-001,REFERRAL_AND_FBA,220.0,2026-08-29 01:48:38
FEE-11676,ORD-5676,SEL-001,REFERRAL_AND_FBA,439.9,2026-08-29 01:57:12
FEE-11677,ORD-5677,SEL-001,REFERRAL_AND_FBA,510.34,2026-08-29 02:05:24
FEE-11678,ORD-5678,SEL-001,REFERRAL_AND_FBA,667.63,2026-08-29 02:14:08
FEE-11679,ORD-5679,SEL-001,REFERRAL_AND_FBA,486.81,2026-08-29 02:22:50
FEE-11680,ORD-5680,SEL-001,REFERRAL_AND_FBA,523.9,2026-08-29 02:30:54
FEE-11681,ORD-5681,SEL-001,REFERRAL_AND_FBA,587.2,2026-08-29 02:39:41
FEE-11682,ORD-5682,SEL-001,REFERRAL_AND_FBA,201.6,2026-08-29 02:48:03
FEE-11683,ORD-5683,SEL-001,REFERRAL_AND_FBA,606.21,2026-08-29 02:56:36
FEE-11684,ORD-5684,SEL-001,REFERRAL_AND_FBA,121.71,2026-08-29 03:05:29
FEE-11685,ORD-5685,SEL-001,REFERRAL_AND_FBA,464.63,2026-08-29 03:14:00
FEE-11686,ORD-5686,SEL-001,REFERRAL_AND_FBA,261.36,2026-08-29 03:22:25
FEE-11687,ORD-5687,SEL-001,REFERRAL_AND_FBA,333.82,2026-08-29 03:30:44
FEE-11688,ORD-5688,SEL-001,REFERRAL_AND_FBA,111.5,2026-08-29 03:39:25
FEE-11689,ORD-5689,SEL-001,REFERRAL_AND_FBA,150.46,2026-08-29 03:47:56
FEE-11690,ORD-5690,SEL-001,REFERRAL_AND_FBA,661.26,2026-08-29 03:56:20
FEE-11691,ORD-5691,SEL-001,REFERRAL_AND_FBA,335.78,2026-08-29 04:04:59
FEE-11692,ORD-5692,SEL-001,REFERRAL_AND_FBA,562.0,2026-08-29 04:13:34
FEE-11693,ORD-5693,SEL-001,REFERRAL_AND_FBA,112.96,2026-08-29 04:22:16
FEE-11694,ORD-5694,SEL-001,REFERRAL_AND_FBA,711.56,2026-08-29 04:30:28
FEE-11695,ORD-5695,SEL-001,REFERRAL_AND_FBA,334.4,2026-08-29 04:39:09
FEE-11696,ORD-5696,SEL-001,REFERRAL_AND_FBA,429.81,2026-08-29 04:47:54
FEE-11697,ORD-5697,SEL-001,REFERRAL_AND_FBA,361.48,2026-08-29 04:56:27
FEE-11698,ORD-5698,SEL-001,REFERRAL_AND_FBA,727.53,2026-08-29 05:04:49
FEE-11699,ORD-5699,SEL-001,REFERRAL_AND_FBA,447.56,2026-08-29 05:13:29
FEE-11700,ORD-5700,SEL-001,REFERRAL_AND_FBA,347.12,2026-08-29 05:21:39
FEE-11701,ORD-5701,SEL-001,REFERRAL_AND_FBA,227.0,2026-08-29 05:30:09
FEE-11702,ORD-5702,SEL-001,REFERRAL_AND_FBA,414.66,2026-08-29 05:38:39
FEE-11703,ORD-5703,SEL-001,REFERRAL_AND_FBA,193.29,2026-08-29 05:47:32
FEE-11704,ORD-5704,SEL-001,REFERRAL_AND_FBA,361.63,2026-08-29 05:55:47
FEE-11705,ORD-5705,SEL-001,REFERRAL_AND_FBA,607.04,2026-08-29 06:04:34
FEE-11706,ORD-5706,SEL-001,REFERRAL_AND_FBA,307.08,2026-08-29 06:12:46
FEE-11707,ORD-5707,SEL-001,REFERRAL_AND_FBA,497.75,2026-08-29 06:21:45
FEE-11708,ORD-5708,SEL-001,REFERRAL_AND_FBA,293.6,2026-08-29 06:30:13
FEE-11709,ORD-5709,SEL-001,REFERRAL_AND_FBA,385.02,2026-08-29 06:38:42
FEE-11710,ORD-5710,SEL-001,REFERRAL_AND_FBA,220.0,2026-08-29 06:46:54
FEE-11711,ORD-5711,SEL-001,REFERRAL_AND_FBA,693.61,2026-08-29 06:55:42
FEE-11712,ORD-5712,SEL-001,REFERRAL_AND_FBA,109.42,2026-08-29 07:04:28
FEE-11713,ORD-5713,SEL-001,REFERRAL_AND_FBA,497.75,2026-08-29 07:12:56
FEE-11714,ORD-5714,SEL-001,REFERRAL_AND_FBA,307.08,2026-08-29 07:21:20
FEE-11715,ORD-5715,SEL-001,REFERRAL_AND_FBA,220.0,2026-08-29 07:29:43
FEE-11716,ORD-5716,SEL-001,REFERRAL_AND_FBA,347.12,2026-08-29 07:38:10
FEE-11717,ORD-5717,SEL-001,REFERRAL_AND_FBA,608.51,2026-08-29 07:46:44
FEE-11718,ORD-5718,SEL-001,REFERRAL_AND_FBA,234.8,2026-08-29 07:55:21
FEE-11719,ORD-5719,SEL-001,REFERRAL_AND_FBA,506.8,2026-08-29 08:03:55
FEE-11720,ORD-5720,SEL-001,REFERRAL_AND_FBA,344.72,2026-08-29 08:12:27
FEE-11721,ORD-5721,SEL-001,REFERRAL_AND_FBA,500.13,2026-08-29 08:21:00
FEE-11722,ORD-5722,SEL-001,REFERRAL_AND_FBA,537.56,2026-08-29 08:29:31
FEE-11723,ORD-5723,SEL-001,REFERRAL_AND_FBA,220.0,2026-08-29 08:37:55
FEE-11724,ORD-5724,SEL-001,REFERRAL_AND_FBA,293.6,2026-08-29 08:46:30
FEE-11725,ORD-5725,SEL-001,REFERRAL_AND_FBA,689.62,2026-08-29 08:55:01
FEE-11726,ORD-5726,SEL-001,REFERRAL_AND_FBA,267.83,2026-08-29 09:03:42
FEE-11727,ORD-5727,SEL-001,REFERRAL_AND_FBA,450.37,2026-08-29 09:12:18
FEE-11728,ORD-5728,SEL-001,REFERRAL_AND_FBA,385.02,2026-08-29 09:20:34
FEE-11729,ORD-5729,SEL-001,REFERRAL_AND_FBA,973.61,2026-08-29 09:29:30
FEE-11730,ORD-5730,SEL-001,REFERRAL_AND_FBA,269.71,2026-08-29 09:37:48
FEE-11731,ORD-5731,SEL-001,REFERRAL_AND_FBA,220.0,2026-08-29 09:46:19
FEE-11732,ORD-5732,SEL-001,REFERRAL_AND_FBA,723.25,2026-08-29 09:54:57
FEE-11733,ORD-5733,SEL-001,REFERRAL_AND_FBA,293.11,2026-08-29 10:03:30
FEE-11734,ORD-5734,SEL-001,REFERRAL_AND_FBA,434.35,2026-08-29 10:11:58
FEE-11735,ORD-5735,SEL-001,REFERRAL_AND_FBA,263.19,2026-08-29 10:20:16
FEE-11736,ORD-5736,SEL-001,REFERRAL_AND_FBA,361.48,2026-08-29 10:29:10
FEE-11737,ORD-5737,SEL-001,REFERRAL_AND_FBA,712.86,2026-08-29 10:37:45
FEE-11738,ORD-5738,SEL-001,REFERRAL_AND_FBA,723.32,2026-08-29 10:45:59
FEE-11739,ORD-5739,SEL-001,REFERRAL_AND_FBA,486.81,2026-08-29 10:54:40
FEE-11740,ORD-5740,SEL-001,REFERRAL_AND_FBA,240.9,2026-08-29 11:03:03
FEE-11741,ORD-5741,SEL-001,REFERRAL_AND_FBA,723.32,2026-08-29 11:11:50
FEE-11742,ORD-5742,SEL-001,REFERRAL_AND_FBA,434.35,2026-08-29 11:20:04
FEE-11743,ORD-5743,SEL-001,REFERRAL_AND_FBA,460.56,2026-08-29 11:28:48
FEE-11744,ORD-5744,SEL-001,REFERRAL_AND_FBA,293.11,2026-08-29 11:37:26
FEE-11745,ORD-5745,SEL-001,REFERRAL_AND_FBA,109.42,2026-08-29 11:45:51
FEE-11746,ORD-5746,SEL-001,REFERRAL_AND_FBA,661.26,2026-08-29 11:54:24
FEE-11747,ORD-5747,SEL-001,REFERRAL_AND_FBA,231.88,2026-08-29 12:02:57
FEE-11748,ORD-5748,SEL-001,REFERRAL_AND_FBA,557.7,2026-08-29 12:11:22
FEE-11749,ORD-5749,SEL-001,REFERRAL_AND_FBA,108.45,2026-08-29 12:19:57
FEE-11750,ORD-5750,SEL-001,REFERRAL_AND_FBA,385.02,2026-08-29 12:28:33
FEE-11751,ORD-5751,SEL-001,REFERRAL_AND_FBA,121.71,2026-08-29 12:36:58
FEE-11752,ORD-5752,SEL-001,REFERRAL_AND_FBA,500.13,2026-08-29 12:45:33
FEE-11753,ORD-5753,SEL-001,REFERRAL_AND_FBA,492.5,2026-08-29 12:54:10
FEE-11754,ORD-5754,SEL-001,REFERRAL_AND_FBA,108.45,2026-08-29 13:02:29
FEE-11755,ORD-5755,SEL-001,REFERRAL_AND_FBA,528.94,2026-08-29 13:11:02
FEE-11756,ORD-5756,SEL-001,REFERRAL_AND_FBA,150.46,2026-08-29 13:19:48
FEE-11757,ORD-5757,SEL-001,REFERRAL_AND_FBA,361.63,2026-08-29 13:28:26
FEE-11758,ORD-5758,SEL-001,REFERRAL_AND_FBA,723.32,2026-08-29 13:36:36
FEE-11759,ORD-5759,SEL-001,REFERRAL_AND_FBA,693.61,2026-08-29 13:45:12
FEE-11760,ORD-5760,SEL-001,REFERRAL_AND_FBA,607.04,2026-08-29 13:54:03
FEE-11761,ORD-5761,SEL-001,REFERRAL_AND_FBA,233.03,2026-08-29 14:02:13
FEE-11762,ORD-5762,SEL-001,REFERRAL_AND_FBA,510.34,2026-08-29 14:10:51
FEE-11763,ORD-5763,SEL-001,REFERRAL_AND_FBA,465.17,2026-08-29 14:19:14
FEE-11764,ORD-5764,SEL-001,REFERRAL_AND_FBA,111.5,2026-08-29 14:28:08
FEE-11765,ORD-5765,SEL-001,REFERRAL_AND_FBA,651.18,2026-08-29 14:36:34
FEE-11766,ORD-5766,SEL-001,REFERRAL_AND_FBA,539.42,2026-08-29 14:44:54
FEE-11767,ORD-5767,SEL-001,REFERRAL_AND_FBA,344.72,2026-08-29 14:53:27
FEE-11768,ORD-5768,SEL-001,REFERRAL_AND_FBA,220.0,2026-08-29 15:02:06
FEE-11769,ORD-5769,SEL-001,REFERRAL_AND_FBA,486.81,2026-08-29 15:10:37
FEE-11770,ORD-5770,SEL-001,REFERRAL_AND_FBA,629.82,2026-08-29 15:18:57
FEE-11771,ORD-5771,SEL-001,REFERRAL_AND_FBA,586.21,2026-08-29 15:27:34
FEE-11772,ORD-5772,SEL-001,REFERRAL_AND_FBA,334.4,2026-08-29 15:36:25
FEE-11773,ORD-5773,SEL-001,REFERRAL_AND_FBA,263.19,2026-08-29 15:44:40
FEE-11774,ORD-5774,SEL-001,REFERRAL_AND_FBA,143.37,2026-08-29 15:53:24
FEE-11775,ORD-5775,SEL-001,REFERRAL_AND_FBA,995.5,2026-08-29 16:01:47
FEE-11776,ORD-5776,SEL-001,REFERRAL_AND_FBA,361.48,2026-08-29 16:10:35
FEE-11777,ORD-5777,SEL-001,REFERRAL_AND_FBA,1214.09,2026-08-29 16:18:53
FEE-11778,ORD-5778,SEL-001,REFERRAL_AND_FBA,486.81,2026-08-29 16:27:32
FEE-11779,ORD-5779,SEL-001,REFERRAL_AND_FBA,293.11,2026-08-29 16:35:56
FEE-11780,ORD-5780,SEL-001,REFERRAL_AND_FBA,1425.72,2026-08-29 16:44:45
FEE-11781,ORD-5781,SEL-001,REFERRAL_AND_FBA,237.79,2026-08-29 16:53:12
FEE-11782,ORD-5782,SEL-001,REFERRAL_AND_FBA,220.0,2026-08-29 17:01:43
FEE-11783,ORD-5783,SEL-001,REFERRAL_AND_FBA,133.0,2026-08-29 17:10:12
FEE-11784,ORD-5784,SEL-001,REFERRAL_AND_FBA,497.75,2026-08-29 17:18:54
FEE-11785,ORD-5785,SEL-001,REFERRAL_AND_FBA,231.88,2026-08-29 17:27:07
FEE-11786,ORD-5786,SEL-001,REFERRAL_AND_FBA,702.72,2026-08-29 17:35:50
FEE-11787,ORD-5787,SEL-001,REFERRAL_AND_FBA,664.86,2026-08-29 17:44:09
FEE-11788,ORD-5788,SEL-001,REFERRAL_AND_FBA,347.12,2026-08-29 17:52:50
FEE-11789,ORD-5789,SEL-001,REFERRAL_AND_FBA,468.16,2026-08-29 18:01:09
FEE-11790,ORD-5790,SEL-001,REFERRAL_AND_FBA,671.56,2026-08-29 18:09:58
FEE-11791,ORD-5791,SEL-001,REFERRAL_AND_FBA,286.74,2026-08-29 18:18:31
FEE-11792,ORD-5792,SEL-001,REFERRAL_AND_FBA,629.82,2026-08-29 18:26:58
FEE-11793,ORD-5793,SEL-001,REFERRAL_AND_FBA,447.56,2026-08-29 18:35:16
FEE-11794,ORD-5794,SEL-001,REFERRAL_AND_FBA,606.21,2026-08-29 18:43:58
FEE-11795,ORD-5795,SEL-001,REFERRAL_AND_FBA,385.02,2026-08-29 18:52:48
FEE-11796,ORD-5796,SEL-001,REFERRAL_AND_FBA,454.0,2026-08-29 19:01:07
FEE-11797,ORD-5797,SEL-001,REFERRAL_AND_FBA,440.0,2026-08-29 19:09:30
FEE-11798,ORD-5798,SEL-001,REFERRAL_AND_FBA,429.81,2026-08-29 19:18:06
FEE-11799,ORD-5799,SEL-001,REFERRAL_AND_FBA,333.82,2026-08-29 19:26:38
FEE-11800,ORD-5800,SEL-001,REFERRAL_AND_FBA,150.46,2026-08-29 19:35:24
FEE-11801,ORD-5801,SEL-001,REFERRAL_AND_FBA,344.72,2026-08-29 19:43:36
FEE-11802,ORD-5802,SEL-001,REFERRAL_AND_FBA,510.34,2026-08-29 19:52:31
FEE-11803,ORD-5803,SEL-001,REFERRAL_AND_FBA,434.35,2026-08-29 20:00:40
FEE-11804,ORD-5804,SEL-001,REFERRAL_AND_FBA,226.06,2026-08-29 20:09:28
FEE-11805,ORD-5805,SEL-001,REFERRAL_AND_FBA,261.36,2026-08-29 20:17:48
FEE-11806,ORD-5806,SEL-001,REFERRAL_AND_FBA,263.19,2026-08-29 20:26:11
FEE-11807,ORD-5807,SEL-001,REFERRAL_AND_FBA,440.0,2026-08-29 20:35:02
FEE-11808,ORD-5808,SEL-001,REFERRAL_AND_FBA,234.8,2026-08-29 20:43:26
FEE-11809,ORD-5809,SEL-001,REFERRAL_AND_FBA,597.45,2026-08-29 20:51:54
FEE-11810,ORD-5810,SEL-001,REFERRAL_AND_FBA,1425.72,2026-08-29 21:00:21
FEE-11811,ORD-5811,SEL-001,REFERRAL_AND_FBA,723.32,2026-08-29 21:09:20
FEE-11812,ORD-5812,SEL-001,REFERRAL_AND_FBA,109.42,2026-08-29 21:17:44
FEE-11813,ORD-5813,SEL-001,REFERRAL_AND_FBA,414.66,2026-08-29 21:26:12
FEE-11814,ORD-5814,SEL-001,REFERRAL_AND_FBA,151.63,2026-08-29 21:34:54
FEE-11815,ORD-5815,SEL-001,REFERRAL_AND_FBA,328.49,2026-08-29 21:43:28
FEE-11816,ORD-5816,SEL-001,REFERRAL_AND_FBA,664.86,2026-08-29 21:51:51
FEE-11817,ORD-5817,SEL-001,REFERRAL_AND_FBA,193.29,2026-08-29 22:00:30
FEE-11818,ORD-5818,SEL-001,REFERRAL_AND_FBA,525.4,2026-08-29 22:08:51
FEE-11819,ORD-5819,SEL-001,REFERRAL_AND_FBA,562.0,2026-08-29 22:17:19
FEE-11820,ORD-5820,SEL-001,REFERRAL_AND_FBA,220.0,2026-08-29 22:25:58
FEE-11821,ORD-5821,SEL-001,REFERRAL_AND_FBA,1057.88,2026-08-29 22:34:38
FEE-11822,ORD-5822,SEL-001,REFERRAL_AND_FBA,1217.02,2026-08-29 22:42:52
FEE-11823,ORD-5823,SEL-001,REFERRAL_AND_FBA,150.46,2026-08-29 22:51:21
FEE-11824,ORD-5824,SEL-001,REFERRAL_AND_FBA,510.34,2026-08-29 22:59:50
FEE-11825,ORD-5825,SEL-001,REFERRAL_AND_FBA,723.32,2026-08-29 23:08:32
FEE-11826,ORD-5826,SEL-001,REFERRAL_AND_FBA,614.16,2026-08-29 23:16:54
FEE-11827,ORD-5827,SEL-001,REFERRAL_AND_FBA,535.66,2026-08-29 23:25:27
FEE-11828,ORD-5828,SEL-001,REFERRAL_AND_FBA,193.29,2026-08-29 23:34:10
FEE-11829,ORD-5829,SEL-001,REFERRAL_AND_FBA,414.66,2026-08-29 23:42:53
FEE-11830,ORD-5830,SEL-001,REFERRAL_AND_FBA,460.56,2026-08-29 23:51:14
FEE-11831,ORD-5831,SEL-001,REFERRAL_AND_FBA,675.52,2026-08-29 23:59:54
FEE-11832,ORD-5832,SEL-001,REFERRAL_AND_FBA,269.71,2026-08-30 00:08:31
FEE-11833,ORD-5833,SEL-001,REFERRAL_AND_FBA,231.88,2026-08-30 00:16:55
FEE-11834,ORD-5834,SEL-001,REFERRAL_AND_FBA,1329.72,2026-08-30 00:25:17
FEE-11835,ORD-5835,SEL-001,REFERRAL_AND_FBA,260.0,2026-08-30 00:33:58
FEE-11836,ORD-5836,SEL-001,REFERRAL_AND_FBA,477.38,2026-08-30 00:42:40
FEE-11837,ORD-5837,SEL-001,REFERRAL_AND_FBA,664.86,2026-08-30 00:50:54
FEE-11838,ORD-5838,SEL-001,REFERRAL_AND_FBA,557.7,2026-08-30 00:59:28
FEE-11839,ORD-5839,SEL-001,REFERRAL_AND_FBA,447.56,2026-08-30 01:07:58
FEE-11840,ORD-5840,SEL-001,REFERRAL_AND_FBA,444.43,2026-08-30 01:16:20
FEE-11841,ORD-5841,SEL-001,REFERRAL_AND_FBA,293.6,2026-08-30 01:25:21
FEE-11842,ORD-5842,SEL-001,REFERRAL_AND_FBA,143.37,2026-08-30 01:33:40
FEE-11843,ORD-5843,SEL-001,REFERRAL_AND_FBA,344.72,2026-08-30 01:42:12
FEE-11844,ORD-5844,SEL-001,REFERRAL_AND_FBA,249.73,2026-08-30 01:50:39
FEE-11845,ORD-5845,SEL-001,REFERRAL_AND_FBA,328.49,2026-08-30 01:59:14
FEE-11846,ORD-5846,SEL-001,REFERRAL_AND_FBA,309.41,2026-08-30 02:07:49
FEE-11847,ORD-5847,SEL-001,REFERRAL_AND_FBA,233.03,2026-08-30 02:16:19
FEE-11848,ORD-5848,SEL-001,REFERRAL_AND_FBA,108.45,2026-08-30 02:24:48
FEE-11849,ORD-5849,SEL-001,REFERRAL_AND_FBA,930.35,2026-08-30 02:33:11
FEE-11850,ORD-5850,SEL-001,REFERRAL_AND_FBA,269.71,2026-08-30 02:41:48
FEE-11851,ORD-5851,SEL-001,REFERRAL_AND_FBA,523.9,2026-08-30 02:50:26
FEE-11852,ORD-5852,SEL-001,REFERRAL_AND_FBA,500.13,2026-08-30 02:59:09
FEE-11853,ORD-5853,SEL-001,REFERRAL_AND_FBA,344.72,2026-08-30 03:07:43
FEE-11854,ORD-5854,SEL-001,REFERRAL_AND_FBA,233.03,2026-08-30 03:16:14
FEE-11855,ORD-5855,SEL-001,REFERRAL_AND_FBA,553.97,2026-08-30 03:24:37
FEE-11856,ORD-5856,SEL-001,REFERRAL_AND_FBA,468.16,2026-08-30 03:32:57
FEE-11857,ORD-5857,SEL-001,REFERRAL_AND_FBA,334.4,2026-08-30 03:41:34
FEE-11858,ORD-5858,SEL-001,REFERRAL_AND_FBA,510.34,2026-08-30 03:50:03
FEE-11859,ORD-5859,SEL-001,REFERRAL_AND_FBA,220.0,2026-08-30 03:58:37
FEE-11860,ORD-5860,SEL-001,REFERRAL_AND_FBA,313.78,2026-08-30 04:07:20
FEE-11861,ORD-5861,SEL-001,REFERRAL_AND_FBA,347.12,2026-08-30 04:15:36
FEE-11862,ORD-5862,SEL-001,REFERRAL_AND_FBA,1423.12,2026-08-30 04:24:29
FEE-11863,ORD-5863,SEL-001,REFERRAL_AND_FBA,510.34,2026-08-30 04:32:42
FEE-11864,ORD-5864,SEL-001,REFERRAL_AND_FBA,439.9,2026-08-30 04:41:34
FEE-11865,ORD-5865,SEL-001,REFERRAL_AND_FBA,523.9,2026-08-30 04:49:52
FEE-11866,ORD-5866,SEL-001,REFERRAL_AND_FBA,293.6,2026-08-30 04:58:20
FEE-11867,ORD-5867,SEL-001,REFERRAL_AND_FBA,888.85,2026-08-30 05:07:13
FEE-11868,ORD-5868,SEL-001,REFERRAL_AND_FBA,385.02,2026-08-30 05:15:28
FEE-11869,ORD-5869,SEL-001,REFERRAL_AND_FBA,218.83,2026-08-30 05:24:15
FEE-11870,ORD-5870,SEL-001,REFERRAL_AND_FBA,557.32,2026-08-30 05:32:37
FEE-11871,ORD-5871,SEL-001,REFERRAL_AND_FBA,220.0,2026-08-30 05:40:58
FEE-11872,ORD-5872,SEL-001,REFERRAL_AND_FBA,267.83,2026-08-30 05:49:43
FEE-11873,ORD-5873,SEL-001,REFERRAL_AND_FBA,245.07,2026-08-30 05:58:13
FEE-11874,ORD-5874,SEL-001,REFERRAL_AND_FBA,429.81,2026-08-30 06:06:37
FEE-11875,ORD-5875,SEL-001,REFERRAL_AND_FBA,985.0,2026-08-30 06:15:09
FEE-11876,ORD-5876,SEL-001,REFERRAL_AND_FBA,492.5,2026-08-30 06:24:03
FEE-11877,ORD-5877,SEL-001,REFERRAL_AND_FBA,1083.33,2026-08-30 06:32:16
FEE-11878,ORD-5878,SEL-001,REFERRAL_AND_FBA,641.84,2026-08-30 06:41:03
FEE-11879,ORD-5879,SEL-001,REFERRAL_AND_FBA,262.7,2026-08-30 06:49:28
FEE-11880,ORD-5880,SEL-001,REFERRAL_AND_FBA,286.74,2026-08-30 06:58:02
FEE-11881,ORD-5881,SEL-001,REFERRAL_AND_FBA,269.71,2026-08-30 07:06:39
FEE-11882,ORD-5882,SEL-001,REFERRAL_AND_FBA,632.78,2026-08-30 07:14:56
FEE-11883,ORD-5883,SEL-001,REFERRAL_AND_FBA,328.49,2026-08-30 07:23:32
FEE-11884,ORD-5884,SEL-001,REFERRAL_AND_FBA,664.86,2026-08-30 07:31:52
FEE-11885,ORD-5885,SEL-001,REFERRAL_AND_FBA,143.37,2026-08-30 07:40:50
FEE-11886,ORD-5886,SEL-001,REFERRAL_AND_FBA,96.64,2026-08-30 07:49:17
FEE-11887,ORD-5887,SEL-001,REFERRAL_AND_FBA,711.56,2026-08-30 07:57:35
FEE-11888,ORD-5888,SEL-001,REFERRAL_AND_FBA,108.45,2026-08-30 08:06:03
FEE-11889,ORD-5889,SEL-001,REFERRAL_AND_FBA,557.7,2026-08-30 08:14:38
FEE-11890,ORD-5890,SEL-001,REFERRAL_AND_FBA,220.0,2026-08-30 08:23:03
FEE-11891,ORD-5891,SEL-001,REFERRAL_AND_FBA,237.79,2026-08-30 08:31:44
FEE-11892,ORD-5892,SEL-001,REFERRAL_AND_FBA,237.79,2026-08-30 08:40:26
FEE-11893,ORD-5893,SEL-001,REFERRAL_AND_FBA,497.75,2026-08-30 08:49:09
FEE-11894,ORD-5894,SEL-001,REFERRAL_AND_FBA,220.0,2026-08-30 08:57:36
FEE-11895,ORD-5895,SEL-001,REFERRAL_AND_FBA,151.63,2026-08-30 09:05:44
FEE-11896,ORD-5896,SEL-001,REFERRAL_AND_FBA,621.25,2026-08-30 09:14:40
FEE-11897,ORD-5897,SEL-001,REFERRAL_AND_FBA,225.93,2026-08-30 09:23:14
FEE-11898,ORD-5898,SEL-001,REFERRAL_AND_FBA,535.66,2026-08-30 09:31:31
FEE-11899,ORD-5899,SEL-001,REFERRAL_AND_FBA,417.32,2026-08-30 09:40:04
FEE-11900,ORD-5900,SEL-001,REFERRAL_AND_FBA,96.64,2026-08-30 09:48:28
FEE-11901,ORD-5901,SEL-001,REFERRAL_AND_FBA,196.67,2026-08-30 09:56:55
FEE-11902,ORD-5902,SEL-001,REFERRAL_AND_FBA,477.38,2026-08-30 10:05:55
FEE-11903,ORD-5903,SEL-001,REFERRAL_AND_FBA,500.13,2026-08-30 10:14:11
FEE-11904,ORD-5904,SEL-001,REFERRAL_AND_FBA,151.63,2026-08-30 10:22:57
FEE-11905,ORD-5905,SEL-001,REFERRAL_AND_FBA,112.96,2026-08-30 10:31:08
FEE-11906,ORD-5906,SEL-001,REFERRAL_AND_FBA,262.7,2026-08-30 10:39:35
FEE-11907,ORD-5907,SEL-001,REFERRAL_AND_FBA,607.04,2026-08-30 10:48:10
FEE-11908,ORD-5908,SEL-001,REFERRAL_AND_FBA,675.52,2026-08-30 10:56:54
FEE-11909,ORD-5909,SEL-001,REFERRAL_AND_FBA,260.0,2026-08-30 11:05:11
FEE-11910,ORD-5910,SEL-001,REFERRAL_AND_FBA,269.71,2026-08-30 11:13:48
FEE-11911,ORD-5911,SEL-001,REFERRAL_AND_FBA,361.63,2026-08-30 11:22:38
FEE-11912,ORD-5912,SEL-001,REFERRAL_AND_FBA,586.21,2026-08-30 11:30:57
FEE-11913,ORD-5913,SEL-001,REFERRAL_AND_FBA,220.0,2026-08-30 11:39:24
FEE-11914,ORD-5914,SEL-001,REFERRAL_AND_FBA,632.78,2026-08-30 11:48:17
FEE-11915,ORD-5915,SEL-001,REFERRAL_AND_FBA,112.96,2026-08-30 11:56:44
FEE-11916,ORD-5916,SEL-001,REFERRAL_AND_FBA,444.43,2026-08-30 12:05:08
FEE-11917,ORD-5917,SEL-001,REFERRAL_AND_FBA,1242.49,2026-08-30 12:13:53
FEE-11918,ORD-5918,SEL-001,REFERRAL_AND_FBA,438.52,2026-08-30 12:22:21
FEE-11919,ORD-5919,SEL-001,REFERRAL_AND_FBA,162.4,2026-08-30 12:30:47
FEE-11920,ORD-5920,SEL-001,REFERRAL_AND_FBA,727.53,2026-08-30 12:39:09
FEE-11921,ORD-5921,SEL-001,REFERRAL_AND_FBA,414.66,2026-08-30 12:48:01
FEE-11922,ORD-5922,SEL-001,REFERRAL_AND_FBA,664.86,2026-08-30 12:56:23
FEE-11923,ORD-5923,SEL-001,REFERRAL_AND_FBA,361.48,2026-08-30 13:04:41
FEE-11924,ORD-5924,SEL-001,REFERRAL_AND_FBA,480.82,2026-08-30 13:13:32
FEE-11925,ORD-5925,SEL-001,REFERRAL_AND_FBA,121.71,2026-08-30 13:21:59
FEE-11926,ORD-5926,SEL-001,REFERRAL_AND_FBA,143.37,2026-08-30 13:30:37
FEE-11927,ORD-5927,SEL-001,REFERRAL_AND_FBA,587.2,2026-08-30 13:38:52
FEE-11928,ORD-5928,SEL-001,REFERRAL_AND_FBA,447.56,2026-08-30 13:47:31
FEE-11929,ORD-5929,SEL-001,REFERRAL_AND_FBA,267.83,2026-08-30 13:55:56
FEE-11930,ORD-5930,SEL-001,REFERRAL_AND_FBA,859.62,2026-08-30 14:04:31
FEE-11931,ORD-5931,SEL-001,REFERRAL_AND_FBA,1217.02,2026-08-30 14:13:14
FEE-11932,ORD-5932,SEL-001,REFERRAL_AND_FBA,505.62,2026-08-30 14:21:31
FEE-11933,ORD-5933,SEL-001,REFERRAL_AND_FBA,385.02,2026-08-30 14:30:17
FEE-11934,ORD-5934,SEL-001,REFERRAL_AND_FBA,434.35,2026-08-30 14:38:57
FEE-11935,ORD-5935,SEL-001,REFERRAL_AND_FBA,226.06,2026-08-30 14:47:11
FEE-11936,ORD-5936,SEL-001,REFERRAL_AND_FBA,238.52,2026-08-30 14:55:47
FEE-11937,ORD-5937,SEL-001,REFERRAL_AND_FBA,234.8,2026-08-30 15:04:33
FEE-11938,ORD-5938,SEL-001,REFERRAL_AND_FBA,621.25,2026-08-30 15:12:46
FEE-11939,ORD-5939,SEL-001,REFERRAL_AND_FBA,156.89,2026-08-30 15:21:38
FEE-11940,ORD-5940,SEL-001,REFERRAL_AND_FBA,276.99,2026-08-30 15:29:50
FEE-11941,ORD-5941,SEL-001,REFERRAL_AND_FBA,240.9,2026-08-30 15:38:24
FEE-11942,ORD-5942,SEL-001,REFERRAL_AND_FBA,226.06,2026-08-30 15:47:13
FEE-11943,ORD-5943,SEL-001,REFERRAL_AND_FBA,606.21,2026-08-30 15:55:30
FEE-11944,ORD-5944,SEL-001,REFERRAL_AND_FBA,439.9,2026-08-30 16:04:02
FEE-11945,ORD-5945,SEL-001,REFERRAL_AND_FBA,220.0,2026-08-30 16:12:29
FEE-11946,ORD-5946,SEL-001,REFERRAL_AND_FBA,225.93,2026-08-30 16:21:15
FEE-11947,ORD-5947,SEL-001,REFERRAL_AND_FBA,262.7,2026-08-30 16:29:33
FEE-11948,ORD-5948,SEL-001,REFERRAL_AND_FBA,537.56,2026-08-30 16:38:29
FEE-11949,ORD-5949,SEL-001,REFERRAL_AND_FBA,220.0,2026-08-30 16:46:43
FEE-11950,ORD-5950,SEL-001,REFERRAL_AND_FBA,233.03,2026-08-30 16:55:13
FEE-11951,ORD-5951,SEL-001,REFERRAL_AND_FBA,664.86,2026-08-30 17:03:46
FEE-11952,ORD-5952,SEL-001,REFERRAL_AND_FBA,526.37,2026-08-30 17:12:18
FEE-11953,ORD-5953,SEL-001,REFERRAL_AND_FBA,150.46,2026-08-30 17:21:09
FEE-11954,ORD-5954,SEL-001,REFERRAL_AND_FBA,233.03,2026-08-30 17:29:29
FEE-11955,ORD-5955,SEL-001,REFERRAL_AND_FBA,557.32,2026-08-30 17:37:55
FEE-11956,ORD-5956,SEL-001,REFERRAL_AND_FBA,621.25,2026-08-30 17:46:37
FEE-11957,ORD-5957,SEL-001,REFERRAL_AND_FBA,468.16,2026-08-30 17:55:20
FEE-11958,ORD-5958,SEL-001,REFERRAL_AND_FBA,417.32,2026-08-30 18:03:42
FEE-11959,ORD-5959,SEL-001,REFERRAL_AND_FBA,324.8,2026-08-30 18:12:16
FEE-11960,ORD-5960,SEL-001,REFERRAL_AND_FBA,325.08,2026-08-30 18:20:50
FEE-11961,ORD-5961,SEL-001,REFERRAL_AND_FBA,587.2,2026-08-30 18:29:19
FEE-11962,ORD-5962,SEL-001,REFERRAL_AND_FBA,234.8,2026-08-30 18:37:58
FEE-11963,ORD-5963,SEL-001,REFERRAL_AND_FBA,587.2,2026-08-30 18:46:30
FEE-11964,ORD-5964,SEL-001,REFERRAL_AND_FBA,859.62,2026-08-30 18:54:38
FEE-11965,ORD-5965,SEL-001,REFERRAL_AND_FBA,201.6,2026-08-30 19:03:12
FEE-11966,ORD-5966,SEL-001,REFERRAL_AND_FBA,417.32,2026-08-30 19:12:08
FEE-11967,ORD-5967,SEL-001,REFERRAL_AND_FBA,150.46,2026-08-30 19:20:33
FEE-11968,ORD-5968,SEL-001,REFERRAL_AND_FBA,1011.25,2026-08-30 19:28:50
FEE-11969,ORD-5969,SEL-001,REFERRAL_AND_FBA,262.7,2026-08-30 19:37:14
FEE-11970,ORD-5970,SEL-001,REFERRAL_AND_FBA,468.16,2026-08-30 19:45:47
FEE-11971,ORD-5971,SEL-001,REFERRAL_AND_FBA,151.63,2026-08-30 19:54:45
FEE-11972,ORD-5972,SEL-001,REFERRAL_AND_FBA,220.0,2026-08-30 20:03:18
FEE-11973,ORD-5973,SEL-001,REFERRAL_AND_FBA,238.52,2026-08-30 20:11:34
FEE-11974,ORD-5974,SEL-001,REFERRAL_AND_FBA,661.26,2026-08-30 20:20:15
FEE-11975,ORD-5975,SEL-001,REFERRAL_AND_FBA,597.45,2026-08-30 20:28:43
FEE-11976,ORD-5976,SEL-001,REFERRAL_AND_FBA,147.92,2026-08-30 20:37:19
FEE-11977,ORD-5977,SEL-001,REFERRAL_AND_FBA,237.79,2026-08-30 20:45:43
FEE-11978,ORD-5978,SEL-001,REFERRAL_AND_FBA,465.17,2026-08-30 20:54:13
FEE-11979,ORD-5979,SEL-001,REFERRAL_AND_FBA,460.56,2026-08-30 21:02:41
FEE-11980,ORD-5980,SEL-001,REFERRAL_AND_FBA,438.52,2026-08-30 21:11:08
FEE-11981,ORD-5981,SEL-001,REFERRAL_AND_FBA,506.8,2026-08-30 21:19:49
FEE-11982,ORD-5982,SEL-001,REFERRAL_AND_FBA,440.0,2026-08-30 21:28:28
FEE-11983,ORD-5983,SEL-001,REFERRAL_AND_FBA,664.86,2026-08-30 21:36:47
FEE-11984,ORD-5984,SEL-001,REFERRAL_AND_FBA,122.54,2026-08-30 21:45:31
FEE-11985,ORD-5985,SEL-001,REFERRAL_AND_FBA,1174.4,2026-08-30 21:54:00
FEE-11986,ORD-5986,SEL-001,REFERRAL_AND_FBA,506.8,2026-08-30 22:02:44
FEE-11987,ORD-5987,SEL-001,REFERRAL_AND_FBA,143.37,2026-08-30 22:11:17
FEE-11988,ORD-5988,SEL-001,REFERRAL_AND_FBA,226.06,2026-08-30 22:19:29
FEE-11989,ORD-5989,SEL-001,REFERRAL_AND_FBA,243.42,2026-08-30 22:28:18
FEE-11990,ORD-5990,SEL-001,REFERRAL_AND_FBA,260.0,2026-08-30 22:36:38
FEE-11991,ORD-5991,SEL-001,REFERRAL_AND_FBA,608.51,2026-08-30 22:45:12
FEE-11992,ORD-5992,SEL-001,REFERRAL_AND_FBA,293.11,2026-08-30 22:54:01
FEE-11993,ORD-5993,SEL-001,REFERRAL_AND_FBA,497.75,2026-08-30 23:02:19
FEE-11994,ORD-5994,SEL-001,REFERRAL_AND_FBA,723.32,2026-08-30 23:10:49
FEE-11995,ORD-5995,SEL-001,REFERRAL_AND_FBA,1425.72,2026-08-30 23:19:29
FEE-11996,ORD-5996,SEL-001,REFERRAL_AND_FBA,500.13,2026-08-30 23:27:55
FEE-11997,ORD-5997,SEL-001,REFERRAL_AND_FBA,237.79,2026-08-30 23:36:12
FEE-11998,ORD-5998,SEL-001,REFERRAL_AND_FBA,497.75,2026-08-30 23:44:58
FEE-11999,ORD-5999,SEL-001,REFERRAL_AND_FBA,361.48,2026-08-30 23:53:36
FEE-12000,ORD-6000,SEL-001,REFERRAL_AND_FBA,440.0,2026-08-31 00:02:10
FEE-12001,ORD-6001,SEL-001,REFERRAL_AND_FBA,477.38,2026-08-31 00:10:29
FEE-12002,ORD-6002,SEL-001,REFERRAL_AND_FBA,500.13,2026-08-31 00:19:18
FEE-12003,ORD-6003,SEL-001,REFERRAL_AND_FBA,108.45,2026-08-31 00:27:39
FEE-12004,ORD-6004,SEL-001,REFERRAL_AND_FBA,1212.42,2026-08-31 00:36:03
FEE-12005,ORD-6005,SEL-001,REFERRAL_AND_FBA,335.78,2026-08-31 00:44:43
FEE-12006,ORD-6006,SEL-001,REFERRAL_AND_FBA,220.0,2026-08-31 00:53:16
FEE-12007,ORD-6007,SEL-001,REFERRAL_AND_FBA,500.13,2026-08-31 01:01:48
FEE-12008,ORD-6008,SEL-001,REFERRAL_AND_FBA,111.5,2026-08-31 01:10:18
FEE-12009,ORD-6009,SEL-001,REFERRAL_AND_FBA,621.25,2026-08-31 01:19:03
FEE-12010,ORD-6010,SEL-001,REFERRAL_AND_FBA,276.99,2026-08-31 01:27:36
FEE-12011,ORD-6011,SEL-001,REFERRAL_AND_FBA,334.4,2026-08-31 01:36:06
FEE-12012,ORD-6012,SEL-001,REFERRAL_AND_FBA,1379.23,2026-08-31 01:44:41
FEE-12013,ORD-6013,SEL-001,REFERRAL_AND_FBA,269.71,2026-08-31 01:53:02
FEE-12014,ORD-6014,SEL-001,REFERRAL_AND_FBA,429.81,2026-08-31 02:01:27
FEE-12015,ORD-6015,SEL-001,REFERRAL_AND_FBA,269.71,2026-08-31 02:10:07
FEE-12016,ORD-6016,SEL-001,REFERRAL_AND_FBA,267.83,2026-08-31 02:18:30
FEE-12017,ORD-6017,SEL-001,REFERRAL_AND_FBA,888.85,2026-08-31 02:26:58
FEE-12018,ORD-6018,SEL-001,REFERRAL_AND_FBA,702.72,2026-08-31 02:35:37
FEE-12019,ORD-6019,SEL-001,REFERRAL_AND_FBA,414.66,2026-08-31 02:44:27
FEE-12020,ORD-6020,SEL-001,REFERRAL_AND_FBA,557.32,2026-08-31 02:52:36
FEE-12021,ORD-6021,SEL-001,REFERRAL_AND_FBA,661.26,2026-08-31 03:01:16
FEE-12022,ORD-6022,SEL-001,REFERRAL_AND_FBA,463.76,2026-08-31 03:09:58
FEE-12023,ORD-6023,SEL-001,REFERRAL_AND_FBA,361.48,2026-08-31 03:18:28
FEE-12024,ORD-6024,SEL-001,REFERRAL_AND_FBA,220.0,2026-08-31 03:26:41
FEE-12025,ORD-6025,SEL-001,REFERRAL_AND_FBA,307.08,2026-08-31 03:35:20
FEE-12026,ORD-6026,SEL-001,REFERRAL_AND_FBA,454.0,2026-08-31 03:44:10
FEE-12027,ORD-6027,SEL-001,REFERRAL_AND_FBA,162.4,2026-08-31 03:52:23
FEE-12028,ORD-6028,SEL-001,REFERRAL_AND_FBA,444.43,2026-08-31 04:00:47
FEE-12029,ORD-6029,SEL-001,REFERRAL_AND_FBA,1214.09,2026-08-31 04:09:19
FEE-12030,ORD-6030,SEL-001,REFERRAL_AND_FBA,995.5,2026-08-31 04:18:18
FEE-12031,ORD-6031,SEL-001,REFERRAL_AND_FBA,307.08,2026-08-31 04:26:28
FEE-12032,ORD-6032,SEL-001,REFERRAL_AND_FBA,664.86,2026-08-31 04:35:08
FEE-12033,ORD-6033,SEL-001,REFERRAL_AND_FBA,325.08,2026-08-31 04:43:49
FEE-12034,ORD-6034,SEL-001,REFERRAL_AND_FBA,492.5,2026-08-31 04:52:25
FEE-12035,ORD-6035,SEL-001,REFERRAL_AND_FBA,834.65,2026-08-31 05:00:29
FEE-12036,ORD-6036,SEL-001,REFERRAL_AND_FBA,347.12,2026-08-31 05:09:05
FEE-12037,ORD-6037,SEL-001,REFERRAL_AND_FBA,460.56,2026-08-31 05:17:56
FEE-12038,ORD-6038,SEL-001,REFERRAL_AND_FBA,468.16,2026-08-31 05:26:30
FEE-12039,ORD-6039,SEL-001,REFERRAL_AND_FBA,295.85,2026-08-31 05:35:08
FEE-12040,ORD-6040,SEL-001,REFERRAL_AND_FBA,262.7,2026-08-31 05:43:16
FEE-12041,ORD-6041,SEL-001,REFERRAL_AND_FBA,702.72,2026-08-31 05:51:54
FEE-12042,ORD-6042,SEL-001,REFERRAL_AND_FBA,510.34,2026-08-31 06:00:15
FEE-12043,ORD-6043,SEL-001,REFERRAL_AND_FBA,480.82,2026-08-31 06:09:04
FEE-12044,ORD-6044,SEL-001,REFERRAL_AND_FBA,225.93,2026-08-31 06:17:43
FEE-12045,ORD-6045,SEL-001,REFERRAL_AND_FBA,300.91,2026-08-31 06:26:10
FEE-12046,ORD-6046,SEL-001,REFERRAL_AND_FBA,335.78,2026-08-31 06:34:39
FEE-12047,ORD-6047,SEL-001,REFERRAL_AND_FBA,434.35,2026-08-31 06:43:13
FEE-12048,ORD-6048,SEL-001,REFERRAL_AND_FBA,429.81,2026-08-31 06:51:39
FEE-12049,ORD-6049,SEL-001,REFERRAL_AND_FBA,220.0,2026-08-31 07:00:27
FEE-12050,ORD-6050,SEL-001,REFERRAL_AND_FBA,587.2,2026-08-31 07:08:34
FEE-12051,ORD-6051,SEL-001,REFERRAL_AND_FBA,711.56,2026-08-31 07:17:29
FEE-12052,ORD-6052,SEL-001,REFERRAL_AND_FBA,1000.27,2026-08-31 07:25:42
FEE-12053,ORD-6053,SEL-001,REFERRAL_AND_FBA,414.66,2026-08-31 07:34:13
FEE-12054,ORD-6054,SEL-001,REFERRAL_AND_FBA,711.56,2026-08-31 07:42:55
FEE-12055,ORD-6055,SEL-001,REFERRAL_AND_FBA,261.36,2026-08-31 07:51:39
FEE-12056,ORD-6056,SEL-001,REFERRAL_AND_FBA,439.9,2026-08-31 07:59:45
FEE-12057,ORD-6057,SEL-001,REFERRAL_AND_FBA,226.06,2026-08-31 08:08:27
FEE-12058,ORD-6058,SEL-001,REFERRAL_AND_FBA,328.49,2026-08-31 08:16:46
FEE-12059,ORD-6059,SEL-001,REFERRAL_AND_FBA,447.56,2026-08-31 08:25:41
FEE-12060,ORD-6060,SEL-001,REFERRAL_AND_FBA,151.63,2026-08-31 08:33:55
FEE-12061,ORD-6061,SEL-001,REFERRAL_AND_FBA,347.12,2026-08-31 08:42:40
FEE-12062,ORD-6062,SEL-001,REFERRAL_AND_FBA,450.37,2026-08-31 08:51:15
FEE-12063,ORD-6063,SEL-001,REFERRAL_AND_FBA,689.62,2026-08-31 08:59:32
FEE-12064,ORD-6064,SEL-001,REFERRAL_AND_FBA,693.61,2026-08-31 09:08:25
FEE-12065,ORD-6065,SEL-001,REFERRAL_AND_FBA,650.16,2026-08-31 09:16:51
FEE-12066,ORD-6066,SEL-001,REFERRAL_AND_FBA,675.52,2026-08-31 09:25:08
FEE-12067,ORD-6067,SEL-001,REFERRAL_AND_FBA,220.0,2026-08-31 09:34:05
FEE-12068,ORD-6068,SEL-001,REFERRAL_AND_FBA,219.26,2026-08-31 09:42:32
FEE-12069,ORD-6069,SEL-001,REFERRAL_AND_FBA,505.62,2026-08-31 09:50:54
FEE-12070,ORD-6070,SEL-001,REFERRAL_AND_FBA,263.19,2026-08-31 09:59:26
FEE-12071,ORD-6071,SEL-001,REFERRAL_AND_FBA,234.8,2026-08-31 10:07:54
FEE-12072,ORD-6072,SEL-001,REFERRAL_AND_FBA,621.25,2026-08-31 10:16:44
FEE-12073,ORD-6073,SEL-001,REFERRAL_AND_FBA,121.71,2026-08-31 10:25:15
FEE-12074,ORD-6074,SEL-001,REFERRAL_AND_FBA,233.03,2026-08-31 10:33:37
FEE-12075,ORD-6075,SEL-001,REFERRAL_AND_FBA,414.66,2026-08-31 10:42:02
FEE-12076,ORD-6076,SEL-001,REFERRAL_AND_FBA,641.84,2026-08-31 10:50:43
FEE-12077,ORD-6077,SEL-001,REFERRAL_AND_FBA,523.9,2026-08-31 10:59:22
FEE-12078,ORD-6078,SEL-001,REFERRAL_AND_FBA,450.37,2026-08-31 11:07:35
FEE-12079,ORD-6079,SEL-001,REFERRAL_AND_FBA,276.99,2026-08-31 11:16:16
FEE-12080,ORD-6080,SEL-001,REFERRAL_AND_FBA,711.56,2026-08-31 11:24:52
FEE-12081,ORD-6081,SEL-001,REFERRAL_AND_FBA,608.51,2026-08-31 11:33:07
FEE-12082,ORD-6082,SEL-001,REFERRAL_AND_FBA,220.0,2026-08-31 11:42:02
FEE-12083,ORD-6083,SEL-001,REFERRAL_AND_FBA,344.72,2026-08-31 11:50:08
FEE-12084,ORD-6084,SEL-001,REFERRAL_AND_FBA,226.06,2026-08-31 11:58:45
FEE-12085,ORD-6085,SEL-001,REFERRAL_AND_FBA,220.0,2026-08-31 12:07:32
FEE-12086,ORD-6086,SEL-001,REFERRAL_AND_FBA,702.72,2026-08-31 12:16:09
FEE-12087,ORD-6087,SEL-001,REFERRAL_AND_FBA,497.75,2026-08-31 12:24:24
FEE-12088,ORD-6088,SEL-001,REFERRAL_AND_FBA,201.6,2026-08-31 12:32:56
FEE-12089,ORD-6089,SEL-001,REFERRAL_AND_FBA,234.8,2026-08-31 12:41:45
FEE-12090,ORD-6090,SEL-001,REFERRAL_AND_FBA,260.0,2026-08-31 12:50:20
FEE-12091,ORD-6091,SEL-001,REFERRAL_AND_FBA,313.78,2026-08-31 12:58:54
FEE-12092,ORD-6092,SEL-001,REFERRAL_AND_FBA,492.5,2026-08-31 13:07:25
FEE-12093,ORD-6093,SEL-001,REFERRAL_AND_FBA,486.81,2026-08-31 13:15:53
FEE-12094,ORD-6094,SEL-001,REFERRAL_AND_FBA,333.82,2026-08-31 13:24:08
FEE-12095,ORD-6095,SEL-001,REFERRAL_AND_FBA,262.7,2026-08-31 13:32:49
FEE-12096,ORD-6096,SEL-001,REFERRAL_AND_FBA,712.86,2026-08-31 13:41:10
FEE-12097,ORD-6097,SEL-001,REFERRAL_AND_FBA,1329.72,2026-08-31 13:49:53
FEE-12098,ORD-6098,SEL-001,REFERRAL_AND_FBA,193.29,2026-08-31 13:58:25
FEE-12099,ORD-6099,SEL-001,REFERRAL_AND_FBA,486.81,2026-08-31 14:06:46
FEE-12100,ORD-6100,SEL-001,REFERRAL_AND_FBA,557.32,2026-08-31 14:15:12
FEE-12101,ORD-6101,SEL-001,REFERRAL_AND_FBA,675.52,2026-08-31 14:23:45
FEE-12102,ORD-6102,SEL-001,REFERRAL_AND_FBA,385.02,2026-08-31 14:32:45
FEE-12103,ORD-6103,SEL-001,REFERRAL_AND_FBA,597.45,2026-08-31 14:41:09
FEE-12104,ORD-6104,SEL-001,REFERRAL_AND_FBA,143.37,2026-08-31 14:49:31
FEE-12105,ORD-6105,SEL-001,REFERRAL_AND_FBA,481.81,2026-08-31 14:58:02
FEE-12106,ORD-6106,SEL-001,REFERRAL_AND_FBA,196.67,2026-08-31 15:06:30
FEE-12107,ORD-6107,SEL-001,REFERRAL_AND_FBA,1075.13,2026-08-31 15:14:58
FEE-12108,ORD-6108,SEL-001,REFERRAL_AND_FBA,150.46,2026-08-31 15:23:53
FEE-12109,ORD-6109,SEL-001,REFERRAL_AND_FBA,510.34,2026-08-31 15:32:24
FEE-12110,ORD-6110,SEL-001,REFERRAL_AND_FBA,728.43,2026-08-31 15:41:02
FEE-12111,ORD-6111,SEL-001,REFERRAL_AND_FBA,121.71,2026-08-31 15:49:05
FEE-12112,ORD-6112,SEL-001,REFERRAL_AND_FBA,417.32,2026-08-31 15:57:48
FEE-12113,ORD-6113,SEL-001,REFERRAL_AND_FBA,641.84,2026-08-31 16:06:14
FEE-12114,ORD-6114,SEL-001,REFERRAL_AND_FBA,344.72,2026-08-31 16:14:43
FEE-12115,ORD-6115,SEL-001,REFERRAL_AND_FBA,154.16,2026-08-31 16:23:34
FEE-12116,ORD-6116,SEL-001,REFERRAL_AND_FBA,231.88,2026-08-31 16:32:11
FEE-12117,ORD-6117,SEL-001,REFERRAL_AND_FBA,664.86,2026-08-31 16:40:20
FEE-12118,ORD-6118,SEL-001,REFERRAL_AND_FBA,618.82,2026-08-31 16:49:16
FEE-12119,ORD-6119,SEL-001,REFERRAL_AND_FBA,232.32,2026-08-31 16:57:25
FEE-12120,ORD-6120,SEL-001,REFERRAL_AND_FBA,661.26,2026-08-31 17:06:14
FEE-12121,ORD-6121,SEL-001,REFERRAL_AND_FBA,232.32,2026-08-31 17:14:41
FEE-12122,ORD-6122,SEL-001,REFERRAL_AND_FBA,335.78,2026-08-31 17:23:27
FEE-12123,ORD-6123,SEL-001,REFERRAL_AND_FBA,231.88,2026-08-31 17:31:49
FEE-12124,ORD-6124,SEL-001,REFERRAL_AND_FBA,486.81,2026-08-31 17:40:04
FEE-12125,ORD-6125,SEL-001,REFERRAL_AND_FBA,557.32,2026-08-31 17:48:58
FEE-12126,ORD-6126,SEL-001,REFERRAL_AND_FBA,293.6,2026-08-31 17:57:19
FEE-12127,ORD-6127,SEL-001,REFERRAL_AND_FBA,497.75,2026-08-31 18:05:44
FEE-12128,ORD-6128,SEL-001,REFERRAL_AND_FBA,334.4,2026-08-31 18:14:37
FEE-12129,ORD-6129,SEL-001,REFERRAL_AND_FBA,606.21,2026-08-31 18:23:05
FEE-12130,ORD-6130,SEL-001,REFERRAL_AND_FBA,234.8,2026-08-31 18:31:17
FEE-12131,ORD-6131,SEL-001,REFERRAL_AND_FBA,480.82,2026-08-31 18:40:02
FEE-12132,ORD-6132,SEL-001,REFERRAL_AND_FBA,675.52,2026-08-31 18:48:31
FEE-12133,ORD-6133,SEL-001,REFERRAL_AND_FBA,261.36,2026-08-31 18:57:15
FEE-12134,ORD-6134,SEL-001,REFERRAL_AND_FBA,147.92,2026-08-31 19:05:35
FEE-12135,ORD-6135,SEL-001,REFERRAL_AND_FBA,510.34,2026-08-31 19:14:04
FEE-12136,ORD-6136,SEL-001,REFERRAL_AND_FBA,492.5,2026-08-31 19:22:30
FEE-12137,ORD-6137,SEL-001,REFERRAL_AND_FBA,727.53,2026-08-31 19:31:23
FEE-12138,ORD-6138,SEL-001,REFERRAL_AND_FBA,227.0,2026-08-31 19:39:56
FEE-12139,ORD-6139,SEL-001,REFERRAL_AND_FBA,414.66,2026-08-31 19:48:18
FEE-12140,ORD-6140,SEL-001,REFERRAL_AND_FBA,607.04,2026-08-31 19:56:35
FEE-12141,ORD-6141,SEL-001,REFERRAL_AND_FBA,537.56,2026-08-31 20:05:33
FEE-12142,ORD-6142,SEL-001,REFERRAL_AND_FBA,240.9,2026-08-31 20:13:45
FEE-12143,ORD-6143,SEL-001,REFERRAL_AND_FBA,361.48,2026-08-31 20:22:24
FEE-12144,ORD-6144,SEL-001,REFERRAL_AND_FBA,249.73,2026-08-31 20:31:01
FEE-12145,ORD-6145,SEL-001,REFERRAL_AND_FBA,260.0,2026-08-31 20:39:31
FEE-12146,ORD-6146,SEL-001,REFERRAL_AND_FBA,463.76,2026-08-31 20:48:06
FEE-12147,ORD-6147,SEL-001,REFERRAL_AND_FBA,293.11,2026-08-31 20:56:46
FEE-12148,ORD-6148,SEL-001,REFERRAL_AND_FBA,226.06,2026-08-31 21:05:11
FEE-12149,ORD-6149,SEL-001,REFERRAL_AND_FBA,675.52,2026-08-31 21:13:53
FEE-12150,ORD-6150,SEL-001,REFERRAL_AND_FBA,201.6,2026-08-31 21:22:25
FEE-12151,ORD-6151,SEL-001,REFERRAL_AND_FBA,728.43,2026-08-31 21:30:30
FEE-12152,ORD-6152,SEL-001,REFERRAL_AND_FBA,261.36,2026-08-31 21:39:22
FEE-12153,ORD-6153,SEL-001,REFERRAL_AND_FBA,111.5,2026-08-31 21:47:48
FEE-12154,ORD-6154,SEL-001,REFERRAL_AND_FBA,723.32,2026-08-31 21:56:24
FEE-12155,ORD-6155,SEL-001,REFERRAL_AND_FBA,201.6,2026-08-31 22:04:39
FEE-12156,ORD-6156,SEL-001,REFERRAL_AND_FBA,361.63,2026-08-31 22:13:16
FEE-12157,ORD-6157,SEL-001,REFERRAL_AND_FBA,557.7,2026-08-31 22:21:50
FEE-12158,ORD-6158,SEL-001,REFERRAL_AND_FBA,220.0,2026-08-31 22:30:36
FEE-12159,ORD-6159,SEL-001,REFERRAL_AND_FBA,447.56,2026-08-31 22:39:08
FEE-12160,ORD-6160,SEL-001,REFERRAL_AND_FBA,450.37,2026-08-31 22:47:21
FEE-12161,ORD-6161,SEL-001,REFERRAL_AND_FBA,201.6,2026-08-31 22:56:06
FEE-12162,ORD-6162,SEL-001,REFERRAL_AND_FBA,108.45,2026-08-31 23:04:39
FEE-12163,ORD-6163,SEL-001,REFERRAL_AND_FBA,417.32,2026-08-31 23:12:57
FEE-12164,ORD-6164,SEL-001,REFERRAL_AND_FBA,492.5,2026-08-31 23:21:43
FEE-12165,ORD-6165,SEL-001,REFERRAL_AND_FBA,222.99,2026-08-31 23:30:13
FEE-12166,ORD-6166,SEL-001,REFERRAL_AND_FBA,111.5,2026-08-31 23:38:49
FEE-12167,ORD-6167,SEL-001,REFERRAL_AND_FBA,269.71,2026-08-31 23:47:03
FEE-12168,ORD-6168,SEL-001,REFERRAL_AND_FBA,220.0,2026-08-31 23:55:37
FEE-12169,ORD-6169,SEL-001,REFERRAL_AND_FBA,537.56,2026-09-01 00:04:09
FEE-12170,ORD-6170,SEL-001,REFERRAL_AND_FBA,335.78,2026-09-01 00:12:42
FEE-12171,ORD-6171,SEL-001,REFERRAL_AND_FBA,154.16,2026-09-01 00:21:31
FEE-12172,ORD-6172,SEL-001,REFERRAL_AND_FBA,150.46,2026-09-01 00:30:01
FEE-12173,ORD-6173,SEL-001,REFERRAL_AND_FBA,220.0,2026-09-01 00:38:24
FEE-12174,ORD-6174,SEL-001,REFERRAL_AND_FBA,723.32,2026-09-01 00:46:53
FEE-12175,ORD-6175,SEL-001,REFERRAL_AND_FBA,150.46,2026-09-01 00:55:27
FEE-12176,ORD-6176,SEL-001,REFERRAL_AND_FBA,557.32,2026-09-01 01:04:18
FEE-12177,ORD-6177,SEL-001,REFERRAL_AND_FBA,234.8,2026-09-01 01:12:37
FEE-12178,ORD-6178,SEL-001,REFERRAL_AND_FBA,309.41,2026-09-01 01:21:18
FEE-12179,ORD-6179,SEL-001,REFERRAL_AND_FBA,335.78,2026-09-01 01:29:27
FEE-12180,ORD-6180,SEL-001,REFERRAL_AND_FBA,240.9,2026-09-01 01:38:16
FEE-12181,ORD-6181,SEL-001,REFERRAL_AND_FBA,497.75,2026-09-01 01:46:47
FEE-12182,ORD-6182,SEL-001,REFERRAL_AND_FBA,477.38,2026-09-01 01:55:14
FEE-12183,ORD-6183,SEL-001,REFERRAL_AND_FBA,232.32,2026-09-01 02:03:57
FEE-12184,ORD-6184,SEL-001,REFERRAL_AND_FBA,293.11,2026-09-01 02:12:08
FEE-12185,ORD-6185,SEL-001,REFERRAL_AND_FBA,539.42,2026-09-01 02:20:59
FEE-12186,ORD-6186,SEL-001,REFERRAL_AND_FBA,220.0,2026-09-01 02:29:16
FEE-12187,ORD-6187,SEL-001,REFERRAL_AND_FBA,238.52,2026-09-01 02:37:44
FEE-12188,ORD-6188,SEL-001,REFERRAL_AND_FBA,151.63,2026-09-01 02:46:14
FEE-12189,ORD-6189,SEL-001,REFERRAL_AND_FBA,539.42,2026-09-01 02:55:09
FEE-12190,ORD-6190,SEL-001,REFERRAL_AND_FBA,537.56,2026-09-01 03:03:42
FEE-12191,ORD-6191,SEL-001,REFERRAL_AND_FBA,728.43,2026-09-01 03:11:55
FEE-12192,ORD-6192,SEL-001,REFERRAL_AND_FBA,486.81,2026-09-01 03:20:34
FEE-12193,ORD-6193,SEL-001,REFERRAL_AND_FBA,632.78,2026-09-01 03:29:04
FEE-12194,ORD-6194,SEL-001,REFERRAL_AND_FBA,262.7,2026-09-01 03:37:42
FEE-12195,ORD-6195,SEL-001,REFERRAL_AND_FBA,225.93,2026-09-01 03:46:05
FEE-12196,ORD-6196,SEL-001,REFERRAL_AND_FBA,267.83,2026-09-01 03:54:45
FEE-12197,ORD-6197,SEL-001,REFERRAL_AND_FBA,234.8,2026-09-01 04:03:25
FEE-12198,ORD-6198,SEL-001,REFERRAL_AND_FBA,632.78,2026-09-01 04:11:54
FEE-12199,ORD-6199,SEL-001,REFERRAL_AND_FBA,1302.37,2026-09-01 04:20:31
FEE-12200,ORD-6200,SEL-001,REFERRAL_AND_FBA,344.72,2026-09-01 04:28:41
FEE-12201,ORD-6201,SEL-001,REFERRAL_AND_FBA,121.71,2026-09-01 04:37:24
FEE-12202,ORD-6202,SEL-001,REFERRAL_AND_FBA,269.71,2026-09-01 04:45:42
FEE-12203,ORD-6203,SEL-001,REFERRAL_AND_FBA,201.6,2026-09-01 04:54:31
FEE-12204,ORD-6204,SEL-001,REFERRAL_AND_FBA,191.62,2026-09-01 05:02:53
FEE-12205,ORD-6205,SEL-001,REFERRAL_AND_FBA,328.49,2026-09-01 05:11:31
FEE-12206,ORD-6206,SEL-001,REFERRAL_AND_FBA,238.52,2026-09-01 05:20:04
FEE-12207,ORD-6207,SEL-001,REFERRAL_AND_FBA,651.18,2026-09-01 05:28:44
FEE-12208,ORD-6208,SEL-001,REFERRAL_AND_FBA,147.92,2026-09-01 05:37:13
FEE-12209,ORD-6209,SEL-001,REFERRAL_AND_FBA,506.8,2026-09-01 05:45:30
FEE-12210,ORD-6210,SEL-001,REFERRAL_AND_FBA,143.37,2026-09-01 05:54:23
FEE-12211,ORD-6211,SEL-001,REFERRAL_AND_FBA,108.45,2026-09-01 06:02:49
FEE-12212,ORD-6212,SEL-001,REFERRAL_AND_FBA,122.54,2026-09-01 06:11:22
FEE-12213,ORD-6213,SEL-001,REFERRAL_AND_FBA,109.42,2026-09-01 06:19:37
FEE-12214,ORD-6214,SEL-001,REFERRAL_AND_FBA,201.6,2026-09-01 06:28:36
FEE-12215,ORD-6215,SEL-001,REFERRAL_AND_FBA,344.72,2026-09-01 06:37:02
FEE-12216,ORD-6216,SEL-001,REFERRAL_AND_FBA,111.5,2026-09-01 06:45:25
FEE-12217,ORD-6217,SEL-001,REFERRAL_AND_FBA,122.54,2026-09-01 06:53:48
FEE-12218,ORD-6218,SEL-001,REFERRAL_AND_FBA,606.21,2026-09-01 07:02:32
FEE-12219,ORD-6219,SEL-001,REFERRAL_AND_FBA,447.56,2026-09-01 07:10:52
FEE-12220,ORD-6220,SEL-001,REFERRAL_AND_FBA,150.46,2026-09-01 07:19:29
FEE-12221,ORD-6221,SEL-001,REFERRAL_AND_FBA,439.9,2026-09-01 07:28:15
FEE-12222,ORD-6222,SEL-001,REFERRAL_AND_FBA,121.71,2026-09-01 07:36:37
FEE-12223,ORD-6223,SEL-001,REFERRAL_AND_FBA,675.52,2026-09-01 07:45:21
FEE-12224,ORD-6224,SEL-001,REFERRAL_AND_FBA,133.0,2026-09-01 07:53:47
FEE-12225,ORD-6225,SEL-001,REFERRAL_AND_FBA,417.32,2026-09-01 08:02:08
FEE-12226,ORD-6226,SEL-001,REFERRAL_AND_FBA,510.34,2026-09-01 08:10:57
FEE-12227,ORD-6227,SEL-001,REFERRAL_AND_FBA,597.45,2026-09-01 08:19:06
FEE-12228,ORD-6228,SEL-001,REFERRAL_AND_FBA,237.79,2026-09-01 08:27:38
FEE-12229,ORD-6229,SEL-001,REFERRAL_AND_FBA,361.63,2026-09-01 08:36:09
FEE-12230,ORD-6230,SEL-001,REFERRAL_AND_FBA,557.7,2026-09-01 08:45:07
FEE-12231,ORD-6231,SEL-001,REFERRAL_AND_FBA,219.26,2026-09-01 08:53:39
FEE-12232,ORD-6232,SEL-001,REFERRAL_AND_FBA,562.0,2026-09-01 09:02:05
FEE-12233,ORD-6233,SEL-001,REFERRAL_AND_FBA,143.37,2026-09-01 09:10:22
FEE-12234,ORD-6234,SEL-001,REFERRAL_AND_FBA,460.56,2026-09-01 09:19:10
FEE-12235,ORD-6235,SEL-001,REFERRAL_AND_FBA,607.04,2026-09-01 09:27:25
FEE-12236,ORD-6236,SEL-001,REFERRAL_AND_FBA,664.86,2026-09-01 09:36:06
FEE-12237,ORD-6237,SEL-001,REFERRAL_AND_FBA,689.62,2026-09-01 09:44:42
FEE-12238,ORD-6238,SEL-001,REFERRAL_AND_FBA,196.67,2026-09-01 09:53:23
FEE-12239,ORD-6239,SEL-001,REFERRAL_AND_FBA,133.0,2026-09-01 10:01:50
FEE-12240,ORD-6240,SEL-001,REFERRAL_AND_FBA,450.37,2026-09-01 10:10:21
FEE-12241,ORD-6241,SEL-001,REFERRAL_AND_FBA,414.66,2026-09-01 10:18:51
FEE-12242,ORD-6242,SEL-001,REFERRAL_AND_FBA,261.36,2026-09-01 10:27:05
FEE-12243,ORD-6243,SEL-001,REFERRAL_AND_FBA,233.03,2026-09-01 10:35:49
FEE-12244,ORD-6244,SEL-001,REFERRAL_AND_FBA,245.07,2026-09-01 10:44:29
FEE-12245,ORD-6245,SEL-001,REFERRAL_AND_FBA,723.25,2026-09-01 10:52:59
FEE-12246,ORD-6246,SEL-001,REFERRAL_AND_FBA,492.5,2026-09-01 11:01:33
FEE-12247,ORD-6247,SEL-001,REFERRAL_AND_FBA,309.41,2026-09-01 11:09:56
FEE-12248,ORD-6248,SEL-001,REFERRAL_AND_FBA,440.0,2026-09-01 11:18:24
FEE-12249,ORD-6249,SEL-001,REFERRAL_AND_FBA,606.21,2026-09-01 11:27:12
FEE-12250,ORD-6250,SEL-001,REFERRAL_AND_FBA,694.24,2026-09-01 11:35:47
FEE-12251,ORD-6251,SEL-001,REFERRAL_AND_FBA,335.78,2026-09-01 11:44:14
FEE-12252,ORD-6252,SEL-001,REFERRAL_AND_FBA,300.91,2026-09-01 11:52:33
FEE-12253,ORD-6253,SEL-001,REFERRAL_AND_FBA,664.86,2026-09-01 12:01:17
FEE-12254,ORD-6254,SEL-001,REFERRAL_AND_FBA,651.18,2026-09-01 12:09:36
FEE-12255,ORD-6255,SEL-001,REFERRAL_AND_FBA,261.36,2026-09-01 12:18:11
FEE-12256,ORD-6256,SEL-001,REFERRAL_AND_FBA,450.37,2026-09-01 12:26:46
FEE-12257,ORD-6257,SEL-001,REFERRAL_AND_FBA,147.92,2026-09-01 12:35:06
FEE-12258,ORD-6258,SEL-001,REFERRAL_AND_FBA,711.56,2026-09-01 12:43:48
FEE-12259,ORD-6259,SEL-001,REFERRAL_AND_FBA,712.86,2026-09-01 12:52:18
FEE-12260,ORD-6260,SEL-001,REFERRAL_AND_FBA,537.56,2026-09-01 13:00:45
FEE-12261,ORD-6261,SEL-001,REFERRAL_AND_FBA,689.62,2026-09-01 13:09:24
FEE-12262,ORD-6262,SEL-001,REFERRAL_AND_FBA,112.96,2026-09-01 13:18:02
FEE-12263,ORD-6263,SEL-001,REFERRAL_AND_FBA,293.6,2026-09-01 13:26:18
FEE-12264,ORD-6264,SEL-001,REFERRAL_AND_FBA,632.78,2026-09-01 13:35:09
FEE-12265,ORD-6265,SEL-001,REFERRAL_AND_FBA,608.51,2026-09-01 13:43:28
FEE-12266,ORD-6266,SEL-001,REFERRAL_AND_FBA,191.62,2026-09-01 13:52:13
FEE-12267,ORD-6267,SEL-001,REFERRAL_AND_FBA,112.96,2026-09-01 14:00:49
FEE-12268,ORD-6268,SEL-001,REFERRAL_AND_FBA,438.52,2026-09-01 14:09:04
FEE-12269,ORD-6269,SEL-001,REFERRAL_AND_FBA,557.7,2026-09-01 14:17:40
FEE-12270,ORD-6270,SEL-001,REFERRAL_AND_FBA,444.43,2026-09-01 14:26:24
FEE-12271,ORD-6271,SEL-001,REFERRAL_AND_FBA,522.72,2026-09-01 14:34:50
FEE-12272,ORD-6272,SEL-001,REFERRAL_AND_FBA,307.08,2026-09-01 14:43:15
FEE-12273,ORD-6273,SEL-001,REFERRAL_AND_FBA,1455.06,2026-09-01 14:51:55
FEE-12274,ORD-6274,SEL-001,REFERRAL_AND_FBA,156.89,2026-09-01 15:00:38
FEE-12275,ORD-6275,SEL-001,REFERRAL_AND_FBA,108.45,2026-09-01 15:09:10
FEE-12276,ORD-6276,SEL-001,REFERRAL_AND_FBA,689.62,2026-09-01 15:17:41
FEE-12277,ORD-6277,SEL-001,REFERRAL_AND_FBA,334.4,2026-09-01 15:26:04
FEE-12278,ORD-6278,SEL-001,REFERRAL_AND_FBA,587.2,2026-09-01 15:34:31
FEE-12279,ORD-6279,SEL-001,REFERRAL_AND_FBA,333.82,2026-09-01 15:43:07
FEE-12280,ORD-6280,SEL-001,REFERRAL_AND_FBA,444.43,2026-09-01 15:51:35
FEE-12281,ORD-6281,SEL-001,REFERRAL_AND_FBA,505.62,2026-09-01 16:00:05
FEE-12282,ORD-6282,SEL-001,REFERRAL_AND_FBA,267.83,2026-09-01 16:08:44
FEE-12283,ORD-6283,SEL-001,REFERRAL_AND_FBA,535.66,2026-09-01 16:17:19
FEE-12284,ORD-6284,SEL-001,REFERRAL_AND_FBA,434.35,2026-09-01 16:25:42
FEE-12285,ORD-6285,SEL-001,REFERRAL_AND_FBA,151.63,2026-09-01 16:34:03
FEE-12286,ORD-6286,SEL-001,REFERRAL_AND_FBA,201.6,2026-09-01 16:43:03
FEE-12287,ORD-6287,SEL-001,REFERRAL_AND_FBA,597.45,2026-09-01 16:51:31
FEE-12288,ORD-6288,SEL-001,REFERRAL_AND_FBA,1379.23,2026-09-01 16:59:39
FEE-12289,ORD-6289,SEL-001,REFERRAL_AND_FBA,434.35,2026-09-01 17:08:21
FEE-12290,ORD-6290,SEL-001,REFERRAL_AND_FBA,614.16,2026-09-01 17:16:46
FEE-12291,ORD-6291,SEL-001,REFERRAL_AND_FBA,651.18,2026-09-01 17:25:41
FEE-12292,ORD-6292,SEL-001,REFERRAL_AND_FBA,220.0,2026-09-01 17:34:09
FEE-12293,ORD-6293,SEL-001,REFERRAL_AND_FBA,632.78,2026-09-01 17:42:45
FEE-12294,ORD-6294,SEL-001,REFERRAL_AND_FBA,868.69,2026-09-01 17:50:54
FEE-12295,ORD-6295,SEL-001,REFERRAL_AND_FBA,150.46,2026-09-01 17:59:35
FEE-12296,ORD-6296,SEL-001,REFERRAL_AND_FBA,973.61,2026-09-01 18:08:04
FEE-12297,ORD-6297,SEL-001,REFERRAL_AND_FBA,1456.86,2026-09-01 18:16:36
FEE-12298,ORD-6298,SEL-001,REFERRAL_AND_FBA,689.62,2026-09-01 18:25:25
FEE-12299,ORD-6299,SEL-001,REFERRAL_AND_FBA,111.5,2026-09-01 18:33:57
FEE-12300,ORD-6300,SEL-001,REFERRAL_AND_FBA,651.18,2026-09-01 18:42:09
FEE-12301,ORD-6301,SEL-001,REFERRAL_AND_FBA,347.12,2026-09-01 18:51:01
FEE-12302,ORD-6302,SEL-001,REFERRAL_AND_FBA,220.0,2026-09-01 18:59:17
FEE-12303,ORD-6303,SEL-001,REFERRAL_AND_FBA,480.82,2026-09-01 19:07:40
FEE-12304,ORD-6304,SEL-001,REFERRAL_AND_FBA,385.02,2026-09-01 19:16:20
FEE-12305,ORD-6305,SEL-001,REFERRAL_AND_FBA,122.54,2026-09-01 19:24:58
FEE-12306,ORD-6306,SEL-001,REFERRAL_AND_FBA,151.63,2026-09-01 19:33:26
FEE-12307,ORD-6307,SEL-001,REFERRAL_AND_FBA,689.62,2026-09-01 19:41:47
FEE-12308,ORD-6308,SEL-001,REFERRAL_AND_FBA,434.35,2026-09-01 19:50:27
FEE-12309,ORD-6309,SEL-001,REFERRAL_AND_FBA,607.04,2026-09-01 19:59:02
FEE-12310,ORD-6310,SEL-001,REFERRAL_AND_FBA,154.16,2026-09-01 20:07:43
FEE-12311,ORD-6311,SEL-001,REFERRAL_AND_FBA,266.0,2026-09-01 20:15:56
FEE-12312,ORD-6312,SEL-001,REFERRAL_AND_FBA,201.6,2026-09-01 20:24:33
FEE-12313,ORD-6313,SEL-001,REFERRAL_AND_FBA,537.56,2026-09-01 20:33:12
FEE-12314,ORD-6314,SEL-001,REFERRAL_AND_FBA,480.82,2026-09-01 20:41:43
FEE-12315,ORD-6315,SEL-001,REFERRAL_AND_FBA,526.37,2026-09-01 20:50:19
FEE-12316,ORD-6316,SEL-001,REFERRAL_AND_FBA,895.11,2026-09-01 20:59:01
FEE-12317,ORD-6317,SEL-001,REFERRAL_AND_FBA,465.17,2026-09-01 21:07:26
FEE-12318,ORD-6318,SEL-001,REFERRAL_AND_FBA,510.34,2026-09-01 21:15:55
FEE-12319,ORD-6319,SEL-001,REFERRAL_AND_FBA,469.6,2026-09-01 21:24:34
FEE-12320,ORD-6320,SEL-001,REFERRAL_AND_FBA,227.0,2026-09-01 21:32:58
FEE-12321,ORD-6321,SEL-001,REFERRAL_AND_FBA,440.0,2026-09-01 21:41:42
FEE-12322,ORD-6322,SEL-001,REFERRAL_AND_FBA,480.82,2026-09-01 21:49:58
FEE-12323,ORD-6323,SEL-001,REFERRAL_AND_FBA,429.81,2026-09-01 21:58:21
FEE-12324,ORD-6324,SEL-001,REFERRAL_AND_FBA,562.0,2026-09-01 22:06:52
FEE-12325,ORD-6325,SEL-001,REFERRAL_AND_FBA,226.06,2026-09-01 22:15:50
FEE-12326,ORD-6326,SEL-001,REFERRAL_AND_FBA,621.25,2026-09-01 22:24:11
FEE-12327,ORD-6327,SEL-001,REFERRAL_AND_FBA,465.17,2026-09-01 22:32:43
FEE-12328,ORD-6328,SEL-001,REFERRAL_AND_FBA,1405.45,2026-09-01 22:41:09
FEE-12329,ORD-6329,SEL-001,REFERRAL_AND_FBA,249.73,2026-09-01 22:49:44
FEE-12330,ORD-6330,SEL-001,REFERRAL_AND_FBA,562.0,2026-09-01 22:58:27
FEE-12331,ORD-6331,SEL-001,REFERRAL_AND_FBA,147.92,2026-09-01 23:06:53
FEE-12332,ORD-6332,SEL-001,REFERRAL_AND_FBA,262.7,2026-09-01 23:15:25
FEE-12333,ORD-6333,SEL-001,REFERRAL_AND_FBA,510.34,2026-09-01 23:24:03
FEE-12334,ORD-6334,SEL-001,REFERRAL_AND_FBA,1456.86,2026-09-01 23:32:13
FEE-12335,ORD-6335,SEL-001,REFERRAL_AND_FBA,333.82,2026-09-01 23:41:07
FEE-12336,ORD-6336,SEL-001,REFERRAL_AND_FBA,1379.23,2026-09-01 23:49:39
FEE-12337,ORD-6337,SEL-001,REFERRAL_AND_FBA,500.5,2026-09-01 23:58:12
FEE-12338,ORD-6338,SEL-001,REFERRAL_AND_FBA,328.49,2026-09-02 00:06:34
FEE-12339,ORD-6339,SEL-001,REFERRAL_AND_FBA,468.16,2026-09-02 00:15:18
FEE-12340,ORD-6340,SEL-001,REFERRAL_AND_FBA,344.72,2026-09-02 00:23:35
FEE-12341,ORD-6341,SEL-001,REFERRAL_AND_FBA,632.78,2026-09-02 00:32:04
FEE-12342,ORD-6342,SEL-001,REFERRAL_AND_FBA,888.85,2026-09-02 00:40:33
FEE-12343,ORD-6343,SEL-001,REFERRAL_AND_FBA,261.36,2026-09-02 00:49:26
FEE-12344,ORD-6344,SEL-001,REFERRAL_AND_FBA,143.37,2026-09-02 00:57:36
FEE-12345,ORD-6345,SEL-001,REFERRAL_AND_FBA,641.84,2026-09-02 01:06:21
FEE-12346,ORD-6346,SEL-001,REFERRAL_AND_FBA,414.66,2026-09-02 01:14:43
FEE-12347,ORD-6347,SEL-001,REFERRAL_AND_FBA,557.32,2026-09-02 01:23:24
FEE-12348,ORD-6348,SEL-001,REFERRAL_AND_FBA,675.52,2026-09-02 01:31:44
FEE-12349,ORD-6349,SEL-001,REFERRAL_AND_FBA,232.32,2026-09-02 01:40:41
FEE-12350,ORD-6350,SEL-001,REFERRAL_AND_FBA,154.16,2026-09-02 01:49:09
FEE-12351,ORD-6351,SEL-001,REFERRAL_AND_FBA,150.46,2026-09-02 01:57:33
FEE-12352,ORD-6352,SEL-001,REFERRAL_AND_FBA,447.56,2026-09-02 02:05:57
FEE-12353,ORD-6353,SEL-001,REFERRAL_AND_FBA,240.9,2026-09-02 02:14:22
FEE-12354,ORD-6354,SEL-001,REFERRAL_AND_FBA,156.89,2026-09-02 02:22:52
FEE-12355,ORD-6355,SEL-001,REFERRAL_AND_FBA,231.88,2026-09-02 02:31:37
FEE-12356,ORD-6356,SEL-001,REFERRAL_AND_FBA,240.9,2026-09-02 02:40:26
FEE-12357,ORD-6357,SEL-001,REFERRAL_AND_FBA,475.57,2026-09-02 02:48:44
FEE-12358,ORD-6358,SEL-001,REFERRAL_AND_FBA,486.81,2026-09-02 02:57:02
FEE-12359,ORD-6359,SEL-001,REFERRAL_AND_FBA,526.37,2026-09-02 03:05:35
FEE-12360,ORD-6360,SEL-001,REFERRAL_AND_FBA,506.8,2026-09-02 03:14:30
FEE-12361,ORD-6361,SEL-001,REFERRAL_AND_FBA,614.16,2026-09-02 03:22:56
FEE-12362,ORD-6362,SEL-001,REFERRAL_AND_FBA,651.18,2026-09-02 03:31:16
FEE-12363,ORD-6363,SEL-001,REFERRAL_AND_FBA,1405.45,2026-09-02 03:40:05
FEE-12364,ORD-6364,SEL-001,REFERRAL_AND_FBA,434.35,2026-09-02 03:48:21
FEE-12365,ORD-6365,SEL-001,REFERRAL_AND_FBA,96.64,2026-09-02 03:57:11
FEE-12366,ORD-6366,SEL-001,REFERRAL_AND_FBA,954.75,2026-09-02 04:05:28
FEE-12367,ORD-6367,SEL-001,REFERRAL_AND_FBA,219.26,2026-09-02 04:14:15
FEE-12368,ORD-6368,SEL-001,REFERRAL_AND_FBA,621.25,2026-09-02 04:22:25
FEE-12369,ORD-6369,SEL-001,REFERRAL_AND_FBA,607.04,2026-09-02 04:31:16
FEE-12370,ORD-6370,SEL-001,REFERRAL_AND_FBA,1322.53,2026-09-02 04:39:36
FEE-12371,ORD-6371,SEL-001,REFERRAL_AND_FBA,641.84,2026-09-02 04:47:58
FEE-12372,ORD-6372,SEL-001,REFERRAL_AND_FBA,218.83,2026-09-02 04:56:46
FEE-12373,ORD-6373,SEL-001,REFERRAL_AND_FBA,385.02,2026-09-02 05:05:29
FEE-12374,ORD-6374,SEL-001,REFERRAL_AND_FBA,361.63,2026-09-02 05:13:43
FEE-12375,ORD-6375,SEL-001,REFERRAL_AND_FBA,486.81,2026-09-02 05:22:28
FEE-12376,ORD-6376,SEL-001,REFERRAL_AND_FBA,468.16,2026-09-02 05:30:42
FEE-12377,ORD-6377,SEL-001,REFERRAL_AND_FBA,608.51,2026-09-02 05:39:37
FEE-12378,ORD-6378,SEL-001,REFERRAL_AND_FBA,597.45,2026-09-02 05:47:44
FEE-12379,ORD-6379,SEL-001,REFERRAL_AND_FBA,539.42,2026-09-02 05:56:17
FEE-12380,ORD-6380,SEL-001,REFERRAL_AND_FBA,440.0,2026-09-02 06:05:05
FEE-12381,ORD-6381,SEL-001,REFERRAL_AND_FBA,450.37,2026-09-02 06:13:45
FEE-12382,ORD-6382,SEL-001,REFERRAL_AND_FBA,328.49,2026-09-02 06:21:54
FEE-12383,ORD-6383,SEL-001,REFERRAL_AND_FBA,728.43,2026-09-02 06:30:38
FEE-12384,ORD-6384,SEL-001,REFERRAL_AND_FBA,606.21,2026-09-02 06:39:05
FEE-12385,ORD-6385,SEL-001,REFERRAL_AND_FBA,468.16,2026-09-02 06:47:45
FEE-12386,ORD-6386,SEL-001,REFERRAL_AND_FBA,122.54,2026-09-02 06:56:06
FEE-12387,ORD-6387,SEL-001,REFERRAL_AND_FBA,900.74,2026-09-02 07:04:34
FEE-12388,ORD-6388,SEL-001,REFERRAL_AND_FBA,220.0,2026-09-02 07:13:13
FEE-12389,ORD-6389,SEL-001,REFERRAL_AND_FBA,234.8,2026-09-02 07:21:56
FEE-12390,ORD-6390,SEL-001,REFERRAL_AND_FBA,227.0,2026-09-02 07:30:20
FEE-12391,ORD-6391,SEL-001,REFERRAL_AND_FBA,227.0,2026-09-02 07:38:42
FEE-12392,ORD-6392,SEL-001,REFERRAL_AND_FBA,121.71,2026-09-02 07:47:29
FEE-12393,ORD-6393,SEL-001,REFERRAL_AND_FBA,1259.64,2026-09-02 07:55:43
FEE-12394,ORD-6394,SEL-001,REFERRAL_AND_FBA,499.45,2026-09-02 08:04:14
FEE-12395,ORD-6395,SEL-001,REFERRAL_AND_FBA,263.19,2026-09-02 08:13:11
FEE-12396,ORD-6396,SEL-001,REFERRAL_AND_FBA,262.7,2026-09-02 08:21:44
FEE-12397,ORD-6397,SEL-001,REFERRAL_AND_FBA,328.49,2026-09-02 08:30:18
FEE-12398,ORD-6398,SEL-001,REFERRAL_AND_FBA,267.83,2026-09-02 08:38:32
FEE-12399,ORD-6399,SEL-001,REFERRAL_AND_FBA,528.94,2026-09-02 08:47:11
FEE-12400,ORD-6400,SEL-001,REFERRAL_AND_FBA,218.83,2026-09-02 08:55:49
FEE-12401,ORD-6401,SEL-001,REFERRAL_AND_FBA,233.03,2026-09-02 09:04:25
FEE-12402,ORD-6402,SEL-001,REFERRAL_AND_FBA,480.82,2026-09-02 09:12:47
FEE-12403,ORD-6403,SEL-001,REFERRAL_AND_FBA,385.02,2026-09-02 09:21:16
FEE-12404,ORD-6404,SEL-001,REFERRAL_AND_FBA,661.26,2026-09-02 09:29:41
FEE-12405,ORD-6405,SEL-001,REFERRAL_AND_FBA,535.66,2026-09-02 09:38:36
FEE-12406,ORD-6406,SEL-001,REFERRAL_AND_FBA,227.0,2026-09-02 09:47:04
FEE-12407,ORD-6407,SEL-001,REFERRAL_AND_FBA,347.12,2026-09-02 09:55:26
FEE-12408,ORD-6408,SEL-001,REFERRAL_AND_FBA,108.45,2026-09-02 10:03:45
FEE-12409,ORD-6409,SEL-001,REFERRAL_AND_FBA,587.2,2026-09-02 10:12:38
FEE-12410,ORD-6410,SEL-001,REFERRAL_AND_FBA,1212.42,2026-09-02 10:20:57
FEE-12411,ORD-6411,SEL-001,REFERRAL_AND_FBA,335.78,2026-09-02 10:29:28
FEE-12412,ORD-6412,SEL-001,REFERRAL_AND_FBA,240.9,2026-09-02 10:38:09
FEE-12413,ORD-6413,SEL-001,REFERRAL_AND_FBA,829.33,2026-09-02 10:46:40
FEE-12414,ORD-6414,SEL-001,REFERRAL_AND_FBA,693.61,2026-09-02 10:55:01
FEE-12415,ORD-6415,SEL-001,REFERRAL_AND_FBA,108.45,2026-09-02 11:03:48
FEE-12416,ORD-6416,SEL-001,REFERRAL_AND_FBA,249.73,2026-09-02 11:12:15
FEE-12417,ORD-6417,SEL-001,REFERRAL_AND_FBA,417.32,2026-09-02 11:20:57
FEE-12418,ORD-6418,SEL-001,REFERRAL_AND_FBA,664.86,2026-09-02 11:29:08
FEE-12419,ORD-6419,SEL-001,REFERRAL_AND_FBA,606.21,2026-09-02 11:38:03
FEE-12420,ORD-6420,SEL-001,REFERRAL_AND_FBA,151.63,2026-09-02 11:46:32
FEE-12421,ORD-6421,SEL-001,REFERRAL_AND_FBA,629.82,2026-09-02 11:54:41
FEE-12422,ORD-6422,SEL-001,REFERRAL_AND_FBA,689.62,2026-09-02 12:03:21
FEE-12423,ORD-6423,SEL-001,REFERRAL_AND_FBA,440.0,2026-09-02 12:11:59
FEE-12424,ORD-6424,SEL-001,REFERRAL_AND_FBA,712.86,2026-09-02 12:20:41
FEE-12425,ORD-6425,SEL-001,REFERRAL_AND_FBA,468.16,2026-09-02 12:29:14
FEE-12426,ORD-6426,SEL-001,REFERRAL_AND_FBA,1083.33,2026-09-02 12:37:26
FEE-12427,ORD-6427,SEL-001,REFERRAL_AND_FBA,193.29,2026-09-02 12:46:14
FEE-12428,ORD-6428,SEL-001,REFERRAL_AND_FBA,1114.64,2026-09-02 12:54:39
FEE-12429,ORD-6429,SEL-001,REFERRAL_AND_FBA,1242.49,2026-09-02 13:03:17
FEE-12430,ORD-6430,SEL-001,REFERRAL_AND_FBA,480.82,2026-09-02 13:11:56
FEE-12431,ORD-6431,SEL-001,REFERRAL_AND_FBA,385.02,2026-09-02 13:20:23
FEE-12432,ORD-6432,SEL-001,REFERRAL_AND_FBA,226.06,2026-09-02 13:28:42
FEE-12433,ORD-6433,SEL-001,REFERRAL_AND_FBA,505.62,2026-09-02 13:37:28
FEE-12434,ORD-6434,SEL-001,REFERRAL_AND_FBA,689.62,2026-09-02 13:45:48
FEE-12435,ORD-6435,SEL-001,REFERRAL_AND_FBA,307.08,2026-09-02 13:54:37
FEE-12436,ORD-6436,SEL-001,REFERRAL_AND_FBA,325.08,2026-09-02 14:02:45
FEE-12437,ORD-6437,SEL-001,REFERRAL_AND_FBA,651.18,2026-09-02 14:11:14
FEE-12438,ORD-6438,SEL-001,REFERRAL_AND_FBA,220.0,2026-09-02 14:19:49
FEE-12439,ORD-6439,SEL-001,REFERRAL_AND_FBA,429.81,2026-09-02 14:28:41
FEE-12440,ORD-6440,SEL-001,REFERRAL_AND_FBA,693.61,2026-09-02 14:37:00
FEE-12441,ORD-6441,SEL-001,REFERRAL_AND_FBA,231.88,2026-09-02 14:45:34
FEE-12442,ORD-6442,SEL-001,REFERRAL_AND_FBA,220.0,2026-09-02 14:53:54
FEE-12443,ORD-6443,SEL-001,REFERRAL_AND_FBA,243.42,2026-09-02 15:02:42
FEE-12444,ORD-6444,SEL-001,REFERRAL_AND_FBA,238.52,2026-09-02 15:11:04
FEE-12445,ORD-6445,SEL-001,REFERRAL_AND_FBA,541.66,2026-09-02 15:19:44
FEE-12446,ORD-6446,SEL-001,REFERRAL_AND_FBA,1217.02,2026-09-02 15:28:01
FEE-12447,ORD-6447,SEL-001,REFERRAL_AND_FBA,1425.72,2026-09-02 15:37:01
FEE-12448,ORD-6448,SEL-001,REFERRAL_AND_FBA,447.56,2026-09-02 15:45:17
FEE-12449,ORD-6449,SEL-001,REFERRAL_AND_FBA,300.91,2026-09-02 15:54:00
FEE-12450,ORD-6450,SEL-001,REFERRAL_AND_FBA,417.32,2026-09-02 16:02:27
FEE-12451,ORD-6451,SEL-001,REFERRAL_AND_FBA,499.45,2026-09-02 16:10:52
FEE-12452,ORD-6452,SEL-001,REFERRAL_AND_FBA,1212.42,2026-09-02 16:19:29
FEE-12453,ORD-6453,SEL-001,REFERRAL_AND_FBA,985.0,2026-09-02 16:28:15
FEE-12454,ORD-6454,SEL-001,REFERRAL_AND_FBA,1214.09,2026-09-02 16:36:43
FEE-12455,ORD-6455,SEL-001,REFERRAL_AND_FBA,263.19,2026-09-02 16:45:03
FEE-12456,ORD-6456,SEL-001,REFERRAL_AND_FBA,303.25,2026-09-02 16:53:33
FEE-12457,ORD-6457,SEL-001,REFERRAL_AND_FBA,444.43,2026-09-02 17:02:08
FEE-12458,ORD-6458,SEL-001,REFERRAL_AND_FBA,237.79,2026-09-02 17:10:51
FEE-12459,ORD-6459,SEL-001,REFERRAL_AND_FBA,109.42,2026-09-02 17:19:15
FEE-12460,ORD-6460,SEL-001,REFERRAL_AND_FBA,608.51,2026-09-02 17:27:44
FEE-12461,ORD-6461,SEL-001,REFERRAL_AND_FBA,675.52,2026-09-02 17:36:10
FEE-12462,ORD-6462,SEL-001,REFERRAL_AND_FBA,333.82,2026-09-02 17:44:54
FEE-12463,ORD-6463,SEL-001,REFERRAL_AND_FBA,587.2,2026-09-02 17:53:30
FEE-12464,ORD-6464,SEL-001,REFERRAL_AND_FBA,480.82,2026-09-02 18:01:56
FEE-12465,ORD-6465,SEL-001,REFERRAL_AND_FBA,723.32,2026-09-02 18:10:20
FEE-12466,ORD-6466,SEL-001,REFERRAL_AND_FBA,122.54,2026-09-02 18:19:05
FEE-12467,ORD-6467,SEL-001,REFERRAL_AND_FBA,334.4,2026-09-02 18:27:21
FEE-12468,ORD-6468,SEL-001,REFERRAL_AND_FBA,1075.13,2026-09-02 18:36:13
FEE-12469,ORD-6469,SEL-001,REFERRAL_AND_FBA,770.04,2026-09-02 18:44:44
FEE-12470,ORD-6470,SEL-001,REFERRAL_AND_FBA,477.38,2026-09-02 18:53:02
FEE-12471,ORD-6471,SEL-001,REFERRAL_AND_FBA,196.67,2026-09-02 19:01:28
FEE-12472,ORD-6472,SEL-001,REFERRAL_AND_FBA,121.71,2026-09-02 19:09:55
FEE-12473,ORD-6473,SEL-001,REFERRAL_AND_FBA,770.04,2026-09-02 19:18:53
FEE-12474,ORD-6474,SEL-001,REFERRAL_AND_FBA,434.35,2026-09-02 19:27:00
FEE-12475,ORD-6475,SEL-001,REFERRAL_AND_FBA,393.34,2026-09-02 19:35:35
FEE-12476,ORD-6476,SEL-001,REFERRAL_AND_FBA,712.86,2026-09-02 19:44:10
FEE-12477,ORD-6477,SEL-001,REFERRAL_AND_FBA,112.96,2026-09-02 19:52:49
FEE-12478,ORD-6478,SEL-001,REFERRAL_AND_FBA,460.56,2026-09-02 20:01:20
FEE-12479,ORD-6479,SEL-001,REFERRAL_AND_FBA,276.99,2026-09-02 20:09:55
FEE-12480,ORD-6480,SEL-001,REFERRAL_AND_FBA,276.99,2026-09-02 20:18:31
FEE-12481,ORD-6481,SEL-001,REFERRAL_AND_FBA,528.94,2026-09-02 20:27:08
FEE-12482,ORD-6482,SEL-001,REFERRAL_AND_FBA,238.52,2026-09-02 20:35:15
FEE-12483,ORD-6483,SEL-001,REFERRAL_AND_FBA,226.06,2026-09-02 20:44:06
FEE-12484,ORD-6484,SEL-001,REFERRAL_AND_FBA,450.37,2026-09-02 20:52:42
FEE-12485,ORD-6485,SEL-001,REFERRAL_AND_FBA,480.82,2026-09-02 21:00:59
FEE-12486,ORD-6486,SEL-001,REFERRAL_AND_FBA,500.5,2026-09-02 21:09:46
FEE-12487,ORD-6487,SEL-001,REFERRAL_AND_FBA,439.9,2026-09-02 21:18:17
FEE-12488,ORD-6488,SEL-001,REFERRAL_AND_FBA,587.2,2026-09-02 21:26:45
FEE-12489,ORD-6489,SEL-001,REFERRAL_AND_FBA,328.49,2026-09-02 21:35:08
FEE-12490,ORD-6490,SEL-001,REFERRAL_AND_FBA,109.42,2026-09-02 21:43:37
FEE-12491,ORD-6491,SEL-001,REFERRAL_AND_FBA,220.0,2026-09-02 21:52:22
FEE-12492,ORD-6492,SEL-001,REFERRAL_AND_FBA,220.0,2026-09-02 22:00:49
FEE-12493,ORD-6493,SEL-001,REFERRAL_AND_FBA,500.5,2026-09-02 22:09:27
FEE-12494,ORD-6494,SEL-001,REFERRAL_AND_FBA,460.56,2026-09-02 22:17:44
FEE-12495,ORD-6495,SEL-001,REFERRAL_AND_FBA,240.9,2026-09-02 22:26:33
FEE-12496,ORD-6496,SEL-001,REFERRAL_AND_FBA,293.11,2026-09-02 22:35:04
FEE-12497,ORD-6497,SEL-001,REFERRAL_AND_FBA,689.62,2026-09-02 22:43:22
FEE-12498,ORD-6498,SEL-001,REFERRAL_AND_FBA,122.54,2026-09-02 22:52:15
FEE-12499,ORD-6499,SEL-001,REFERRAL_AND_FBA,233.03,2026-09-02 23:00:34
FEE-12500,ORD-6500,SEL-001,REFERRAL_AND_FBA,632.78,2026-09-02 23:09:15
FEE-12501,ORD-6501,SEL-001,REFERRAL_AND_FBA,111.5,2026-09-02 23:17:47
FEE-12502,ORD-6502,SEL-001,REFERRAL_AND_FBA,606.21,2026-09-02 23:26:09
FEE-12503,ORD-6503,SEL-001,REFERRAL_AND_FBA,464.63,2026-09-02 23:34:46
FEE-12504,ORD-6504,SEL-001,REFERRAL_AND_FBA,226.06,2026-09-02 23:43:21
FEE-12505,ORD-6505,SEL-001,REFERRAL_AND_FBA,1174.4,2026-09-02 23:51:34
FEE-12506,ORD-6506,SEL-001,REFERRAL_AND_FBA,347.12,2026-09-03 00:00:28
FEE-12507,ORD-6507,SEL-001,REFERRAL_AND_FBA,240.9,2026-09-03 00:08:50
FEE-12508,ORD-6508,SEL-001,REFERRAL_AND_FBA,497.75,2026-09-03 00:17:19
FEE-12509,ORD-6509,SEL-001,REFERRAL_AND_FBA,347.12,2026-09-03 00:26:07
FEE-12510,ORD-6510,SEL-001,REFERRAL_AND_FBA,434.35,2026-09-03 00:34:27
FEE-12511,ORD-6511,SEL-001,REFERRAL_AND_FBA,727.53,2026-09-03 00:42:48
FEE-12512,ORD-6512,SEL-001,REFERRAL_AND_FBA,220.0,2026-09-03 00:51:34
FEE-12513,ORD-6513,SEL-001,REFERRAL_AND_FBA,434.35,2026-09-03 01:00:13
FEE-12514,ORD-6514,SEL-001,REFERRAL_AND_FBA,463.76,2026-09-03 01:08:47
FEE-12515,ORD-6515,SEL-001,REFERRAL_AND_FBA,468.16,2026-09-03 01:17:17
FEE-12516,ORD-6516,SEL-001,REFERRAL_AND_FBA,727.53,2026-09-03 01:25:51
FEE-12517,ORD-6517,SEL-001,REFERRAL_AND_FBA,539.42,2026-09-03 01:34:04
FEE-12518,ORD-6518,SEL-001,REFERRAL_AND_FBA,460.56,2026-09-03 01:42:33
FEE-12519,ORD-6519,SEL-001,REFERRAL_AND_FBA,429.81,2026-09-03 01:51:03
FEE-12520,ORD-6520,SEL-001,REFERRAL_AND_FBA,231.88,2026-09-03 01:59:56
FEE-12521,ORD-6521,SEL-001,REFERRAL_AND_FBA,728.43,2026-09-03 02:08:10
FEE-12522,ORD-6522,SEL-001,REFERRAL_AND_FBA,293.6,2026-09-03 02:16:53
FEE-12523,ORD-6523,SEL-001,REFERRAL_AND_FBA,689.62,2026-09-03 02:25:22
FEE-12524,ORD-6524,SEL-001,REFERRAL_AND_FBA,895.11,2026-09-03 02:33:57
FEE-12525,ORD-6525,SEL-001,REFERRAL_AND_FBA,111.5,2026-09-03 02:42:33
FEE-12526,ORD-6526,SEL-001,REFERRAL_AND_FBA,295.85,2026-09-03 02:50:50
FEE-12527,ORD-6527,SEL-001,REFERRAL_AND_FBA,497.75,2026-09-03 02:59:31
FEE-12528,ORD-6528,SEL-001,REFERRAL_AND_FBA,723.32,2026-09-03 03:08:01
FEE-12529,ORD-6529,SEL-001,REFERRAL_AND_FBA,505.62,2026-09-03 03:16:34
FEE-12530,ORD-6530,SEL-001,REFERRAL_AND_FBA,361.63,2026-09-03 03:25:17
FEE-12531,ORD-6531,SEL-001,REFERRAL_AND_FBA,262.7,2026-09-03 03:33:47
FEE-12532,ORD-6532,SEL-001,REFERRAL_AND_FBA,238.52,2026-09-03 03:42:01
FEE-12533,ORD-6533,SEL-001,REFERRAL_AND_FBA,528.94,2026-09-03 03:50:30
FEE-12534,ORD-6534,SEL-001,REFERRAL_AND_FBA,347.12,2026-09-03 03:59:02
FEE-12535,ORD-6535,SEL-001,REFERRAL_AND_FBA,557.7,2026-09-03 04:07:53
FEE-12536,ORD-6536,SEL-001,REFERRAL_AND_FBA,328.49,2026-09-03 04:16:08
FEE-12537,ORD-6537,SEL-001,REFERRAL_AND_FBA,728.43,2026-09-03 04:24:58
FEE-12538,ORD-6538,SEL-001,REFERRAL_AND_FBA,1124.0,2026-09-03 04:33:17
FEE-12539,ORD-6539,SEL-001,REFERRAL_AND_FBA,632.78,2026-09-03 04:42:05
FEE-12540,ORD-6540,SEL-001,REFERRAL_AND_FBA,344.72,2026-09-03 04:50:34
FEE-12541,ORD-6541,SEL-001,REFERRAL_AND_FBA,156.89,2026-09-03 04:59:02
FEE-12542,ORD-6542,SEL-001,REFERRAL_AND_FBA,325.08,2026-09-03 05:07:29
FEE-12543,ORD-6543,SEL-001,REFERRAL_AND_FBA,361.48,2026-09-03 05:16:19
FEE-12544,ORD-6544,SEL-001,REFERRAL_AND_FBA,475.57,2026-09-03 05:24:33
FEE-12545,ORD-6545,SEL-001,REFERRAL_AND_FBA,689.62,2026-09-03 05:32:53
FEE-12546,ORD-6546,SEL-001,REFERRAL_AND_FBA,557.32,2026-09-03 05:41:25
FEE-12547,ORD-6547,SEL-001,REFERRAL_AND_FBA,675.52,2026-09-03 05:49:57
FEE-12548,ORD-6548,SEL-001,REFERRAL_AND_FBA,528.94,2026-09-03 05:58:41
FEE-12549,ORD-6549,SEL-001,REFERRAL_AND_FBA,500.13,2026-09-03 06:07:28
FEE-12550,ORD-6550,SEL-001,REFERRAL_AND_FBA,231.88,2026-09-03 06:16:02
FEE-12551,ORD-6551,SEL-001,REFERRAL_AND_FBA,429.81,2026-09-03 06:24:14
FEE-12552,ORD-6552,SEL-001,REFERRAL_AND_FBA,231.88,2026-09-03 06:32:38
FEE-12553,ORD-6553,SEL-001,REFERRAL_AND_FBA,293.6,2026-09-03 06:41:34
FEE-12554,ORD-6554,SEL-001,REFERRAL_AND_FBA,450.37,2026-09-03 06:49:52
FEE-12555,ORD-6555,SEL-001,REFERRAL_AND_FBA,237.79,2026-09-03 06:58:32
FEE-12556,ORD-6556,SEL-001,REFERRAL_AND_FBA,447.56,2026-09-03 07:07:00
FEE-12557,ORD-6557,SEL-001,REFERRAL_AND_FBA,220.0,2026-09-03 07:15:18
FEE-12558,ORD-6558,SEL-001,REFERRAL_AND_FBA,111.5,2026-09-03 07:23:51
FEE-12559,ORD-6559,SEL-001,REFERRAL_AND_FBA,220.0,2026-09-03 07:32:44
FEE-12560,ORD-6560,SEL-001,REFERRAL_AND_FBA,450.37,2026-09-03 07:41:11
FEE-12561,ORD-6561,SEL-001,REFERRAL_AND_FBA,227.0,2026-09-03 07:49:32
FEE-12562,ORD-6562,SEL-001,REFERRAL_AND_FBA,557.32,2026-09-03 07:58:12
FEE-12563,ORD-6563,SEL-001,REFERRAL_AND_FBA,220.0,2026-09-03 08:06:57
FEE-12564,ORD-6564,SEL-001,REFERRAL_AND_FBA,324.8,2026-09-03 08:15:32
FEE-12565,ORD-6565,SEL-001,REFERRAL_AND_FBA,632.78,2026-09-03 08:23:48
FEE-12566,ORD-6566,SEL-001,REFERRAL_AND_FBA,632.78,2026-09-03 08:32:21
FEE-12567,ORD-6567,SEL-001,REFERRAL_AND_FBA,492.5,2026-09-03 08:41:03
FEE-12568,ORD-6568,SEL-001,REFERRAL_AND_FBA,868.69,2026-09-03 08:49:34
FEE-12569,ORD-6569,SEL-001,REFERRAL_AND_FBA,667.63,2026-09-03 08:58:07
FEE-12570,ORD-6570,SEL-001,REFERRAL_AND_FBA,480.82,2026-09-03 09:06:33
FEE-12571,ORD-6571,SEL-001,REFERRAL_AND_FBA,276.99,2026-09-03 09:14:50
FEE-12572,ORD-6572,SEL-001,REFERRAL_AND_FBA,661.26,2026-09-03 09:23:46
FEE-12573,ORD-6573,SEL-001,REFERRAL_AND_FBA,293.11,2026-09-03 09:32:09
FEE-12574,ORD-6574,SEL-001,REFERRAL_AND_FBA,219.26,2026-09-03 09:40:38
FEE-12575,ORD-6575,SEL-001,REFERRAL_AND_FBA,201.6,2026-09-03 09:49:13
FEE-12576,ORD-6576,SEL-001,REFERRAL_AND_FBA,608.51,2026-09-03 09:57:38
FEE-12577,ORD-6577,SEL-001,REFERRAL_AND_FBA,651.18,2026-09-03 10:06:03
FEE-12578,ORD-6578,SEL-001,REFERRAL_AND_FBA,234.8,2026-09-03 10:14:39
FEE-12579,ORD-6579,SEL-001,REFERRAL_AND_FBA,728.43,2026-09-03 10:23:22
FEE-12580,ORD-6580,SEL-001,REFERRAL_AND_FBA,220.0,2026-09-03 10:31:58
FEE-12581,ORD-6581,SEL-001,REFERRAL_AND_FBA,465.17,2026-09-03 10:40:30
FEE-12582,ORD-6582,SEL-001,REFERRAL_AND_FBA,226.06,2026-09-03 10:48:45
FEE-12583,ORD-6583,SEL-001,REFERRAL_AND_FBA,961.64,2026-09-03 10:57:30
FEE-12584,ORD-6584,SEL-001,REFERRAL_AND_FBA,465.17,2026-09-03 11:05:54
FEE-12585,ORD-6585,SEL-001,REFERRAL_AND_FBA,154.16,2026-09-03 11:14:41
FEE-12586,ORD-6586,SEL-001,REFERRAL_AND_FBA,480.82,2026-09-03 11:23:15
FEE-12587,ORD-6587,SEL-001,REFERRAL_AND_FBA,954.75,2026-09-03 11:31:20
FEE-12588,ORD-6588,SEL-001,REFERRAL_AND_FBA,309.41,2026-09-03 11:40:08
FEE-12589,ORD-6589,SEL-001,REFERRAL_AND_FBA,606.21,2026-09-03 11:48:40
FEE-12590,ORD-6590,SEL-001,REFERRAL_AND_FBA,477.38,2026-09-03 11:57:02
FEE-12591,ORD-6591,SEL-001,REFERRAL_AND_FBA,557.7,2026-09-03 12:05:47
FEE-12592,ORD-6592,SEL-001,REFERRAL_AND_FBA,234.8,2026-09-03 12:14:12
FEE-12593,ORD-6593,SEL-001,REFERRAL_AND_FBA,434.35,2026-09-03 12:22:44
FEE-12594,ORD-6594,SEL-001,REFERRAL_AND_FBA,465.17,2026-09-03 12:31:04
FEE-12595,ORD-6595,SEL-001,REFERRAL_AND_FBA,711.56,2026-09-03 12:39:53
FEE-12596,ORD-6596,SEL-001,REFERRAL_AND_FBA,723.32,2026-09-03 12:48:12
FEE-12597,ORD-6597,SEL-001,REFERRAL_AND_FBA,434.35,2026-09-03 12:57:05
FEE-12598,ORD-6598,SEL-001,REFERRAL_AND_FBA,723.32,2026-09-03 13:05:29
FEE-12599,ORD-6599,SEL-001,REFERRAL_AND_FBA,249.73,2026-09-03 13:13:47
FEE-12600,ORD-6600,SEL-001,REFERRAL_AND_FBA,240.9,2026-09-03 13:22:41
FEE-12601,ORD-6601,SEL-001,REFERRAL_AND_FBA,541.66,2026-09-03 13:30:52
FEE-12602,ORD-6602,SEL-001,REFERRAL_AND_FBA,240.9,2026-09-03 13:39:44
FEE-12603,ORD-6603,SEL-001,REFERRAL_AND_FBA,689.62,2026-09-03 13:48:09
FEE-12604,ORD-6604,SEL-001,REFERRAL_AND_FBA,232.32,2026-09-03 13:56:38
FEE-12605,ORD-6605,SEL-001,REFERRAL_AND_FBA,439.9,2026-09-03 14:05:14
FEE-12606,ORD-6606,SEL-001,REFERRAL_AND_FBA,414.66,2026-09-03 14:13:43
FEE-12607,ORD-6607,SEL-001,REFERRAL_AND_FBA,525.4,2026-09-03 14:22:10
FEE-12608,ORD-6608,SEL-001,REFERRAL_AND_FBA,293.6,2026-09-03 14:30:56
FEE-12609,ORD-6609,SEL-001,REFERRAL_AND_FBA,587.2,2026-09-03 14:39:28
FEE-12610,ORD-6610,SEL-001,REFERRAL_AND_FBA,96.64,2026-09-03 14:47:58
FEE-12611,ORD-6611,SEL-001,REFERRAL_AND_FBA,506.8,2026-09-03 14:56:33
FEE-12612,ORD-6612,SEL-001,REFERRAL_AND_FBA,689.62,2026-09-03 15:04:53
FEE-12613,ORD-6613,SEL-001,REFERRAL_AND_FBA,500.13,2026-09-03 15:13:18
FEE-12614,ORD-6614,SEL-001,REFERRAL_AND_FBA,237.79,2026-09-03 15:21:50
FEE-12615,ORD-6615,SEL-001,REFERRAL_AND_FBA,597.45,2026-09-03 15:30:17
FEE-12616,ORD-6616,SEL-001,REFERRAL_AND_FBA,240.9,2026-09-03 15:38:51
FEE-12617,ORD-6617,SEL-001,REFERRAL_AND_FBA,447.56,2026-09-03 15:47:23
FEE-12618,ORD-6618,SEL-001,REFERRAL_AND_FBA,712.86,2026-09-03 15:56:15
FEE-12619,ORD-6619,SEL-001,REFERRAL_AND_FBA,267.83,2026-09-03 16:04:39
FEE-12620,ORD-6620,SEL-001,REFERRAL_AND_FBA,201.6,2026-09-03 16:13:09
FEE-12621,ORD-6621,SEL-001,REFERRAL_AND_FBA,325.08,2026-09-03 16:21:30
FEE-12622,ORD-6622,SEL-001,REFERRAL_AND_FBA,587.2,2026-09-03 16:30:25
FEE-12623,ORD-6623,SEL-001,REFERRAL_AND_FBA,156.89,2026-09-03 16:38:39
FEE-12624,ORD-6624,SEL-001,REFERRAL_AND_FBA,151.63,2026-09-03 16:47:33
FEE-12625,ORD-6625,SEL-001,REFERRAL_AND_FBA,829.33,2026-09-03 16:55:37
FEE-12626,ORD-6626,SEL-001,REFERRAL_AND_FBA,328.49,2026-09-03 17:04:28
FEE-12627,ORD-6627,SEL-001,REFERRAL_AND_FBA,122.54,2026-09-03 17:13:02
FEE-12628,ORD-6628,SEL-001,REFERRAL_AND_FBA,492.5,2026-09-03 17:21:13
FEE-12629,ORD-6629,SEL-001,REFERRAL_AND_FBA,347.12,2026-09-03 17:30:04
FEE-12630,ORD-6630,SEL-001,REFERRAL_AND_FBA,523.9,2026-09-03 17:38:28
FEE-12631,ORD-6631,SEL-001,REFERRAL_AND_FBA,220.0,2026-09-03 17:47:06
FEE-12632,ORD-6632,SEL-001,REFERRAL_AND_FBA,712.86,2026-09-03 17:55:39
FEE-12633,ORD-6633,SEL-001,REFERRAL_AND_FBA,528.94,2026-09-03 18:04:18
FEE-12634,ORD-6634,SEL-001,REFERRAL_AND_FBA,499.45,2026-09-03 18:12:36
FEE-12635,ORD-6635,SEL-001,REFERRAL_AND_FBA,151.63,2026-09-03 18:21:23
FEE-12636,ORD-6636,SEL-001,REFERRAL_AND_FBA,535.66,2026-09-03 18:29:32
FEE-12637,ORD-6637,SEL-001,REFERRAL_AND_FBA,300.91,2026-09-03 18:38:28
FEE-12638,ORD-6638,SEL-001,REFERRAL_AND_FBA,486.81,2026-09-03 18:47:04
FEE-12639,ORD-6639,SEL-001,REFERRAL_AND_FBA,497.75,2026-09-03 18:55:13
FEE-12640,ORD-6640,SEL-001,REFERRAL_AND_FBA,417.32,2026-09-03 19:03:54
FEE-12641,ORD-6641,SEL-001,REFERRAL_AND_FBA,334.4,2026-09-03 19:12:28
FEE-12642,ORD-6642,SEL-001,REFERRAL_AND_FBA,196.67,2026-09-03 19:21:11
FEE-12643,ORD-6643,SEL-001,REFERRAL_AND_FBA,641.84,2026-09-03 19:29:22
FEE-12644,ORD-6644,SEL-001,REFERRAL_AND_FBA,196.67,2026-09-03 19:38:13
FEE-12645,ORD-6645,SEL-001,REFERRAL_AND_FBA,506.8,2026-09-03 19:46:45
FEE-12646,ORD-6646,SEL-001,REFERRAL_AND_FBA,1174.4,2026-09-03 19:55:12
FEE-12647,ORD-6647,SEL-001,REFERRAL_AND_FBA,651.18,2026-09-03 20:03:48
FEE-12648,ORD-6648,SEL-001,REFERRAL_AND_FBA,267.83,2026-09-03 20:12:02
FEE-12649,ORD-6649,SEL-001,REFERRAL_AND_FBA,661.26,2026-09-03 20:20:41
FEE-12650,ORD-6650,SEL-001,REFERRAL_AND_FBA,220.0,2026-09-03 20:29:16
FEE-12651,ORD-6651,SEL-001,REFERRAL_AND_FBA,220.0,2026-09-03 20:37:45
FEE-12652,ORD-6652,SEL-001,REFERRAL_AND_FBA,417.32,2026-09-03 20:46:14
FEE-12653,ORD-6653,SEL-001,REFERRAL_AND_FBA,562.0,2026-09-03 20:54:42
FEE-12654,ORD-6654,SEL-001,REFERRAL_AND_FBA,231.88,2026-09-03 21:03:14
FEE-12655,ORD-6655,SEL-001,REFERRAL_AND_FBA,109.42,2026-09-03 21:12:05
FEE-12656,ORD-6656,SEL-001,REFERRAL_AND_FBA,506.8,2026-09-03 21:20:18
FEE-12657,ORD-6657,SEL-001,REFERRAL_AND_FBA,361.48,2026-09-03 21:28:48
FEE-12658,ORD-6658,SEL-001,REFERRAL_AND_FBA,216.89,2026-09-03 21:37:25
FEE-12659,ORD-6659,SEL-001,REFERRAL_AND_FBA,385.02,2026-09-03 21:46:03
FEE-12660,ORD-6660,SEL-001,REFERRAL_AND_FBA,361.63,2026-09-03 21:54:29
FEE-12661,ORD-6661,SEL-001,REFERRAL_AND_FBA,450.37,2026-09-03 22:02:56
FEE-12662,ORD-6662,SEL-001,REFERRAL_AND_FBA,385.02,2026-09-03 22:11:47
FEE-12663,ORD-6663,SEL-001,REFERRAL_AND_FBA,463.76,2026-09-03 22:20:17
FEE-12664,ORD-6664,SEL-001,REFERRAL_AND_FBA,606.21,2026-09-03 22:28:46
FEE-12665,ORD-6665,SEL-001,REFERRAL_AND_FBA,711.56,2026-09-03 22:37:22
FEE-12666,ORD-6666,SEL-001,REFERRAL_AND_FBA,675.52,2026-09-03 22:45:32
FEE-12667,ORD-6667,SEL-001,REFERRAL_AND_FBA,505.62,2026-09-03 22:54:25
FEE-12668,ORD-6668,SEL-001,REFERRAL_AND_FBA,641.84,2026-09-03 23:02:37
FEE-12669,ORD-6669,SEL-001,REFERRAL_AND_FBA,122.54,2026-09-03 23:11:22
FEE-12670,ORD-6670,SEL-001,REFERRAL_AND_FBA,444.43,2026-09-03 23:20:09
FEE-12671,ORD-6671,SEL-001,REFERRAL_AND_FBA,468.16,2026-09-03 23:28:23
FEE-12672,ORD-6672,SEL-001,REFERRAL_AND_FBA,240.9,2026-09-03 23:37:06
FEE-12673,ORD-6673,SEL-001,REFERRAL_AND_FBA,1283.67,2026-09-03 23:45:33
FEE-12674,ORD-6674,SEL-001,REFERRAL_AND_FBA,220.0,2026-09-03 23:53:59
FEE-12675,ORD-6675,SEL-001,REFERRAL_AND_FBA,309.41,2026-09-04 00:02:44
FEE-12676,ORD-6676,SEL-001,REFERRAL_AND_FBA,417.32,2026-09-04 00:10:57
FEE-12677,ORD-6677,SEL-001,REFERRAL_AND_FBA,629.82,2026-09-04 00:19:31
FEE-12678,ORD-6678,SEL-001,REFERRAL_AND_FBA,333.82,2026-09-04 00:27:56
FEE-12679,ORD-6679,SEL-001,REFERRAL_AND_FBA,618.82,2026-09-04 00:36:54
FEE-12680,ORD-6680,SEL-001,REFERRAL_AND_FBA,621.25,2026-09-04 00:45:03
FEE-12681,ORD-6681,SEL-001,REFERRAL_AND_FBA,156.89,2026-09-04 00:53:32
FEE-12682,ORD-6682,SEL-001,REFERRAL_AND_FBA,276.99,2026-09-04 01:02:09
FEE-12683,ORD-6683,SEL-001,REFERRAL_AND_FBA,220.0,2026-09-04 01:10:48
FEE-12684,ORD-6684,SEL-001,REFERRAL_AND_FBA,143.37,2026-09-04 01:19:23
FEE-12685,ORD-6685,SEL-001,REFERRAL_AND_FBA,712.86,2026-09-04 01:27:41
FEE-12686,ORD-6686,SEL-001,REFERRAL_AND_FBA,260.0,2026-09-04 01:36:20
FEE-12687,ORD-6687,SEL-001,REFERRAL_AND_FBA,111.5,2026-09-04 01:45:14
FEE-12688,ORD-6688,SEL-001,REFERRAL_AND_FBA,414.66,2026-09-04 01:53:27
FEE-12689,ORD-6689,SEL-001,REFERRAL_AND_FBA,220.0,2026-09-04 02:02:13
FEE-12690,ORD-6690,SEL-001,REFERRAL_AND_FBA,1194.9,2026-09-04 02:10:38
FEE-12691,ORD-6691,SEL-001,REFERRAL_AND_FBA,154.16,2026-09-04 02:18:52
FEE-12692,ORD-6692,SEL-001,REFERRAL_AND_FBA,361.48,2026-09-04 02:27:54
FEE-12693,ORD-6693,SEL-001,REFERRAL_AND_FBA,335.78,2026-09-04 02:35:59
FEE-12694,ORD-6694,SEL-001,REFERRAL_AND_FBA,505.62,2026-09-04 02:44:31
FEE-12695,ORD-6695,SEL-001,REFERRAL_AND_FBA,333.82,2026-09-04 02:53:16
FEE-12696,ORD-6696,SEL-001,REFERRAL_AND_FBA,111.5,2026-09-04 03:01:55
FEE-12697,ORD-6697,SEL-001,REFERRAL_AND_FBA,162.4,2026-09-04 03:10:26
FEE-12698,ORD-6698,SEL-001,REFERRAL_AND_FBA,557.32,2026-09-04 03:18:37
FEE-12699,ORD-6699,SEL-001,REFERRAL_AND_FBA,460.56,2026-09-04 03:27:10
FEE-12700,ORD-6700,SEL-001,REFERRAL_AND_FBA,465.17,2026-09-04 03:35:57
FEE-12701,ORD-6701,SEL-001,REFERRAL_AND_FBA,728.43,2026-09-04 03:44:41
FEE-12702,ORD-6702,SEL-001,REFERRAL_AND_FBA,523.9,2026-09-04 03:52:45
FEE-12703,ORD-6703,SEL-001,REFERRAL_AND_FBA,444.43,2026-09-04 04:01:20
FEE-12704,ORD-6704,SEL-001,REFERRAL_AND_FBA,151.63,2026-09-04 04:09:52
FEE-12705,ORD-6705,SEL-001,REFERRAL_AND_FBA,109.42,2026-09-04 04:18:37
FEE-12706,ORD-6706,SEL-001,REFERRAL_AND_FBA,325.08,2026-09-04 04:27:01
FEE-12707,ORD-6707,SEL-001,REFERRAL_AND_FBA,452.12,2026-09-04 04:35:32
FEE-12708,ORD-6708,SEL-001,REFERRAL_AND_FBA,238.52,2026-09-04 04:44:14
FEE-12709,ORD-6709,SEL-001,REFERRAL_AND_FBA,276.99,2026-09-04 04:52:42
FEE-12710,ORD-6710,SEL-001,REFERRAL_AND_FBA,727.53,2026-09-04 05:01:13
FEE-12711,ORD-6711,SEL-001,REFERRAL_AND_FBA,562.0,2026-09-04 05:09:45
FEE-12712,ORD-6712,SEL-001,REFERRAL_AND_FBA,500.13,2026-09-04 05:18:27
FEE-12713,ORD-6713,SEL-001,REFERRAL_AND_FBA,621.25,2026-09-04 05:26:40
FEE-12714,ORD-6714,SEL-001,REFERRAL_AND_FBA,444.43,2026-09-04 05:35:23
FEE-12715,ORD-6715,SEL-001,REFERRAL_AND_FBA,469.6,2026-09-04 05:44:04
FEE-12716,ORD-6716,SEL-001,REFERRAL_AND_FBA,587.2,2026-09-04 05:52:37
FEE-12717,ORD-6717,SEL-001,REFERRAL_AND_FBA,557.7,2026-09-04 06:01:03
FEE-12718,ORD-6718,SEL-001,REFERRAL_AND_FBA,231.88,2026-09-04 06:09:35
FEE-12719,ORD-6719,SEL-001,REFERRAL_AND_FBA,269.71,2026-09-04 06:18:08
FEE-12720,ORD-6720,SEL-001,REFERRAL_AND_FBA,227.0,2026-09-04 06:26:36
FEE-12721,ORD-6721,SEL-001,REFERRAL_AND_FBA,143.37,2026-09-04 06:34:57
FEE-12722,ORD-6722,SEL-001,REFERRAL_AND_FBA,328.49,2026-09-04 06:43:45
FEE-12723,ORD-6723,SEL-001,REFERRAL_AND_FBA,1322.53,2026-09-04 06:52:27
FEE-12724,ORD-6724,SEL-001,REFERRAL_AND_FBA,267.83,2026-09-04 07:00:36
FEE-12725,ORD-6725,SEL-001,REFERRAL_AND_FBA,689.62,2026-09-04 07:09:18
FEE-12726,ORD-6726,SEL-001,REFERRAL_AND_FBA,723.32,2026-09-04 07:17:41
FEE-12727,ORD-6727,SEL-001,REFERRAL_AND_FBA,447.56,2026-09-04 07:26:27
FEE-12728,ORD-6728,SEL-001,REFERRAL_AND_FBA,262.7,2026-09-04 07:34:56
FEE-12729,ORD-6729,SEL-001,REFERRAL_AND_FBA,219.26,2026-09-04 07:43:25
FEE-12730,ORD-6730,SEL-001,REFERRAL_AND_FBA,621.25,2026-09-04 07:51:46
FEE-12731,ORD-6731,SEL-001,REFERRAL_AND_FBA,562.0,2026-09-04 08:00:15
FEE-12732,ORD-6732,SEL-001,REFERRAL_AND_FBA,263.19,2026-09-04 08:08:47
FEE-12733,ORD-6733,SEL-001,REFERRAL_AND_FBA,477.38,2026-09-04 08:17:33
FEE-12734,ORD-6734,SEL-001,REFERRAL_AND_FBA,151.63,2026-09-04 08:25:59
FEE-12735,ORD-6735,SEL-001,REFERRAL_AND_FBA,154.16,2026-09-04 08:34:46
FEE-12736,ORD-6736,SEL-001,REFERRAL_AND_FBA,154.16,2026-09-04 08:42:54
FEE-12737,ORD-6737,SEL-001,REFERRAL_AND_FBA,267.83,2026-09-04 08:51:45
FEE-12738,ORD-6738,SEL-001,REFERRAL_AND_FBA,693.61,2026-09-04 09:00:06
FEE-12739,ORD-6739,SEL-001,REFERRAL_AND_FBA,497.75,2026-09-04 09:08:41
FEE-12740,ORD-6740,SEL-001,REFERRAL_AND_FBA,587.2,2026-09-04 09:17:25
FEE-12741,ORD-6741,SEL-001,REFERRAL_AND_FBA,711.56,2026-09-04 09:25:39
FEE-12742,ORD-6742,SEL-001,REFERRAL_AND_FBA,562.0,2026-09-04 09:34:07
FEE-12743,ORD-6743,SEL-001,REFERRAL_AND_FBA,133.0,2026-09-04 09:42:48
FEE-12744,ORD-6744,SEL-001,REFERRAL_AND_FBA,231.88,2026-09-04 09:51:41
FEE-12745,ORD-6745,SEL-001,REFERRAL_AND_FBA,438.52,2026-09-04 10:00:06
FEE-12746,ORD-6746,SEL-001,REFERRAL_AND_FBA,108.45,2026-09-04 10:08:20
FEE-12747,ORD-6747,SEL-001,REFERRAL_AND_FBA,506.8,2026-09-04 10:17:00
FEE-12748,ORD-6748,SEL-001,REFERRAL_AND_FBA,621.25,2026-09-04 10:25:23
FEE-12749,ORD-6749,SEL-001,REFERRAL_AND_FBA,269.71,2026-09-04 10:34:10
FEE-12750,ORD-6750,SEL-001,REFERRAL_AND_FBA,385.02,2026-09-04 10:42:33
FEE-12751,ORD-6751,SEL-001,REFERRAL_AND_FBA,486.81,2026-09-04 10:51:20
FEE-12752,ORD-6752,SEL-001,REFERRAL_AND_FBA,557.7,2026-09-04 10:59:35
FEE-12753,ORD-6753,SEL-001,REFERRAL_AND_FBA,196.67,2026-09-04 11:08:05
FEE-12754,ORD-6754,SEL-001,REFERRAL_AND_FBA,111.5,2026-09-04 11:16:42
FEE-12755,ORD-6755,SEL-001,REFERRAL_AND_FBA,220.0,2026-09-04 11:25:32
FEE-12756,ORD-6756,SEL-001,REFERRAL_AND_FBA,434.35,2026-09-04 11:33:55
FEE-12757,ORD-6757,SEL-001,REFERRAL_AND_FBA,500.13,2026-09-04 11:42:14
FEE-12758,ORD-6758,SEL-001,REFERRAL_AND_FBA,829.33,2026-09-04 11:50:53
FEE-12759,ORD-6759,SEL-001,REFERRAL_AND_FBA,293.11,2026-09-04 11:59:34
FEE-12760,ORD-6760,SEL-001,REFERRAL_AND_FBA,539.42,2026-09-04 12:08:07
FEE-12761,ORD-6761,SEL-001,REFERRAL_AND_FBA,500.5,2026-09-04 12:16:20
FEE-12762,ORD-6762,SEL-001,REFERRAL_AND_FBA,523.9,2026-09-04 12:25:12
FEE-12763,ORD-6763,SEL-001,REFERRAL_AND_FBA,587.2,2026-09-04 12:33:22
FEE-12764,ORD-6764,SEL-001,REFERRAL_AND_FBA,641.84,2026-09-04 12:42:19
FEE-12765,ORD-6765,SEL-001,REFERRAL_AND_FBA,632.78,2026-09-04 12:50:53
FEE-12766,ORD-6766,SEL-001,REFERRAL_AND_FBA,500.13,2026-09-04 12:59:10
FEE-12767,ORD-6767,SEL-001,REFERRAL_AND_FBA,651.18,2026-09-04 13:07:44
FEE-12768,ORD-6768,SEL-001,REFERRAL_AND_FBA,109.42,2026-09-04 13:16:25
FEE-12769,ORD-6769,SEL-001,REFERRAL_AND_FBA,267.83,2026-09-04 13:24:46
FEE-12770,ORD-6770,SEL-001,REFERRAL_AND_FBA,497.75,2026-09-04 13:33:29
FEE-12771,ORD-6771,SEL-001,REFERRAL_AND_FBA,541.66,2026-09-04 13:42:06
FEE-12772,ORD-6772,SEL-001,REFERRAL_AND_FBA,492.5,2026-09-04 13:50:16
FEE-12773,ORD-6773,SEL-001,REFERRAL_AND_FBA,434.35,2026-09-04 13:59:07
FEE-12774,ORD-6774,SEL-001,REFERRAL_AND_FBA,500.13,2026-09-04 14:07:41
FEE-12775,ORD-6775,SEL-001,REFERRAL_AND_FBA,325.08,2026-09-04 14:16:03
FEE-12776,ORD-6776,SEL-001,REFERRAL_AND_FBA,249.73,2026-09-04 14:24:25
FEE-12777,ORD-6777,SEL-001,REFERRAL_AND_FBA,154.16,2026-09-04 14:32:48
FEE-12778,ORD-6778,SEL-001,REFERRAL_AND_FBA,361.48,2026-09-04 14:41:34
FEE-12779,ORD-6779,SEL-001,REFERRAL_AND_FBA,325.08,2026-09-04 14:50:03
FEE-12780,ORD-6780,SEL-001,REFERRAL_AND_FBA,220.0,2026-09-04 14:58:25
FEE-12781,ORD-6781,SEL-001,REFERRAL_AND_FBA,109.42,2026-09-04 15:07:06
FEE-12782,ORD-6782,SEL-001,REFERRAL_AND_FBA,267.83,2026-09-04 15:15:30
FEE-12783,ORD-6783,SEL-001,REFERRAL_AND_FBA,344.72,2026-09-04 15:24:31
FEE-12784,ORD-6784,SEL-001,REFERRAL_AND_FBA,587.2,2026-09-04 15:32:57
FEE-12785,ORD-6785,SEL-001,REFERRAL_AND_FBA,465.17,2026-09-04 15:41:21
FEE-12786,ORD-6786,SEL-001,REFERRAL_AND_FBA,557.32,2026-09-04 15:49:37
FEE-12787,ORD-6787,SEL-001,REFERRAL_AND_FBA,154.16,2026-09-04 15:58:39
FEE-12788,ORD-6788,SEL-001,REFERRAL_AND_FBA,702.72,2026-09-04 16:07:10
FEE-12789,ORD-6789,SEL-001,REFERRAL_AND_FBA,111.5,2026-09-04 16:15:27
FEE-12790,ORD-6790,SEL-001,REFERRAL_AND_FBA,562.0,2026-09-04 16:24:09
FEE-12791,ORD-6791,SEL-001,REFERRAL_AND_FBA,621.25,2026-09-04 16:32:46
FEE-12792,ORD-6792,SEL-001,REFERRAL_AND_FBA,689.62,2026-09-04 16:41:00
FEE-12793,ORD-6793,SEL-001,REFERRAL_AND_FBA,486.81,2026-09-04 16:49:28
FEE-12794,ORD-6794,SEL-001,REFERRAL_AND_FBA,96.64,2026-09-04 16:58:15
FEE-12795,ORD-6795,SEL-001,REFERRAL_AND_FBA,151.63,2026-09-04 17:06:40
FEE-12796,ORD-6796,SEL-001,REFERRAL_AND_FBA,335.78,2026-09-04 17:15:26
FEE-12797,ORD-6797,SEL-001,REFERRAL_AND_FBA,497.75,2026-09-04 17:23:54
FEE-12798,ORD-6798,SEL-001,REFERRAL_AND_FBA,1013.6,2026-09-04 17:32:07
FEE-12799,ORD-6799,SEL-001,REFERRAL_AND_FBA,438.52,2026-09-04 17:40:53
FEE-12800,ORD-6800,SEL-001,REFERRAL_AND_FBA,689.62,2026-09-04 17:49:23
FEE-12801,ORD-6801,SEL-001,REFERRAL_AND_FBA,1217.02,2026-09-04 17:57:53
FEE-12802,ORD-6802,SEL-001,REFERRAL_AND_FBA,276.99,2026-09-04 18:06:32
FEE-12803,ORD-6803,SEL-001,REFERRAL_AND_FBA,261.36,2026-09-04 18:14:52
FEE-12804,ORD-6804,SEL-001,REFERRAL_AND_FBA,664.86,2026-09-04 18:23:39
FEE-12805,ORD-6805,SEL-001,REFERRAL_AND_FBA,651.18,2026-09-04 18:32:15
FEE-12806,ORD-6806,SEL-001,REFERRAL_AND_FBA,497.75,2026-09-04 18:40:42
FEE-12807,ORD-6807,SEL-001,REFERRAL_AND_FBA,260.0,2026-09-04 18:48:50
FEE-12808,ORD-6808,SEL-001,REFERRAL_AND_FBA,220.0,2026-09-04 18:57:48
FEE-12809,ORD-6809,SEL-001,REFERRAL_AND_FBA,325.08,2026-09-04 19:06:06
FEE-12810,ORD-6810,SEL-001,REFERRAL_AND_FBA,156.89,2026-09-04 19:14:45
FEE-12811,ORD-6811,SEL-001,REFERRAL_AND_FBA,112.96,2026-09-04 19:23:10
FEE-12812,ORD-6812,SEL-001,REFERRAL_AND_FBA,249.73,2026-09-04 19:31:33
FEE-12813,ORD-6813,SEL-001,REFERRAL_AND_FBA,344.72,2026-09-04 19:40:02
FEE-12814,ORD-6814,SEL-001,REFERRAL_AND_FBA,109.42,2026-09-04 19:48:38
FEE-12815,ORD-6815,SEL-001,REFERRAL_AND_FBA,608.51,2026-09-04 19:57:18
FEE-12816,ORD-6816,SEL-001,REFERRAL_AND_FBA,121.71,2026-09-04 20:06:04
FEE-12817,ORD-6817,SEL-001,REFERRAL_AND_FBA,220.0,2026-09-04 20:14:22
FEE-12818,ORD-6818,SEL-001,REFERRAL_AND_FBA,429.81,2026-09-04 20:23:07
FEE-12819,ORD-6819,SEL-001,REFERRAL_AND_FBA,111.5,2026-09-04 20:31:24
FEE-12820,ORD-6820,SEL-001,REFERRAL_AND_FBA,429.81,2026-09-04 20:40:03
FEE-12821,ORD-6821,SEL-001,REFERRAL_AND_FBA,632.78,2026-09-04 20:48:20
FEE-12822,ORD-6822,SEL-001,REFERRAL_AND_FBA,727.53,2026-09-04 20:57:07
FEE-12823,ORD-6823,SEL-001,REFERRAL_AND_FBA,651.18,2026-09-04 21:05:43
FEE-12824,ORD-6824,SEL-001,REFERRAL_AND_FBA,122.54,2026-09-04 21:14:16
FEE-12825,ORD-6825,SEL-001,REFERRAL_AND_FBA,151.63,2026-09-04 21:22:42
FEE-12826,ORD-6826,SEL-001,REFERRAL_AND_FBA,464.63,2026-09-04 21:31:07
FEE-12827,ORD-6827,SEL-001,REFERRAL_AND_FBA,452.12,2026-09-04 21:40:01
FEE-12828,ORD-6828,SEL-001,REFERRAL_AND_FBA,675.52,2026-09-04 21:48:13
FEE-12829,ORD-6829,SEL-001,REFERRAL_AND_FBA,233.03,2026-09-04 21:56:59
FEE-12830,ORD-6830,SEL-001,REFERRAL_AND_FBA,325.08,2026-09-04 22:05:09
FEE-12831,ORD-6831,SEL-001,REFERRAL_AND_FBA,499.45,2026-09-04 22:13:51
FEE-12832,ORD-6832,SEL-001,REFERRAL_AND_FBA,434.35,2026-09-04 22:22:11
FEE-12833,ORD-6833,SEL-001,REFERRAL_AND_FBA,528.94,2026-09-04 22:30:56
FEE-12834,ORD-6834,SEL-001,REFERRAL_AND_FBA,196.67,2026-09-04 22:39:34
FEE-12835,ORD-6835,SEL-001,REFERRAL_AND_FBA,162.4,2026-09-04 22:48:12
FEE-12836,ORD-6836,SEL-001,REFERRAL_AND_FBA,112.96,2026-09-04 22:56:24
FEE-12837,ORD-6837,SEL-001,REFERRAL_AND_FBA,219.26,2026-09-04 23:05:16
FEE-12838,ORD-6838,SEL-001,REFERRAL_AND_FBA,675.52,2026-09-04 23:13:30
FEE-12839,ORD-6839,SEL-001,REFERRAL_AND_FBA,309.41,2026-09-04 23:22:22
FEE-12840,ORD-6840,SEL-001,REFERRAL_AND_FBA,486.81,2026-09-04 23:30:40
FEE-12841,ORD-6841,SEL-001,REFERRAL_AND_FBA,133.0,2026-09-04 23:39:29
FEE-12842,ORD-6842,SEL-001,REFERRAL_AND_FBA,1013.6,2026-09-04 23:47:54
FEE-12843,ORD-6843,SEL-001,REFERRAL_AND_FBA,154.16,2026-09-04 23:56:05
FEE-12844,ORD-6844,SEL-001,REFERRAL_AND_FBA,234.8,2026-09-05 00:04:35
FEE-12845,ORD-6845,SEL-001,REFERRAL_AND_FBA,150.46,2026-09-05 00:13:10
FEE-12846,ORD-6846,SEL-001,REFERRAL_AND_FBA,900.74,2026-09-05 00:22:05
FEE-12847,ORD-6847,SEL-001,REFERRAL_AND_FBA,1446.64,2026-09-05 00:30:17
FEE-12848,ORD-6848,SEL-001,REFERRAL_AND_FBA,417.32,2026-09-05 00:39:13
FEE-12849,ORD-6849,SEL-001,REFERRAL_AND_FBA,477.38,2026-09-05 00:47:24
FEE-12850,ORD-6850,SEL-001,REFERRAL_AND_FBA,325.08,2026-09-05 00:55:53
FEE-12851,ORD-6851,SEL-001,REFERRAL_AND_FBA,486.81,2026-09-05 01:04:24
FEE-12852,ORD-6852,SEL-001,REFERRAL_AND_FBA,664.86,2026-09-05 01:12:57
FEE-12853,ORD-6853,SEL-001,REFERRAL_AND_FBA,492.5,2026-09-05 01:21:39
FEE-12854,ORD-6854,SEL-001,REFERRAL_AND_FBA,286.74,2026-09-05 01:30:14
FEE-12855,ORD-6855,SEL-001,REFERRAL_AND_FBA,1387.21,2026-09-05 01:38:38
FEE-12856,ORD-6856,SEL-001,REFERRAL_AND_FBA,728.43,2026-09-05 01:47:08
FEE-12857,ORD-6857,SEL-001,REFERRAL_AND_FBA,557.32,2026-09-05 01:55:53
FEE-12858,ORD-6858,SEL-001,REFERRAL_AND_FBA,650.16,2026-09-05 02:04:17
FEE-12859,ORD-6859,SEL-001,REFERRAL_AND_FBA,481.81,2026-09-05 02:12:49
FEE-12860,ORD-6860,SEL-001,REFERRAL_AND_FBA,234.8,2026-09-05 02:21:35
FEE-12861,ORD-6861,SEL-001,REFERRAL_AND_FBA,562.0,2026-09-05 02:29:51
FEE-12862,ORD-6862,SEL-001,REFERRAL_AND_FBA,249.73,2026-09-05 02:38:16
FEE-12863,ORD-6863,SEL-001,REFERRAL_AND_FBA,606.21,2026-09-05 02:46:48
FEE-12864,ORD-6864,SEL-001,REFERRAL_AND_FBA,238.52,2026-09-05 02:55:31
FEE-12865,ORD-6865,SEL-001,REFERRAL_AND_FBA,143.37,2026-09-05 03:04:02
FEE-12866,ORD-6866,SEL-001,REFERRAL_AND_FBA,334.4,2026-09-05 03:12:31
FEE-12867,ORD-6867,SEL-001,REFERRAL_AND_FBA,220.0,2026-09-05 03:21:07
FEE-12868,ORD-6868,SEL-001,REFERRAL_AND_FBA,505.62,2026-09-05 03:29:33
FEE-12869,ORD-6869,SEL-001,REFERRAL_AND_FBA,307.08,2026-09-05 03:38:16
FEE-12870,ORD-6870,SEL-001,REFERRAL_AND_FBA,541.66,2026-09-05 03:46:34
FEE-12871,ORD-6871,SEL-001,REFERRAL_AND_FBA,220.0,2026-09-05 03:55:23
FEE-12872,ORD-6872,SEL-001,REFERRAL_AND_FBA,417.32,2026-09-05 04:03:49
FEE-12873,ORD-6873,SEL-001,REFERRAL_AND_FBA,537.56,2026-09-05 04:12:09
FEE-12874,ORD-6874,SEL-001,REFERRAL_AND_FBA,220.0,2026-09-05 04:20:43
FEE-12875,ORD-6875,SEL-001,REFERRAL_AND_FBA,465.17,2026-09-05 04:29:19
FEE-12876,ORD-6876,SEL-001,REFERRAL_AND_FBA,450.37,2026-09-05 04:37:49
FEE-12877,ORD-6877,SEL-001,REFERRAL_AND_FBA,1013.6,2026-09-05 04:46:23
FEE-12878,ORD-6878,SEL-001,REFERRAL_AND_FBA,469.6,2026-09-05 04:54:49
FEE-12879,ORD-6879,SEL-001,REFERRAL_AND_FBA,439.9,2026-09-05 05:03:30
FEE-12880,ORD-6880,SEL-001,REFERRAL_AND_FBA,227.0,2026-09-05 05:12:02
FEE-12881,ORD-6881,SEL-001,REFERRAL_AND_FBA,500.13,2026-09-05 05:20:21
FEE-12882,ORD-6882,SEL-001,REFERRAL_AND_FBA,497.75,2026-09-05 05:29:01
FEE-12883,ORD-6883,SEL-001,REFERRAL_AND_FBA,220.0,2026-09-05 05:37:43
FEE-12884,ORD-6884,SEL-001,REFERRAL_AND_FBA,234.8,2026-09-05 05:46:22
FEE-12885,ORD-6885,SEL-001,REFERRAL_AND_FBA,468.16,2026-09-05 05:54:32
FEE-12886,ORD-6886,SEL-001,REFERRAL_AND_FBA,510.34,2026-09-05 06:03:23
FEE-12887,ORD-6887,SEL-001,REFERRAL_AND_FBA,267.83,2026-09-05 06:11:44
FEE-12888,ORD-6888,SEL-001,REFERRAL_AND_FBA,122.54,2026-09-05 06:20:19
FEE-12889,ORD-6889,SEL-001,REFERRAL_AND_FBA,96.64,2026-09-05 06:29:02
FEE-12890,ORD-6890,SEL-001,REFERRAL_AND_FBA,233.03,2026-09-05 06:37:32
FEE-12891,ORD-6891,SEL-001,REFERRAL_AND_FBA,263.19,2026-09-05 06:46:11
FEE-12892,ORD-6892,SEL-001,REFERRAL_AND_FBA,553.97,2026-09-05 06:54:28
FEE-12893,ORD-6893,SEL-001,REFERRAL_AND_FBA,641.84,2026-09-05 07:03:16
FEE-12894,ORD-6894,SEL-001,REFERRAL_AND_FBA,232.32,2026-09-05 07:11:48
FEE-12895,ORD-6895,SEL-001,REFERRAL_AND_FBA,121.71,2026-09-05 07:20:14
FEE-12896,ORD-6896,SEL-001,REFERRAL_AND_FBA,309.41,2026-09-05 07:28:32
FEE-12897,ORD-6897,SEL-001,REFERRAL_AND_FBA,523.9,2026-09-05 07:37:11
FEE-12898,ORD-6898,SEL-001,REFERRAL_AND_FBA,477.38,2026-09-05 07:45:34
FEE-12899,ORD-6899,SEL-001,REFERRAL_AND_FBA,528.94,2026-09-05 07:54:09
FEE-12900,ORD-6900,SEL-001,REFERRAL_AND_FBA,505.62,2026-09-05 08:02:45
FEE-12901,ORD-6901,SEL-001,REFERRAL_AND_FBA,220.0,2026-09-05 08:11:28
FEE-12902,ORD-6902,SEL-001,REFERRAL_AND_FBA,243.42,2026-09-05 08:19:41
FEE-12903,ORD-6903,SEL-001,REFERRAL_AND_FBA,309.41,2026-09-05 08:28:27
FEE-12904,ORD-6904,SEL-001,REFERRAL_AND_FBA,541.66,2026-09-05 08:36:49
FEE-12905,ORD-6905,SEL-001,REFERRAL_AND_FBA,191.62,2026-09-05 08:45:37
FEE-12906,ORD-6906,SEL-001,REFERRAL_AND_FBA,122.54,2026-09-05 08:54:07
FEE-12907,ORD-6907,SEL-001,REFERRAL_AND_FBA,557.7,2026-09-05 09:02:27
FEE-12908,ORD-6908,SEL-001,REFERRAL_AND_FBA,500.13,2026-09-05 09:10:49
FEE-12909,ORD-6909,SEL-001,REFERRAL_AND_FBA,651.18,2026-09-05 09:19:46
FEE-12910,ORD-6910,SEL-001,REFERRAL_AND_FBA,276.99,2026-09-05 09:28:16
FEE-12911,ORD-6911,SEL-001,REFERRAL_AND_FBA,702.72,2026-09-05 09:36:28
FEE-12912,ORD-6912,SEL-001,REFERRAL_AND_FBA,629.82,2026-09-05 09:45:19
FEE-12913,ORD-6913,SEL-001,REFERRAL_AND_FBA,347.12,2026-09-05 09:53:48
FEE-12914,ORD-6914,SEL-001,REFERRAL_AND_FBA,632.78,2026-09-05 10:02:15
FEE-12915,ORD-6915,SEL-001,REFERRAL_AND_FBA,219.26,2026-09-05 10:10:46
FEE-12916,ORD-6916,SEL-001,REFERRAL_AND_FBA,335.78,2026-09-05 10:19:26
FEE-12917,ORD-6917,SEL-001,REFERRAL_AND_FBA,196.67,2026-09-05 10:28:02
FEE-12918,ORD-6918,SEL-001,REFERRAL_AND_FBA,1322.53,2026-09-05 10:36:17
FEE-12919,ORD-6919,SEL-001,REFERRAL_AND_FBA,500.5,2026-09-05 10:44:46
FEE-12920,ORD-6920,SEL-001,REFERRAL_AND_FBA,468.16,2026-09-05 10:53:32
FEE-12921,ORD-6921,SEL-001,REFERRAL_AND_FBA,385.02,2026-09-05 11:02:13
FEE-12922,ORD-6922,SEL-001,REFERRAL_AND_FBA,434.35,2026-09-05 11:10:18
FEE-12923,ORD-6923,SEL-001,REFERRAL_AND_FBA,661.26,2026-09-05 11:19:01
FEE-12924,ORD-6924,SEL-001,REFERRAL_AND_FBA,220.0,2026-09-05 11:27:19
FEE-12925,ORD-6925,SEL-001,REFERRAL_AND_FBA,597.45,2026-09-05 11:36:10
FEE-12926,ORD-6926,SEL-001,REFERRAL_AND_FBA,260.0,2026-09-05 11:44:31
FEE-12927,ORD-6927,SEL-001,REFERRAL_AND_FBA,523.9,2026-09-05 11:53:04
FEE-12928,ORD-6928,SEL-001,REFERRAL_AND_FBA,233.03,2026-09-05 12:01:53
FEE-12929,ORD-6929,SEL-001,REFERRAL_AND_FBA,486.81,2026-09-05 12:10:09
FEE-12930,ORD-6930,SEL-001,REFERRAL_AND_FBA,469.6,2026-09-05 12:18:50
FEE-12931,ORD-6931,SEL-001,REFERRAL_AND_FBA,629.82,2026-09-05 12:27:11
FEE-12932,ORD-6932,SEL-001,REFERRAL_AND_FBA,245.07,2026-09-05 12:35:46
FEE-12933,ORD-6933,SEL-001,REFERRAL_AND_FBA,1302.37,2026-09-05 12:44:22
FEE-12934,ORD-6934,SEL-001,REFERRAL_AND_FBA,335.78,2026-09-05 12:53:07
FEE-12935,ORD-6935,SEL-001,REFERRAL_AND_FBA,263.19,2026-09-05 13:01:22
FEE-12936,ORD-6936,SEL-001,REFERRAL_AND_FBA,641.84,2026-09-05 13:09:53
FEE-12937,ORD-6937,SEL-001,REFERRAL_AND_FBA,480.82,2026-09-05 13:18:46
FEE-12938,ORD-6938,SEL-001,REFERRAL_AND_FBA,497.75,2026-09-05 13:27:09
FEE-12939,ORD-6939,SEL-001,REFERRAL_AND_FBA,664.86,2026-09-05 13:35:40
FEE-12940,ORD-6940,SEL-001,REFERRAL_AND_FBA,497.75,2026-09-05 13:44:07
FEE-12941,ORD-6941,SEL-001,REFERRAL_AND_FBA,541.66,2026-09-05 13:52:30
FEE-12942,ORD-6942,SEL-001,REFERRAL_AND_FBA,675.52,2026-09-05 14:01:02
FEE-12943,ORD-6943,SEL-001,REFERRAL_AND_FBA,597.45,2026-09-05 14:09:38
FEE-12944,ORD-6944,SEL-001,REFERRAL_AND_FBA,728.43,2026-09-05 14:18:30
FEE-12945,ORD-6945,SEL-001,REFERRAL_AND_FBA,417.32,2026-09-05 14:26:37
FEE-12946,ORD-6946,SEL-001,REFERRAL_AND_FBA,608.51,2026-09-05 14:35:07
FEE-12947,ORD-6947,SEL-001,REFERRAL_AND_FBA,607.04,2026-09-05 14:43:42
FEE-12948,ORD-6948,SEL-001,REFERRAL_AND_FBA,243.42,2026-09-05 14:52:17
FEE-12949,ORD-6949,SEL-001,REFERRAL_AND_FBA,276.99,2026-09-05 15:01:02
FEE-12950,ORD-6950,SEL-001,REFERRAL_AND_FBA,562.0,2026-09-05 15:09:13
FEE-12951,ORD-6951,SEL-001,REFERRAL_AND_FBA,641.84,2026-09-05 15:17:52
FEE-12952,ORD-6952,SEL-001,REFERRAL_AND_FBA,334.4,2026-09-05 15:26:28
FEE-12953,ORD-6953,SEL-001,REFERRAL_AND_FBA,1214.09,2026-09-05 15:34:54
FEE-12954,ORD-6954,SEL-001,REFERRAL_AND_FBA,232.32,2026-09-05 15:43:51
FEE-12955,ORD-6955,SEL-001,REFERRAL_AND_FBA,480.82,2026-09-05 15:52:19
FEE-12956,ORD-6956,SEL-001,REFERRAL_AND_FBA,293.6,2026-09-05 16:00:29
FEE-12957,ORD-6957,SEL-001,REFERRAL_AND_FBA,621.25,2026-09-05 16:09:17
FEE-12958,ORD-6958,SEL-001,REFERRAL_AND_FBA,557.7,2026-09-05 16:17:40
FEE-12959,ORD-6959,SEL-001,REFERRAL_AND_FBA,661.26,2026-09-05 16:26:31
FEE-12960,ORD-6960,SEL-001,REFERRAL_AND_FBA,447.56,2026-09-05 16:34:55
FEE-12961,ORD-6961,SEL-001,REFERRAL_AND_FBA,151.63,2026-09-05 16:43:24
FEE-12962,ORD-6962,SEL-001,REFERRAL_AND_FBA,651.18,2026-09-05 16:51:50
FEE-12963,ORD-6963,SEL-001,REFERRAL_AND_FBA,234.8,2026-09-05 17:00:30
FEE-12964,ORD-6964,SEL-001,REFERRAL_AND_FBA,269.71,2026-09-05 17:09:07
FEE-12965,ORD-6965,SEL-001,REFERRAL_AND_FBA,1379.23,2026-09-05 17:17:39
FEE-12966,ORD-6966,SEL-001,REFERRAL_AND_FBA,608.51,2026-09-05 17:25:50
FEE-12967,ORD-6967,SEL-001,REFERRAL_AND_FBA,328.49,2026-09-05 17:34:47
FEE-12968,ORD-6968,SEL-001,REFERRAL_AND_FBA,196.67,2026-09-05 17:42:50
FEE-12969,ORD-6969,SEL-001,REFERRAL_AND_FBA,537.56,2026-09-05 17:51:51
FEE-12970,ORD-6970,SEL-001,REFERRAL_AND_FBA,385.02,2026-09-05 18:00:20
FEE-12971,ORD-6971,SEL-001,REFERRAL_AND_FBA,506.8,2026-09-05 18:08:40
FEE-12972,ORD-6972,SEL-001,REFERRAL_AND_FBA,477.38,2026-09-05 18:17:14
FEE-12973,ORD-6973,SEL-001,REFERRAL_AND_FBA,111.5,2026-09-05 18:25:48
FEE-12974,ORD-6974,SEL-001,REFERRAL_AND_FBA,385.02,2026-09-05 18:34:31
FEE-12975,ORD-6975,SEL-001,REFERRAL_AND_FBA,262.7,2026-09-05 18:42:49
FEE-12976,ORD-6976,SEL-001,REFERRAL_AND_FBA,629.82,2026-09-05 18:51:23
FEE-12977,ORD-6977,SEL-001,REFERRAL_AND_FBA,711.56,2026-09-05 19:00:01
FEE-12978,ORD-6978,SEL-001,REFERRAL_AND_FBA,293.6,2026-09-05 19:08:27
FEE-12979,ORD-6979,SEL-001,REFERRAL_AND_FBA,468.16,2026-09-05 19:16:47
FEE-12980,ORD-6980,SEL-001,REFERRAL_AND_FBA,417.32,2026-09-05 19:25:19
FEE-12981,ORD-6981,SEL-001,REFERRAL_AND_FBA,651.18,2026-09-05 19:33:48
FEE-12982,ORD-6982,SEL-001,REFERRAL_AND_FBA,240.9,2026-09-05 19:42:26
FEE-12983,ORD-6983,SEL-001,REFERRAL_AND_FBA,226.06,2026-09-05 19:51:13
FEE-12984,ORD-6984,SEL-001,REFERRAL_AND_FBA,260.0,2026-09-05 19:59:48
FEE-12985,ORD-6985,SEL-001,REFERRAL_AND_FBA,249.73,2026-09-05 20:08:02
FEE-12986,ORD-6986,SEL-001,REFERRAL_AND_FBA,151.63,2026-09-05 20:16:36
FEE-12987,ORD-6987,SEL-001,REFERRAL_AND_FBA,112.96,2026-09-05 20:25:06
FEE-12988,ORD-6988,SEL-001,REFERRAL_AND_FBA,712.86,2026-09-05 20:33:55
FEE-12989,ORD-6989,SEL-001,REFERRAL_AND_FBA,505.62,2026-09-05 20:42:16
FEE-12990,ORD-6990,SEL-001,REFERRAL_AND_FBA,608.51,2026-09-05 20:50:50
FEE-12991,ORD-6991,SEL-001,REFERRAL_AND_FBA,233.03,2026-09-05 20:59:22
FEE-12992,ORD-6992,SEL-001,REFERRAL_AND_FBA,111.5,2026-09-05 21:08:06
FEE-12993,ORD-6993,SEL-001,REFERRAL_AND_FBA,500.13,2026-09-05 21:16:18
FEE-12994,ORD-6994,SEL-001,REFERRAL_AND_FBA,689.62,2026-09-05 21:24:45
FEE-12995,ORD-6995,SEL-001,REFERRAL_AND_FBA,108.45,2026-09-05 21:33:37
FEE-12996,ORD-6996,SEL-001,REFERRAL_AND_FBA,269.71,2026-09-05 21:42:13
FEE-12997,ORD-6997,SEL-001,REFERRAL_AND_FBA,450.37,2026-09-05 21:50:46
FEE-12998,ORD-6998,SEL-001,REFERRAL_AND_FBA,537.56,2026-09-05 21:59:07
FEE-12999,ORD-6999,SEL-001,REFERRAL_AND_FBA,954.75,2026-09-05 22:07:27
FEE-13000,ORD-7000,SEL-001,REFERRAL_AND_FBA,267.83,2026-09-05 22:16:03
FEE-13001,ORD-7001,SEL-001,REFERRAL_AND_FBA,227.0,2026-09-05 22:24:46
FEE-13002,ORD-7002,SEL-001,REFERRAL_AND_FBA,500.13,2026-09-05 22:33:28
FEE-13003,ORD-7003,SEL-001,REFERRAL_AND_FBA,219.26,2026-09-05 22:41:52
FEE-13004,ORD-7004,SEL-001,REFERRAL_AND_FBA,147.92,2026-09-05 22:50:17
FEE-13005,ORD-7005,SEL-001,REFERRAL_AND_FBA,263.19,2026-09-05 22:58:44
FEE-13006,ORD-7006,SEL-001,REFERRAL_AND_FBA,608.51,2026-09-05 23:07:26
FEE-13007,ORD-7007,SEL-001,REFERRAL_AND_FBA,361.48,2026-09-05 23:15:41
FEE-13008,ORD-7008,SEL-001,REFERRAL_AND_FBA,220.0,2026-09-05 23:24:29
FEE-13009,ORD-7009,SEL-001,REFERRAL_AND_FBA,240.9,2026-09-05 23:32:46
FEE-13010,ORD-7010,SEL-001,REFERRAL_AND_FBA,347.12,2026-09-05 23:41:26
FEE-13011,ORD-7011,SEL-001,REFERRAL_AND_FBA,632.78,2026-09-05 23:50:08
FEE-13012,ORD-7012,SEL-001,REFERRAL_AND_FBA,220.0,2026-09-05 23:58:20
FEE-13013,ORD-7013,SEL-001,REFERRAL_AND_FBA,261.36,2026-09-06 00:07:19
FEE-13014,ORD-7014,SEL-001,REFERRAL_AND_FBA,465.17,2026-09-06 00:15:43
FEE-13015,ORD-7015,SEL-001,REFERRAL_AND_FBA,689.62,2026-09-06 00:24:16
FEE-13016,ORD-7016,SEL-001,REFERRAL_AND_FBA,727.53,2026-09-06 00:32:42
FEE-13017,ORD-7017,SEL-001,REFERRAL_AND_FBA,727.53,2026-09-06 00:41:21
FEE-13018,ORD-7018,SEL-001,REFERRAL_AND_FBA,328.49,2026-09-06 00:49:37
FEE-13019,ORD-7019,SEL-001,REFERRAL_AND_FBA,1047.79,2026-09-06 00:58:27
FEE-13020,ORD-7020,SEL-001,REFERRAL_AND_FBA,191.62,2026-09-06 01:07:03
FEE-13021,ORD-7021,SEL-001,REFERRAL_AND_FBA,480.82,2026-09-06 01:15:27
FEE-13022,ORD-7022,SEL-001,REFERRAL_AND_FBA,728.43,2026-09-06 01:23:52
FEE-13023,ORD-7023,SEL-001,REFERRAL_AND_FBA,269.71,2026-09-06 01:32:15
FEE-13024,ORD-7024,SEL-001,REFERRAL_AND_FBA,557.32,2026-09-06 01:40:59
FEE-13025,ORD-7025,SEL-001,REFERRAL_AND_FBA,385.02,2026-09-06 01:49:41
FEE-13026,ORD-7026,SEL-001,REFERRAL_AND_FBA,385.02,2026-09-06 01:57:50
FEE-13027,ORD-7027,SEL-001,REFERRAL_AND_FBA,528.94,2026-09-06 02:06:50
FEE-13028,ORD-7028,SEL-001,REFERRAL_AND_FBA,557.7,2026-09-06 02:14:53
FEE-13029,ORD-7029,SEL-001,REFERRAL_AND_FBA,307.08,2026-09-06 02:23:43
FEE-13030,ORD-7030,SEL-001,REFERRAL_AND_FBA,480.82,2026-09-06 02:32:03
FEE-13031,ORD-7031,SEL-001,REFERRAL_AND_FBA,295.85,2026-09-06 02:40:56
FEE-13032,ORD-7032,SEL-001,REFERRAL_AND_FBA,112.96,2026-09-06 02:49:25
FEE-13033,ORD-7033,SEL-001,REFERRAL_AND_FBA,694.24,2026-09-06 02:58:00
FEE-13034,ORD-7034,SEL-001,REFERRAL_AND_FBA,607.04,2026-09-06 03:06:11
FEE-13035,ORD-7035,SEL-001,REFERRAL_AND_FBA,661.26,2026-09-06 03:14:39
FEE-13036,ORD-7036,SEL-001,REFERRAL_AND_FBA,834.65,2026-09-06 03:23:30
FEE-13037,ORD-7037,SEL-001,REFERRAL_AND_FBA,220.0,2026-09-06 03:32:09
FEE-13038,ORD-7038,SEL-001,REFERRAL_AND_FBA,770.04,2026-09-06 03:40:26
FEE-13039,ORD-7039,SEL-001,REFERRAL_AND_FBA,440.0,2026-09-06 03:49:14
FEE-13040,ORD-7040,SEL-001,REFERRAL_AND_FBA,1174.4,2026-09-06 03:57:43
FEE-13041,ORD-7041,SEL-001,REFERRAL_AND_FBA,219.26,2026-09-06 04:06:18
FEE-13042,ORD-7042,SEL-001,REFERRAL_AND_FBA,444.43,2026-09-06 04:14:23
FEE-13043,ORD-7043,SEL-001,REFERRAL_AND_FBA,201.6,2026-09-06 04:23:12
FEE-13044,ORD-7044,SEL-001,REFERRAL_AND_FBA,723.32,2026-09-06 04:31:54
FEE-13045,ORD-7045,SEL-001,REFERRAL_AND_FBA,309.41,2026-09-06 04:40:18
FEE-13046,ORD-7046,SEL-001,REFERRAL_AND_FBA,112.96,2026-09-06 04:48:43
FEE-13047,ORD-7047,SEL-001,REFERRAL_AND_FBA,309.41,2026-09-06 04:57:26
FEE-13048,ORD-7048,SEL-001,REFERRAL_AND_FBA,528.94,2026-09-06 05:05:59
FEE-13049,ORD-7049,SEL-001,REFERRAL_AND_FBA,334.4,2026-09-06 05:14:23
FEE-13050,ORD-7050,SEL-001,REFERRAL_AND_FBA,727.53,2026-09-06 05:22:53
FEE-13051,ORD-7051,SEL-001,REFERRAL_AND_FBA,770.04,2026-09-06 05:31:17
FEE-13052,ORD-7052,SEL-001,REFERRAL_AND_FBA,151.63,2026-09-06 05:40:10
FEE-13053,ORD-7053,SEL-001,REFERRAL_AND_FBA,675.52,2026-09-06 05:48:13
FEE-13054,ORD-7054,SEL-001,REFERRAL_AND_FBA,150.46,2026-09-06 05:56:55
FEE-13055,ORD-7055,SEL-001,REFERRAL_AND_FBA,234.8,2026-09-06 06:05:45
FEE-13056,ORD-7056,SEL-001,REFERRAL_AND_FBA,621.25,2026-09-06 06:14:15
FEE-13057,ORD-7057,SEL-001,REFERRAL_AND_FBA,226.06,2026-09-06 06:22:44
FEE-13058,ORD-7058,SEL-001,REFERRAL_AND_FBA,328.49,2026-09-06 06:31:05
FEE-13059,ORD-7059,SEL-001,REFERRAL_AND_FBA,295.85,2026-09-06 06:39:55
FEE-13060,ORD-7060,SEL-001,REFERRAL_AND_FBA,385.02,2026-09-06 06:47:58
FEE-13061,ORD-7061,SEL-001,REFERRAL_AND_FBA,269.71,2026-09-06 06:56:40
FEE-13062,ORD-7062,SEL-001,REFERRAL_AND_FBA,477.38,2026-09-06 07:05:16
FEE-13063,ORD-7063,SEL-001,REFERRAL_AND_FBA,465.17,2026-09-06 07:13:48
FEE-13064,ORD-7064,SEL-001,REFERRAL_AND_FBA,465.17,2026-09-06 07:22:08
FEE-13065,ORD-7065,SEL-001,REFERRAL_AND_FBA,383.24,2026-09-06 07:31:05
FEE-13066,ORD-7066,SEL-001,REFERRAL_AND_FBA,307.08,2026-09-06 07:39:13
FEE-13067,ORD-7067,SEL-001,REFERRAL_AND_FBA,727.53,2026-09-06 07:47:59
FEE-13068,ORD-7068,SEL-001,REFERRAL_AND_FBA,486.81,2026-09-06 07:56:27
FEE-13069,ORD-7069,SEL-001,REFERRAL_AND_FBA,632.78,2026-09-06 08:04:56
FEE-13070,ORD-7070,SEL-001,REFERRAL_AND_FBA,234.8,2026-09-06 08:13:44
FEE-13071,ORD-7071,SEL-001,REFERRAL_AND_FBA,233.03,2026-09-06 08:22:11
FEE-13072,ORD-7072,SEL-001,REFERRAL_AND_FBA,269.71,2026-09-06 08:30:43
FEE-13073,ORD-7073,SEL-001,REFERRAL_AND_FBA,385.02,2026-09-06 08:39:23
FEE-13074,ORD-7074,SEL-001,REFERRAL_AND_FBA,641.84,2026-09-06 08:47:48
FEE-13075,ORD-7075,SEL-001,REFERRAL_AND_FBA,444.43,2026-09-06 08:56:03
FEE-13076,ORD-7076,SEL-001,REFERRAL_AND_FBA,347.12,2026-09-06 09:04:34
FEE-13077,ORD-7077,SEL-001,REFERRAL_AND_FBA,557.32,2026-09-06 09:13:28
FEE-13078,ORD-7078,SEL-001,REFERRAL_AND_FBA,193.29,2026-09-06 09:22:01
FEE-13079,ORD-7079,SEL-001,REFERRAL_AND_FBA,1011.25,2026-09-06 09:30:20
FEE-13080,ORD-7080,SEL-001,REFERRAL_AND_FBA,723.32,2026-09-06 09:38:53
FEE-13081,ORD-7081,SEL-001,REFERRAL_AND_FBA,711.56,2026-09-06 09:47:41
FEE-13082,ORD-7082,SEL-001,REFERRAL_AND_FBA,234.8,2026-09-06 09:55:59
FEE-13083,ORD-7083,SEL-001,REFERRAL_AND_FBA,227.0,2026-09-06 10:04:31
FEE-13084,ORD-7084,SEL-001,REFERRAL_AND_FBA,226.06,2026-09-06 10:12:49
FEE-13085,ORD-7085,SEL-001,REFERRAL_AND_FBA,450.37,2026-09-06 10:21:45
FEE-13086,ORD-7086,SEL-001,REFERRAL_AND_FBA,156.89,2026-09-06 10:30:15
FEE-13087,ORD-7087,SEL-001,REFERRAL_AND_FBA,465.17,2026-09-06 10:38:36
FEE-13088,ORD-7088,SEL-001,REFERRAL_AND_FBA,162.4,2026-09-06 10:47:21
FEE-13089,ORD-7089,SEL-001,REFERRAL_AND_FBA,143.37,2026-09-06 10:55:37
FEE-13090,ORD-7090,SEL-001,REFERRAL_AND_FBA,196.67,2026-09-06 11:04:00
FEE-13091,ORD-7091,SEL-001,REFERRAL_AND_FBA,276.99,2026-09-06 11:12:57
FEE-13092,ORD-7092,SEL-001,REFERRAL_AND_FBA,220.0,2026-09-06 11:21:32
FEE-13093,ORD-7093,SEL-001,REFERRAL_AND_FBA,608.51,2026-09-06 11:29:36
FEE-13094,ORD-7094,SEL-001,REFERRAL_AND_FBA,492.5,2026-09-06 11:38:36
FEE-13095,ORD-7095,SEL-001,REFERRAL_AND_FBA,557.32,2026-09-06 11:46:57
FEE-13096,ORD-7096,SEL-001,REFERRAL_AND_FBA,227.0,2026-09-06 11:55:14
FEE-13097,ORD-7097,SEL-001,REFERRAL_AND_FBA,450.37,2026-09-06 12:03:54
FEE-13098,ORD-7098,SEL-001,REFERRAL_AND_FBA,238.52,2026-09-06 12:12:42
FEE-13099,ORD-7099,SEL-001,REFERRAL_AND_FBA,108.45,2026-09-06 12:21:14
FEE-13100,ORD-7100,SEL-001,REFERRAL_AND_FBA,434.35,2026-09-06 12:29:36
FEE-13101,ORD-7101,SEL-001,REFERRAL_AND_FBA,162.4,2026-09-06 12:38:15
FEE-13102,ORD-7102,SEL-001,REFERRAL_AND_FBA,293.6,2026-09-06 12:46:54
FEE-13103,ORD-7103,SEL-001,REFERRAL_AND_FBA,234.8,2026-09-06 12:55:10
FEE-13104,ORD-7104,SEL-001,REFERRAL_AND_FBA,385.02,2026-09-06 13:03:56
FEE-13105,ORD-7105,SEL-001,REFERRAL_AND_FBA,667.63,2026-09-06 13:12:26
FEE-13106,ORD-7106,SEL-001,REFERRAL_AND_FBA,450.37,2026-09-06 13:20:33
FEE-13107,ORD-7107,SEL-001,REFERRAL_AND_FBA,162.4,2026-09-06 13:29:05
FEE-13108,ORD-7108,SEL-001,REFERRAL_AND_FBA,417.32,2026-09-06 13:37:43
FEE-13109,ORD-7109,SEL-001,REFERRAL_AND_FBA,727.53,2026-09-06 13:46:24
FEE-13110,ORD-7110,SEL-001,REFERRAL_AND_FBA,261.36,2026-09-06 13:54:47
FEE-13111,ORD-7111,SEL-001,REFERRAL_AND_FBA,562.0,2026-09-06 14:03:29
FEE-13112,ORD-7112,SEL-001,REFERRAL_AND_FBA,702.72,2026-09-06 14:11:50
FEE-13113,ORD-7113,SEL-001,REFERRAL_AND_FBA,500.5,2026-09-06 14:20:20
FEE-13114,ORD-7114,SEL-001,REFERRAL_AND_FBA,240.9,2026-09-06 14:28:50
FEE-13115,ORD-7115,SEL-001,REFERRAL_AND_FBA,293.11,2026-09-06 14:37:31
FEE-13116,ORD-7116,SEL-001,REFERRAL_AND_FBA,237.79,2026-09-06 14:46:22
FEE-13117,ORD-7117,SEL-001,REFERRAL_AND_FBA,1083.33,2026-09-06 14:54:35
FEE-13118,ORD-7118,SEL-001,REFERRAL_AND_FBA,122.54,2026-09-06 15:03:16
FEE-13119,ORD-7119,SEL-001,REFERRAL_AND_FBA,888.85,2026-09-06 15:11:37
FEE-13120,ORD-7120,SEL-001,REFERRAL_AND_FBA,417.32,2026-09-06 15:20:19
FEE-13121,ORD-7121,SEL-001,REFERRAL_AND_FBA,295.85,2026-09-06 15:28:53
FEE-13122,ORD-7122,SEL-001,REFERRAL_AND_FBA,528.94,2026-09-06 15:37:29
FEE-13123,ORD-7123,SEL-001,REFERRAL_AND_FBA,361.48,2026-09-06 15:45:49
FEE-13124,ORD-7124,SEL-001,REFERRAL_AND_FBA,156.89,2026-09-06 15:54:11
FEE-13125,ORD-7125,SEL-001,REFERRAL_AND_FBA,307.08,2026-09-06 16:02:51
FEE-13126,ORD-7126,SEL-001,REFERRAL_AND_FBA,727.53,2026-09-06 16:11:17
FEE-13127,ORD-7127,SEL-001,REFERRAL_AND_FBA,711.56,2026-09-06 16:19:51
FEE-13128,ORD-7128,SEL-001,REFERRAL_AND_FBA,240.9,2026-09-06 16:28:18
FEE-13129,ORD-7129,SEL-001,REFERRAL_AND_FBA,606.21,2026-09-06 16:37:12
FEE-13130,ORD-7130,SEL-001,REFERRAL_AND_FBA,537.56,2026-09-06 16:45:30
FEE-13131,ORD-7131,SEL-001,REFERRAL_AND_FBA,267.83,2026-09-06 16:54:06
FEE-13132,ORD-7132,SEL-001,REFERRAL_AND_FBA,526.37,2026-09-06 17:02:50
FEE-13133,ORD-7133,SEL-001,REFERRAL_AND_FBA,723.32,2026-09-06 17:11:23
FEE-13134,ORD-7134,SEL-001,REFERRAL_AND_FBA,440.0,2026-09-06 17:19:30
FEE-13135,ORD-7135,SEL-001,REFERRAL_AND_FBA,465.17,2026-09-06 17:28:30
FEE-13136,ORD-7136,SEL-001,REFERRAL_AND_FBA,220.0,2026-09-06 17:36:42
FEE-13137,ORD-7137,SEL-001,REFERRAL_AND_FBA,307.08,2026-09-06 17:45:35
FEE-13138,ORD-7138,SEL-001,REFERRAL_AND_FBA,528.94,2026-09-06 17:54:00
FEE-13139,ORD-7139,SEL-001,REFERRAL_AND_FBA,728.43,2026-09-06 18:02:15
FEE-13140,ORD-7140,SEL-001,REFERRAL_AND_FBA,262.7,2026-09-06 18:11:09
FEE-13141,ORD-7141,SEL-001,REFERRAL_AND_FBA,429.81,2026-09-06 18:19:22
FEE-13142,ORD-7142,SEL-001,REFERRAL_AND_FBA,150.46,2026-09-06 18:27:50
FEE-13143,ORD-7143,SEL-001,REFERRAL_AND_FBA,1020.68,2026-09-06 18:36:25
FEE-13144,ORD-7144,SEL-001,REFERRAL_AND_FBA,675.52,2026-09-06 18:44:55
FEE-13145,ORD-7145,SEL-001,REFERRAL_AND_FBA,269.71,2026-09-06 18:53:38
FEE-13146,ORD-7146,SEL-001,REFERRAL_AND_FBA,651.18,2026-09-06 19:02:05
FEE-13147,ORD-7147,SEL-001,REFERRAL_AND_FBA,361.48,2026-09-06 19:10:44
FEE-13148,ORD-7148,SEL-001,REFERRAL_AND_FBA,150.46,2026-09-06 19:19:10
FEE-13149,ORD-7149,SEL-001,REFERRAL_AND_FBA,249.73,2026-09-06 19:27:34
FEE-13150,ORD-7150,SEL-001,REFERRAL_AND_FBA,300.91,2026-09-06 19:36:11
FEE-13151,ORD-7151,SEL-001,REFERRAL_AND_FBA,151.63,2026-09-06 19:44:36
FEE-13152,ORD-7152,SEL-001,REFERRAL_AND_FBA,528.94,2026-09-06 19:53:08
FEE-13153,ORD-7153,SEL-001,REFERRAL_AND_FBA,234.8,2026-09-06 20:01:39
FEE-13154,ORD-7154,SEL-001,REFERRAL_AND_FBA,440.0,2026-09-06 20:10:35
FEE-13155,ORD-7155,SEL-001,REFERRAL_AND_FBA,156.89,2026-09-06 20:19:12
FEE-13156,ORD-7156,SEL-001,REFERRAL_AND_FBA,334.4,2026-09-06 20:27:16
FEE-13157,ORD-7157,SEL-001,REFERRAL_AND_FBA,276.99,2026-09-06 20:36:12
FEE-13158,ORD-7158,SEL-001,REFERRAL_AND_FBA,608.51,2026-09-06 20:44:40
FEE-13159,ORD-7159,SEL-001,REFERRAL_AND_FBA,325.08,2026-09-06 20:53:14
FEE-13160,ORD-7160,SEL-001,REFERRAL_AND_FBA,597.45,2026-09-06 21:01:37
FEE-13161,ORD-7161,SEL-001,REFERRAL_AND_FBA,429.81,2026-09-06 21:10:21
FEE-13162,ORD-7162,SEL-001,REFERRAL_AND_FBA,469.6,2026-09-06 21:18:48
FEE-13163,ORD-7163,SEL-001,REFERRAL_AND_FBA,429.81,2026-09-06 21:27:16
FEE-13164,ORD-7164,SEL-001,REFERRAL_AND_FBA,220.0,2026-09-06 21:35:58
FEE-13165,ORD-7165,SEL-001,REFERRAL_AND_FBA,325.08,2026-09-06 21:44:15
FEE-13166,ORD-7166,SEL-001,REFERRAL_AND_FBA,429.81,2026-09-06 21:53:02
FEE-13167,ORD-7167,SEL-001,REFERRAL_AND_FBA,133.0,2026-09-06 22:01:08
FEE-13168,ORD-7168,SEL-001,REFERRAL_AND_FBA,220.0,2026-09-06 22:09:39
FEE-13169,ORD-7169,SEL-001,REFERRAL_AND_FBA,262.7,2026-09-06 22:18:19
FEE-13170,ORD-7170,SEL-001,REFERRAL_AND_FBA,335.78,2026-09-06 22:26:52
FEE-13171,ORD-7171,SEL-001,REFERRAL_AND_FBA,150.46,2026-09-06 22:35:39
FEE-13172,ORD-7172,SEL-001,REFERRAL_AND_FBA,606.21,2026-09-06 22:43:53
FEE-13173,ORD-7173,SEL-001,REFERRAL_AND_FBA,447.56,2026-09-06 22:52:42
FEE-13174,ORD-7174,SEL-001,REFERRAL_AND_FBA,417.32,2026-09-06 23:01:19
FEE-13175,ORD-7175,SEL-001,REFERRAL_AND_FBA,143.37,2026-09-06 23:09:53
FEE-13176,ORD-7176,SEL-001,REFERRAL_AND_FBA,1302.37,2026-09-06 23:18:01
FEE-13177,ORD-7177,SEL-001,REFERRAL_AND_FBA,1174.4,2026-09-06 23:26:57
FEE-13178,ORD-7178,SEL-001,REFERRAL_AND_FBA,454.0,2026-09-06 23:35:06
FEE-13179,ORD-7179,SEL-001,REFERRAL_AND_FBA,693.61,2026-09-06 23:43:46
FEE-13180,ORD-7180,SEL-001,REFERRAL_AND_FBA,562.0,2026-09-06 23:52:33
FEE-13181,ORD-7181,SEL-001,REFERRAL_AND_FBA,641.84,2026-09-07 00:00:43
FEE-13182,ORD-7182,SEL-001,REFERRAL_AND_FBA,1446.64,2026-09-07 00:09:15
FEE-13183,ORD-7183,SEL-001,REFERRAL_AND_FBA,414.66,2026-09-07 00:17:51
FEE-13184,ORD-7184,SEL-001,REFERRAL_AND_FBA,606.21,2026-09-07 00:26:14
FEE-13185,ORD-7185,SEL-001,REFERRAL_AND_FBA,629.82,2026-09-07 00:34:45
FEE-13186,ORD-7186,SEL-001,REFERRAL_AND_FBA,557.7,2026-09-07 00:43:19
FEE-13187,ORD-7187,SEL-001,REFERRAL_AND_FBA,641.84,2026-09-07 00:51:53
FEE-13188,ORD-7188,SEL-001,REFERRAL_AND_FBA,112.96,2026-09-07 01:00:48
FEE-13189,ORD-7189,SEL-001,REFERRAL_AND_FBA,220.0,2026-09-07 01:09:04
FEE-13190,ORD-7190,SEL-001,REFERRAL_AND_FBA,328.49,2026-09-07 01:17:26
FEE-13191,ORD-7191,SEL-001,REFERRAL_AND_FBA,249.73,2026-09-07 01:26:06
FEE-13192,ORD-7192,SEL-001,REFERRAL_AND_FBA,325.08,2026-09-07 01:34:57
FEE-13193,ORD-7193,SEL-001,REFERRAL_AND_FBA,1423.12,2026-09-07 01:43:16
FEE-13194,ORD-7194,SEL-001,REFERRAL_AND_FBA,712.86,2026-09-07 01:51:47
FEE-13195,ORD-7195,SEL-001,REFERRAL_AND_FBA,249.73,2026-09-07 02:00:32
FEE-13196,ORD-7196,SEL-001,REFERRAL_AND_FBA,232.32,2026-09-07 02:08:46
FEE-13197,ORD-7197,SEL-001,REFERRAL_AND_FBA,414.66,2026-09-07 02:17:08
FEE-13198,ORD-7198,SEL-001,REFERRAL_AND_FBA,711.56,2026-09-07 02:26:00
FEE-13199,ORD-7199,SEL-001,REFERRAL_AND_FBA,668.81,2026-09-07 02:34:28
FEE-13200,ORD-7200,SEL-001,REFERRAL_AND_FBA,1194.9,2026-09-07 02:43:06
FEE-13201,ORD-7201,SEL-001,REFERRAL_AND_FBA,238.52,2026-09-07 02:51:43
FEE-13202,ORD-7202,SEL-001,REFERRAL_AND_FBA,293.11,2026-09-07 03:00:13
FEE-13203,ORD-7203,SEL-001,REFERRAL_AND_FBA,293.11,2026-09-07 03:08:34
FEE-13204,ORD-7204,SEL-001,REFERRAL_AND_FBA,226.06,2026-09-07 03:17:14
FEE-13205,ORD-7205,SEL-001,REFERRAL_AND_FBA,191.62,2026-09-07 03:25:25
FEE-13206,ORD-7206,SEL-001,REFERRAL_AND_FBA,1423.12,2026-09-07 03:34:04
FEE-13207,ORD-7207,SEL-001,REFERRAL_AND_FBA,227.0,2026-09-07 03:42:55
FEE-13208,ORD-7208,SEL-001,REFERRAL_AND_FBA,562.0,2026-09-07 03:51:31
FEE-13209,ORD-7209,SEL-001,REFERRAL_AND_FBA,121.71,2026-09-07 03:59:58
FEE-13210,ORD-7210,SEL-001,REFERRAL_AND_FBA,309.41,2026-09-07 04:08:33
FEE-13211,ORD-7211,SEL-001,REFERRAL_AND_FBA,689.62,2026-09-07 04:16:46
FEE-13212,ORD-7212,SEL-001,REFERRAL_AND_FBA,335.78,2026-09-07 04:25:35
FEE-13213,ORD-7213,SEL-001,REFERRAL_AND_FBA,505.62,2026-09-07 04:34:03
FEE-13214,ORD-7214,SEL-001,REFERRAL_AND_FBA,506.8,2026-09-07 04:42:29
FEE-13215,ORD-7215,SEL-001,REFERRAL_AND_FBA,361.48,2026-09-07 04:51:13
FEE-13216,ORD-7216,SEL-001,REFERRAL_AND_FBA,664.86,2026-09-07 04:59:25
FEE-13217,ORD-7217,SEL-001,REFERRAL_AND_FBA,460.56,2026-09-07 05:07:59
FEE-13218,ORD-7218,SEL-001,REFERRAL_AND_FBA,96.64,2026-09-07 05:16:43
FEE-13219,ORD-7219,SEL-001,REFERRAL_AND_FBA,414.66,2026-09-07 05:25:09
FEE-13220,ORD-7220,SEL-001,REFERRAL_AND_FBA,108.45,2026-09-07 05:33:26
FEE-13221,ORD-7221,SEL-001,REFERRAL_AND_FBA,261.36,2026-09-07 05:42:00
FEE-13222,ORD-7222,SEL-001,REFERRAL_AND_FBA,361.63,2026-09-07 05:50:43
FEE-13223,ORD-7223,SEL-001,REFERRAL_AND_FBA,693.61,2026-09-07 05:59:09
FEE-13224,ORD-7224,SEL-001,REFERRAL_AND_FBA,537.56,2026-09-07 06:07:55
FEE-13225,ORD-7225,SEL-001,REFERRAL_AND_FBA,460.56,2026-09-07 06:16:32
FEE-13226,ORD-7226,SEL-001,REFERRAL_AND_FBA,293.6,2026-09-07 06:25:02
FEE-13227,ORD-7227,SEL-001,REFERRAL_AND_FBA,334.4,2026-09-07 06:33:14
FEE-13228,ORD-7228,SEL-001,REFERRAL_AND_FBA,227.0,2026-09-07 06:42:03
FEE-13229,ORD-7229,SEL-001,REFERRAL_AND_FBA,541.66,2026-09-07 06:50:43
FEE-13230,ORD-7230,SEL-001,REFERRAL_AND_FBA,231.88,2026-09-07 06:59:16
FEE-13231,ORD-7231,SEL-001,REFERRAL_AND_FBA,361.48,2026-09-07 07:07:46
FEE-13232,ORD-7232,SEL-001,REFERRAL_AND_FBA,464.63,2026-09-07 07:16:20
FEE-13233,ORD-7233,SEL-001,REFERRAL_AND_FBA,500.13,2026-09-07 07:24:30
FEE-13234,ORD-7234,SEL-001,REFERRAL_AND_FBA,973.61,2026-09-07 07:32:57
FEE-13235,ORD-7235,SEL-001,REFERRAL_AND_FBA,438.52,2026-09-07 07:41:38
FEE-13236,ORD-7236,SEL-001,REFERRAL_AND_FBA,557.32,2026-09-07 07:50:05
FEE-13237,ORD-7237,SEL-001,REFERRAL_AND_FBA,500.5,2026-09-07 07:58:53
FEE-13238,ORD-7238,SEL-001,REFERRAL_AND_FBA,587.2,2026-09-07 08:07:26
FEE-13239,ORD-7239,SEL-001,REFERRAL_AND_FBA,492.5,2026-09-07 08:15:56
FEE-13240,ORD-7240,SEL-001,REFERRAL_AND_FBA,597.45,2026-09-07 08:24:23
FEE-13241,ORD-7241,SEL-001,REFERRAL_AND_FBA,237.79,2026-09-07 08:33:06
FEE-13242,ORD-7242,SEL-001,REFERRAL_AND_FBA,465.17,2026-09-07 08:41:13
FEE-13243,ORD-7243,SEL-001,REFERRAL_AND_FBA,335.78,2026-09-07 08:49:42
FEE-13244,ORD-7244,SEL-001,REFERRAL_AND_FBA,347.12,2026-09-07 08:58:32
FEE-13245,ORD-7245,SEL-001,REFERRAL_AND_FBA,492.5,2026-09-07 09:06:50
FEE-13246,ORD-7246,SEL-001,REFERRAL_AND_FBA,240.9,2026-09-07 09:15:24
FEE-13247,ORD-7247,SEL-001,REFERRAL_AND_FBA,238.52,2026-09-07 09:24:02
FEE-13248,ORD-7248,SEL-001,REFERRAL_AND_FBA,191.62,2026-09-07 09:32:44
FEE-13249,ORD-7249,SEL-001,REFERRAL_AND_FBA,510.34,2026-09-07 09:40:55
FEE-13250,ORD-7250,SEL-001,REFERRAL_AND_FBA,238.52,2026-09-07 09:49:42
FEE-13251,ORD-7251,SEL-001,REFERRAL_AND_FBA,727.53,2026-09-07 09:58:12
FEE-13252,ORD-7252,SEL-001,REFERRAL_AND_FBA,447.56,2026-09-07 10:06:49
FEE-13253,ORD-7253,SEL-001,REFERRAL_AND_FBA,629.82,2026-09-07 10:15:25
FEE-13254,ORD-7254,SEL-001,REFERRAL_AND_FBA,417.32,2026-09-07 10:23:54
FEE-13255,ORD-7255,SEL-001,REFERRAL_AND_FBA,728.43,2026-09-07 10:32:24
FEE-13256,ORD-7256,SEL-001,REFERRAL_AND_FBA,444.43,2026-09-07 10:40:40
FEE-13257,ORD-7257,SEL-001,REFERRAL_AND_FBA,233.03,2026-09-07 10:49:21
FEE-13258,ORD-7258,SEL-001,REFERRAL_AND_FBA,344.72,2026-09-07 10:58:04
FEE-13259,ORD-7259,SEL-001,REFERRAL_AND_FBA,723.32,2026-09-07 11:06:29
FEE-13260,ORD-7260,SEL-001,REFERRAL_AND_FBA,220.0,2026-09-07 11:14:53
FEE-13261,ORD-7261,SEL-001,REFERRAL_AND_FBA,770.04,2026-09-07 11:23:32
FEE-13262,ORD-7262,SEL-001,REFERRAL_AND_FBA,497.75,2026-09-07 11:31:57
FEE-13263,ORD-7263,SEL-001,REFERRAL_AND_FBA,313.78,2026-09-07 11:40:34
FEE-13264,ORD-7264,SEL-001,REFERRAL_AND_FBA,727.53,2026-09-07 11:48:55
FEE-13265,ORD-7265,SEL-001,REFERRAL_AND_FBA,711.56,2026-09-07 11:57:51
FEE-13266,ORD-7266,SEL-001,REFERRAL_AND_FBA,629.82,2026-09-07 12:06:06
FEE-13267,ORD-7267,SEL-001,REFERRAL_AND_FBA,723.32,2026-09-07 12:14:39
FEE-13268,ORD-7268,SEL-001,REFERRAL_AND_FBA,727.53,2026-09-07 12:23:25
FEE-13269,ORD-7269,SEL-001,REFERRAL_AND_FBA,143.37,2026-09-07 12:31:35
FEE-13270,ORD-7270,SEL-001,REFERRAL_AND_FBA,226.06,2026-09-07 12:40:20
FEE-13271,ORD-7271,SEL-001,REFERRAL_AND_FBA,303.25,2026-09-07 12:48:44
FEE-13272,ORD-7272,SEL-001,REFERRAL_AND_FBA,328.49,2026-09-07 12:57:29
FEE-13273,ORD-7273,SEL-001,REFERRAL_AND_FBA,154.16,2026-09-07 13:06:00
FEE-13274,ORD-7274,SEL-001,REFERRAL_AND_FBA,219.26,2026-09-07 13:14:26
FEE-13275,ORD-7275,SEL-001,REFERRAL_AND_FBA,597.45,2026-09-07 13:23:10
FEE-13276,ORD-7276,SEL-001,REFERRAL_AND_FBA,641.84,2026-09-07 13:31:20
FEE-13277,ORD-7277,SEL-001,REFERRAL_AND_FBA,220.0,2026-09-07 13:40:21
FEE-13278,ORD-7278,SEL-001,REFERRAL_AND_FBA,727.53,2026-09-07 13:48:30
FEE-13279,ORD-7279,SEL-001,REFERRAL_AND_FBA,629.82,2026-09-07 13:57:16
FEE-13280,ORD-7280,SEL-001,REFERRAL_AND_FBA,231.88,2026-09-07 14:05:40
FEE-13281,ORD-7281,SEL-001,REFERRAL_AND_FBA,108.45,2026-09-07 14:14:28
FEE-13282,ORD-7282,SEL-001,REFERRAL_AND_FBA,122.54,2026-09-07 14:22:35
FEE-13283,ORD-7283,SEL-001,REFERRAL_AND_FBA,1446.64,2026-09-07 14:31:33
FEE-13284,ORD-7284,SEL-001,REFERRAL_AND_FBA,440.0,2026-09-07 14:39:48
FEE-13285,ORD-7285,SEL-001,REFERRAL_AND_FBA,143.37,2026-09-07 14:48:17
FEE-13286,ORD-7286,SEL-001,REFERRAL_AND_FBA,500.5,2026-09-07 14:57:02
FEE-13287,ORD-7287,SEL-001,REFERRAL_AND_FBA,96.64,2026-09-07 15:05:19
FEE-13288,ORD-7288,SEL-001,REFERRAL_AND_FBA,201.6,2026-09-07 15:13:50
FEE-13289,ORD-7289,SEL-001,REFERRAL_AND_FBA,238.52,2026-09-07 15:22:46
FEE-13290,ORD-7290,SEL-001,REFERRAL_AND_FBA,227.0,2026-09-07 15:31:11
FEE-13291,ORD-7291,SEL-001,REFERRAL_AND_FBA,770.04,2026-09-07 15:39:21
FEE-13292,ORD-7292,SEL-001,REFERRAL_AND_FBA,151.63,2026-09-07 15:48:22
FEE-13293,ORD-7293,SEL-001,REFERRAL_AND_FBA,109.42,2026-09-07 15:56:36
FEE-13294,ORD-7294,SEL-001,REFERRAL_AND_FBA,276.99,2026-09-07 16:05:15
FEE-13295,ORD-7295,SEL-001,REFERRAL_AND_FBA,220.0,2026-09-07 16:13:50
FEE-13296,ORD-7296,SEL-001,REFERRAL_AND_FBA,465.17,2026-09-07 16:22:14
FEE-13297,ORD-7297,SEL-001,REFERRAL_AND_FBA,557.32,2026-09-07 16:30:57
FEE-13298,ORD-7298,SEL-001,REFERRAL_AND_FBA,486.81,2026-09-07 16:39:18
FEE-13299,ORD-7299,SEL-001,REFERRAL_AND_FBA,227.0,2026-09-07 16:47:54
FEE-13300,ORD-7300,SEL-001,REFERRAL_AND_FBA,632.78,2026-09-07 16:56:11
FEE-13301,ORD-7301,SEL-001,REFERRAL_AND_FBA,606.21,2026-09-07 17:04:45
FEE-13302,ORD-7302,SEL-001,REFERRAL_AND_FBA,232.32,2026-09-07 17:13:31
FEE-13303,ORD-7303,SEL-001,REFERRAL_AND_FBA,675.52,2026-09-07 17:22:06
FEE-13304,ORD-7304,SEL-001,REFERRAL_AND_FBA,220.0,2026-09-07 17:30:36
FEE-13305,ORD-7305,SEL-001,REFERRAL_AND_FBA,240.9,2026-09-07 17:39:14
FEE-13306,ORD-7306,SEL-001,REFERRAL_AND_FBA,147.92,2026-09-07 17:47:32
FEE-13307,ORD-7307,SEL-001,REFERRAL_AND_FBA,414.66,2026-09-07 17:55:54
FEE-13308,ORD-7308,SEL-001,REFERRAL_AND_FBA,307.08,2026-09-07 18:04:50
FEE-13309,ORD-7309,SEL-001,REFERRAL_AND_FBA,276.99,2026-09-07 18:13:18
FEE-13310,ORD-7310,SEL-001,REFERRAL_AND_FBA,309.41,2026-09-07 18:21:43
FEE-13311,ORD-7311,SEL-001,REFERRAL_AND_FBA,712.86,2026-09-07 18:30:10
FEE-13312,ORD-7312,SEL-001,REFERRAL_AND_FBA,500.13,2026-09-07 18:38:35
FEE-13313,ORD-7313,SEL-001,REFERRAL_AND_FBA,220.0,2026-09-07 18:47:07
FEE-13314,ORD-7314,SEL-001,REFERRAL_AND_FBA,133.0,2026-09-07 18:56:01
FEE-13315,ORD-7315,SEL-001,REFERRAL_AND_FBA,973.61,2026-09-07 19:04:33
FEE-13316,ORD-7316,SEL-001,REFERRAL_AND_FBA,249.73,2026-09-07 19:13:06
FEE-13317,ORD-7317,SEL-001,REFERRAL_AND_FBA,499.45,2026-09-07 19:21:30
FEE-13318,ORD-7318,SEL-001,REFERRAL_AND_FBA,385.02,2026-09-07 19:29:59
FEE-13319,ORD-7319,SEL-001,REFERRAL_AND_FBA,1242.49,2026-09-07 19:38:33
FEE-13320,ORD-7320,SEL-001,REFERRAL_AND_FBA,227.0,2026-09-07 19:47:11
FEE-13321,ORD-7321,SEL-001,REFERRAL_AND_FBA,162.4,2026-09-07 19:55:46
FEE-13322,ORD-7322,SEL-001,REFERRAL_AND_FBA,447.56,2026-09-07 20:04:12
FEE-13323,ORD-7323,SEL-001,REFERRAL_AND_FBA,429.81,2026-09-07 20:12:56
FEE-13324,ORD-7324,SEL-001,REFERRAL_AND_FBA,162.4,2026-09-07 20:21:22
FEE-13325,ORD-7325,SEL-001,REFERRAL_AND_FBA,497.75,2026-09-07 20:29:48
FEE-13326,ORD-7326,SEL-001,REFERRAL_AND_FBA,293.6,2026-09-07 20:38:04
FEE-13327,ORD-7327,SEL-001,REFERRAL_AND_FBA,477.04,2026-09-07 20:46:48
FEE-13328,ORD-7328,SEL-001,REFERRAL_AND_FBA,434.35,2026-09-07 20:55:13
FEE-13329,ORD-7329,SEL-001,REFERRAL_AND_FBA,151.63,2026-09-07 21:03:50
FEE-13330,ORD-7330,SEL-001,REFERRAL_AND_FBA,477.38,2026-09-07 21:12:33
FEE-13331,ORD-7331,SEL-001,REFERRAL_AND_FBA,497.75,2026-09-07 21:21:02
FEE-13332,ORD-7332,SEL-001,REFERRAL_AND_FBA,154.16,2026-09-07 21:29:44
FEE-13333,ORD-7333,SEL-001,REFERRAL_AND_FBA,344.72,2026-09-07 21:37:57
FEE-13334,ORD-7334,SEL-001,REFERRAL_AND_FBA,143.37,2026-09-07 21:46:24
FEE-13335,ORD-7335,SEL-001,REFERRAL_AND_FBA,587.2,2026-09-07 21:55:07
FEE-13336,ORD-7336,SEL-001,REFERRAL_AND_FBA,621.25,2026-09-07 22:03:50
FEE-13337,ORD-7337,SEL-001,REFERRAL_AND_FBA,434.35,2026-09-07 22:11:56
FEE-13338,ORD-7338,SEL-001,REFERRAL_AND_FBA,664.86,2026-09-07 22:20:50
FEE-13339,ORD-7339,SEL-001,REFERRAL_AND_FBA,237.79,2026-09-07 22:29:01
FEE-13340,ORD-7340,SEL-001,REFERRAL_AND_FBA,328.49,2026-09-07 22:37:54
FEE-13341,ORD-7341,SEL-001,REFERRAL_AND_FBA,528.94,2026-09-07 22:46:20
FEE-13342,ORD-7342,SEL-001,REFERRAL_AND_FBA,523.9,2026-09-07 22:54:55
FEE-13343,ORD-7343,SEL-001,REFERRAL_AND_FBA,154.16,2026-09-07 23:03:10
FEE-13344,ORD-7344,SEL-001,REFERRAL_AND_FBA,162.4,2026-09-07 23:12:06
FEE-13345,ORD-7345,SEL-001,REFERRAL_AND_FBA,859.62,2026-09-07 23:20:21
FEE-13346,ORD-7346,SEL-001,REFERRAL_AND_FBA,191.62,2026-09-07 23:28:53
FEE-13347,ORD-7347,SEL-001,REFERRAL_AND_FBA,286.74,2026-09-07 23:37:17
FEE-13348,ORD-7348,SEL-001,REFERRAL_AND_FBA,227.0,2026-09-07 23:46:04
FEE-13349,ORD-7349,SEL-001,REFERRAL_AND_FBA,621.25,2026-09-07 23:54:39
FEE-13350,ORD-7350,SEL-001,REFERRAL_AND_FBA,249.73,2026-09-08 00:02:54
FEE-13351,ORD-7351,SEL-001,REFERRAL_AND_FBA,651.18,2026-09-08 00:11:51
FEE-13352,ORD-7352,SEL-001,REFERRAL_AND_FBA,651.18,2026-09-08 00:20:20
FEE-13353,ORD-7353,SEL-001,REFERRAL_AND_FBA,447.56,2026-09-08 00:28:43
FEE-13354,ORD-7354,SEL-001,REFERRAL_AND_FBA,307.08,2026-09-08 00:37:18
FEE-13355,ORD-7355,SEL-001,REFERRAL_AND_FBA,324.8,2026-09-08 00:46:02
FEE-13356,ORD-7356,SEL-001,REFERRAL_AND_FBA,150.46,2026-09-08 00:54:15
FEE-13357,ORD-7357,SEL-001,REFERRAL_AND_FBA,307.08,2026-09-08 01:02:40
FEE-13358,ORD-7358,SEL-001,REFERRAL_AND_FBA,193.29,2026-09-08 01:11:14
FEE-13359,ORD-7359,SEL-001,REFERRAL_AND_FBA,434.35,2026-09-08 01:20:07
FEE-13360,ORD-7360,SEL-001,REFERRAL_AND_FBA,232.32,2026-09-08 01:28:38
FEE-13361,ORD-7361,SEL-001,REFERRAL_AND_FBA,276.99,2026-09-08 01:36:59
FEE-13362,ORD-7362,SEL-001,REFERRAL_AND_FBA,220.0,2026-09-08 01:45:24
FEE-13363,ORD-7363,SEL-001,REFERRAL_AND_FBA,618.82,2026-09-08 01:54:17
FEE-13364,ORD-7364,SEL-001,REFERRAL_AND_FBA,465.17,2026-09-08 02:02:43
FEE-13365,ORD-7365,SEL-001,REFERRAL_AND_FBA,313.78,2026-09-08 02:11:04
FEE-13366,ORD-7366,SEL-001,REFERRAL_AND_FBA,506.8,2026-09-08 02:19:39
FEE-13367,ORD-7367,SEL-001,REFERRAL_AND_FBA,463.76,2026-09-08 02:28:22
FEE-13368,ORD-7368,SEL-001,REFERRAL_AND_FBA,260.0,2026-09-08 02:36:32
FEE-13369,ORD-7369,SEL-001,REFERRAL_AND_FBA,154.16,2026-09-08 02:45:19
FEE-13370,ORD-7370,SEL-001,REFERRAL_AND_FBA,629.82,2026-09-08 02:53:43
FEE-13371,ORD-7371,SEL-001,REFERRAL_AND_FBA,608.51,2026-09-08 03:02:33
FEE-13372,ORD-7372,SEL-001,REFERRAL_AND_FBA,505.62,2026-09-08 03:11:02
FEE-13373,ORD-7373,SEL-001,REFERRAL_AND_FBA,219.26,2026-09-08 03:19:30
FEE-13374,ORD-7374,SEL-001,REFERRAL_AND_FBA,651.18,2026-09-08 03:28:02
FEE-13375,ORD-7375,SEL-001,REFERRAL_AND_FBA,234.8,2026-09-08 03:36:13
FEE-13376,ORD-7376,SEL-001,REFERRAL_AND_FBA,151.63,2026-09-08 03:44:48
FEE-13377,ORD-7377,SEL-001,REFERRAL_AND_FBA,834.65,2026-09-08 03:53:25
FEE-13378,ORD-7378,SEL-001,REFERRAL_AND_FBA,226.06,2026-09-08 04:01:57
FEE-13379,ORD-7379,SEL-001,REFERRAL_AND_FBA,895.11,2026-09-08 04:10:43
FEE-13380,ORD-7380,SEL-001,REFERRAL_AND_FBA,477.38,2026-09-08 04:19:18
FEE-13381,ORD-7381,SEL-001,REFERRAL_AND_FBA,143.37,2026-09-08 04:27:33
FEE-13382,ORD-7382,SEL-001,REFERRAL_AND_FBA,361.63,2026-09-08 04:36:15
FEE-13383,ORD-7383,SEL-001,REFERRAL_AND_FBA,220.0,2026-09-08 04:44:45
FEE-13384,ORD-7384,SEL-001,REFERRAL_AND_FBA,227.0,2026-09-08 04:53:11
FEE-13385,ORD-7385,SEL-001,REFERRAL_AND_FBA,651.18,2026-09-08 05:01:50
FEE-13386,ORD-7386,SEL-001,REFERRAL_AND_FBA,231.88,2026-09-08 05:10:09
FEE-13387,ORD-7387,SEL-001,REFERRAL_AND_FBA,143.37,2026-09-08 05:18:58
FEE-13388,ORD-7388,SEL-001,REFERRAL_AND_FBA,537.56,2026-09-08 05:27:29
FEE-13389,ORD-7389,SEL-001,REFERRAL_AND_FBA,557.32,2026-09-08 05:36:05
FEE-13390,ORD-7390,SEL-001,REFERRAL_AND_FBA,276.99,2026-09-08 05:44:15
FEE-13391,ORD-7391,SEL-001,REFERRAL_AND_FBA,447.56,2026-09-08 05:53:15
FEE-13392,ORD-7392,SEL-001,REFERRAL_AND_FBA,621.25,2026-09-08 06:01:29
FEE-13393,ORD-7393,SEL-001,REFERRAL_AND_FBA,108.45,2026-09-08 06:10:05
FEE-13394,ORD-7394,SEL-001,REFERRAL_AND_FBA,403.2,2026-09-08 06:18:42
FEE-13395,ORD-7395,SEL-001,REFERRAL_AND_FBA,429.81,2026-09-08 06:27:17
FEE-13396,ORD-7396,SEL-001,REFERRAL_AND_FBA,344.72,2026-09-08 06:35:25
FEE-13397,ORD-7397,SEL-001,REFERRAL_AND_FBA,689.43,2026-09-08 06:44:27
FEE-13398,ORD-7398,SEL-001,REFERRAL_AND_FBA,523.9,2026-09-08 06:52:51
FEE-13399,ORD-7399,SEL-001,REFERRAL_AND_FBA,500.5,2026-09-08 07:01:07
FEE-13400,ORD-7400,SEL-001,REFERRAL_AND_FBA,895.11,2026-09-08 07:09:39
FEE-13401,ORD-7401,SEL-001,REFERRAL_AND_FBA,468.16,2026-09-08 07:18:28
FEE-13402,ORD-7402,SEL-001,REFERRAL_AND_FBA,133.0,2026-09-08 07:26:48
FEE-13403,ORD-7403,SEL-001,REFERRAL_AND_FBA,587.2,2026-09-08 07:35:26
FEE-13404,ORD-7404,SEL-001,REFERRAL_AND_FBA,309.41,2026-09-08 07:43:54
FEE-13405,ORD-7405,SEL-001,REFERRAL_AND_FBA,108.45,2026-09-08 07:52:15
FEE-13406,ORD-7406,SEL-001,REFERRAL_AND_FBA,429.81,2026-09-08 08:01:14
FEE-13407,ORD-7407,SEL-001,REFERRAL_AND_FBA,226.06,2026-09-08 08:09:34
FEE-13408,ORD-7408,SEL-001,REFERRAL_AND_FBA,664.86,2026-09-08 08:18:16
FEE-13409,ORD-7409,SEL-001,REFERRAL_AND_FBA,500.13,2026-09-08 08:26:45
FEE-13410,ORD-7410,SEL-001,REFERRAL_AND_FBA,868.69,2026-09-08 08:35:23
FEE-13411,ORD-7411,SEL-001,REFERRAL_AND_FBA,150.46,2026-09-08 08:43:29
FEE-13412,ORD-7412,SEL-001,REFERRAL_AND_FBA,225.93,2026-09-08 08:52:25
FEE-13413,ORD-7413,SEL-001,REFERRAL_AND_FBA,702.72,2026-09-08 09:00:37
FEE-13414,ORD-7414,SEL-001,REFERRAL_AND_FBA,727.53,2026-09-08 09:09:30
FEE-13415,ORD-7415,SEL-001,REFERRAL_AND_FBA,218.83,2026-09-08 09:17:43
FEE-13416,ORD-7416,SEL-001,REFERRAL_AND_FBA,151.63,2026-09-08 09:26:22
FEE-13417,ORD-7417,SEL-001,REFERRAL_AND_FBA,587.2,2026-09-08 09:35:05
FEE-13418,ORD-7418,SEL-001,REFERRAL_AND_FBA,728.43,2026-09-08 09:43:10
FEE-13419,ORD-7419,SEL-001,REFERRAL_AND_FBA,553.97,2026-09-08 09:51:52
FEE-13420,ORD-7420,SEL-001,REFERRAL_AND_FBA,151.63,2026-09-08 10:00:34
FEE-13421,ORD-7421,SEL-001,REFERRAL_AND_FBA,1423.12,2026-09-08 10:09:02
FEE-13422,ORD-7422,SEL-001,REFERRAL_AND_FBA,150.46,2026-09-08 10:17:23
FEE-13423,ORD-7423,SEL-001,REFERRAL_AND_FBA,671.56,2026-09-08 10:26:08
FEE-13424,ORD-7424,SEL-001,REFERRAL_AND_FBA,133.0,2026-09-08 10:34:27
FEE-13425,ORD-7425,SEL-001,REFERRAL_AND_FBA,393.34,2026-09-08 10:43:01
FEE-13426,ORD-7426,SEL-001,REFERRAL_AND_FBA,121.71,2026-09-08 10:51:51
FEE-13427,ORD-7427,SEL-001,REFERRAL_AND_FBA,361.63,2026-09-08 11:00:09
FEE-13428,ORD-7428,SEL-001,REFERRAL_AND_FBA,220.0,2026-09-08 11:08:46
FEE-13429,ORD-7429,SEL-001,REFERRAL_AND_FBA,122.54,2026-09-08 11:17:16
FEE-13430,ORD-7430,SEL-001,REFERRAL_AND_FBA,541.66,2026-09-08 11:25:52
FEE-13431,ORD-7431,SEL-001,REFERRAL_AND_FBA,220.0,2026-09-08 11:34:21
FEE-13432,ORD-7432,SEL-001,REFERRAL_AND_FBA,151.63,2026-09-08 11:42:45
FEE-13433,ORD-7433,SEL-001,REFERRAL_AND_FBA,156.89,2026-09-08 11:51:22
FEE-13434,ORD-7434,SEL-001,REFERRAL_AND_FBA,465.17,2026-09-08 11:59:55
FEE-13435,ORD-7435,SEL-001,REFERRAL_AND_FBA,557.7,2026-09-08 12:08:37
FEE-13436,ORD-7436,SEL-001,REFERRAL_AND_FBA,108.45,2026-09-08 12:16:47
FEE-13437,ORD-7437,SEL-001,REFERRAL_AND_FBA,510.34,2026-09-08 12:25:48
FEE-13438,ORD-7438,SEL-001,REFERRAL_AND_FBA,196.67,2026-09-08 12:34:20
FEE-13439,ORD-7439,SEL-001,REFERRAL_AND_FBA,770.04,2026-09-08 12:42:29
FEE-13440,ORD-7440,SEL-001,REFERRAL_AND_FBA,632.78,2026-09-08 12:50:59
FEE-13441,ORD-7441,SEL-001,REFERRAL_AND_FBA,201.6,2026-09-08 12:59:36
FEE-13442,ORD-7442,SEL-001,REFERRAL_AND_FBA,220.0,2026-09-08 13:08:19
FEE-13443,ORD-7443,SEL-001,REFERRAL_AND_FBA,154.16,2026-09-08 13:16:38
FEE-13444,ORD-7444,SEL-001,REFERRAL_AND_FBA,293.6,2026-09-08 13:25:19
FEE-13445,ORD-7445,SEL-001,REFERRAL_AND_FBA,597.45,2026-09-08 13:33:58
FEE-13446,ORD-7446,SEL-001,REFERRAL_AND_FBA,328.49,2026-09-08 13:42:34
FEE-13447,ORD-7447,SEL-001,REFERRAL_AND_FBA,506.8,2026-09-08 13:51:09
FEE-13448,ORD-7448,SEL-001,REFERRAL_AND_FBA,557.32,2026-09-08 13:59:27
FEE-13449,ORD-7449,SEL-001,REFERRAL_AND_FBA,444.43,2026-09-08 14:08:00
FEE-13450,ORD-7450,SEL-001,REFERRAL_AND_FBA,96.64,2026-09-08 14:16:45
FEE-13451,ORD-7451,SEL-001,REFERRAL_AND_FBA,1047.79,2026-09-08 14:25:07
FEE-13452,ORD-7452,SEL-001,REFERRAL_AND_FBA,879.8,2026-09-08 14:33:29
FEE-13453,ORD-7453,SEL-001,REFERRAL_AND_FBA,238.52,2026-09-08 14:42:20
FEE-13454,ORD-7454,SEL-001,REFERRAL_AND_FBA,985.0,2026-09-08 14:50:38
FEE-13455,ORD-7455,SEL-001,REFERRAL_AND_FBA,497.75,2026-09-08 14:59:10
FEE-13456,ORD-7456,SEL-001,REFERRAL_AND_FBA,500.13,2026-09-08 15:07:52
FEE-13457,ORD-7457,SEL-001,REFERRAL_AND_FBA,526.37,2026-09-08 15:16:30
FEE-13458,ORD-7458,SEL-001,REFERRAL_AND_FBA,260.0,2026-09-08 15:25:02
FEE-13459,ORD-7459,SEL-001,REFERRAL_AND_FBA,528.94,2026-09-08 15:33:30
FEE-13460,ORD-7460,SEL-001,REFERRAL_AND_FBA,434.35,2026-09-08 15:41:41
FEE-13461,ORD-7461,SEL-001,REFERRAL_AND_FBA,344.72,2026-09-08 15:50:16
FEE-13462,ORD-7462,SEL-001,REFERRAL_AND_FBA,240.9,2026-09-08 15:59:10
FEE-13463,ORD-7463,SEL-001,REFERRAL_AND_FBA,727.53,2026-09-08 16:07:26
FEE-13464,ORD-7464,SEL-001,REFERRAL_AND_FBA,712.86,2026-09-08 16:16:06
FEE-13465,ORD-7465,SEL-001,REFERRAL_AND_FBA,930.35,2026-09-08 16:24:20
FEE-13466,ORD-7466,SEL-001,REFERRAL_AND_FBA,333.82,2026-09-08 16:32:59
FEE-13467,ORD-7467,SEL-001,REFERRAL_AND_FBA,664.86,2026-09-08 16:41:23
FEE-13468,ORD-7468,SEL-001,REFERRAL_AND_FBA,434.35,2026-09-08 16:50:06
FEE-13469,ORD-7469,SEL-001,REFERRAL_AND_FBA,227.0,2026-09-08 16:58:37
FEE-13470,ORD-7470,SEL-001,REFERRAL_AND_FBA,122.54,2026-09-08 17:07:19
FEE-13471,ORD-7471,SEL-001,REFERRAL_AND_FBA,238.52,2026-09-08 17:15:41
FEE-13472,ORD-7472,SEL-001,REFERRAL_AND_FBA,240.9,2026-09-08 17:24:24
FEE-13473,ORD-7473,SEL-001,REFERRAL_AND_FBA,1302.37,2026-09-08 17:32:58
FEE-13474,ORD-7474,SEL-001,REFERRAL_AND_FBA,335.78,2026-09-08 17:41:24
FEE-13475,ORD-7475,SEL-001,REFERRAL_AND_FBA,417.32,2026-09-08 17:50:01
FEE-13476,ORD-7476,SEL-001,REFERRAL_AND_FBA,689.62,2026-09-08 17:58:14
FEE-13477,ORD-7477,SEL-001,REFERRAL_AND_FBA,227.0,2026-09-08 18:06:52
FEE-13478,ORD-7478,SEL-001,REFERRAL_AND_FBA,1115.41,2026-09-08 18:15:37
FEE-13479,ORD-7479,SEL-001,REFERRAL_AND_FBA,227.0,2026-09-08 18:23:56
FEE-13480,ORD-7480,SEL-001,REFERRAL_AND_FBA,505.62,2026-09-08 18:32:34
FEE-13481,ORD-7481,SEL-001,REFERRAL_AND_FBA,108.45,2026-09-08 18:40:55
FEE-13482,ORD-7482,SEL-001,REFERRAL_AND_FBA,234.8,2026-09-08 18:49:33
FEE-13483,ORD-7483,SEL-001,REFERRAL_AND_FBA,641.84,2026-09-08 18:58:01
FEE-13484,ORD-7484,SEL-001,REFERRAL_AND_FBA,447.56,2026-09-08 19:06:32
FEE-13485,ORD-7485,SEL-001,REFERRAL_AND_FBA,414.66,2026-09-08 19:15:06
FEE-13486,ORD-7486,SEL-001,REFERRAL_AND_FBA,497.75,2026-09-08 19:24:00
FEE-13487,ORD-7487,SEL-001,REFERRAL_AND_FBA,675.52,2026-09-08 19:32:10
FEE-13488,ORD-7488,SEL-001,REFERRAL_AND_FBA,414.66,2026-09-08 19:40:59
FEE-13489,ORD-7489,SEL-001,REFERRAL_AND_FBA,234.8,2026-09-08 19:49:13
FEE-13490,ORD-7490,SEL-001,REFERRAL_AND_FBA,632.78,2026-09-08 19:57:56
FEE-13491,ORD-7491,SEL-001,REFERRAL_AND_FBA,439.9,2026-09-08 20:06:11
FEE-13492,ORD-7492,SEL-001,REFERRAL_AND_FBA,641.84,2026-09-08 20:14:48
FEE-13493,ORD-7493,SEL-001,REFERRAL_AND_FBA,693.61,2026-09-08 20:23:25
FEE-13494,ORD-7494,SEL-001,REFERRAL_AND_FBA,522.72,2026-09-08 20:32:14
FEE-13495,ORD-7495,SEL-001,REFERRAL_AND_FBA,481.81,2026-09-08 20:40:45
FEE-13496,ORD-7496,SEL-001,REFERRAL_AND_FBA,500.5,2026-09-08 20:48:56
FEE-13497,ORD-7497,SEL-001,REFERRAL_AND_FBA,261.36,2026-09-08 20:57:43
FEE-13498,ORD-7498,SEL-001,REFERRAL_AND_FBA,309.41,2026-09-08 21:06:15
FEE-13499,ORD-7499,SEL-001,REFERRAL_AND_FBA,689.62,2026-09-08 21:14:26
FEE-13500,ORD-7500,SEL-001,REFERRAL_AND_FBA,260.0,2026-09-08 21:23:15
FEE-13501,ORD-7501,SEL-001,REFERRAL_AND_FBA,238.52,2026-09-08 21:31:32
FEE-13502,ORD-7502,SEL-001,REFERRAL_AND_FBA,539.42,2026-09-08 21:40:08
FEE-13503,ORD-7503,SEL-001,REFERRAL_AND_FBA,510.34,2026-09-08 21:49:00
FEE-13504,ORD-7504,SEL-001,REFERRAL_AND_FBA,226.06,2026-09-08 21:57:29
FEE-13505,ORD-7505,SEL-001,REFERRAL_AND_FBA,608.51,2026-09-08 22:05:40
FEE-13506,ORD-7506,SEL-001,REFERRAL_AND_FBA,1455.06,2026-09-08 22:14:32
FEE-13507,ORD-7507,SEL-001,REFERRAL_AND_FBA,361.63,2026-09-08 22:23:08
FEE-13508,ORD-7508,SEL-001,REFERRAL_AND_FBA,434.35,2026-09-08 22:31:38
FEE-13509,ORD-7509,SEL-001,REFERRAL_AND_FBA,143.37,2026-09-08 22:40:01
FEE-13510,ORD-7510,SEL-001,REFERRAL_AND_FBA,1115.41,2026-09-08 22:48:26
FEE-13511,ORD-7511,SEL-001,REFERRAL_AND_FBA,234.8,2026-09-08 22:57:13
FEE-13512,ORD-7512,SEL-001,REFERRAL_AND_FBA,500.13,2026-09-08 23:05:38
FEE-13513,ORD-7513,SEL-001,REFERRAL_AND_FBA,325.08,2026-09-08 23:14:21
FEE-13514,ORD-7514,SEL-001,REFERRAL_AND_FBA,234.8,2026-09-08 23:22:46
FEE-13515,ORD-7515,SEL-001,REFERRAL_AND_FBA,562.0,2026-09-08 23:31:10
FEE-13516,ORD-7516,SEL-001,REFERRAL_AND_FBA,151.63,2026-09-08 23:39:31
FEE-13517,ORD-7517,SEL-001,REFERRAL_AND_FBA,309.41,2026-09-08 23:48:32
FEE-13518,ORD-7518,SEL-001,REFERRAL_AND_FBA,361.63,2026-09-08 23:56:48
FEE-13519,ORD-7519,SEL-001,REFERRAL_AND_FBA,334.4,2026-09-09 00:05:15
FEE-13520,ORD-7520,SEL-001,REFERRAL_AND_FBA,414.66,2026-09-09 00:14:09
FEE-13521,ORD-7521,SEL-001,REFERRAL_AND_FBA,122.54,2026-09-09 00:22:23
FEE-13522,ORD-7522,SEL-001,REFERRAL_AND_FBA,468.16,2026-09-09 00:30:46
FEE-13523,ORD-7523,SEL-001,REFERRAL_AND_FBA,293.11,2026-09-09 00:39:42
FEE-13524,ORD-7524,SEL-001,REFERRAL_AND_FBA,333.82,2026-09-09 00:47:56
FEE-13525,ORD-7525,SEL-001,REFERRAL_AND_FBA,505.62,2026-09-09 00:56:45
FEE-13526,ORD-7526,SEL-001,REFERRAL_AND_FBA,500.5,2026-09-09 01:05:19
FEE-13527,ORD-7527,SEL-001,REFERRAL_AND_FBA,121.71,2026-09-09 01:13:43
FEE-13528,ORD-7528,SEL-001,REFERRAL_AND_FBA,444.43,2026-09-09 01:22:18
FEE-13529,ORD-7529,SEL-001,REFERRAL_AND_FBA,220.0,2026-09-09 01:30:56
FEE-13530,ORD-7530,SEL-001,REFERRAL_AND_FBA,1456.86,2026-09-09 01:39:15
FEE-13531,ORD-7531,SEL-001,REFERRAL_AND_FBA,434.35,2026-09-09 01:47:44
FEE-13532,ORD-7532,SEL-001,REFERRAL_AND_FBA,587.2,2026-09-09 01:56:22
FEE-13533,ORD-7533,SEL-001,REFERRAL_AND_FBA,434.35,2026-09-09 02:05:02
FEE-13534,ORD-7534,SEL-001,REFERRAL_AND_FBA,712.86,2026-09-09 02:13:22
FEE-13535,ORD-7535,SEL-001,REFERRAL_AND_FBA,535.66,2026-09-09 02:21:58
FEE-13536,ORD-7536,SEL-001,REFERRAL_AND_FBA,728.43,2026-09-09 02:30:33
FEE-13537,ORD-7537,SEL-001,REFERRAL_AND_FBA,220.0,2026-09-09 02:39:08
FEE-13538,ORD-7538,SEL-001,REFERRAL_AND_FBA,147.92,2026-09-09 02:47:26
FEE-13539,ORD-7539,SEL-001,REFERRAL_AND_FBA,879.8,2026-09-09 02:56:17
FEE-13540,ORD-7540,SEL-001,REFERRAL_AND_FBA,218.83,2026-09-09 03:04:27
FEE-13541,ORD-7541,SEL-001,REFERRAL_AND_FBA,557.7,2026-09-09 03:12:56
FEE-13542,ORD-7542,SEL-001,REFERRAL_AND_FBA,232.32,2026-09-09 03:21:40
FEE-13543,ORD-7543,SEL-001,REFERRAL_AND_FBA,447.56,2026-09-09 03:30:02
FEE-13544,ORD-7544,SEL-001,REFERRAL_AND_FBA,528.94,2026-09-09 03:38:28
FEE-13545,ORD-7545,SEL-001,REFERRAL_AND_FBA,328.49,2026-09-09 03:47:01
FEE-13546,ORD-7546,SEL-001,REFERRAL_AND_FBA,712.86,2026-09-09 03:56:00
FEE-13547,ORD-7547,SEL-001,REFERRAL_AND_FBA,112.96,2026-09-09 04:04:19
FEE-13548,ORD-7548,SEL-001,REFERRAL_AND_FBA,702.72,2026-09-09 04:12:53
FEE-13549,ORD-7549,SEL-001,REFERRAL_AND_FBA,196.67,2026-09-09 04:21:25
FEE-13550,ORD-7550,SEL-001,REFERRAL_AND_FBA,232.32,2026-09-09 04:29:51
FEE-13551,ORD-7551,SEL-001,REFERRAL_AND_FBA,309.41,2026-09-09 04:38:21
FEE-13552,ORD-7552,SEL-001,REFERRAL_AND_FBA,526.37,2026-09-09 04:46:51
FEE-13553,ORD-7553,SEL-001,REFERRAL_AND_FBA,557.7,2026-09-09 04:55:42
FEE-13554,ORD-7554,SEL-001,REFERRAL_AND_FBA,541.66,2026-09-09 05:04:02
FEE-13555,ORD-7555,SEL-001,REFERRAL_AND_FBA,1425.72,2026-09-09 05:12:29
FEE-13556,ORD-7556,SEL-001,REFERRAL_AND_FBA,133.0,2026-09-09 05:21:14
FEE-13557,ORD-7557,SEL-001,REFERRAL_AND_FBA,196.67,2026-09-09 05:29:30
FEE-13558,ORD-7558,SEL-001,REFERRAL_AND_FBA,237.79,2026-09-09 05:37:57
FEE-13559,ORD-7559,SEL-001,REFERRAL_AND_FBA,240.9,2026-09-09 05:46:53
FEE-13560,ORD-7560,SEL-001,REFERRAL_AND_FBA,1351.05,2026-09-09 05:55:21
FEE-13561,ORD-7561,SEL-001,REFERRAL_AND_FBA,535.66,2026-09-09 06:03:45
FEE-13562,ORD-7562,SEL-001,REFERRAL_AND_FBA,328.49,2026-09-09 06:12:10
FEE-13563,ORD-7563,SEL-001,REFERRAL_AND_FBA,260.0,2026-09-09 06:20:44
FEE-13564,ORD-7564,SEL-001,REFERRAL_AND_FBA,147.92,2026-09-09 06:29:17
FEE-13565,ORD-7565,SEL-001,REFERRAL_AND_FBA,439.9,2026-09-09 06:37:47
FEE-13566,ORD-7566,SEL-001,REFERRAL_AND_FBA,454.0,2026-09-09 06:46:32
FEE-13567,ORD-7567,SEL-001,REFERRAL_AND_FBA,231.88,2026-09-09 06:54:45
FEE-13568,ORD-7568,SEL-001,REFERRAL_AND_FBA,834.65,2026-09-09 07:03:40
FEE-13569,ORD-7569,SEL-001,REFERRAL_AND_FBA,486.81,2026-09-09 07:11:54
FEE-13570,ORD-7570,SEL-001,REFERRAL_AND_FBA,295.85,2026-09-09 07:20:44
FEE-13571,ORD-7571,SEL-001,REFERRAL_AND_FBA,303.25,2026-09-09 07:29:10
FEE-13572,ORD-7572,SEL-001,REFERRAL_AND_FBA,403.2,2026-09-09 07:37:50
FEE-13573,ORD-7573,SEL-001,REFERRAL_AND_FBA,712.86,2026-09-09 07:46:14
FEE-13574,ORD-7574,SEL-001,REFERRAL_AND_FBA,219.26,2026-09-09 07:54:51
FEE-13575,ORD-7575,SEL-001,REFERRAL_AND_FBA,232.32,2026-09-09 08:03:07
FEE-13576,ORD-7576,SEL-001,REFERRAL_AND_FBA,220.0,2026-09-09 08:11:38
FEE-13577,ORD-7577,SEL-001,REFERRAL_AND_FBA,240.9,2026-09-09 08:20:09
FEE-13578,ORD-7578,SEL-001,REFERRAL_AND_FBA,238.52,2026-09-09 08:28:51
FEE-13579,ORD-7579,SEL-001,REFERRAL_AND_FBA,607.04,2026-09-09 08:37:38
FEE-13580,ORD-7580,SEL-001,REFERRAL_AND_FBA,261.36,2026-09-09 08:46:00
FEE-13581,ORD-7581,SEL-001,REFERRAL_AND_FBA,219.26,2026-09-09 08:54:37
FEE-13582,ORD-7582,SEL-001,REFERRAL_AND_FBA,629.82,2026-09-09 09:03:12
FEE-13583,ORD-7583,SEL-001,REFERRAL_AND_FBA,541.66,2026-09-09 09:11:21
FEE-13584,ORD-7584,SEL-001,REFERRAL_AND_FBA,226.06,2026-09-09 09:19:54
FEE-13585,ORD-7585,SEL-001,REFERRAL_AND_FBA,440.0,2026-09-09 09:28:51
FEE-13586,ORD-7586,SEL-001,REFERRAL_AND_FBA,143.37,2026-09-09 09:37:23
FEE-13587,ORD-7587,SEL-001,REFERRAL_AND_FBA,121.71,2026-09-09 09:45:55
FEE-13588,ORD-7588,SEL-001,REFERRAL_AND_FBA,233.03,2026-09-09 09:53:59
FEE-13589,ORD-7589,SEL-001,REFERRAL_AND_FBA,429.81,2026-09-09 10:02:55
FEE-13590,ORD-7590,SEL-001,REFERRAL_AND_FBA,1302.37,2026-09-09 10:11:32
FEE-13591,ORD-7591,SEL-001,REFERRAL_AND_FBA,151.63,2026-09-09 10:20:03
FEE-13592,ORD-7592,SEL-001,REFERRAL_AND_FBA,607.04,2026-09-09 10:28:16
FEE-13593,ORD-7593,SEL-001,REFERRAL_AND_FBA,122.54,2026-09-09 10:36:40
FEE-13594,ORD-7594,SEL-001,REFERRAL_AND_FBA,263.19,2026-09-09 10:45:22
FEE-13595,ORD-7595,SEL-001,REFERRAL_AND_FBA,868.69,2026-09-09 10:54:06
FEE-13596,ORD-7596,SEL-001,REFERRAL_AND_FBA,702.72,2026-09-09 11:02:18
FEE-13597,ORD-7597,SEL-001,REFERRAL_AND_FBA,439.9,2026-09-09 11:11:00
FEE-13598,ORD-7598,SEL-001,REFERRAL_AND_FBA,606.21,2026-09-09 11:19:26
FEE-13599,ORD-7599,SEL-001,REFERRAL_AND_FBA,267.83,2026-09-09 11:27:59
FEE-13600,ORD-7600,SEL-001,REFERRAL_AND_FBA,608.51,2026-09-09 11:36:27
FEE-13601,ORD-7601,SEL-001,REFERRAL_AND_FBA,722.95,2026-09-09 11:45:07
FEE-13602,ORD-7602,SEL-001,REFERRAL_AND_FBA,702.72,2026-09-09 11:53:57
FEE-13603,ORD-7603,SEL-001,REFERRAL_AND_FBA,147.92,2026-09-09 12:02:28
FEE-13604,ORD-7604,SEL-001,REFERRAL_AND_FBA,621.25,2026-09-09 12:10:41
FEE-13605,ORD-7605,SEL-001,REFERRAL_AND_FBA,505.62,2026-09-09 12:19:13
FEE-13606,ORD-7606,SEL-001,REFERRAL_AND_FBA,664.86,2026-09-09 12:27:48
FEE-13607,ORD-7607,SEL-001,REFERRAL_AND_FBA,727.53,2026-09-09 12:36:36
FEE-13608,ORD-7608,SEL-001,REFERRAL_AND_FBA,143.37,2026-09-09 12:44:56
FEE-13609,ORD-7609,SEL-001,REFERRAL_AND_FBA,234.8,2026-09-09 12:53:36
FEE-13610,ORD-7610,SEL-001,REFERRAL_AND_FBA,334.4,2026-09-09 13:01:45
FEE-13611,ORD-7611,SEL-001,REFERRAL_AND_FBA,429.81,2026-09-09 13:10:37
FEE-13612,ORD-7612,SEL-001,REFERRAL_AND_FBA,154.16,2026-09-09 13:19:06
FEE-13613,ORD-7613,SEL-001,REFERRAL_AND_FBA,1456.86,2026-09-09 13:27:21
FEE-13614,ORD-7614,SEL-001,REFERRAL_AND_FBA,238.52,2026-09-09 13:36:13
FEE-13615,ORD-7615,SEL-001,REFERRAL_AND_FBA,260.0,2026-09-09 13:44:40
FEE-13616,ORD-7616,SEL-001,REFERRAL_AND_FBA,727.53,2026-09-09 13:52:57
FEE-9912,ORD-5520,SEL-001,FBA_LONG_TERM_STORAGE,4200.0,2026-09-09 14:00:00
FEE-13617,ORD-7617,SEL-001,REFERRAL_AND_FBA,307.08,2026-09-09 14:01:30
FEE-9913,ORD-5520,SEL-001,FBA_LONG_TERM_STORAGE,4200.0,2026-09-09 14:02:30
FEE-13618,ORD-7618,SEL-001,REFERRAL_AND_FBA,220.0,2026-09-09 14:10:09
FEE-13619,ORD-7619,SEL-001,REFERRAL_AND_FBA,651.18,2026-09-09 14:18:55
FEE-13620,ORD-7620,SEL-001,REFERRAL_AND_FBA,347.12,2026-09-09 14:27:05
FEE-13621,ORD-7621,SEL-001,REFERRAL_AND_FBA,1212.42,2026-09-09 14:35:53
FEE-13622,ORD-7622,SEL-001,REFERRAL_AND_FBA,151.63,2026-09-09 14:44:10
FEE-13623,ORD-7623,SEL-001,REFERRAL_AND_FBA,335.78,2026-09-09 14:53:10
FEE-13624,ORD-7624,SEL-001,REFERRAL_AND_FBA,1425.72,2026-09-09 15:01:25
FEE-13625,ORD-7625,SEL-001,REFERRAL_AND_FBA,486.81,2026-09-09 15:10:07
FEE-13626,ORD-7626,SEL-001,REFERRAL_AND_FBA,328.49,2026-09-09 15:18:25
FEE-13627,ORD-7627,SEL-001,REFERRAL_AND_FBA,641.84,2026-09-09 15:26:52
FEE-13628,ORD-7628,SEL-001,REFERRAL_AND_FBA,429.81,2026-09-09 15:35:34
FEE-13629,ORD-7629,SEL-001,REFERRAL_AND_FBA,226.06,2026-09-09 15:44:07
FEE-13630,ORD-7630,SEL-001,REFERRAL_AND_FBA,728.43,2026-09-09 15:52:44
FEE-13631,ORD-7631,SEL-001,REFERRAL_AND_FBA,385.02,2026-09-09 16:01:22
FEE-13632,ORD-7632,SEL-001,REFERRAL_AND_FBA,1283.67,2026-09-09 16:09:45
FEE-13633,ORD-7633,SEL-001,REFERRAL_AND_FBA,693.61,2026-09-09 16:18:27
FEE-13634,ORD-7634,SEL-001,REFERRAL_AND_FBA,505.62,2026-09-09 16:26:35
FEE-13635,ORD-7635,SEL-001,REFERRAL_AND_FBA,608.51,2026-09-09 16:35:11
FEE-13636,ORD-7636,SEL-001,REFERRAL_AND_FBA,220.0,2026-09-09 16:43:55
FEE-13637,ORD-7637,SEL-001,REFERRAL_AND_FBA,510.34,2026-09-09 16:52:21
FEE-13638,ORD-7638,SEL-001,REFERRAL_AND_FBA,439.9,2026-09-09 17:01:06
FEE-13639,ORD-7639,SEL-001,REFERRAL_AND_FBA,468.16,2026-09-09 17:09:39
FEE-13640,ORD-7640,SEL-001,REFERRAL_AND_FBA,233.03,2026-09-09 17:18:05
FEE-13641,ORD-7641,SEL-001,REFERRAL_AND_FBA,154.16,2026-09-09 17:26:21
FEE-13642,ORD-7642,SEL-001,REFERRAL_AND_FBA,1322.53,2026-09-09 17:35:11
FEE-13643,ORD-7643,SEL-001,REFERRAL_AND_FBA,1001.0,2026-09-09 17:43:23
FEE-13644,ORD-7644,SEL-001,REFERRAL_AND_FBA,528.94,2026-09-09 17:52:09
FEE-13645,ORD-7645,SEL-001,REFERRAL_AND_FBA,497.75,2026-09-09 18:00:50
FEE-13646,ORD-7646,SEL-001,REFERRAL_AND_FBA,664.86,2026-09-09 18:09:07
FEE-13647,ORD-7647,SEL-001,REFERRAL_AND_FBA,557.32,2026-09-09 18:17:58
FEE-13648,ORD-7648,SEL-001,REFERRAL_AND_FBA,237.79,2026-09-09 18:26:01
FEE-13649,ORD-7649,SEL-001,REFERRAL_AND_FBA,723.32,2026-09-09 18:35:02
FEE-13650,ORD-7650,SEL-001,REFERRAL_AND_FBA,303.25,2026-09-09 18:43:13
FEE-13651,ORD-7651,SEL-001,REFERRAL_AND_FBA,220.0,2026-09-09 18:51:42
FEE-13652,ORD-7652,SEL-001,REFERRAL_AND_FBA,557.7,2026-09-09 19:00:22
FEE-13653,ORD-7653,SEL-001,REFERRAL_AND_FBA,728.43,2026-09-09 19:08:43
FEE-13654,ORD-7654,SEL-001,REFERRAL_AND_FBA,156.89,2026-09-09 19:17:28
FEE-13655,ORD-7655,SEL-001,REFERRAL_AND_FBA,1302.37,2026-09-09 19:25:48
FEE-13656,ORD-7656,SEL-001,REFERRAL_AND_FBA,220.0,2026-09-09 19:34:48
FEE-13657,ORD-7657,SEL-001,REFERRAL_AND_FBA,263.19,2026-09-09 19:42:53
FEE-13658,ORD-7658,SEL-001,REFERRAL_AND_FBA,309.41,2026-09-09 19:51:42
FEE-13659,ORD-7659,SEL-001,REFERRAL_AND_FBA,689.62,2026-09-09 20:00:10
FEE-13660,ORD-7660,SEL-001,REFERRAL_AND_FBA,510.34,2026-09-09 20:08:31
FEE-13661,ORD-7661,SEL-001,REFERRAL_AND_FBA,263.19,2026-09-09 20:17:06
FEE-13662,ORD-7662,SEL-001,REFERRAL_AND_FBA,770.04,2026-09-09 20:25:59
FEE-13663,ORD-7663,SEL-001,REFERRAL_AND_FBA,220.0,2026-09-09 20:34:17
FEE-13664,ORD-7664,SEL-001,REFERRAL_AND_FBA,465.17,2026-09-09 20:42:50
FEE-13665,ORD-7665,SEL-001,REFERRAL_AND_FBA,240.9,2026-09-09 20:51:24
FEE-13666,ORD-7666,SEL-001,REFERRAL_AND_FBA,385.02,2026-09-09 20:59:38
FEE-13667,ORD-7667,SEL-001,REFERRAL_AND_FBA,921.12,2026-09-09 21:08:13
FEE-13668,ORD-7668,SEL-001,REFERRAL_AND_FBA,500.13,2026-09-09 21:16:48
FEE-13669,ORD-7669,SEL-001,REFERRAL_AND_FBA,439.9,2026-09-09 21:25:42
FEE-13670,ORD-7670,SEL-001,REFERRAL_AND_FBA,233.03,2026-09-09 21:33:46
FEE-13671,ORD-7671,SEL-001,REFERRAL_AND_FBA,702.72,2026-09-09 21:42:32
FEE-13672,ORD-7672,SEL-001,REFERRAL_AND_FBA,608.51,2026-09-09 21:51:04
FEE-13673,ORD-7673,SEL-001,REFERRAL_AND_FBA,607.04,2026-09-09 21:59:41
FEE-13674,ORD-7674,SEL-001,REFERRAL_AND_FBA,523.9,2026-09-09 22:08:08
FEE-13675,ORD-7675,SEL-001,REFERRAL_AND_FBA,143.37,2026-09-09 22:16:29
FEE-13676,ORD-7676,SEL-001,REFERRAL_AND_FBA,541.66,2026-09-09 22:25:23
FEE-13677,ORD-7677,SEL-001,REFERRAL_AND_FBA,661.26,2026-09-09 22:33:45
FEE-13678,ORD-7678,SEL-001,REFERRAL_AND_FBA,468.16,2026-09-09 22:42:31
FEE-13679,ORD-7679,SEL-001,REFERRAL_AND_FBA,286.74,2026-09-09 22:50:35
FEE-13680,ORD-7680,SEL-001,REFERRAL_AND_FBA,263.19,2026-09-09 22:59:36
FEE-13681,ORD-7681,SEL-001,REFERRAL_AND_FBA,111.5,2026-09-09 23:07:39
FEE-13682,ORD-7682,SEL-001,REFERRAL_AND_FBA,497.75,2026-09-09 23:16:13
FEE-13683,ORD-7683,SEL-001,REFERRAL_AND_FBA,477.38,2026-09-09 23:24:49
FEE-13684,ORD-7684,SEL-001,REFERRAL_AND_FBA,300.91,2026-09-09 23:33:33
FEE-13685,ORD-7685,SEL-001,REFERRAL_AND_FBA,150.46,2026-09-09 23:42:03
FEE-13686,ORD-7686,SEL-001,REFERRAL_AND_FBA,295.85,2026-09-09 23:50:46
FEE-13687,ORD-7687,SEL-001,REFERRAL_AND_FBA,122.54,2026-09-09 23:58:57
FEE-13688,ORD-7688,SEL-001,REFERRAL_AND_FBA,434.35,2026-09-10 00:07:31
FEE-13689,ORD-7689,SEL-001,REFERRAL_AND_FBA,121.71,2026-09-10 00:16:05
FEE-13690,ORD-7690,SEL-001,REFERRAL_AND_FBA,220.0,2026-09-10 00:24:31
FEE-13691,ORD-7691,SEL-001,REFERRAL_AND_FBA,641.84,2026-09-10 00:33:27
FEE-13692,ORD-7692,SEL-001,REFERRAL_AND_FBA,154.16,2026-09-10 00:41:41
FEE-13693,ORD-7693,SEL-001,REFERRAL_AND_FBA,262.7,2026-09-10 00:50:14
FEE-13694,ORD-7694,SEL-001,REFERRAL_AND_FBA,156.89,2026-09-10 00:58:45
FEE-13695,ORD-7695,SEL-001,REFERRAL_AND_FBA,651.18,2026-09-10 01:07:30
FEE-13696,ORD-7696,SEL-001,REFERRAL_AND_FBA,434.35,2026-09-10 01:15:43
FEE-13697,ORD-7697,SEL-001,REFERRAL_AND_FBA,109.42,2026-09-10 01:24:13
FEE-13698,ORD-7698,SEL-001,REFERRAL_AND_FBA,237.79,2026-09-10 01:32:45
FEE-13699,ORD-7699,SEL-001,REFERRAL_AND_FBA,308.31,2026-09-10 01:41:21
FEE-13700,ORD-7700,SEL-001,REFERRAL_AND_FBA,334.4,2026-09-10 01:50:08
FEE-13701,ORD-7701,SEL-001,REFERRAL_AND_FBA,238.52,2026-09-10 01:58:47
FEE-13702,ORD-7702,SEL-001,REFERRAL_AND_FBA,220.0,2026-09-10 02:07:06
FEE-13703,ORD-7703,SEL-001,REFERRAL_AND_FBA,711.56,2026-09-10 02:15:47
FEE-13704,ORD-7704,SEL-001,REFERRAL_AND_FBA,728.43,2026-09-10 02:24:18
FEE-13705,ORD-7705,SEL-001,REFERRAL_AND_FBA,269.71,2026-09-10 02:32:54
FEE-13706,ORD-7706,SEL-001,REFERRAL_AND_FBA,500.5,2026-09-10 02:41:07
FEE-13707,ORD-7707,SEL-001,REFERRAL_AND_FBA,234.8,2026-09-10 02:49:44
FEE-13708,ORD-7708,SEL-001,REFERRAL_AND_FBA,497.75,2026-09-10 02:58:12
FEE-13709,ORD-7709,SEL-001,REFERRAL_AND_FBA,143.37,2026-09-10 03:06:56
FEE-13710,ORD-7710,SEL-001,REFERRAL_AND_FBA,156.89,2026-09-10 03:15:18
FEE-13711,ORD-7711,SEL-001,REFERRAL_AND_FBA,156.89,2026-09-10 03:24:07
FEE-13712,ORD-7712,SEL-001,REFERRAL_AND_FBA,220.0,2026-09-10 03:32:17
FEE-13713,ORD-7713,SEL-001,REFERRAL_AND_FBA,492.5,2026-09-10 03:40:57
FEE-13714,ORD-7714,SEL-001,REFERRAL_AND_FBA,234.8,2026-09-10 03:49:37
FEE-13715,ORD-7715,SEL-001,REFERRAL_AND_FBA,361.63,2026-09-10 03:58:14
FEE-13716,ORD-7716,SEL-001,REFERRAL_AND_FBA,267.83,2026-09-10 04:06:37
FEE-13717,ORD-7717,SEL-001,REFERRAL_AND_FBA,154.16,2026-09-10 04:15:12
FEE-13718,ORD-7718,SEL-001,REFERRAL_AND_FBA,227.0,2026-09-10 04:23:33
FEE-13719,ORD-7719,SEL-001,REFERRAL_AND_FBA,233.03,2026-09-10 04:31:58
FEE-13720,ORD-7720,SEL-001,REFERRAL_AND_FBA,440.0,2026-09-10 04:40:34
FEE-13721,ORD-7721,SEL-001,REFERRAL_AND_FBA,196.67,2026-09-10 04:49:22
FEE-13722,ORD-7722,SEL-001,REFERRAL_AND_FBA,347.12,2026-09-10 04:57:58
FEE-13723,ORD-7723,SEL-001,REFERRAL_AND_FBA,109.42,2026-09-10 05:06:17
FEE-13724,ORD-7724,SEL-001,REFERRAL_AND_FBA,689.43,2026-09-10 05:14:57
FEE-13725,ORD-7725,SEL-001,REFERRAL_AND_FBA,702.72,2026-09-10 05:23:09
FEE-13726,ORD-7726,SEL-001,REFERRAL_AND_FBA,693.61,2026-09-10 05:31:52
FEE-13727,ORD-7727,SEL-001,REFERRAL_AND_FBA,286.74,2026-09-10 05:40:39
FEE-13728,ORD-7728,SEL-001,REFERRAL_AND_FBA,328.49,2026-09-10 05:48:48
FEE-13729,ORD-7729,SEL-001,REFERRAL_AND_FBA,664.86,2026-09-10 05:57:43
FEE-13730,ORD-7730,SEL-001,REFERRAL_AND_FBA,537.56,2026-09-10 06:06:05
FEE-13731,ORD-7731,SEL-001,REFERRAL_AND_FBA,133.0,2026-09-10 06:14:32
FEE-13732,ORD-7732,SEL-001,REFERRAL_AND_FBA,191.62,2026-09-10 06:23:09
FEE-13733,ORD-7733,SEL-001,REFERRAL_AND_FBA,597.45,2026-09-10 06:31:29
FEE-13734,ORD-7734,SEL-001,REFERRAL_AND_FBA,675.52,2026-09-10 06:40:27
FEE-13735,ORD-7735,SEL-001,REFERRAL_AND_FBA,464.63,2026-09-10 06:48:48
FEE-13736,ORD-7736,SEL-001,REFERRAL_AND_FBA,156.89,2026-09-10 06:57:10
FEE-13737,ORD-7737,SEL-001,REFERRAL_AND_FBA,276.99,2026-09-10 07:05:48
FEE-13738,ORD-7738,SEL-001,REFERRAL_AND_FBA,150.46,2026-09-10 07:14:08
FEE-13739,ORD-7739,SEL-001,REFERRAL_AND_FBA,269.71,2026-09-10 07:22:58
FEE-13740,ORD-7740,SEL-001,REFERRAL_AND_FBA,293.11,2026-09-10 07:31:12
FEE-13741,ORD-7741,SEL-001,REFERRAL_AND_FBA,220.0,2026-09-10 07:39:49
FEE-13742,ORD-7742,SEL-001,REFERRAL_AND_FBA,523.9,2026-09-10 07:48:31
FEE-13743,ORD-7743,SEL-001,REFERRAL_AND_FBA,492.5,2026-09-10 07:56:50
FEE-13744,ORD-7744,SEL-001,REFERRAL_AND_FBA,537.56,2026-09-10 08:05:25
FEE-13745,ORD-7745,SEL-001,REFERRAL_AND_FBA,711.56,2026-09-10 08:13:54
FEE-13746,ORD-7746,SEL-001,REFERRAL_AND_FBA,309.41,2026-09-10 08:22:37
FEE-13747,ORD-7747,SEL-001,REFERRAL_AND_FBA,621.25,2026-09-10 08:31:21
FEE-13748,ORD-7748,SEL-001,REFERRAL_AND_FBA,220.0,2026-09-10 08:39:33
FEE-13749,ORD-7749,SEL-001,REFERRAL_AND_FBA,505.62,2026-09-10 08:48:12
FEE-13750,ORD-7750,SEL-001,REFERRAL_AND_FBA,333.82,2026-09-10 08:56:55
FEE-13751,ORD-7751,SEL-001,REFERRAL_AND_FBA,260.0,2026-09-10 09:05:16
FEE-13752,ORD-7752,SEL-001,REFERRAL_AND_FBA,447.56,2026-09-10 09:14:04
FEE-13753,ORD-7753,SEL-001,REFERRAL_AND_FBA,307.08,2026-09-10 09:22:24
FEE-13754,ORD-7754,SEL-001,REFERRAL_AND_FBA,460.56,2026-09-10 09:30:47
FEE-13755,ORD-7755,SEL-001,REFERRAL_AND_FBA,417.32,2026-09-10 09:39:39
FEE-13756,ORD-7756,SEL-001,REFERRAL_AND_FBA,557.32,2026-09-10 09:48:09
FEE-13757,ORD-7757,SEL-001,REFERRAL_AND_FBA,191.62,2026-09-10 09:56:30
FEE-13758,ORD-7758,SEL-001,REFERRAL_AND_FBA,262.7,2026-09-10 10:04:57
FEE-13759,ORD-7759,SEL-001,REFERRAL_AND_FBA,226.06,2026-09-10 10:13:25
FEE-13760,ORD-7760,SEL-001,REFERRAL_AND_FBA,587.2,2026-09-10 10:22:16
FEE-13761,ORD-7761,SEL-001,REFERRAL_AND_FBA,632.78,2026-09-10 10:30:35
FEE-13762,ORD-7762,SEL-001,REFERRAL_AND_FBA,219.26,2026-09-10 10:39:24
FEE-13763,ORD-7763,SEL-001,REFERRAL_AND_FBA,500.5,2026-09-10 10:47:27
FEE-13764,ORD-7764,SEL-001,REFERRAL_AND_FBA,333.82,2026-09-10 10:56:07
FEE-13765,ORD-7765,SEL-001,REFERRAL_AND_FBA,440.0,2026-09-10 11:05:00
FEE-13766,ORD-7766,SEL-001,REFERRAL_AND_FBA,385.02,2026-09-10 11:13:19
FEE-13767,ORD-7767,SEL-001,REFERRAL_AND_FBA,608.51,2026-09-10 11:21:54
FEE-13768,ORD-7768,SEL-001,REFERRAL_AND_FBA,541.66,2026-09-10 11:30:25
FEE-13769,ORD-7769,SEL-001,REFERRAL_AND_FBA,109.42,2026-09-10 11:38:55
FEE-13770,ORD-7770,SEL-001,REFERRAL_AND_FBA,557.32,2026-09-10 11:47:12
FEE-13771,ORD-7771,SEL-001,REFERRAL_AND_FBA,226.06,2026-09-10 11:55:45
FEE-13772,ORD-7772,SEL-001,REFERRAL_AND_FBA,486.81,2026-09-10 12:04:36
FEE-13773,ORD-7773,SEL-001,REFERRAL_AND_FBA,96.64,2026-09-10 12:12:57
FEE-13774,ORD-7774,SEL-001,REFERRAL_AND_FBA,122.54,2026-09-10 12:21:22
FEE-13775,ORD-7775,SEL-001,REFERRAL_AND_FBA,664.86,2026-09-10 12:30:13
FEE-13776,ORD-7776,SEL-001,REFERRAL_AND_FBA,335.78,2026-09-10 12:38:38
FEE-13777,ORD-7777,SEL-001,REFERRAL_AND_FBA,295.85,2026-09-10 12:47:02
FEE-13778,ORD-7778,SEL-001,REFERRAL_AND_FBA,434.35,2026-09-10 12:55:56
FEE-13779,ORD-7779,SEL-001,REFERRAL_AND_FBA,1214.09,2026-09-10 13:04:20
FEE-13780,ORD-7780,SEL-001,REFERRAL_AND_FBA,711.56,2026-09-10 13:12:34
FEE-13781,ORD-7781,SEL-001,REFERRAL_AND_FBA,249.73,2026-09-10 13:21:14
FEE-13782,ORD-7782,SEL-001,REFERRAL_AND_FBA,606.21,2026-09-10 13:29:41
FEE-13783,ORD-7783,SEL-001,REFERRAL_AND_FBA,629.82,2026-09-10 13:38:18
FEE-13784,ORD-7784,SEL-001,REFERRAL_AND_FBA,231.88,2026-09-10 13:46:53
FEE-13785,ORD-7785,SEL-001,REFERRAL_AND_FBA,151.63,2026-09-10 13:55:22
FEE-13786,ORD-7786,SEL-001,REFERRAL_AND_FBA,233.03,2026-09-10 14:03:55
FEE-13787,ORD-7787,SEL-001,REFERRAL_AND_FBA,243.42,2026-09-10 14:12:35
FEE-13788,ORD-7788,SEL-001,REFERRAL_AND_FBA,480.82,2026-09-10 14:21:16
FEE-13789,ORD-7789,SEL-001,REFERRAL_AND_FBA,606.21,2026-09-10 14:29:31
FEE-13790,ORD-7790,SEL-001,REFERRAL_AND_FBA,510.34,2026-09-10 14:37:57
FEE-13791,ORD-7791,SEL-001,REFERRAL_AND_FBA,728.43,2026-09-10 14:46:42
FEE-13792,ORD-7792,SEL-001,REFERRAL_AND_FBA,712.86,2026-09-10 14:55:14
FEE-13793,ORD-7793,SEL-001,REFERRAL_AND_FBA,151.63,2026-09-10 15:03:37
FEE-13794,ORD-7794,SEL-001,REFERRAL_AND_FBA,651.18,2026-09-10 15:12:22
FEE-13795,ORD-7795,SEL-001,REFERRAL_AND_FBA,541.66,2026-09-10 15:20:41
FEE-13796,ORD-7796,SEL-001,REFERRAL_AND_FBA,234.8,2026-09-10 15:29:30
FEE-13797,ORD-7797,SEL-001,REFERRAL_AND_FBA,528.94,2026-09-10 15:37:37
FEE-13798,ORD-7798,SEL-001,REFERRAL_AND_FBA,1259.64,2026-09-10 15:46:21
FEE-13799,ORD-7799,SEL-001,REFERRAL_AND_FBA,111.5,2026-09-10 15:54:51
FEE-13800,ORD-7800,SEL-001,REFERRAL_AND_FBA,439.9,2026-09-10 16:03:17
FEE-13801,ORD-7801,SEL-001,REFERRAL_AND_FBA,1351.05,2026-09-10 16:12:12
FEE-13802,ORD-7802,SEL-001,REFERRAL_AND_FBA,450.37,2026-09-10 16:20:26
FEE-13803,ORD-7803,SEL-001,REFERRAL_AND_FBA,608.51,2026-09-10 16:29:19
FEE-13804,ORD-7804,SEL-001,REFERRAL_AND_FBA,191.62,2026-09-10 16:37:21
FEE-13805,ORD-7805,SEL-001,REFERRAL_AND_FBA,328.49,2026-09-10 16:45:57
FEE-13806,ORD-7806,SEL-001,REFERRAL_AND_FBA,621.25,2026-09-10 16:54:30
FEE-13807,ORD-7807,SEL-001,REFERRAL_AND_FBA,220.0,2026-09-10 17:03:19
FEE-13808,ORD-7808,SEL-001,REFERRAL_AND_FBA,325.08,2026-09-10 17:11:57
FEE-13809,ORD-7809,SEL-001,REFERRAL_AND_FBA,711.56,2026-09-10 17:20:27
FEE-13810,ORD-7810,SEL-001,REFERRAL_AND_FBA,671.56,2026-09-10 17:28:43
FEE-13811,ORD-7811,SEL-001,REFERRAL_AND_FBA,523.9,2026-09-10 17:37:22
FEE-13812,ORD-7812,SEL-001,REFERRAL_AND_FBA,522.72,2026-09-10 17:45:37
FEE-13813,ORD-7813,SEL-001,REFERRAL_AND_FBA,510.34,2026-09-10 17:54:29
FEE-13814,ORD-7814,SEL-001,REFERRAL_AND_FBA,122.54,2026-09-10 18:03:03
FEE-13815,ORD-7815,SEL-001,REFERRAL_AND_FBA,447.56,2026-09-10 18:11:14
FEE-13816,ORD-7816,SEL-001,REFERRAL_AND_FBA,537.56,2026-09-10 18:19:46
FEE-13817,ORD-7817,SEL-001,REFERRAL_AND_FBA,151.63,2026-09-10 18:28:18
FEE-13818,ORD-7818,SEL-001,REFERRAL_AND_FBA,417.32,2026-09-10 18:37:00
FEE-13819,ORD-7819,SEL-001,REFERRAL_AND_FBA,468.16,2026-09-10 18:45:40
FEE-13820,ORD-7820,SEL-001,REFERRAL_AND_FBA,505.62,2026-09-10 18:53:57
FEE-13821,ORD-7821,SEL-001,REFERRAL_AND_FBA,112.96,2026-09-10 19:02:38
FEE-13822,ORD-7822,SEL-001,REFERRAL_AND_FBA,505.62,2026-09-10 19:11:02
FEE-13823,ORD-7823,SEL-001,REFERRAL_AND_FBA,263.19,2026-09-10 19:19:52
FEE-13824,ORD-7824,SEL-001,REFERRAL_AND_FBA,263.19,2026-09-10 19:28:19
FEE-13825,ORD-7825,SEL-001,REFERRAL_AND_FBA,260.0,2026-09-10 19:36:52
FEE-13826,ORD-7826,SEL-001,REFERRAL_AND_FBA,263.19,2026-09-10 19:45:11
FEE-13827,ORD-7827,SEL-001,REFERRAL_AND_FBA,523.9,2026-09-10 19:53:53
FEE-13828,ORD-7828,SEL-001,REFERRAL_AND_FBA,557.32,2026-09-10 20:02:17
FEE-13829,ORD-7829,SEL-001,REFERRAL_AND_FBA,293.11,2026-09-10 20:10:58
FEE-13830,ORD-7830,SEL-001,REFERRAL_AND_FBA,510.34,2026-09-10 20:19:37
FEE-13831,ORD-7831,SEL-001,REFERRAL_AND_FBA,122.54,2026-09-10 20:27:52
FEE-13832,ORD-7832,SEL-001,REFERRAL_AND_FBA,465.17,2026-09-10 20:36:18
FEE-13833,ORD-7833,SEL-001,REFERRAL_AND_FBA,1423.12,2026-09-10 20:44:50
FEE-13834,ORD-7834,SEL-001,REFERRAL_AND_FBA,328.49,2026-09-10 20:53:43
FEE-13835,ORD-7835,SEL-001,REFERRAL_AND_FBA,262.7,2026-09-10 21:02:06
FEE-13836,ORD-7836,SEL-001,REFERRAL_AND_FBA,220.0,2026-09-10 21:10:43
FEE-13837,ORD-7837,SEL-001,REFERRAL_AND_FBA,557.7,2026-09-10 21:19:00
FEE-13838,ORD-7838,SEL-001,REFERRAL_AND_FBA,156.89,2026-09-10 21:27:38
FEE-13839,ORD-7839,SEL-001,REFERRAL_AND_FBA,191.62,2026-09-10 21:36:08
FEE-13840,ORD-7840,SEL-001,REFERRAL_AND_FBA,109.42,2026-09-10 21:44:53
FEE-13841,ORD-7841,SEL-001,REFERRAL_AND_FBA,133.0,2026-09-10 21:53:28
FEE-13842,ORD-7842,SEL-001,REFERRAL_AND_FBA,641.84,2026-09-10 22:01:38
FEE-13843,ORD-7843,SEL-001,REFERRAL_AND_FBA,632.78,2026-09-10 22:10:37
FEE-13844,ORD-7844,SEL-001,REFERRAL_AND_FBA,121.71,2026-09-10 22:19:02
FEE-13845,ORD-7845,SEL-001,REFERRAL_AND_FBA,468.16,2026-09-10 22:27:30
FEE-13846,ORD-7846,SEL-001,REFERRAL_AND_FBA,528.94,2026-09-10 22:36:00
FEE-13847,ORD-7847,SEL-001,REFERRAL_AND_FBA,220.0,2026-09-10 22:44:49
FEE-13848,ORD-7848,SEL-001,REFERRAL_AND_FBA,450.37,2026-09-10 22:53:17
FEE-13849,ORD-7849,SEL-001,REFERRAL_AND_FBA,238.52,2026-09-10 23:01:39
FEE-13850,ORD-7850,SEL-001,REFERRAL_AND_FBA,641.84,2026-09-10 23:10:13
FEE-13851,ORD-7851,SEL-001,REFERRAL_AND_FBA,466.06,2026-09-10 23:18:54
FEE-13852,ORD-7852,SEL-001,REFERRAL_AND_FBA,921.12,2026-09-10 23:27:27
FEE-13853,ORD-7853,SEL-001,REFERRAL_AND_FBA,151.63,2026-09-10 23:35:55
FEE-13854,ORD-7854,SEL-001,REFERRAL_AND_FBA,438.52,2026-09-10 23:44:29
FEE-13855,ORD-7855,SEL-001,REFERRAL_AND_FBA,477.38,2026-09-10 23:52:51
FEE-13856,ORD-7856,SEL-001,REFERRAL_AND_FBA,586.21,2026-09-11 00:01:31
FEE-13857,ORD-7857,SEL-001,REFERRAL_AND_FBA,112.96,2026-09-11 00:09:39
FEE-13858,ORD-7858,SEL-001,REFERRAL_AND_FBA,526.37,2026-09-11 00:18:18
FEE-13859,ORD-7859,SEL-001,REFERRAL_AND_FBA,220.0,2026-09-11 00:27:04
FEE-13860,ORD-7860,SEL-001,REFERRAL_AND_FBA,293.6,2026-09-11 00:35:17
FEE-13861,ORD-7861,SEL-001,REFERRAL_AND_FBA,361.48,2026-09-11 00:44:03
FEE-13862,ORD-7862,SEL-001,REFERRAL_AND_FBA,249.73,2026-09-11 00:52:36
FEE-13863,ORD-7863,SEL-001,REFERRAL_AND_FBA,1446.64,2026-09-11 01:01:00
FEE-13864,ORD-7864,SEL-001,REFERRAL_AND_FBA,267.83,2026-09-11 01:09:29
FEE-13865,ORD-7865,SEL-001,REFERRAL_AND_FBA,492.5,2026-09-11 01:18:17
FEE-13866,ORD-7866,SEL-001,REFERRAL_AND_FBA,722.95,2026-09-11 01:26:31
FEE-13867,ORD-7867,SEL-001,REFERRAL_AND_FBA,361.48,2026-09-11 01:35:09
FEE-13868,ORD-7868,SEL-001,REFERRAL_AND_FBA,240.9,2026-09-11 01:43:38
FEE-13869,ORD-7869,SEL-001,REFERRAL_AND_FBA,492.5,2026-09-11 01:52:22
FEE-13870,ORD-7870,SEL-001,REFERRAL_AND_FBA,232.32,2026-09-11 02:00:40
FEE-13871,ORD-7871,SEL-001,REFERRAL_AND_FBA,417.32,2026-09-11 02:09:21
FEE-13872,ORD-7872,SEL-001,REFERRAL_AND_FBA,111.5,2026-09-11 02:17:55
FEE-13873,ORD-7873,SEL-001,REFERRAL_AND_FBA,293.11,2026-09-11 02:26:31
FEE-13874,ORD-7874,SEL-001,REFERRAL_AND_FBA,500.5,2026-09-11 02:35:12
FEE-13875,ORD-7875,SEL-001,REFERRAL_AND_FBA,151.63,2026-09-11 02:43:45
FEE-13876,ORD-7876,SEL-001,REFERRAL_AND_FBA,675.52,2026-09-11 02:51:50
FEE-13877,ORD-7877,SEL-001,REFERRAL_AND_FBA,260.0,2026-09-11 03:00:38
FEE-13878,ORD-7878,SEL-001,REFERRAL_AND_FBA,562.0,2026-09-11 03:09:00
FEE-13879,ORD-7879,SEL-001,REFERRAL_AND_FBA,528.94,2026-09-11 03:17:32
FEE-13880,ORD-7880,SEL-001,REFERRAL_AND_FBA,557.32,2026-09-11 03:26:22
FEE-13881,ORD-7881,SEL-001,REFERRAL_AND_FBA,728.43,2026-09-11 03:34:31
FEE-13882,ORD-7882,SEL-001,REFERRAL_AND_FBA,641.84,2026-09-11 03:43:18
FEE-13883,ORD-7883,SEL-001,REFERRAL_AND_FBA,553.97,2026-09-11 03:51:52
FEE-13884,ORD-7884,SEL-001,REFERRAL_AND_FBA,693.61,2026-09-11 04:00:20
FEE-13885,ORD-7885,SEL-001,REFERRAL_AND_FBA,325.08,2026-09-11 04:08:56
FEE-13886,ORD-7886,SEL-001,REFERRAL_AND_FBA,344.72,2026-09-11 04:17:36
FEE-13887,ORD-7887,SEL-001,REFERRAL_AND_FBA,693.61,2026-09-11 04:25:46
FEE-13888,ORD-7888,SEL-001,REFERRAL_AND_FBA,525.4,2026-09-11 04:34:26
FEE-13889,ORD-7889,SEL-001,REFERRAL_AND_FBA,143.37,2026-09-11 04:43:15
FEE-13890,ORD-7890,SEL-001,REFERRAL_AND_FBA,276.99,2026-09-11 04:51:25
FEE-13891,ORD-7891,SEL-001,REFERRAL_AND_FBA,232.32,2026-09-11 05:00:12
FEE-13892,ORD-7892,SEL-001,REFERRAL_AND_FBA,220.0,2026-09-11 05:08:45
FEE-13893,ORD-7893,SEL-001,REFERRAL_AND_FBA,557.32,2026-09-11 05:17:15
FEE-13894,ORD-7894,SEL-001,REFERRAL_AND_FBA,1020.68,2026-09-11 05:25:52
FEE-13895,ORD-7895,SEL-001,REFERRAL_AND_FBA,219.26,2026-09-11 05:34:19
FEE-13896,ORD-7896,SEL-001,REFERRAL_AND_FBA,232.32,2026-09-11 05:42:30
FEE-13897,ORD-7897,SEL-001,REFERRAL_AND_FBA,641.84,2026-09-11 05:51:01
FEE-13898,ORD-7898,SEL-001,REFERRAL_AND_FBA,328.49,2026-09-11 05:59:36
FEE-13899,ORD-7899,SEL-001,REFERRAL_AND_FBA,216.89,2026-09-11 06:08:26
FEE-13900,ORD-7900,SEL-001,REFERRAL_AND_FBA,220.0,2026-09-11 06:17:07
FEE-13901,ORD-7901,SEL-001,REFERRAL_AND_FBA,587.2,2026-09-11 06:25:22
FEE-13902,ORD-7902,SEL-001,REFERRAL_AND_FBA,429.81,2026-09-11 06:33:45
FEE-13903,ORD-7903,SEL-001,REFERRAL_AND_FBA,434.35,2026-09-11 06:42:43
FEE-13904,ORD-7904,SEL-001,REFERRAL_AND_FBA,439.9,2026-09-11 06:50:47
FEE-13905,ORD-7905,SEL-001,REFERRAL_AND_FBA,541.66,2026-09-11 06:59:17
FEE-13906,ORD-7906,SEL-001,REFERRAL_AND_FBA,335.78,2026-09-11 07:07:58
FEE-13907,ORD-7907,SEL-001,REFERRAL_AND_FBA,689.62,2026-09-11 07:16:30
FEE-13908,ORD-7908,SEL-001,REFERRAL_AND_FBA,557.7,2026-09-11 07:25:13
FEE-13909,ORD-7909,SEL-001,REFERRAL_AND_FBA,711.56,2026-09-11 07:33:27
FEE-13910,ORD-7910,SEL-001,REFERRAL_AND_FBA,196.67,2026-09-11 07:42:05
FEE-13911,ORD-7911,SEL-001,REFERRAL_AND_FBA,651.18,2026-09-11 07:50:53
FEE-13912,ORD-7912,SEL-001,REFERRAL_AND_FBA,267.83,2026-09-11 07:59:20
FEE-13913,ORD-7913,SEL-001,REFERRAL_AND_FBA,191.62,2026-09-11 08:07:37
FEE-13914,ORD-7914,SEL-001,REFERRAL_AND_FBA,607.04,2026-09-11 08:16:30
FEE-13915,ORD-7915,SEL-001,REFERRAL_AND_FBA,156.89,2026-09-11 08:24:49
FEE-13916,ORD-7916,SEL-001,REFERRAL_AND_FBA,463.76,2026-09-11 08:33:15
FEE-13917,ORD-7917,SEL-001,REFERRAL_AND_FBA,727.53,2026-09-11 08:41:42
FEE-13918,ORD-7918,SEL-001,REFERRAL_AND_FBA,269.71,2026-09-11 08:50:40
FEE-13919,ORD-7919,SEL-001,REFERRAL_AND_FBA,417.32,2026-09-11 08:58:46
FEE-13920,ORD-7920,SEL-001,REFERRAL_AND_FBA,347.12,2026-09-11 09:07:28
FEE-13921,ORD-7921,SEL-001,REFERRAL_AND_FBA,450.37,2026-09-11 09:16:16
FEE-13922,ORD-7922,SEL-001,REFERRAL_AND_FBA,220.0,2026-09-11 09:24:51
FEE-13923,ORD-7923,SEL-001,REFERRAL_AND_FBA,328.49,2026-09-11 09:33:09
FEE-13924,ORD-7924,SEL-001,REFERRAL_AND_FBA,220.0,2026-09-11 09:41:51
FEE-13925,ORD-7925,SEL-001,REFERRAL_AND_FBA,689.62,2026-09-11 09:50:07
FEE-13926,ORD-7926,SEL-001,REFERRAL_AND_FBA,240.9,2026-09-11 09:59:00
FEE-13927,ORD-7927,SEL-001,REFERRAL_AND_FBA,689.62,2026-09-11 10:07:23
FEE-13928,ORD-7928,SEL-001,REFERRAL_AND_FBA,347.12,2026-09-11 10:15:37
FEE-13929,ORD-7929,SEL-001,REFERRAL_AND_FBA,468.16,2026-09-11 10:24:26
FEE-13930,ORD-7930,SEL-001,REFERRAL_AND_FBA,121.71,2026-09-11 10:32:56
FEE-13931,ORD-7931,SEL-001,REFERRAL_AND_FBA,608.51,2026-09-11 10:41:35
FEE-13932,ORD-7932,SEL-001,REFERRAL_AND_FBA,112.96,2026-09-11 10:50:03
FEE-13933,ORD-7933,SEL-001,REFERRAL_AND_FBA,1283.67,2026-09-11 10:58:33
FEE-13934,ORD-7934,SEL-001,REFERRAL_AND_FBA,227.0,2026-09-11 11:06:53
FEE-13935,ORD-7935,SEL-001,REFERRAL_AND_FBA,614.16,2026-09-11 11:15:30
FEE-13936,ORD-7936,SEL-001,REFERRAL_AND_FBA,606.21,2026-09-11 11:24:11
FEE-13937,ORD-7937,SEL-001,REFERRAL_AND_FBA,460.56,2026-09-11 11:32:23
FEE-13938,ORD-7938,SEL-001,REFERRAL_AND_FBA,1456.86,2026-09-11 11:41:16
FEE-13939,ORD-7939,SEL-001,REFERRAL_AND_FBA,434.35,2026-09-11 11:49:41
FEE-13940,ORD-7940,SEL-001,REFERRAL_AND_FBA,333.82,2026-09-11 11:58:28
FEE-13941,ORD-7941,SEL-001,REFERRAL_AND_FBA,1423.12,2026-09-11 12:06:46
FEE-13942,ORD-7942,SEL-001,REFERRAL_AND_FBA,562.0,2026-09-11 12:15:11
FEE-13943,ORD-7943,SEL-001,REFERRAL_AND_FBA,497.75,2026-09-11 12:23:36
FEE-13944,ORD-7944,SEL-001,REFERRAL_AND_FBA,293.6,2026-09-11 12:32:36
FEE-13945,ORD-7945,SEL-001,REFERRAL_AND_FBA,240.9,2026-09-11 12:41:00
FEE-13946,ORD-7946,SEL-001,REFERRAL_AND_FBA,227.0,2026-09-11 12:49:29
FEE-13947,ORD-7947,SEL-001,REFERRAL_AND_FBA,267.83,2026-09-11 12:57:52
FEE-13948,ORD-7948,SEL-001,REFERRAL_AND_FBA,234.8,2026-09-11 13:06:15
FEE-13949,ORD-7949,SEL-001,REFERRAL_AND_FBA,597.45,2026-09-11 13:14:55
FEE-13950,ORD-7950,SEL-001,REFERRAL_AND_FBA,651.18,2026-09-11 13:23:22
FEE-13951,ORD-7951,SEL-001,REFERRAL_AND_FBA,249.73,2026-09-11 13:32:18
FEE-13952,ORD-7952,SEL-001,REFERRAL_AND_FBA,233.03,2026-09-11 13:40:38
FEE-13953,ORD-7953,SEL-001,REFERRAL_AND_FBA,621.25,2026-09-11 13:49:21
FEE-13954,ORD-7954,SEL-001,REFERRAL_AND_FBA,156.89,2026-09-11 13:57:52
FEE-13955,ORD-7955,SEL-001,REFERRAL_AND_FBA,711.56,2026-09-11 14:06:23
FEE-13956,ORD-7956,SEL-001,REFERRAL_AND_FBA,238.52,2026-09-11 14:14:52
FEE-13957,ORD-7957,SEL-001,REFERRAL_AND_FBA,143.37,2026-09-11 14:23:08
FEE-13958,ORD-7958,SEL-001,REFERRAL_AND_FBA,447.56,2026-09-11 14:31:49
FEE-13959,ORD-7959,SEL-001,REFERRAL_AND_FBA,641.84,2026-09-11 14:40:21
FEE-13960,ORD-7960,SEL-001,REFERRAL_AND_FBA,557.32,2026-09-11 14:48:51
FEE-13961,ORD-7961,SEL-001,REFERRAL_AND_FBA,492.5,2026-09-11 14:57:17
FEE-13962,ORD-7962,SEL-001,REFERRAL_AND_FBA,664.86,2026-09-11 15:05:53
FEE-13963,ORD-7963,SEL-001,REFERRAL_AND_FBA,936.31,2026-09-11 15:14:19
FEE-13964,ORD-7964,SEL-001,REFERRAL_AND_FBA,307.08,2026-09-11 15:22:48
FEE-13965,ORD-7965,SEL-001,REFERRAL_AND_FBA,196.67,2026-09-11 15:31:24
FEE-13966,ORD-7966,SEL-001,REFERRAL_AND_FBA,667.63,2026-09-11 15:40:14
FEE-13967,ORD-7967,SEL-001,REFERRAL_AND_FBA,240.9,2026-09-11 15:48:53
FEE-13968,ORD-7968,SEL-001,REFERRAL_AND_FBA,879.8,2026-09-11 15:57:08
FEE-13969,ORD-7969,SEL-001,REFERRAL_AND_FBA,220.0,2026-09-11 16:05:58
FEE-13970,ORD-7970,SEL-001,REFERRAL_AND_FBA,621.25,2026-09-11 16:14:01
FEE-13971,ORD-7971,SEL-001,REFERRAL_AND_FBA,477.04,2026-09-11 16:22:43
FEE-13972,ORD-7972,SEL-001,REFERRAL_AND_FBA,262.7,2026-09-11 16:31:19
FEE-13973,ORD-7973,SEL-001,REFERRAL_AND_FBA,460.56,2026-09-11 16:39:42
FEE-13974,ORD-7974,SEL-001,REFERRAL_AND_FBA,557.32,2026-09-11 16:48:33
FEE-13975,ORD-7975,SEL-001,REFERRAL_AND_FBA,151.63,2026-09-11 16:57:03
FEE-13976,ORD-7976,SEL-001,REFERRAL_AND_FBA,276.99,2026-09-11 17:05:31
FEE-13977,ORD-7977,SEL-001,REFERRAL_AND_FBA,557.7,2026-09-11 17:13:59
FEE-13978,ORD-7978,SEL-001,REFERRAL_AND_FBA,587.2,2026-09-11 17:22:25
FEE-13979,ORD-7979,SEL-001,REFERRAL_AND_FBA,237.79,2026-09-11 17:31:10
FEE-13980,ORD-7980,SEL-001,REFERRAL_AND_FBA,607.04,2026-09-11 17:39:32
FEE-13981,ORD-7981,SEL-001,REFERRAL_AND_FBA,227.0,2026-09-11 17:47:58
FEE-13982,ORD-7982,SEL-001,REFERRAL_AND_FBA,1387.21,2026-09-11 17:56:32
FEE-13983,ORD-7983,SEL-001,REFERRAL_AND_FBA,196.67,2026-09-11 18:05:16
FEE-13984,ORD-7984,SEL-001,REFERRAL_AND_FBA,385.02,2026-09-11 18:13:36
FEE-13985,ORD-7985,SEL-001,REFERRAL_AND_FBA,361.63,2026-09-11 18:22:31
FEE-13986,ORD-7986,SEL-001,REFERRAL_AND_FBA,417.32,2026-09-11 18:31:01
FEE-13987,ORD-7987,SEL-001,REFERRAL_AND_FBA,150.46,2026-09-11 18:39:16
FEE-13988,ORD-7988,SEL-001,REFERRAL_AND_FBA,220.0,2026-09-11 18:47:54
FEE-13989,ORD-7989,SEL-001,REFERRAL_AND_FBA,249.73,2026-09-11 18:56:14
FEE-13990,ORD-7990,SEL-001,REFERRAL_AND_FBA,293.11,2026-09-11 19:05:11
FEE-13991,ORD-7991,SEL-001,REFERRAL_AND_FBA,260.0,2026-09-11 19:13:24
FEE-13992,ORD-7992,SEL-001,REFERRAL_AND_FBA,307.08,2026-09-11 19:22:09
FEE-13993,ORD-7993,SEL-001,REFERRAL_AND_FBA,261.36,2026-09-11 19:30:37
FEE-13994,ORD-7994,SEL-001,REFERRAL_AND_FBA,201.6,2026-09-11 19:39:01
FEE-13995,ORD-7995,SEL-001,REFERRAL_AND_FBA,440.0,2026-09-11 19:47:27
FEE-13996,ORD-7996,SEL-001,REFERRAL_AND_FBA,1000.27,2026-09-11 19:55:55
FEE-13997,ORD-7997,SEL-001,REFERRAL_AND_FBA,1212.42,2026-09-11 20:04:28
FEE-13998,ORD-7998,SEL-001,REFERRAL_AND_FBA,234.8,2026-09-11 20:13:01
FEE-13999,ORD-7999,SEL-001,REFERRAL_AND_FBA,276.99,2026-09-11 20:21:47
FEE-14000,ORD-8000,SEL-001,REFERRAL_AND_FBA,475.57,2026-09-11 20:30:12
FEE-14001,ORD-8001,SEL-001,REFERRAL_AND_FBA,621.25,2026-09-11 20:38:37
FEE-14002,ORD-8002,SEL-001,REFERRAL_AND_FBA,226.06,2026-09-11 20:47:11
FEE-14003,ORD-8003,SEL-001,REFERRAL_AND_FBA,1379.23,2026-09-11 20:55:42
FEE-14004,ORD-8004,SEL-001,REFERRAL_AND_FBA,417.32,2026-09-11 21:04:39
FEE-14005,ORD-8005,SEL-001,REFERRAL_AND_FBA,263.19,2026-09-11 21:13:12
FEE-14006,ORD-8006,SEL-001,REFERRAL_AND_FBA,417.32,2026-09-11 21:21:43
FEE-14007,ORD-8007,SEL-001,REFERRAL_AND_FBA,434.35,2026-09-11 21:29:49
FEE-14008,ORD-8008,SEL-001,REFERRAL_AND_FBA,1302.37,2026-09-11 21:38:37
FEE-14009,ORD-8009,SEL-001,REFERRAL_AND_FBA,162.4,2026-09-11 21:47:15
FEE-14010,ORD-8010,SEL-001,REFERRAL_AND_FBA,220.0,2026-09-11 21:55:30
FEE-14011,ORD-8011,SEL-001,REFERRAL_AND_FBA,693.61,2026-09-11 22:04:15
FEE-14012,ORD-8012,SEL-001,REFERRAL_AND_FBA,240.9,2026-09-11 22:12:55
FEE-14013,ORD-8013,SEL-001,REFERRAL_AND_FBA,414.66,2026-09-11 22:21:17
FEE-14014,ORD-8014,SEL-001,REFERRAL_AND_FBA,1217.02,2026-09-11 22:30:00
FEE-14015,ORD-8015,SEL-001,REFERRAL_AND_FBA,477.38,2026-09-11 22:38:05
FEE-14016,ORD-8016,SEL-001,REFERRAL_AND_FBA,557.32,2026-09-11 22:46:54
FEE-14017,ORD-8017,SEL-001,REFERRAL_AND_FBA,506.8,2026-09-11 22:55:12
FEE-14018,ORD-8018,SEL-001,REFERRAL_AND_FBA,936.31,2026-09-11 23:04:00
FEE-14019,ORD-8019,SEL-001,REFERRAL_AND_FBA,108.45,2026-09-11 23:12:18
FEE-14020,ORD-8020,SEL-001,REFERRAL_AND_FBA,361.48,2026-09-11 23:21:01
FEE-14021,ORD-8021,SEL-001,REFERRAL_AND_FBA,1075.13,2026-09-11 23:29:26
FEE-14022,ORD-8022,SEL-001,REFERRAL_AND_FBA,661.26,2026-09-11 23:38:15
FEE-14023,ORD-8023,SEL-001,REFERRAL_AND_FBA,492.5,2026-09-11 23:46:49
FEE-14024,ORD-8024,SEL-001,REFERRAL_AND_FBA,439.9,2026-09-11 23:55:21
FEE-14025,ORD-8025,SEL-001,REFERRAL_AND_FBA,1217.02,2026-09-12 00:03:38
FEE-14026,ORD-8026,SEL-001,REFERRAL_AND_FBA,651.18,2026-09-12 00:12:09
FEE-14027,ORD-8027,SEL-001,REFERRAL_AND_FBA,641.84,2026-09-12 00:20:38
FEE-14028,ORD-8028,SEL-001,REFERRAL_AND_FBA,220.0,2026-09-12 00:29:11
FEE-14029,ORD-8029,SEL-001,REFERRAL_AND_FBA,500.5,2026-09-12 00:37:31
FEE-14030,ORD-8030,SEL-001,REFERRAL_AND_FBA,307.08,2026-09-12 00:46:23
FEE-14031,ORD-8031,SEL-001,REFERRAL_AND_FBA,607.04,2026-09-12 00:54:43
FEE-14032,ORD-8032,SEL-001,REFERRAL_AND_FBA,629.82,2026-09-12 01:03:27
FEE-14033,ORD-8033,SEL-001,REFERRAL_AND_FBA,232.32,2026-09-12 01:11:56
FEE-14034,ORD-8034,SEL-001,REFERRAL_AND_FBA,234.8,2026-09-12 01:20:38
FEE-14035,ORD-8035,SEL-001,REFERRAL_AND_FBA,220.0,2026-09-12 01:28:57
FEE-14036,ORD-8036,SEL-001,REFERRAL_AND_FBA,1214.09,2026-09-12 01:37:42
FEE-14037,ORD-8037,SEL-001,REFERRAL_AND_FBA,510.34,2026-09-12 01:45:49
FEE-14038,ORD-8038,SEL-001,REFERRAL_AND_FBA,444.43,2026-09-12 01:54:35
FEE-14039,ORD-8039,SEL-001,REFERRAL_AND_FBA,269.71,2026-09-12 02:02:54
FEE-14040,ORD-8040,SEL-001,REFERRAL_AND_FBA,463.76,2026-09-12 02:11:38
FEE-14041,ORD-8041,SEL-001,REFERRAL_AND_FBA,500.13,2026-09-12 02:20:18
FEE-14042,ORD-8042,SEL-001,REFERRAL_AND_FBA,689.62,2026-09-12 02:28:39
FEE-14043,ORD-8043,SEL-001,REFERRAL_AND_FBA,641.84,2026-09-12 02:37:24
FEE-14044,ORD-8044,SEL-001,REFERRAL_AND_FBA,249.73,2026-09-12 02:45:48
FEE-14045,ORD-8045,SEL-001,REFERRAL_AND_FBA,334.4,2026-09-12 02:54:27
FEE-14046,ORD-8046,SEL-001,REFERRAL_AND_FBA,231.88,2026-09-12 03:02:44
FEE-14047,ORD-8047,SEL-001,REFERRAL_AND_FBA,293.11,2026-09-12 03:11:30
FEE-14048,ORD-8048,SEL-001,REFERRAL_AND_FBA,439.9,2026-09-12 03:20:06
FEE-14049,ORD-8049,SEL-001,REFERRAL_AND_FBA,439.9,2026-09-12 03:28:12
FEE-14050,ORD-8050,SEL-001,REFERRAL_AND_FBA,220.0,2026-09-12 03:37:05
FEE-14051,ORD-8051,SEL-001,REFERRAL_AND_FBA,262.7,2026-09-12 03:45:24
FEE-14052,ORD-8052,SEL-001,REFERRAL_AND_FBA,347.12,2026-09-12 03:53:50
FEE-14053,ORD-8053,SEL-001,REFERRAL_AND_FBA,497.75,2026-09-12 04:02:34
FEE-14054,ORD-8054,SEL-001,REFERRAL_AND_FBA,651.18,2026-09-12 04:11:09
FEE-14055,ORD-8055,SEL-001,REFERRAL_AND_FBA,156.89,2026-09-12 04:19:45
FEE-14056,ORD-8056,SEL-001,REFERRAL_AND_FBA,201.6,2026-09-12 04:28:25
FEE-14057,ORD-8057,SEL-001,REFERRAL_AND_FBA,505.62,2026-09-12 04:36:40
FEE-14058,ORD-8058,SEL-001,REFERRAL_AND_FBA,227.0,2026-09-12 04:45:16
FEE-14059,ORD-8059,SEL-001,REFERRAL_AND_FBA,510.34,2026-09-12 04:53:43
FEE-14060,ORD-8060,SEL-001,REFERRAL_AND_FBA,500.5,2026-09-12 05:02:15
FEE-14061,ORD-8061,SEL-001,REFERRAL_AND_FBA,238.52,2026-09-12 05:10:56
FEE-14062,ORD-8062,SEL-001,REFERRAL_AND_FBA,486.81,2026-09-12 05:19:24
FEE-14063,ORD-8063,SEL-001,REFERRAL_AND_FBA,150.46,2026-09-12 05:27:41
FEE-14064,ORD-8064,SEL-001,REFERRAL_AND_FBA,344.72,2026-09-12 05:36:26
FEE-14065,ORD-8065,SEL-001,REFERRAL_AND_FBA,505.62,2026-09-12 05:45:06
FEE-14066,ORD-8066,SEL-001,REFERRAL_AND_FBA,233.03,2026-09-12 05:53:18
FEE-14067,ORD-8067,SEL-001,REFERRAL_AND_FBA,607.04,2026-09-12 06:02:02
FEE-14068,ORD-8068,SEL-001,REFERRAL_AND_FBA,414.66,2026-09-12 06:10:29
FEE-14069,ORD-8069,SEL-001,REFERRAL_AND_FBA,477.38,2026-09-12 06:19:11
FEE-14070,ORD-8070,SEL-001,REFERRAL_AND_FBA,629.82,2026-09-12 06:27:28
FEE-14071,ORD-8071,SEL-001,REFERRAL_AND_FBA,447.56,2026-09-12 06:36:14
FEE-14072,ORD-8072,SEL-001,REFERRAL_AND_FBA,325.08,2026-09-12 06:44:38
FEE-14073,ORD-8073,SEL-001,REFERRAL_AND_FBA,557.7,2026-09-12 06:53:07
FEE-14074,ORD-8074,SEL-001,REFERRAL_AND_FBA,403.2,2026-09-12 07:01:49
FEE-14075,ORD-8075,SEL-001,REFERRAL_AND_FBA,324.8,2026-09-12 07:10:11
FEE-14076,ORD-8076,SEL-001,REFERRAL_AND_FBA,1379.23,2026-09-12 07:18:47
FEE-14077,ORD-8077,SEL-001,REFERRAL_AND_FBA,307.08,2026-09-12 07:27:37
FEE-14078,ORD-8078,SEL-001,REFERRAL_AND_FBA,133.0,2026-09-12 07:36:07
FEE-14079,ORD-8079,SEL-001,REFERRAL_AND_FBA,468.16,2026-09-12 07:44:16
FEE-14080,ORD-8080,SEL-001,REFERRAL_AND_FBA,344.72,2026-09-12 07:53:14
FEE-14081,ORD-8081,SEL-001,REFERRAL_AND_FBA,361.63,2026-09-12 08:01:21
FEE-14082,ORD-8082,SEL-001,REFERRAL_AND_FBA,450.37,2026-09-12 08:10:03
FEE-14083,ORD-8083,SEL-001,REFERRAL_AND_FBA,1456.86,2026-09-12 08:18:27
FEE-14084,ORD-8084,SEL-001,REFERRAL_AND_FBA,506.8,2026-09-12 08:27:07
FEE-14085,ORD-8085,SEL-001,REFERRAL_AND_FBA,597.45,2026-09-12 08:35:32
FEE-14086,ORD-8086,SEL-001,REFERRAL_AND_FBA,500.13,2026-09-12 08:43:59
FEE-14087,ORD-8087,SEL-001,REFERRAL_AND_FBA,111.5,2026-09-12 08:52:56
FEE-14088,ORD-8088,SEL-001,REFERRAL_AND_FBA,492.5,2026-09-12 09:01:27
FEE-14089,ORD-8089,SEL-001,REFERRAL_AND_FBA,664.86,2026-09-12 09:10:00
FEE-14090,ORD-8090,SEL-001,REFERRAL_AND_FBA,240.9,2026-09-12 09:18:10
FEE-14091,ORD-8091,SEL-001,REFERRAL_AND_FBA,597.45,2026-09-12 09:26:58
FEE-14092,ORD-8092,SEL-001,REFERRAL_AND_FBA,712.86,2026-09-12 09:35:19
FEE-14093,ORD-8093,SEL-001,REFERRAL_AND_FBA,689.62,2026-09-12 09:43:43
FEE-14094,ORD-8094,SEL-001,REFERRAL_AND_FBA,232.32,2026-09-12 09:52:21
FEE-14095,ORD-8095,SEL-001,REFERRAL_AND_FBA,497.75,2026-09-12 10:00:55
FEE-14096,ORD-8096,SEL-001,REFERRAL_AND_FBA,108.45,2026-09-12 10:09:35
FEE-14097,ORD-8097,SEL-001,REFERRAL_AND_FBA,344.72,2026-09-12 10:18:00
FEE-14098,ORD-8098,SEL-001,REFERRAL_AND_FBA,96.64,2026-09-12 10:26:24
FEE-14099,ORD-8099,SEL-001,REFERRAL_AND_FBA,276.99,2026-09-12 10:35:11
FEE-14100,ORD-8100,SEL-001,REFERRAL_AND_FBA,344.72,2026-09-12 10:43:27
FEE-14101,ORD-8101,SEL-001,REFERRAL_AND_FBA,293.11,2026-09-12 10:52:29
FEE-14102,ORD-8102,SEL-001,REFERRAL_AND_FBA,233.03,2026-09-12 11:00:50
FEE-14103,ORD-8103,SEL-001,REFERRAL_AND_FBA,108.45,2026-09-12 11:09:05
FEE-14104,ORD-8104,SEL-001,REFERRAL_AND_FBA,121.71,2026-09-12 11:17:52
FEE-14105,ORD-8105,SEL-001,REFERRAL_AND_FBA,500.5,2026-09-12 11:26:36
FEE-14106,ORD-8106,SEL-001,REFERRAL_AND_FBA,557.7,2026-09-12 11:34:54
FEE-14107,ORD-8107,SEL-001,REFERRAL_AND_FBA,154.16,2026-09-12 11:43:15
FEE-14108,ORD-8108,SEL-001,REFERRAL_AND_FBA,109.42,2026-09-12 11:52:12
FEE-14109,ORD-8109,SEL-001,REFERRAL_AND_FBA,728.43,2026-09-12 12:00:28
FEE-14110,ORD-8110,SEL-001,REFERRAL_AND_FBA,220.0,2026-09-12 12:09:11
FEE-14111,ORD-8111,SEL-001,REFERRAL_AND_FBA,361.48,2026-09-12 12:17:41
FEE-14112,ORD-8112,SEL-001,REFERRAL_AND_FBA,154.16,2026-09-12 12:25:54
FEE-14113,ORD-8113,SEL-001,REFERRAL_AND_FBA,361.63,2026-09-12 12:34:36
FEE-14114,ORD-8114,SEL-001,REFERRAL_AND_FBA,444.43,2026-09-12 12:43:23
FEE-14115,ORD-8115,SEL-001,REFERRAL_AND_FBA,693.61,2026-09-12 12:51:33
FEE-14116,ORD-8116,SEL-001,REFERRAL_AND_FBA,154.16,2026-09-12 13:00:26
FEE-14117,ORD-8117,SEL-001,REFERRAL_AND_FBA,480.82,2026-09-12 13:08:50
FEE-14118,ORD-8118,SEL-001,REFERRAL_AND_FBA,196.67,2026-09-12 13:17:25
FEE-14119,ORD-8119,SEL-001,REFERRAL_AND_FBA,361.63,2026-09-12 13:25:44
FEE-14120,ORD-8120,SEL-001,REFERRAL_AND_FBA,440.0,2026-09-12 13:34:13
FEE-14121,ORD-8121,SEL-001,REFERRAL_AND_FBA,344.72,2026-09-12 13:43:00
FEE-14122,ORD-8122,SEL-001,REFERRAL_AND_FBA,151.63,2026-09-12 13:51:18
FEE-14123,ORD-8123,SEL-001,REFERRAL_AND_FBA,711.56,2026-09-12 13:59:50
FEE-14124,ORD-8124,SEL-001,REFERRAL_AND_FBA,96.64,2026-09-12 14:08:34
FEE-14125,ORD-8125,SEL-001,REFERRAL_AND_FBA,196.67,2026-09-12 14:17:10
FEE-14126,ORD-8126,SEL-001,REFERRAL_AND_FBA,162.4,2026-09-12 14:25:48
FEE-14127,ORD-8127,SEL-001,REFERRAL_AND_FBA,249.73,2026-09-12 14:34:06
FEE-14128,ORD-8128,SEL-001,REFERRAL_AND_FBA,347.12,2026-09-12 14:42:38
FEE-14129,ORD-8129,SEL-001,REFERRAL_AND_FBA,335.78,2026-09-12 14:51:25
FEE-14130,ORD-8130,SEL-001,REFERRAL_AND_FBA,147.92,2026-09-12 14:59:29
FEE-14131,ORD-8131,SEL-001,REFERRAL_AND_FBA,689.62,2026-09-12 15:08:04
FEE-14132,ORD-8132,SEL-001,REFERRAL_AND_FBA,328.49,2026-09-12 15:16:46
FEE-14133,ORD-8133,SEL-001,REFERRAL_AND_FBA,1283.67,2026-09-12 15:25:19
FEE-14134,ORD-8134,SEL-001,REFERRAL_AND_FBA,262.7,2026-09-12 15:33:43
FEE-14135,ORD-8135,SEL-001,REFERRAL_AND_FBA,143.37,2026-09-12 15:42:30
FEE-14136,ORD-8136,SEL-001,REFERRAL_AND_FBA,238.52,2026-09-12 15:51:01
FEE-14137,ORD-8137,SEL-001,REFERRAL_AND_FBA,226.06,2026-09-12 15:59:14
FEE-14138,ORD-8138,SEL-001,REFERRAL_AND_FBA,921.12,2026-09-12 16:07:58
FEE-14139,ORD-8139,SEL-001,REFERRAL_AND_FBA,597.45,2026-09-12 16:16:42
FEE-14140,ORD-8140,SEL-001,REFERRAL_AND_FBA,122.54,2026-09-12 16:25:06
FEE-14141,ORD-8141,SEL-001,REFERRAL_AND_FBA,226.06,2026-09-12 16:33:38
FEE-14142,ORD-8142,SEL-001,REFERRAL_AND_FBA,632.78,2026-09-12 16:42:13
FEE-14143,ORD-8143,SEL-001,REFERRAL_AND_FBA,325.08,2026-09-12 16:50:35
FEE-14144,ORD-8144,SEL-001,REFERRAL_AND_FBA,693.61,2026-09-12 16:59:17
FEE-14145,ORD-8145,SEL-001,REFERRAL_AND_FBA,434.35,2026-09-12 17:07:33
FEE-14146,ORD-8146,SEL-001,REFERRAL_AND_FBA,492.5,2026-09-12 17:16:19
FEE-14147,ORD-8147,SEL-001,REFERRAL_AND_FBA,523.9,2026-09-12 17:24:40
FEE-14148,ORD-8148,SEL-001,REFERRAL_AND_FBA,147.92,2026-09-12 17:33:34
FEE-14149,ORD-8149,SEL-001,REFERRAL_AND_FBA,500.5,2026-09-12 17:41:38
FEE-14150,ORD-8150,SEL-001,REFERRAL_AND_FBA,220.0,2026-09-12 17:50:13
FEE-14151,ORD-8151,SEL-001,REFERRAL_AND_FBA,347.12,2026-09-12 17:59:05
FEE-14152,ORD-8152,SEL-001,REFERRAL_AND_FBA,414.66,2026-09-12 18:07:32
FEE-14153,ORD-8153,SEL-001,REFERRAL_AND_FBA,650.16,2026-09-12 18:16:15
FEE-14154,ORD-8154,SEL-001,REFERRAL_AND_FBA,232.32,2026-09-12 18:24:17
FEE-14155,ORD-8155,SEL-001,REFERRAL_AND_FBA,293.6,2026-09-12 18:32:59
FEE-14156,ORD-8156,SEL-001,REFERRAL_AND_FBA,447.56,2026-09-12 18:41:42
FEE-14157,ORD-8157,SEL-001,REFERRAL_AND_FBA,480.82,2026-09-12 18:49:53
FEE-14158,ORD-8158,SEL-001,REFERRAL_AND_FBA,269.71,2026-09-12 18:58:37
FEE-14159,ORD-8159,SEL-001,REFERRAL_AND_FBA,500.13,2026-09-12 19:07:04
FEE-14160,ORD-8160,SEL-001,REFERRAL_AND_FBA,528.94,2026-09-12 19:15:38
FEE-14161,ORD-8161,SEL-001,REFERRAL_AND_FBA,238.52,2026-09-12 19:24:12
FEE-14162,ORD-8162,SEL-001,REFERRAL_AND_FBA,606.21,2026-09-12 19:32:43
FEE-14163,ORD-8163,SEL-001,REFERRAL_AND_FBA,468.16,2026-09-12 19:41:18
FEE-14164,ORD-8164,SEL-001,REFERRAL_AND_FBA,96.64,2026-09-12 19:49:42
FEE-14165,ORD-8165,SEL-001,REFERRAL_AND_FBA,452.12,2026-09-12 19:58:19
FEE-14166,ORD-8166,SEL-001,REFERRAL_AND_FBA,147.92,2026-09-12 20:07:01
FEE-14167,ORD-8167,SEL-001,REFERRAL_AND_FBA,728.43,2026-09-12 20:15:19
FEE-14168,ORD-8168,SEL-001,REFERRAL_AND_FBA,262.7,2026-09-12 20:24:14
FEE-14169,ORD-8169,SEL-001,REFERRAL_AND_FBA,344.72,2026-09-12 20:32:21
FEE-14170,ORD-8170,SEL-001,REFERRAL_AND_FBA,629.82,2026-09-12 20:41:07
FEE-14171,ORD-8171,SEL-001,REFERRAL_AND_FBA,133.0,2026-09-12 20:49:39
FEE-14172,ORD-8172,SEL-001,REFERRAL_AND_FBA,606.21,2026-09-12 20:58:09
FEE-14173,ORD-8173,SEL-001,REFERRAL_AND_FBA,335.78,2026-09-12 21:06:54
FEE-14174,ORD-8174,SEL-001,REFERRAL_AND_FBA,261.36,2026-09-12 21:15:22
FEE-14175,ORD-8175,SEL-001,REFERRAL_AND_FBA,262.7,2026-09-12 21:23:43
FEE-14176,ORD-8176,SEL-001,REFERRAL_AND_FBA,454.0,2026-09-12 21:32:11
FEE-14177,ORD-8177,SEL-001,REFERRAL_AND_FBA,293.6,2026-09-12 21:40:54
FEE-14178,ORD-8178,SEL-001,REFERRAL_AND_FBA,712.86,2026-09-12 21:49:18
FEE-14179,ORD-8179,SEL-001,REFERRAL_AND_FBA,307.08,2026-09-12 21:58:03
FEE-14180,ORD-8180,SEL-001,REFERRAL_AND_FBA,385.02,2026-09-12 22:06:35
FEE-14181,ORD-8181,SEL-001,REFERRAL_AND_FBA,234.8,2026-09-12 22:14:47
FEE-14182,ORD-8182,SEL-001,REFERRAL_AND_FBA,234.8,2026-09-12 22:23:30
FEE-14183,ORD-8183,SEL-001,REFERRAL_AND_FBA,151.63,2026-09-12 22:32:04
FEE-14184,ORD-8184,SEL-001,REFERRAL_AND_FBA,727.53,2026-09-12 22:40:45
FEE-14185,ORD-8185,SEL-001,REFERRAL_AND_FBA,220.0,2026-09-12 22:49:00
FEE-14186,ORD-8186,SEL-001,REFERRAL_AND_FBA,439.9,2026-09-12 22:57:38
FEE-14187,ORD-8187,SEL-001,REFERRAL_AND_FBA,220.0,2026-09-12 23:06:10
FEE-14188,ORD-8188,SEL-001,REFERRAL_AND_FBA,607.04,2026-09-12 23:14:46
FEE-14189,ORD-8189,SEL-001,REFERRAL_AND_FBA,651.18,2026-09-12 23:23:14
FEE-14190,ORD-8190,SEL-001,REFERRAL_AND_FBA,335.78,2026-09-12 23:31:34
FEE-14191,ORD-8191,SEL-001,REFERRAL_AND_FBA,151.63,2026-09-12 23:40:15
FEE-14192,ORD-8192,SEL-001,REFERRAL_AND_FBA,477.38,2026-09-12 23:48:44
FEE-14193,ORD-8193,SEL-001,REFERRAL_AND_FBA,723.32,2026-09-12 23:57:34
FEE-14194,ORD-8194,SEL-001,REFERRAL_AND_FBA,486.81,2026-09-13 00:05:49
FEE-14195,ORD-8195,SEL-001,REFERRAL_AND_FBA,162.4,2026-09-13 00:14:25
FEE-14196,ORD-8196,SEL-001,REFERRAL_AND_FBA,618.82,2026-09-13 00:22:47
FEE-14197,ORD-8197,SEL-001,REFERRAL_AND_FBA,1329.72,2026-09-13 00:31:16
FEE-14198,ORD-8198,SEL-001,REFERRAL_AND_FBA,597.45,2026-09-13 00:39:47
FEE-14199,ORD-8199,SEL-001,REFERRAL_AND_FBA,307.08,2026-09-13 00:48:37
FEE-14200,ORD-8200,SEL-001,REFERRAL_AND_FBA,440.0,2026-09-13 00:57:12
FEE-14201,ORD-8201,SEL-001,REFERRAL_AND_FBA,111.5,2026-09-13 01:05:29
FEE-14202,ORD-8202,SEL-001,REFERRAL_AND_FBA,162.4,2026-09-13 01:14:18
FEE-14203,ORD-8203,SEL-001,REFERRAL_AND_FBA,96.64,2026-09-13 01:22:31
FEE-14204,ORD-8204,SEL-001,REFERRAL_AND_FBA,492.5,2026-09-13 01:31:12
FEE-14205,ORD-8205,SEL-001,REFERRAL_AND_FBA,497.75,2026-09-13 01:40:00
FEE-14206,ORD-8206,SEL-001,REFERRAL_AND_FBA,201.6,2026-09-13 01:48:27
FEE-14207,ORD-8207,SEL-001,REFERRAL_AND_FBA,361.63,2026-09-13 01:56:49
FEE-14208,ORD-8208,SEL-001,REFERRAL_AND_FBA,220.0,2026-09-13 02:05:38
FEE-14209,ORD-8209,SEL-001,REFERRAL_AND_FBA,335.78,2026-09-13 02:13:56
FEE-14210,ORD-8210,SEL-001,REFERRAL_AND_FBA,523.9,2026-09-13 02:22:36
FEE-14211,ORD-8211,SEL-001,REFERRAL_AND_FBA,237.79,2026-09-13 02:30:59
FEE-14212,ORD-8212,SEL-001,REFERRAL_AND_FBA,240.9,2026-09-13 02:39:25
FEE-14213,ORD-8213,SEL-001,REFERRAL_AND_FBA,147.92,2026-09-13 02:48:04
FEE-14214,ORD-8214,SEL-001,REFERRAL_AND_FBA,238.52,2026-09-13 02:56:30
FEE-14215,ORD-8215,SEL-001,REFERRAL_AND_FBA,500.5,2026-09-13 03:05:09
FEE-14216,ORD-8216,SEL-001,REFERRAL_AND_FBA,201.6,2026-09-13 03:13:39
FEE-14217,ORD-8217,SEL-001,REFERRAL_AND_FBA,1265.55,2026-09-13 03:21:56
FEE-14218,ORD-8218,SEL-001,REFERRAL_AND_FBA,523.9,2026-09-13 03:30:40
FEE-14219,ORD-8219,SEL-001,REFERRAL_AND_FBA,500.13,2026-09-13 03:39:10
FEE-14220,ORD-8220,SEL-001,REFERRAL_AND_FBA,689.43,2026-09-13 03:47:46
FEE-14221,ORD-8221,SEL-001,REFERRAL_AND_FBA,693.61,2026-09-13 03:56:27
FEE-14222,ORD-8222,SEL-001,REFERRAL_AND_FBA,108.45,2026-09-13 04:04:53
FEE-14223,ORD-8223,SEL-001,REFERRAL_AND_FBA,557.7,2026-09-13 04:13:13
FEE-14224,ORD-8224,SEL-001,REFERRAL_AND_FBA,222.99,2026-09-13 04:22:07
FEE-14225,ORD-8225,SEL-001,REFERRAL_AND_FBA,523.9,2026-09-13 04:30:23
FEE-14226,ORD-8226,SEL-001,REFERRAL_AND_FBA,1425.72,2026-09-13 04:39:05
FEE-14227,ORD-8227,SEL-001,REFERRAL_AND_FBA,661.26,2026-09-13 04:47:19
FEE-14228,ORD-8228,SEL-001,REFERRAL_AND_FBA,480.82,2026-09-13 04:56:00
FEE-14229,ORD-8229,SEL-001,REFERRAL_AND_FBA,249.73,2026-09-13 05:04:38
FEE-14230,ORD-8230,SEL-001,REFERRAL_AND_FBA,147.92,2026-09-13 05:13:23
FEE-14231,ORD-8231,SEL-001,REFERRAL_AND_FBA,293.6,2026-09-13 05:21:25
FEE-14232,ORD-8232,SEL-001,REFERRAL_AND_FBA,651.18,2026-09-13 05:30:14
FEE-14233,ORD-8233,SEL-001,REFERRAL_AND_FBA,121.71,2026-09-13 05:38:53
FEE-14234,ORD-8234,SEL-001,REFERRAL_AND_FBA,525.4,2026-09-13 05:47:23
FEE-14235,ORD-8235,SEL-001,REFERRAL_AND_FBA,328.49,2026-09-13 05:55:43
FEE-14236,ORD-8236,SEL-001,REFERRAL_AND_FBA,109.42,2026-09-13 06:04:06
FEE-14237,ORD-8237,SEL-001,REFERRAL_AND_FBA,196.67,2026-09-13 06:12:39
FEE-14238,ORD-8238,SEL-001,REFERRAL_AND_FBA,227.0,2026-09-13 06:21:37
FEE-14239,ORD-8239,SEL-001,REFERRAL_AND_FBA,201.6,2026-09-13 06:29:52
FEE-14240,ORD-8240,SEL-001,REFERRAL_AND_FBA,191.62,2026-09-13 06:38:27
FEE-14241,ORD-8241,SEL-001,REFERRAL_AND_FBA,260.0,2026-09-13 06:47:14
FEE-14242,ORD-8242,SEL-001,REFERRAL_AND_FBA,477.38,2026-09-13 06:55:33
FEE-14243,ORD-8243,SEL-001,REFERRAL_AND_FBA,261.36,2026-09-13 07:03:54
FEE-14244,ORD-8244,SEL-001,REFERRAL_AND_FBA,150.46,2026-09-13 07:12:27
FEE-14245,ORD-8245,SEL-001,REFERRAL_AND_FBA,557.7,2026-09-13 07:20:53
FEE-14246,ORD-8246,SEL-001,REFERRAL_AND_FBA,347.12,2026-09-13 07:29:32
FEE-14247,ORD-8247,SEL-001,REFERRAL_AND_FBA,497.75,2026-09-13 07:38:22
FEE-14248,ORD-8248,SEL-001,REFERRAL_AND_FBA,293.11,2026-09-13 07:46:34
FEE-14249,ORD-8249,SEL-001,REFERRAL_AND_FBA,276.99,2026-09-13 07:55:26
FEE-14250,ORD-8250,SEL-001,REFERRAL_AND_FBA,262.7,2026-09-13 08:03:36
FEE-14251,ORD-8251,SEL-001,REFERRAL_AND_FBA,607.04,2026-09-13 08:12:31
FEE-14252,ORD-8252,SEL-001,REFERRAL_AND_FBA,1283.67,2026-09-13 08:20:45
FEE-14253,ORD-8253,SEL-001,REFERRAL_AND_FBA,219.26,2026-09-13 08:29:30
FEE-14254,ORD-8254,SEL-001,REFERRAL_AND_FBA,434.35,2026-09-13 08:37:50
FEE-14255,ORD-8255,SEL-001,REFERRAL_AND_FBA,1115.41,2026-09-13 08:46:25
FEE-14256,ORD-8256,SEL-001,REFERRAL_AND_FBA,151.63,2026-09-13 08:54:51
FEE-14257,ORD-8257,SEL-001,REFERRAL_AND_FBA,151.63,2026-09-13 09:03:34
FEE-14258,ORD-8258,SEL-001,REFERRAL_AND_FBA,240.9,2026-09-13 09:11:59
FEE-14259,ORD-8259,SEL-001,REFERRAL_AND_FBA,641.84,2026-09-13 09:20:51
FEE-14260,ORD-8260,SEL-001,REFERRAL_AND_FBA,219.26,2026-09-13 09:29:23
FEE-14261,ORD-8261,SEL-001,REFERRAL_AND_FBA,693.61,2026-09-13 09:37:44
FEE-14262,ORD-8262,SEL-001,REFERRAL_AND_FBA,249.73,2026-09-13 09:46:03
FEE-14263,ORD-8263,SEL-001,REFERRAL_AND_FBA,486.81,2026-09-13 09:54:35
FEE-14264,ORD-8264,SEL-001,REFERRAL_AND_FBA,261.36,2026-09-13 10:03:30
FEE-14265,ORD-8265,SEL-001,REFERRAL_AND_FBA,260.0,2026-09-13 10:11:47
FEE-14266,ORD-8266,SEL-001,REFERRAL_AND_FBA,510.34,2026-09-13 10:20:27
FEE-14267,ORD-8267,SEL-001,REFERRAL_AND_FBA,597.45,2026-09-13 10:28:52
FEE-14268,ORD-8268,SEL-001,REFERRAL_AND_FBA,447.56,2026-09-13 10:37:39
FEE-14269,ORD-8269,SEL-001,REFERRAL_AND_FBA,500.13,2026-09-13 10:46:08
FEE-14270,ORD-8270,SEL-001,REFERRAL_AND_FBA,465.17,2026-09-13 10:54:18
FEE-14271,ORD-8271,SEL-001,REFERRAL_AND_FBA,693.61,2026-09-13 11:03:14
FEE-14272,ORD-8272,SEL-001,REFERRAL_AND_FBA,196.67,2026-09-13 11:11:26
FEE-14273,ORD-8273,SEL-001,REFERRAL_AND_FBA,111.5,2026-09-13 11:19:59
FEE-14274,ORD-8274,SEL-001,REFERRAL_AND_FBA,973.61,2026-09-13 11:28:27
FEE-14275,ORD-8275,SEL-001,REFERRAL_AND_FBA,995.5,2026-09-13 11:37:10
FEE-14276,ORD-8276,SEL-001,REFERRAL_AND_FBA,450.37,2026-09-13 11:45:50
FEE-14277,ORD-8277,SEL-001,REFERRAL_AND_FBA,361.63,2026-09-13 11:54:12
FEE-14278,ORD-8278,SEL-001,REFERRAL_AND_FBA,344.72,2026-09-13 12:02:54
FEE-14279,ORD-8279,SEL-001,REFERRAL_AND_FBA,438.52,2026-09-13 12:11:17
FEE-14280,ORD-8280,SEL-001,REFERRAL_AND_FBA,500.5,2026-09-13 12:20:02
FEE-14281,ORD-8281,SEL-001,REFERRAL_AND_FBA,689.62,2026-09-13 12:28:08
FEE-14282,ORD-8282,SEL-001,REFERRAL_AND_FBA,108.45,2026-09-13 12:36:53
FEE-14283,ORD-8283,SEL-001,REFERRAL_AND_FBA,191.62,2026-09-13 12:45:21
FEE-14284,ORD-8284,SEL-001,REFERRAL_AND_FBA,618.82,2026-09-13 12:54:12
FEE-14285,ORD-8285,SEL-001,REFERRAL_AND_FBA,293.6,2026-09-13 13:02:32
FEE-14286,ORD-8286,SEL-001,REFERRAL_AND_FBA,450.37,2026-09-13 13:11:14
FEE-14287,ORD-8287,SEL-001,REFERRAL_AND_FBA,231.88,2026-09-13 13:19:20
FEE-14288,ORD-8288,SEL-001,REFERRAL_AND_FBA,1124.0,2026-09-13 13:28:08
FEE-14289,ORD-8289,SEL-001,REFERRAL_AND_FBA,450.37,2026-09-13 13:36:47
FEE-14290,ORD-8290,SEL-001,REFERRAL_AND_FBA,147.92,2026-09-13 13:45:24
FEE-14291,ORD-8291,SEL-001,REFERRAL_AND_FBA,557.7,2026-09-13 13:53:36
FEE-14292,ORD-8292,SEL-001,REFERRAL_AND_FBA,607.04,2026-09-13 14:02:07
FEE-14293,ORD-8293,SEL-001,REFERRAL_AND_FBA,143.37,2026-09-13 14:10:45
FEE-14294,ORD-8294,SEL-001,REFERRAL_AND_FBA,361.63,2026-09-13 14:19:26
FEE-14295,ORD-8295,SEL-001,REFERRAL_AND_FBA,664.86,2026-09-13 14:27:44
FEE-14296,ORD-8296,SEL-001,REFERRAL_AND_FBA,150.46,2026-09-13 14:36:36
FEE-14297,ORD-8297,SEL-001,REFERRAL_AND_FBA,220.0,2026-09-13 14:44:58
FEE-14298,ORD-8298,SEL-001,REFERRAL_AND_FBA,260.0,2026-09-13 14:53:27
FEE-14299,ORD-8299,SEL-001,REFERRAL_AND_FBA,334.4,2026-09-13 15:01:56
FEE-14300,ORD-8300,SEL-001,REFERRAL_AND_FBA,675.52,2026-09-13 15:10:17
FEE-14301,ORD-8301,SEL-001,REFERRAL_AND_FBA,220.0,2026-09-13 15:18:51
FEE-14302,ORD-8302,SEL-001,REFERRAL_AND_FBA,475.57,2026-09-13 15:27:38
FEE-14303,ORD-8303,SEL-001,REFERRAL_AND_FBA,143.37,2026-09-13 15:35:52
FEE-14304,ORD-8304,SEL-001,REFERRAL_AND_FBA,689.62,2026-09-13 15:44:43
FEE-14305,ORD-8305,SEL-001,REFERRAL_AND_FBA,232.32,2026-09-13 15:53:09
FEE-14306,ORD-8306,SEL-001,REFERRAL_AND_FBA,231.88,2026-09-13 16:01:28
FEE-14307,ORD-8307,SEL-001,REFERRAL_AND_FBA,497.75,2026-09-13 16:10:02
FEE-14308,ORD-8308,SEL-001,REFERRAL_AND_FBA,219.26,2026-09-13 16:18:41
FEE-14309,ORD-8309,SEL-001,REFERRAL_AND_FBA,293.11,2026-09-13 16:27:08
FEE-14310,ORD-8310,SEL-001,REFERRAL_AND_FBA,541.66,2026-09-13 16:36:01
FEE-14311,ORD-8311,SEL-001,REFERRAL_AND_FBA,607.04,2026-09-13 16:44:13
FEE-14312,ORD-8312,SEL-001,REFERRAL_AND_FBA,562.0,2026-09-13 16:53:04
FEE-14313,ORD-8313,SEL-001,REFERRAL_AND_FBA,240.9,2026-09-13 17:01:26
FEE-14314,ORD-8314,SEL-001,REFERRAL_AND_FBA,557.7,2026-09-13 17:10:13
FEE-14315,ORD-8315,SEL-001,REFERRAL_AND_FBA,133.0,2026-09-13 17:18:40
FEE-14316,ORD-8316,SEL-001,REFERRAL_AND_FBA,133.0,2026-09-13 17:26:54
FEE-14317,ORD-8317,SEL-001,REFERRAL_AND_FBA,450.37,2026-09-13 17:35:35
FEE-14318,ORD-8318,SEL-001,REFERRAL_AND_FBA,193.29,2026-09-13 17:44:18
FEE-14319,ORD-8319,SEL-001,REFERRAL_AND_FBA,333.82,2026-09-13 17:52:45
FEE-14320,ORD-8320,SEL-001,REFERRAL_AND_FBA,307.08,2026-09-13 18:01:10
FEE-14321,ORD-8321,SEL-001,REFERRAL_AND_FBA,693.61,2026-09-13 18:09:37
FEE-14322,ORD-8322,SEL-001,REFERRAL_AND_FBA,237.79,2026-09-13 18:18:27
FEE-14323,ORD-8323,SEL-001,REFERRAL_AND_FBA,414.66,2026-09-13 18:26:34
FEE-14324,ORD-8324,SEL-001,REFERRAL_AND_FBA,262.7,2026-09-13 18:35:35
FEE-14325,ORD-8325,SEL-001,REFERRAL_AND_FBA,417.32,2026-09-13 18:44:05
FEE-14326,ORD-8326,SEL-001,REFERRAL_AND_FBA,723.32,2026-09-13 18:52:15
FEE-14327,ORD-8327,SEL-001,REFERRAL_AND_FBA,111.5,2026-09-13 19:00:46
FEE-14328,ORD-8328,SEL-001,REFERRAL_AND_FBA,220.0,2026-09-13 19:09:36
FEE-14329,ORD-8329,SEL-001,REFERRAL_AND_FBA,307.08,2026-09-13 19:17:45
FEE-14330,ORD-8330,SEL-001,REFERRAL_AND_FBA,238.52,2026-09-13 19:26:19
FEE-14331,ORD-8331,SEL-001,REFERRAL_AND_FBA,553.97,2026-09-13 19:35:05
FEE-14332,ORD-8332,SEL-001,REFERRAL_AND_FBA,528.94,2026-09-13 19:43:27
FEE-14333,ORD-8333,SEL-001,REFERRAL_AND_FBA,231.88,2026-09-13 19:52:24
FEE-14334,ORD-8334,SEL-001,REFERRAL_AND_FBA,361.63,2026-09-13 20:00:27
FEE-14335,ORD-8335,SEL-001,REFERRAL_AND_FBA,444.43,2026-09-13 20:09:14
FEE-14336,ORD-8336,SEL-001,REFERRAL_AND_FBA,505.62,2026-09-13 20:17:37
FEE-14337,ORD-8337,SEL-001,REFERRAL_AND_FBA,702.72,2026-09-13 20:26:02
FEE-14338,ORD-8338,SEL-001,REFERRAL_AND_FBA,96.64,2026-09-13 20:34:51
FEE-14339,ORD-8339,SEL-001,REFERRAL_AND_FBA,500.5,2026-09-13 20:43:24
FEE-14340,ORD-8340,SEL-001,REFERRAL_AND_FBA,196.67,2026-09-13 20:51:51
FEE-14341,ORD-8341,SEL-001,REFERRAL_AND_FBA,269.71,2026-09-13 21:00:20
FEE-14342,ORD-8342,SEL-001,REFERRAL_AND_FBA,307.08,2026-09-13 21:08:52
FEE-14343,ORD-8343,SEL-001,REFERRAL_AND_FBA,150.46,2026-09-13 21:17:17
FEE-14344,ORD-8344,SEL-001,REFERRAL_AND_FBA,661.26,2026-09-13 21:26:09
FEE-14345,ORD-8345,SEL-001,REFERRAL_AND_FBA,477.38,2026-09-13 21:34:36
FEE-14346,ORD-8346,SEL-001,REFERRAL_AND_FBA,417.32,2026-09-13 21:43:13
FEE-14347,ORD-8347,SEL-001,REFERRAL_AND_FBA,232.32,2026-09-13 21:51:50
FEE-14348,ORD-8348,SEL-001,REFERRAL_AND_FBA,133.0,2026-09-13 22:00:14
FEE-14349,ORD-8349,SEL-001,REFERRAL_AND_FBA,505.62,2026-09-13 22:08:30
FEE-14350,ORD-8350,SEL-001,REFERRAL_AND_FBA,162.4,2026-09-13 22:16:58
FEE-14351,ORD-8351,SEL-001,REFERRAL_AND_FBA,641.84,2026-09-13 22:25:33
FEE-14352,ORD-8352,SEL-001,REFERRAL_AND_FBA,525.4,2026-09-13 22:34:07
FEE-14353,ORD-8353,SEL-001,REFERRAL_AND_FBA,664.86,2026-09-13 22:42:41
FEE-14354,ORD-8354,SEL-001,REFERRAL_AND_FBA,607.04,2026-09-13 22:51:33
FEE-14355,ORD-8355,SEL-001,REFERRAL_AND_FBA,1446.64,2026-09-13 22:59:40
FEE-14356,ORD-8356,SEL-001,REFERRAL_AND_FBA,361.63,2026-09-13 23:08:32
FEE-14357,ORD-8357,SEL-001,REFERRAL_AND_FBA,196.67,2026-09-13 23:16:59
FEE-14358,ORD-8358,SEL-001,REFERRAL_AND_FBA,477.04,2026-09-13 23:25:32
FEE-14359,ORD-8359,SEL-001,REFERRAL_AND_FBA,162.4,2026-09-13 23:34:15
FEE-14360,ORD-8360,SEL-001,REFERRAL_AND_FBA,231.88,2026-09-13 23:42:45
FEE-14361,ORD-8361,SEL-001,REFERRAL_AND_FBA,122.54,2026-09-13 23:51:10
FEE-14362,ORD-8362,SEL-001,REFERRAL_AND_FBA,1242.49,2026-09-13 23:59:49
FEE-14363,ORD-8363,SEL-001,REFERRAL_AND_FBA,293.11,2026-09-14 00:08:19
FEE-14364,ORD-8364,SEL-001,REFERRAL_AND_FBA,1217.02,2026-09-14 00:16:57
FEE-14365,ORD-8365,SEL-001,REFERRAL_AND_FBA,112.96,2026-09-14 00:25:22
FEE-14366,ORD-8366,SEL-001,REFERRAL_AND_FBA,528.94,2026-09-14 00:33:59
FEE-14367,ORD-8367,SEL-001,REFERRAL_AND_FBA,523.9,2026-09-14 00:42:22
FEE-14368,ORD-8368,SEL-001,REFERRAL_AND_FBA,266.0,2026-09-14 00:50:47
FEE-14369,ORD-8369,SEL-001,REFERRAL_AND_FBA,727.53,2026-09-14 00:59:14
FEE-14370,ORD-8370,SEL-001,REFERRAL_AND_FBA,528.94,2026-09-14 01:07:40
FEE-14371,ORD-8371,SEL-001,REFERRAL_AND_FBA,196.67,2026-09-14 01:16:33
FEE-14372,ORD-8372,SEL-001,REFERRAL_AND_FBA,712.86,2026-09-14 01:25:09
FEE-14373,ORD-8373,SEL-001,REFERRAL_AND_FBA,109.42,2026-09-14 01:33:36
FEE-14374,ORD-8374,SEL-001,REFERRAL_AND_FBA,220.0,2026-09-14 01:42:10
FEE-14375,ORD-8375,SEL-001,REFERRAL_AND_FBA,723.32,2026-09-14 01:50:32
FEE-14376,ORD-8376,SEL-001,REFERRAL_AND_FBA,162.4,2026-09-14 01:59:03
FEE-14377,ORD-8377,SEL-001,REFERRAL_AND_FBA,727.53,2026-09-14 02:07:51
FEE-14378,ORD-8378,SEL-001,REFERRAL_AND_FBA,829.33,2026-09-14 02:16:17
FEE-14379,ORD-8379,SEL-001,REFERRAL_AND_FBA,1174.4,2026-09-14 02:24:41
FEE-14380,ORD-8380,SEL-001,REFERRAL_AND_FBA,417.32,2026-09-14 02:33:11
FEE-14381,ORD-8381,SEL-001,REFERRAL_AND_FBA,262.7,2026-09-14 02:41:53
FEE-14382,ORD-8382,SEL-001,REFERRAL_AND_FBA,693.61,2026-09-14 02:50:32
FEE-14383,ORD-8383,SEL-001,REFERRAL_AND_FBA,450.37,2026-09-14 02:58:43
FEE-14384,ORD-8384,SEL-001,REFERRAL_AND_FBA,226.06,2026-09-14 03:07:19
FEE-14385,ORD-8385,SEL-001,REFERRAL_AND_FBA,525.4,2026-09-14 03:15:47
FEE-14386,ORD-8386,SEL-001,REFERRAL_AND_FBA,111.5,2026-09-14 03:24:20
FEE-14387,ORD-8387,SEL-001,REFERRAL_AND_FBA,220.0,2026-09-14 03:33:03
FEE-14388,ORD-8388,SEL-001,REFERRAL_AND_FBA,201.6,2026-09-14 03:41:38
FEE-14389,ORD-8389,SEL-001,REFERRAL_AND_FBA,497.75,2026-09-14 03:50:05
FEE-14390,ORD-8390,SEL-001,REFERRAL_AND_FBA,528.94,2026-09-14 03:58:36
FEE-14391,ORD-8391,SEL-001,REFERRAL_AND_FBA,1379.23,2026-09-14 04:07:15
FEE-14392,ORD-8392,SEL-001,REFERRAL_AND_FBA,434.35,2026-09-14 04:15:29
FEE-14393,ORD-8393,SEL-001,REFERRAL_AND_FBA,309.41,2026-09-14 04:24:24
FEE-14394,ORD-8394,SEL-001,REFERRAL_AND_FBA,233.03,2026-09-14 04:32:51
FEE-14395,ORD-8395,SEL-001,REFERRAL_AND_FBA,1020.68,2026-09-14 04:41:04
FEE-14396,ORD-8396,SEL-001,REFERRAL_AND_FBA,219.26,2026-09-14 04:49:35
FEE-14397,ORD-8397,SEL-001,REFERRAL_AND_FBA,607.04,2026-09-14 04:58:31
FEE-14398,ORD-8398,SEL-001,REFERRAL_AND_FBA,347.12,2026-09-14 05:06:37
FEE-14399,ORD-8399,SEL-001,REFERRAL_AND_FBA,537.56,2026-09-14 05:15:09
FEE-14400,ORD-8400,SEL-001,REFERRAL_AND_FBA,260.0,2026-09-14 05:23:52
FEE-14401,ORD-8401,SEL-001,REFERRAL_AND_FBA,621.25,2026-09-14 05:32:24
FEE-14402,ORD-8402,SEL-001,REFERRAL_AND_FBA,973.61,2026-09-14 05:40:54
FEE-14403,ORD-8403,SEL-001,REFERRAL_AND_FBA,133.0,2026-09-14 05:49:39
FEE-14404,ORD-8404,SEL-001,REFERRAL_AND_FBA,429.81,2026-09-14 05:57:55
FEE-14405,ORD-8405,SEL-001,REFERRAL_AND_FBA,269.71,2026-09-14 06:06:30
FEE-14406,ORD-8406,SEL-001,REFERRAL_AND_FBA,237.79,2026-09-14 06:14:57
FEE-14407,ORD-8407,SEL-001,REFERRAL_AND_FBA,608.51,2026-09-14 06:23:42
FEE-14408,ORD-8408,SEL-001,REFERRAL_AND_FBA,1379.23,2026-09-14 06:32:14
FEE-14409,ORD-8409,SEL-001,REFERRAL_AND_FBA,694.24,2026-09-14 06:40:52
FEE-14410,ORD-8410,SEL-001,REFERRAL_AND_FBA,1405.45,2026-09-14 06:49:22
FEE-14411,ORD-8411,SEL-001,REFERRAL_AND_FBA,109.42,2026-09-14 06:58:00
FEE-14412,ORD-8412,SEL-001,REFERRAL_AND_FBA,675.52,2026-09-14 07:06:29
FEE-14413,ORD-8413,SEL-001,REFERRAL_AND_FBA,325.08,2026-09-14 07:14:57
FEE-14414,ORD-8414,SEL-001,REFERRAL_AND_FBA,537.56,2026-09-14 07:23:39
FEE-14415,ORD-8415,SEL-001,REFERRAL_AND_FBA,541.66,2026-09-14 07:31:46
FEE-14416,ORD-8416,SEL-001,REFERRAL_AND_FBA,728.43,2026-09-14 07:40:13
FEE-14417,ORD-8417,SEL-001,REFERRAL_AND_FBA,667.63,2026-09-14 07:48:50
FEE-14418,ORD-8418,SEL-001,REFERRAL_AND_FBA,276.99,2026-09-14 07:57:25
FEE-14419,ORD-8419,SEL-001,REFERRAL_AND_FBA,608.51,2026-09-14 08:06:13
FEE-14420,ORD-8420,SEL-001,REFERRAL_AND_FBA,417.32,2026-09-14 08:14:26
FEE-14421,ORD-8421,SEL-001,REFERRAL_AND_FBA,661.26,2026-09-14 08:22:57
FEE-14422,ORD-8422,SEL-001,REFERRAL_AND_FBA,328.49,2026-09-14 08:31:49
FEE-14423,ORD-8423,SEL-001,REFERRAL_AND_FBA,300.91,2026-09-14 08:40:12
FEE-14424,ORD-8424,SEL-001,REFERRAL_AND_FBA,261.36,2026-09-14 08:48:34
FEE-14425,ORD-8425,SEL-001,REFERRAL_AND_FBA,492.5,2026-09-14 08:57:04
FEE-14426,ORD-8426,SEL-001,REFERRAL_AND_FBA,1000.27,2026-09-14 09:05:50
FEE-14427,ORD-8427,SEL-001,REFERRAL_AND_FBA,480.82,2026-09-14 09:14:09
FEE-14428,ORD-8428,SEL-001,REFERRAL_AND_FBA,231.88,2026-09-14 09:22:40
FEE-14429,ORD-8429,SEL-001,REFERRAL_AND_FBA,1259.64,2026-09-14 09:31:23
FEE-14430,ORD-8430,SEL-001,REFERRAL_AND_FBA,335.78,2026-09-14 09:39:46
FEE-14431,ORD-8431,SEL-001,REFERRAL_AND_FBA,245.07,2026-09-14 09:48:34
FEE-14432,ORD-8432,SEL-001,REFERRAL_AND_FBA,220.0,2026-09-14 09:56:46
FEE-14433,ORD-8433,SEL-001,REFERRAL_AND_FBA,191.62,2026-09-14 10:05:26
FEE-14434,ORD-8434,SEL-001,REFERRAL_AND_FBA,557.32,2026-09-14 10:13:58
FEE-14435,ORD-8435,SEL-001,REFERRAL_AND_FBA,985.0,2026-09-14 10:22:35
FEE-14436,ORD-8436,SEL-001,REFERRAL_AND_FBA,249.73,2026-09-14 10:31:11
FEE-14437,ORD-8437,SEL-001,REFERRAL_AND_FBA,245.07,2026-09-14 10:39:56
FEE-14438,ORD-8438,SEL-001,REFERRAL_AND_FBA,492.5,2026-09-14 10:48:20
FEE-14439,ORD-8439,SEL-001,REFERRAL_AND_FBA,693.61,2026-09-14 10:56:37
FEE-14440,ORD-8440,SEL-001,REFERRAL_AND_FBA,335.78,2026-09-14 11:05:28
FEE-14441,ORD-8441,SEL-001,REFERRAL_AND_FBA,293.11,2026-09-14 11:14:00
FEE-14442,ORD-8442,SEL-001,REFERRAL_AND_FBA,220.0,2026-09-14 11:22:27
FEE-14443,ORD-8443,SEL-001,REFERRAL_AND_FBA,562.0,2026-09-14 11:30:49
FEE-14444,ORD-8444,SEL-001,REFERRAL_AND_FBA,500.13,2026-09-14 11:39:12
FEE-14445,ORD-8445,SEL-001,REFERRAL_AND_FBA,450.37,2026-09-14 11:48:10
FEE-14446,ORD-8446,SEL-001,REFERRAL_AND_FBA,96.64,2026-09-14 11:56:32
FEE-14447,ORD-8447,SEL-001,REFERRAL_AND_FBA,723.32,2026-09-14 12:05:06
FEE-14448,ORD-8448,SEL-001,REFERRAL_AND_FBA,220.0,2026-09-14 12:13:24
FEE-14449,ORD-8449,SEL-001,REFERRAL_AND_FBA,269.71,2026-09-14 12:22:15
FEE-14450,ORD-8450,SEL-001,REFERRAL_AND_FBA,249.73,2026-09-14 12:30:37
FEE-14451,ORD-8451,SEL-001,REFERRAL_AND_FBA,444.43,2026-09-14 12:39:16
FEE-14452,ORD-8452,SEL-001,REFERRAL_AND_FBA,562.0,2026-09-14 12:47:45
FEE-14453,ORD-8453,SEL-001,REFERRAL_AND_FBA,111.5,2026-09-14 12:56:13
FEE-14454,ORD-8454,SEL-001,REFERRAL_AND_FBA,237.79,2026-09-14 13:04:31
FEE-14455,ORD-8455,SEL-001,REFERRAL_AND_FBA,266.0,2026-09-14 13:13:20
FEE-14456,ORD-8456,SEL-001,REFERRAL_AND_FBA,528.94,2026-09-14 13:21:36
FEE-14457,ORD-8457,SEL-001,REFERRAL_AND_FBA,109.42,2026-09-14 13:30:34
FEE-14458,ORD-8458,SEL-001,REFERRAL_AND_FBA,262.7,2026-09-14 13:38:44
FEE-14459,ORD-8459,SEL-001,REFERRAL_AND_FBA,661.26,2026-09-14 13:47:26
FEE-14460,ORD-8460,SEL-001,REFERRAL_AND_FBA,414.66,2026-09-14 13:56:00
FEE-14461,ORD-8461,SEL-001,REFERRAL_AND_FBA,196.67,2026-09-14 14:04:42
FEE-14462,ORD-8462,SEL-001,REFERRAL_AND_FBA,562.0,2026-09-14 14:13:06
FEE-14463,ORD-8463,SEL-001,REFERRAL_AND_FBA,961.64,2026-09-14 14:21:50
FEE-14464,ORD-8464,SEL-001,REFERRAL_AND_FBA,444.43,2026-09-14 14:30:12
FEE-14465,ORD-8465,SEL-001,REFERRAL_AND_FBA,900.74,2026-09-14 14:38:42
FEE-14466,ORD-8466,SEL-001,REFERRAL_AND_FBA,651.18,2026-09-14 14:47:04
FEE-14467,ORD-8467,SEL-001,REFERRAL_AND_FBA,154.16,2026-09-14 14:55:40
FEE-14468,ORD-8468,SEL-001,REFERRAL_AND_FBA,664.86,2026-09-14 15:04:00
FEE-14469,ORD-8469,SEL-001,REFERRAL_AND_FBA,249.73,2026-09-14 15:12:57
FEE-14470,ORD-8470,SEL-001,REFERRAL_AND_FBA,702.72,2026-09-14 15:21:32
FEE-14471,ORD-8471,SEL-001,REFERRAL_AND_FBA,220.0,2026-09-14 15:30:03
FEE-14472,ORD-8472,SEL-001,REFERRAL_AND_FBA,460.56,2026-09-14 15:38:17
FEE-14473,ORD-8473,SEL-001,REFERRAL_AND_FBA,597.45,2026-09-14 15:47:03
FEE-14474,ORD-8474,SEL-001,REFERRAL_AND_FBA,122.54,2026-09-14 15:55:16
FEE-14475,ORD-8475,SEL-001,REFERRAL_AND_FBA,1124.0,2026-09-14 16:03:58
FEE-14476,ORD-8476,SEL-001,REFERRAL_AND_FBA,1302.37,2026-09-14 16:12:21
FEE-14477,ORD-8477,SEL-001,REFERRAL_AND_FBA,1423.12,2026-09-14 16:21:14
FEE-14478,ORD-8478,SEL-001,REFERRAL_AND_FBA,334.4,2026-09-14 16:29:40
FEE-14479,ORD-8479,SEL-001,REFERRAL_AND_FBA,465.17,2026-09-14 16:38:01
FEE-14480,ORD-8480,SEL-001,REFERRAL_AND_FBA,96.64,2026-09-14 16:46:40
FEE-14481,ORD-8481,SEL-001,REFERRAL_AND_FBA,728.43,2026-09-14 16:55:02
FEE-14482,ORD-8482,SEL-001,REFERRAL_AND_FBA,607.04,2026-09-14 17:03:34
FEE-14483,ORD-8483,SEL-001,REFERRAL_AND_FBA,641.84,2026-09-14 17:12:16
FEE-14484,ORD-8484,SEL-001,REFERRAL_AND_FBA,219.26,2026-09-14 17:20:36
FEE-14485,ORD-8485,SEL-001,REFERRAL_AND_FBA,201.6,2026-09-14 17:29:18
FEE-14486,ORD-8486,SEL-001,REFERRAL_AND_FBA,122.54,2026-09-14 17:37:39
FEE-14487,ORD-8487,SEL-001,REFERRAL_AND_FBA,727.53,2026-09-14 17:46:26
FEE-14488,ORD-8488,SEL-001,REFERRAL_AND_FBA,480.82,2026-09-14 17:55:10
FEE-14489,ORD-8489,SEL-001,REFERRAL_AND_FBA,671.56,2026-09-14 18:03:14
FEE-14490,ORD-8490,SEL-001,REFERRAL_AND_FBA,108.45,2026-09-14 18:12:11
FEE-14491,ORD-8491,SEL-001,REFERRAL_AND_FBA,260.0,2026-09-14 18:20:32
FEE-14492,ORD-8492,SEL-001,REFERRAL_AND_FBA,269.71,2026-09-14 18:29:04
FEE-14493,ORD-8493,SEL-001,REFERRAL_AND_FBA,328.49,2026-09-14 18:37:35
FEE-14494,ORD-8494,SEL-001,REFERRAL_AND_FBA,240.9,2026-09-14 18:46:08
FEE-14495,ORD-8495,SEL-001,REFERRAL_AND_FBA,727.53,2026-09-14 18:54:35
FEE-14496,ORD-8496,SEL-001,REFERRAL_AND_FBA,232.32,2026-09-14 19:03:06
FEE-14497,ORD-8497,SEL-001,REFERRAL_AND_FBA,541.66,2026-09-14 19:11:46
FEE-14498,ORD-8498,SEL-001,REFERRAL_AND_FBA,661.26,2026-09-14 19:20:27
FEE-14499,ORD-8499,SEL-001,REFERRAL_AND_FBA,219.26,2026-09-14 19:28:44
FEE-14500,ORD-8500,SEL-001,REFERRAL_AND_FBA,632.78,2026-09-14 19:37:18
FEE-14501,ORD-8501,SEL-001,REFERRAL_AND_FBA,361.63,2026-09-14 19:45:47
FEE-14502,ORD-8502,SEL-001,REFERRAL_AND_FBA,226.06,2026-09-14 19:54:29
FEE-14503,ORD-8503,SEL-001,REFERRAL_AND_FBA,293.6,2026-09-14 20:02:59
FEE-14504,ORD-8504,SEL-001,REFERRAL_AND_FBA,434.35,2026-09-14 20:11:16
FEE-14505,ORD-8505,SEL-001,REFERRAL_AND_FBA,1259.64,2026-09-14 20:19:51
FEE-14506,ORD-8506,SEL-001,REFERRAL_AND_FBA,266.0,2026-09-14 20:28:47
FEE-14507,ORD-8507,SEL-001,REFERRAL_AND_FBA,711.56,2026-09-14 20:37:12
FEE-14508,ORD-8508,SEL-001,REFERRAL_AND_FBA,240.9,2026-09-14 20:45:31
FEE-14509,ORD-8509,SEL-001,REFERRAL_AND_FBA,921.12,2026-09-14 20:54:08
FEE-14510,ORD-8510,SEL-001,REFERRAL_AND_FBA,450.37,2026-09-14 21:02:49
FEE-14511,ORD-8511,SEL-001,REFERRAL_AND_FBA,702.72,2026-09-14 21:11:15
FEE-14512,ORD-8512,SEL-001,REFERRAL_AND_FBA,468.16,2026-09-14 21:19:51
FEE-14513,ORD-8513,SEL-001,REFERRAL_AND_FBA,497.75,2026-09-14 21:28:23
FEE-14514,ORD-8514,SEL-001,REFERRAL_AND_FBA,269.71,2026-09-14 21:36:56
FEE-14515,ORD-8515,SEL-001,REFERRAL_AND_FBA,492.5,2026-09-14 21:45:29
FEE-14516,ORD-8516,SEL-001,REFERRAL_AND_FBA,307.08,2026-09-14 21:53:44
FEE-14517,ORD-8517,SEL-001,REFERRAL_AND_FBA,480.82,2026-09-14 22:02:18
FEE-14518,ORD-8518,SEL-001,REFERRAL_AND_FBA,383.24,2026-09-14 22:10:55
FEE-14519,ORD-8519,SEL-001,REFERRAL_AND_FBA,333.82,2026-09-14 22:19:18
FEE-14520,ORD-8520,SEL-001,REFERRAL_AND_FBA,150.46,2026-09-14 22:28:16
FEE-14521,ORD-8521,SEL-001,REFERRAL_AND_FBA,1455.06,2026-09-14 22:36:40
FEE-14522,ORD-8522,SEL-001,REFERRAL_AND_FBA,1115.41,2026-09-14 22:45:01
FEE-14523,ORD-8523,SEL-001,REFERRAL_AND_FBA,156.89,2026-09-14 22:53:38
FEE-14524,ORD-8524,SEL-001,REFERRAL_AND_FBA,477.04,2026-09-14 23:02:14
FEE-14525,ORD-8525,SEL-001,REFERRAL_AND_FBA,1322.53,2026-09-14 23:10:29
FEE-14526,ORD-8526,SEL-001,REFERRAL_AND_FBA,96.64,2026-09-14 23:19:06
FEE-14527,ORD-8527,SEL-001,REFERRAL_AND_FBA,385.02,2026-09-14 23:27:37
FEE-14528,ORD-8528,SEL-001,REFERRAL_AND_FBA,269.71,2026-09-14 23:36:21
FEE-14529,ORD-8529,SEL-001,REFERRAL_AND_FBA,162.4,2026-09-14 23:45:01
FEE-14530,ORD-8530,SEL-001,REFERRAL_AND_FBA,240.9,2026-09-14 23:53:13
FEE-14531,ORD-8531,SEL-001,REFERRAL_AND_FBA,112.96,2026-09-15 00:02:06
FEE-14532,ORD-8532,SEL-001,REFERRAL_AND_FBA,497.75,2026-09-15 00:10:31
FEE-14533,ORD-8533,SEL-001,REFERRAL_AND_FBA,537.56,2026-09-15 00:19:09
FEE-14534,ORD-8534,SEL-001,REFERRAL_AND_FBA,537.56,2026-09-15 00:27:42
FEE-14535,ORD-8535,SEL-001,REFERRAL_AND_FBA,347.12,2026-09-15 00:36:07
FEE-14536,ORD-8536,SEL-001,REFERRAL_AND_FBA,263.19,2026-09-15 00:44:31
FEE-14537,ORD-8537,SEL-001,REFERRAL_AND_FBA,608.51,2026-09-15 00:53:06
FEE-14538,ORD-8538,SEL-001,REFERRAL_AND_FBA,661.26,2026-09-15 01:01:51
FEE-14539,ORD-8539,SEL-001,REFERRAL_AND_FBA,444.43,2026-09-15 01:10:20
FEE-14540,ORD-8540,SEL-001,REFERRAL_AND_FBA,1115.41,2026-09-15 01:18:40
FEE-14541,ORD-8541,SEL-001,REFERRAL_AND_FBA,440.0,2026-09-15 01:27:26
FEE-14542,ORD-8542,SEL-001,REFERRAL_AND_FBA,226.06,2026-09-15 01:36:01
FEE-14543,ORD-8543,SEL-001,REFERRAL_AND_FBA,238.52,2026-09-15 01:44:08
FEE-14544,ORD-8544,SEL-001,REFERRAL_AND_FBA,500.13,2026-09-15 01:52:44
FEE-14545,ORD-8545,SEL-001,REFERRAL_AND_FBA,269.71,2026-09-15 02:01:27
FEE-14546,ORD-8546,SEL-001,REFERRAL_AND_FBA,219.26,2026-09-15 02:09:51
FEE-14547,ORD-8547,SEL-001,REFERRAL_AND_FBA,269.71,2026-09-15 02:18:28
FEE-14548,ORD-8548,SEL-001,REFERRAL_AND_FBA,147.92,2026-09-15 02:27:07
FEE-14549,ORD-8549,SEL-001,REFERRAL_AND_FBA,267.83,2026-09-15 02:35:16
FEE-14550,ORD-8550,SEL-001,REFERRAL_AND_FBA,629.82,2026-09-15 02:44:07
FEE-14551,ORD-8551,SEL-001,REFERRAL_AND_FBA,466.06,2026-09-15 02:52:49
FEE-14552,ORD-8552,SEL-001,REFERRAL_AND_FBA,249.73,2026-09-15 03:01:22
FEE-14553,ORD-8553,SEL-001,REFERRAL_AND_FBA,154.16,2026-09-15 03:09:34
FEE-14554,ORD-8554,SEL-001,REFERRAL_AND_FBA,1075.13,2026-09-15 03:17:58
FEE-14555,ORD-8555,SEL-001,REFERRAL_AND_FBA,651.18,2026-09-15 03:26:56
FEE-14556,ORD-8556,SEL-001,REFERRAL_AND_FBA,557.32,2026-09-15 03:35:08
FEE-14557,ORD-8557,SEL-001,REFERRAL_AND_FBA,335.78,2026-09-15 03:44:01
FEE-14558,ORD-8558,SEL-001,REFERRAL_AND_FBA,664.86,2026-09-15 03:52:04
FEE-14559,ORD-8559,SEL-001,REFERRAL_AND_FBA,220.0,2026-09-15 04:01:05
FEE-14560,ORD-8560,SEL-001,REFERRAL_AND_FBA,154.16,2026-09-15 04:09:16
FEE-14561,ORD-8561,SEL-001,REFERRAL_AND_FBA,557.32,2026-09-15 04:17:55
FEE-14562,ORD-8562,SEL-001,REFERRAL_AND_FBA,606.21,2026-09-15 04:26:20
FEE-14563,ORD-8563,SEL-001,REFERRAL_AND_FBA,335.78,2026-09-15 04:35:01
FEE-14564,ORD-8564,SEL-001,REFERRAL_AND_FBA,1057.88,2026-09-15 04:43:16
FEE-14565,ORD-8565,SEL-001,REFERRAL_AND_FBA,309.41,2026-09-15 04:51:50
FEE-14566,ORD-8566,SEL-001,REFERRAL_AND_FBA,961.64,2026-09-15 05:00:41
FEE-14567,ORD-8567,SEL-001,REFERRAL_AND_FBA,262.7,2026-09-15 05:08:56
FEE-14568,ORD-8568,SEL-001,REFERRAL_AND_FBA,727.53,2026-09-15 05:17:55
FEE-14569,ORD-8569,SEL-001,REFERRAL_AND_FBA,344.72,2026-09-15 05:26:19
FEE-14570,ORD-8570,SEL-001,REFERRAL_AND_FBA,417.32,2026-09-15 05:34:38
FEE-14571,ORD-8571,SEL-001,REFERRAL_AND_FBA,557.7,2026-09-15 05:43:24
FEE-14572,ORD-8572,SEL-001,REFERRAL_AND_FBA,632.78,2026-09-15 05:51:58
FEE-14573,ORD-8573,SEL-001,REFERRAL_AND_FBA,232.32,2026-09-15 06:00:06
FEE-14574,ORD-8574,SEL-001,REFERRAL_AND_FBA,344.72,2026-09-15 06:08:49
FEE-14575,ORD-8575,SEL-001,REFERRAL_AND_FBA,143.37,2026-09-15 06:17:35
FEE-14576,ORD-8576,SEL-001,REFERRAL_AND_FBA,109.42,2026-09-15 06:25:57
FEE-14577,ORD-8577,SEL-001,REFERRAL_AND_FBA,465.17,2026-09-15 06:34:20
FEE-14578,ORD-8578,SEL-001,REFERRAL_AND_FBA,335.78,2026-09-15 06:42:45
FEE-14579,ORD-8579,SEL-001,REFERRAL_AND_FBA,219.26,2026-09-15 06:51:33
FEE-14580,ORD-8580,SEL-001,REFERRAL_AND_FBA,151.63,2026-09-15 06:59:59
FEE-14581,ORD-8581,SEL-001,REFERRAL_AND_FBA,557.7,2026-09-15 07:08:22
FEE-14582,ORD-8582,SEL-001,REFERRAL_AND_FBA,417.32,2026-09-15 07:17:15
FEE-14583,ORD-8583,SEL-001,REFERRAL_AND_FBA,108.45,2026-09-15 07:25:55
FEE-14584,ORD-8584,SEL-001,REFERRAL_AND_FBA,528.94,2026-09-15 07:34:08
FEE-14585,ORD-8585,SEL-001,REFERRAL_AND_FBA,500.5,2026-09-15 07:42:45
FEE-14586,ORD-8586,SEL-001,REFERRAL_AND_FBA,328.49,2026-09-15 07:51:25
FEE-14587,ORD-8587,SEL-001,REFERRAL_AND_FBA,1242.49,2026-09-15 07:59:45
FEE-14588,ORD-8588,SEL-001,REFERRAL_AND_FBA,227.0,2026-09-15 08:08:14
FEE-14589,ORD-8589,SEL-001,REFERRAL_AND_FBA,143.37,2026-09-15 08:16:44
FEE-14590,ORD-8590,SEL-001,REFERRAL_AND_FBA,249.73,2026-09-15 08:25:27
FEE-14591,ORD-8591,SEL-001,REFERRAL_AND_FBA,506.8,2026-09-15 08:34:00
FEE-14592,ORD-8592,SEL-001,REFERRAL_AND_FBA,1446.64,2026-09-15 08:42:33
FEE-14593,ORD-8593,SEL-001,REFERRAL_AND_FBA,227.0,2026-09-15 08:51:08
FEE-14594,ORD-8594,SEL-001,REFERRAL_AND_FBA,109.42,2026-09-15 08:59:19
FEE-14595,ORD-8595,SEL-001,REFERRAL_AND_FBA,608.51,2026-09-15 09:08:06
FEE-14596,ORD-8596,SEL-001,REFERRAL_AND_FBA,500.5,2026-09-15 09:16:24
FEE-14597,ORD-8597,SEL-001,REFERRAL_AND_FBA,629.82,2026-09-15 09:25:13
FEE-14598,ORD-8598,SEL-001,REFERRAL_AND_FBA,1455.06,2026-09-15 09:33:26
FEE-14599,ORD-8599,SEL-001,REFERRAL_AND_FBA,325.08,2026-09-15 09:42:09
FEE-14600,ORD-8600,SEL-001,REFERRAL_AND_FBA,227.0,2026-09-15 09:50:41
FEE-14601,ORD-8601,SEL-001,REFERRAL_AND_FBA,414.66,2026-09-15 09:59:11
FEE-14602,ORD-8602,SEL-001,REFERRAL_AND_FBA,486.81,2026-09-15 10:07:53
FEE-14603,ORD-8603,SEL-001,REFERRAL_AND_FBA,465.17,2026-09-15 10:16:29
FEE-14604,ORD-8604,SEL-001,REFERRAL_AND_FBA,385.02,2026-09-15 10:24:46
FEE-14605,ORD-8605,SEL-001,REFERRAL_AND_FBA,641.84,2026-09-15 10:33:24
FEE-14606,ORD-8606,SEL-001,REFERRAL_AND_FBA,201.6,2026-09-15 10:42:09
FEE-14607,ORD-8607,SEL-001,REFERRAL_AND_FBA,220.0,2026-09-15 10:50:38
FEE-14608,ORD-8608,SEL-001,REFERRAL_AND_FBA,328.49,2026-09-15 10:58:46
FEE-14609,ORD-8609,SEL-001,REFERRAL_AND_FBA,1174.4,2026-09-15 11:07:37
FEE-14610,ORD-8610,SEL-001,REFERRAL_AND_FBA,460.56,2026-09-15 11:16:12
FEE-14611,ORD-8611,SEL-001,REFERRAL_AND_FBA,440.0,2026-09-15 11:24:51
FEE-14612,ORD-8612,SEL-001,REFERRAL_AND_FBA,528.94,2026-09-15 11:33:20
FEE-14613,ORD-8613,SEL-001,REFERRAL_AND_FBA,232.32,2026-09-15 11:41:48
FEE-14614,ORD-8614,SEL-001,REFERRAL_AND_FBA,460.56,2026-09-15 11:50:17
FEE-14615,ORD-8615,SEL-001,REFERRAL_AND_FBA,361.48,2026-09-15 11:58:44
FEE-14616,ORD-8616,SEL-001,REFERRAL_AND_FBA,454.0,2026-09-15 12:07:30
FEE-14617,ORD-8617,SEL-001,REFERRAL_AND_FBA,468.16,2026-09-15 12:16:04
FEE-14618,ORD-8618,SEL-001,REFERRAL_AND_FBA,361.48,2026-09-15 12:24:29
FEE-14619,ORD-8619,SEL-001,REFERRAL_AND_FBA,606.21,2026-09-15 12:33:03
FEE-14620,ORD-8620,SEL-001,REFERRAL_AND_FBA,629.82,2026-09-15 12:41:30
FEE-14621,ORD-8621,SEL-001,REFERRAL_AND_FBA,293.11,2026-09-15 12:49:51
FEE-14622,ORD-8622,SEL-001,REFERRAL_AND_FBA,109.42,2026-09-15 12:58:15
FEE-14623,ORD-8623,SEL-001,REFERRAL_AND_FBA,156.89,2026-09-15 13:07:04
FEE-14624,ORD-8624,SEL-001,REFERRAL_AND_FBA,151.63,2026-09-15 13:15:20
FEE-14625,ORD-8625,SEL-001,REFERRAL_AND_FBA,693.61,2026-09-15 13:23:54
FEE-14626,ORD-8626,SEL-001,REFERRAL_AND_FBA,335.78,2026-09-15 13:32:38
FEE-14627,ORD-8627,SEL-001,REFERRAL_AND_FBA,109.42,2026-09-15 13:41:12
FEE-14628,ORD-8628,SEL-001,REFERRAL_AND_FBA,712.86,2026-09-15 13:49:27
FEE-14629,ORD-8629,SEL-001,REFERRAL_AND_FBA,1423.12,2026-09-15 13:58:12
FEE-14630,ORD-8630,SEL-001,REFERRAL_AND_FBA,711.56,2026-09-15 14:06:55
FEE-14631,ORD-8631,SEL-001,REFERRAL_AND_FBA,226.06,2026-09-15 14:15:23
FEE-14632,ORD-8632,SEL-001,REFERRAL_AND_FBA,121.71,2026-09-15 14:23:59
FEE-14633,ORD-8633,SEL-001,REFERRAL_AND_FBA,712.86,2026-09-15 14:32:22
FEE-14634,ORD-8634,SEL-001,REFERRAL_AND_FBA,344.72,2026-09-15 14:40:55
FEE-14635,ORD-8635,SEL-001,REFERRAL_AND_FBA,344.72,2026-09-15 14:49:15
FEE-14636,ORD-8636,SEL-001,REFERRAL_AND_FBA,1083.33,2026-09-15 14:57:57
FEE-14637,ORD-8637,SEL-001,REFERRAL_AND_FBA,196.67,2026-09-15 15:06:46
FEE-14638,ORD-8638,SEL-001,REFERRAL_AND_FBA,1214.09,2026-09-15 15:15:18
FEE-14639,ORD-8639,SEL-001,REFERRAL_AND_FBA,150.46,2026-09-15 15:23:22
FEE-14640,ORD-8640,SEL-001,REFERRAL_AND_FBA,260.0,2026-09-15 15:32:15
FEE-14641,ORD-8641,SEL-001,REFERRAL_AND_FBA,557.32,2026-09-15 15:40:37
FEE-14642,ORD-8642,SEL-001,REFERRAL_AND_FBA,220.0,2026-09-15 15:49:18
FEE-14643,ORD-8643,SEL-001,REFERRAL_AND_FBA,557.7,2026-09-15 15:57:57
FEE-14644,ORD-8644,SEL-001,REFERRAL_AND_FBA,147.92,2026-09-15 16:06:11
FEE-14645,ORD-8645,SEL-001,REFERRAL_AND_FBA,325.08,2026-09-15 16:15:00
FEE-14646,ORD-8646,SEL-001,REFERRAL_AND_FBA,500.13,2026-09-15 16:23:08
FEE-14647,ORD-8647,SEL-001,REFERRAL_AND_FBA,122.54,2026-09-15 16:32:04
FEE-14648,ORD-8648,SEL-001,REFERRAL_AND_FBA,541.66,2026-09-15 16:40:22
FEE-14649,ORD-8649,SEL-001,REFERRAL_AND_FBA,150.46,2026-09-15 16:49:04
FEE-14650,ORD-8650,SEL-001,REFERRAL_AND_FBA,220.0,2026-09-15 16:57:31
FEE-14651,ORD-8651,SEL-001,REFERRAL_AND_FBA,492.5,2026-09-15 17:06:04
FEE-14652,ORD-8652,SEL-001,REFERRAL_AND_FBA,480.82,2026-09-15 17:14:46
FEE-14653,ORD-8653,SEL-001,REFERRAL_AND_FBA,325.08,2026-09-15 17:22:58
FEE-14654,ORD-8654,SEL-001,REFERRAL_AND_FBA,1283.67,2026-09-15 17:31:39
FEE-14655,ORD-8655,SEL-001,REFERRAL_AND_FBA,661.26,2026-09-15 17:40:08
FEE-14656,ORD-8656,SEL-001,REFERRAL_AND_FBA,465.17,2026-09-15 17:48:39
FEE-14657,ORD-8657,SEL-001,REFERRAL_AND_FBA,219.26,2026-09-15 17:57:16
FEE-14658,ORD-8658,SEL-001,REFERRAL_AND_FBA,309.41,2026-09-15 18:05:40
FEE-14659,ORD-8659,SEL-001,REFERRAL_AND_FBA,334.4,2026-09-15 18:14:09
FEE-14660,ORD-8660,SEL-001,REFERRAL_AND_FBA,147.92,2026-09-15 18:22:37
FEE-14661,ORD-8661,SEL-001,REFERRAL_AND_FBA,541.66,2026-09-15 18:31:17
FEE-14662,ORD-8662,SEL-001,REFERRAL_AND_FBA,465.17,2026-09-15 18:39:42
FEE-14663,ORD-8663,SEL-001,REFERRAL_AND_FBA,154.16,2026-09-15 18:48:27
FEE-14664,ORD-8664,SEL-001,REFERRAL_AND_FBA,111.5,2026-09-15 18:56:57
FEE-14665,ORD-8665,SEL-001,REFERRAL_AND_FBA,954.75,2026-09-15 19:05:24
FEE-14666,ORD-8666,SEL-001,REFERRAL_AND_FBA,309.41,2026-09-15 19:14:15
FEE-14667,ORD-8667,SEL-001,REFERRAL_AND_FBA,671.56,2026-09-15 19:22:42
FEE-14668,ORD-8668,SEL-001,REFERRAL_AND_FBA,156.89,2026-09-15 19:31:01
FEE-14669,ORD-8669,SEL-001,REFERRAL_AND_FBA,361.63,2026-09-15 19:39:24
FEE-14670,ORD-8670,SEL-001,REFERRAL_AND_FBA,96.64,2026-09-15 19:48:08
FEE-14671,ORD-8671,SEL-001,REFERRAL_AND_FBA,712.86,2026-09-15 19:56:42
FEE-14672,ORD-8672,SEL-001,REFERRAL_AND_FBA,510.34,2026-09-15 20:05:03
FEE-14673,ORD-8673,SEL-001,REFERRAL_AND_FBA,465.17,2026-09-15 20:13:52
FEE-14674,ORD-8674,SEL-001,REFERRAL_AND_FBA,328.49,2026-09-15 20:22:19
FEE-14675,ORD-8675,SEL-001,REFERRAL_AND_FBA,121.71,2026-09-15 20:30:35
FEE-14676,ORD-8676,SEL-001,REFERRAL_AND_FBA,1020.68,2026-09-15 20:39:08
FEE-14677,ORD-8677,SEL-001,REFERRAL_AND_FBA,293.11,2026-09-15 20:48:08
FEE-14678,ORD-8678,SEL-001,REFERRAL_AND_FBA,361.48,2026-09-15 20:56:18
FEE-14679,ORD-8679,SEL-001,REFERRAL_AND_FBA,557.7,2026-09-15 21:05:07
FEE-14680,ORD-8680,SEL-001,REFERRAL_AND_FBA,522.72,2026-09-15 21:13:34
FEE-14681,ORD-8681,SEL-001,REFERRAL_AND_FBA,712.86,2026-09-15 21:21:51
FEE-14682,ORD-8682,SEL-001,REFERRAL_AND_FBA,460.56,2026-09-15 21:30:26
FEE-14683,ORD-8683,SEL-001,REFERRAL_AND_FBA,607.04,2026-09-15 21:39:19
FEE-14684,ORD-8684,SEL-001,REFERRAL_AND_FBA,711.56,2026-09-15 21:47:49
FEE-14685,ORD-8685,SEL-001,REFERRAL_AND_FBA,500.13,2026-09-15 21:56:10
FEE-14686,ORD-8686,SEL-001,REFERRAL_AND_FBA,480.82,2026-09-15 22:04:29
FEE-14687,ORD-8687,SEL-001,REFERRAL_AND_FBA,227.0,2026-09-15 22:13:06
FEE-14688,ORD-8688,SEL-001,REFERRAL_AND_FBA,486.81,2026-09-15 22:21:38
FEE-14689,ORD-8689,SEL-001,REFERRAL_AND_FBA,1194.9,2026-09-15 22:30:29
FEE-14690,ORD-8690,SEL-001,REFERRAL_AND_FBA,500.5,2026-09-15 22:39:02
FEE-14691,ORD-8691,SEL-001,REFERRAL_AND_FBA,440.0,2026-09-15 22:47:06
FEE-14692,ORD-8692,SEL-001,REFERRAL_AND_FBA,108.45,2026-09-15 22:55:55
FEE-14693,ORD-8693,SEL-001,REFERRAL_AND_FBA,712.86,2026-09-15 23:04:26
FEE-14694,ORD-8694,SEL-001,REFERRAL_AND_FBA,440.0,2026-09-15 23:13:05
FEE-14695,ORD-8695,SEL-001,REFERRAL_AND_FBA,661.26,2026-09-15 23:21:38
FEE-14696,ORD-8696,SEL-001,REFERRAL_AND_FBA,260.0,2026-09-15 23:30:09
FEE-14697,ORD-8697,SEL-001,REFERRAL_AND_FBA,510.34,2026-09-15 23:38:32
FEE-14698,ORD-8698,SEL-001,REFERRAL_AND_FBA,361.48,2026-09-15 23:46:54
FEE-14699,ORD-8699,SEL-001,REFERRAL_AND_FBA,466.06,2026-09-15 23:55:41
FEE-14700,ORD-8700,SEL-001,REFERRAL_AND_FBA,1011.25,2026-09-16 00:04:24
FEE-14701,ORD-8701,SEL-001,REFERRAL_AND_FBA,506.8,2026-09-16 00:12:51
FEE-14702,ORD-8702,SEL-001,REFERRAL_AND_FBA,191.62,2026-09-16 00:21:22
FEE-14703,ORD-8703,SEL-001,REFERRAL_AND_FBA,261.36,2026-09-16 00:29:45
FEE-14704,ORD-8704,SEL-001,REFERRAL_AND_FBA,417.32,2026-09-16 00:38:29
FEE-14705,ORD-8705,SEL-001,REFERRAL_AND_FBA,293.11,2026-09-16 00:47:02
FEE-14706,ORD-8706,SEL-001,REFERRAL_AND_FBA,133.0,2026-09-16 00:55:09
FEE-14707,ORD-8707,SEL-001,REFERRAL_AND_FBA,439.9,2026-09-16 01:04:00
FEE-14708,ORD-8708,SEL-001,REFERRAL_AND_FBA,629.82,2026-09-16 01:12:26
FEE-14709,ORD-8709,SEL-001,REFERRAL_AND_FBA,147.92,2026-09-16 01:20:52
FEE-14710,ORD-8710,SEL-001,REFERRAL_AND_FBA,621.25,2026-09-16 01:29:33
FEE-14711,ORD-8711,SEL-001,REFERRAL_AND_FBA,936.31,2026-09-16 01:37:58
FEE-14712,ORD-8712,SEL-001,REFERRAL_AND_FBA,220.0,2026-09-16 01:46:37
FEE-14713,ORD-8713,SEL-001,REFERRAL_AND_FBA,1425.72,2026-09-16 01:54:51
FEE-14714,ORD-8714,SEL-001,REFERRAL_AND_FBA,557.7,2026-09-16 02:03:40
FEE-14715,ORD-8715,SEL-001,REFERRAL_AND_FBA,693.61,2026-09-16 02:11:59
FEE-14716,ORD-8716,SEL-001,REFERRAL_AND_FBA,541.66,2026-09-16 02:20:52
FEE-14717,ORD-8717,SEL-001,REFERRAL_AND_FBA,528.94,2026-09-16 02:29:23
FEE-14718,ORD-8718,SEL-001,REFERRAL_AND_FBA,220.0,2026-09-16 02:38:00
FEE-14719,ORD-8719,SEL-001,REFERRAL_AND_FBA,468.16,2026-09-16 02:46:30
FEE-14720,ORD-8720,SEL-001,REFERRAL_AND_FBA,629.82,2026-09-16 02:54:52
FEE-14721,ORD-8721,SEL-001,REFERRAL_AND_FBA,269.71,2026-09-16 03:03:21
FEE-14722,ORD-8722,SEL-001,REFERRAL_AND_FBA,936.31,2026-09-16 03:12:01
FEE-14723,ORD-8723,SEL-001,REFERRAL_AND_FBA,112.96,2026-09-16 03:20:17
FEE-14724,ORD-8724,SEL-001,REFERRAL_AND_FBA,557.7,2026-09-16 03:28:59
FEE-14725,ORD-8725,SEL-001,REFERRAL_AND_FBA,553.97,2026-09-16 03:37:39
FEE-14726,ORD-8726,SEL-001,REFERRAL_AND_FBA,133.0,2026-09-16 03:46:03
FEE-14727,ORD-8727,SEL-001,REFERRAL_AND_FBA,466.06,2026-09-16 03:54:48
FEE-14728,ORD-8728,SEL-001,REFERRAL_AND_FBA,262.7,2026-09-16 04:02:54
FEE-14729,ORD-8729,SEL-001,REFERRAL_AND_FBA,220.0,2026-09-16 04:11:51
FEE-14730,ORD-8730,SEL-001,REFERRAL_AND_FBA,154.16,2026-09-16 04:20:14
FEE-14731,ORD-8731,SEL-001,REFERRAL_AND_FBA,260.0,2026-09-16 04:28:36
FEE-14732,ORD-8732,SEL-001,REFERRAL_AND_FBA,618.82,2026-09-16 04:37:02
FEE-14733,ORD-8733,SEL-001,REFERRAL_AND_FBA,664.86,2026-09-16 04:45:35
FEE-14734,ORD-8734,SEL-001,REFERRAL_AND_FBA,689.62,2026-09-16 04:54:31
FEE-14735,ORD-8735,SEL-001,REFERRAL_AND_FBA,260.0,2026-09-16 05:02:59
FEE-14736,ORD-8736,SEL-001,REFERRAL_AND_FBA,1329.72,2026-09-16 05:11:30
FEE-14737,ORD-8737,SEL-001,REFERRAL_AND_FBA,607.04,2026-09-16 05:19:58
FEE-14738,ORD-8738,SEL-001,REFERRAL_AND_FBA,220.0,2026-09-16 05:28:18
FEE-14739,ORD-8739,SEL-001,REFERRAL_AND_FBA,261.36,2026-09-16 05:37:00
FEE-14740,ORD-8740,SEL-001,REFERRAL_AND_FBA,444.43,2026-09-16 05:45:23
FEE-14741,ORD-8741,SEL-001,REFERRAL_AND_FBA,220.0,2026-09-16 05:54:07
FEE-14742,ORD-8742,SEL-001,REFERRAL_AND_FBA,201.6,2026-09-16 06:02:49
FEE-14743,ORD-8743,SEL-001,REFERRAL_AND_FBA,237.79,2026-09-16 06:11:01
FEE-14744,ORD-8744,SEL-001,REFERRAL_AND_FBA,276.99,2026-09-16 06:19:46
FEE-14745,ORD-8745,SEL-001,REFERRAL_AND_FBA,1011.25,2026-09-16 06:28:26
FEE-14746,ORD-8746,SEL-001,REFERRAL_AND_FBA,293.11,2026-09-16 06:36:41
FEE-14747,ORD-8747,SEL-001,REFERRAL_AND_FBA,1057.88,2026-09-16 06:45:18
FEE-14748,ORD-8748,SEL-001,REFERRAL_AND_FBA,347.12,2026-09-16 06:53:58
FEE-14749,ORD-8749,SEL-001,REFERRAL_AND_FBA,510.34,2026-09-16 07:02:27
FEE-14750,ORD-8750,SEL-001,REFERRAL_AND_FBA,641.84,2026-09-16 07:10:58
FEE-14751,ORD-8751,SEL-001,REFERRAL_AND_FBA,492.5,2026-09-16 07:19:37
FEE-14752,ORD-8752,SEL-001,REFERRAL_AND_FBA,220.0,2026-09-16 07:27:46
FEE-14753,ORD-8753,SEL-001,REFERRAL_AND_FBA,463.76,2026-09-16 07:36:42
FEE-14754,ORD-8754,SEL-001,REFERRAL_AND_FBA,621.25,2026-09-16 07:45:07
FEE-14755,ORD-8755,SEL-001,REFERRAL_AND_FBA,361.48,2026-09-16 07:53:37
FEE-14756,ORD-8756,SEL-001,REFERRAL_AND_FBA,162.4,2026-09-16 08:02:05
FEE-14757,ORD-8757,SEL-001,REFERRAL_AND_FBA,541.66,2026-09-16 08:10:48
FEE-14758,ORD-8758,SEL-001,REFERRAL_AND_FBA,293.11,2026-09-16 08:19:14
FEE-14759,ORD-8759,SEL-001,REFERRAL_AND_FBA,133.0,2026-09-16 08:27:29
FEE-14760,ORD-8760,SEL-001,REFERRAL_AND_FBA,661.26,2026-09-16 08:36:18
FEE-14761,ORD-8761,SEL-001,REFERRAL_AND_FBA,689.62,2026-09-16 08:44:36
FEE-14762,ORD-8762,SEL-001,REFERRAL_AND_FBA,539.42,2026-09-16 08:53:18
FEE-14763,ORD-8763,SEL-001,REFERRAL_AND_FBA,522.72,2026-09-16 09:01:58
FEE-14764,ORD-8764,SEL-001,REFERRAL_AND_FBA,263.19,2026-09-16 09:10:24
FEE-14765,ORD-8765,SEL-001,REFERRAL_AND_FBA,523.9,2026-09-16 09:19:05
FEE-14766,ORD-8766,SEL-001,REFERRAL_AND_FBA,220.0,2026-09-16 09:27:10
FEE-14767,ORD-8767,SEL-001,REFERRAL_AND_FBA,344.72,2026-09-16 09:36:08
FEE-14768,ORD-8768,SEL-001,REFERRAL_AND_FBA,510.34,2026-09-16 09:44:16
FEE-14769,ORD-8769,SEL-001,REFERRAL_AND_FBA,523.9,2026-09-16 09:53:04
FEE-14770,ORD-8770,SEL-001,REFERRAL_AND_FBA,694.24,2026-09-16 10:01:21
FEE-14771,ORD-8771,SEL-001,REFERRAL_AND_FBA,143.37,2026-09-16 10:10:12
FEE-14772,ORD-8772,SEL-001,REFERRAL_AND_FBA,537.56,2026-09-16 10:18:27
FEE-14773,ORD-8773,SEL-001,REFERRAL_AND_FBA,492.5,2026-09-16 10:27:14
FEE-14774,ORD-8774,SEL-001,REFERRAL_AND_FBA,220.0,2026-09-16 10:35:39
FEE-14775,ORD-8775,SEL-001,REFERRAL_AND_FBA,276.99,2026-09-16 10:44:04
FEE-14776,ORD-8776,SEL-001,REFERRAL_AND_FBA,361.48,2026-09-16 10:52:44
FEE-14777,ORD-8777,SEL-001,REFERRAL_AND_FBA,477.38,2026-09-16 11:01:31
FEE-14778,ORD-8778,SEL-001,REFERRAL_AND_FBA,728.43,2026-09-16 11:09:48
FEE-14779,ORD-8779,SEL-001,REFERRAL_AND_FBA,220.0,2026-09-16 11:18:15
FEE-14780,ORD-8780,SEL-001,REFERRAL_AND_FBA,541.66,2026-09-16 11:26:49
FEE-14781,ORD-8781,SEL-001,REFERRAL_AND_FBA,510.34,2026-09-16 11:35:11
FEE-14782,ORD-8782,SEL-001,REFERRAL_AND_FBA,111.5,2026-09-16 11:43:43
FEE-14783,ORD-8783,SEL-001,REFERRAL_AND_FBA,226.06,2026-09-16 11:52:20
FEE-14784,ORD-8784,SEL-001,REFERRAL_AND_FBA,220.0,2026-09-16 12:01:05
FEE-14785,ORD-8785,SEL-001,REFERRAL_AND_FBA,226.06,2026-09-16 12:09:31
FEE-14786,ORD-8786,SEL-001,REFERRAL_AND_FBA,133.0,2026-09-16 12:18:12
FEE-14787,ORD-8787,SEL-001,REFERRAL_AND_FBA,632.78,2026-09-16 12:26:52
FEE-14788,ORD-8788,SEL-001,REFERRAL_AND_FBA,361.63,2026-09-16 12:35:16
FEE-14789,ORD-8789,SEL-001,REFERRAL_AND_FBA,651.18,2026-09-16 12:43:51
FEE-14790,ORD-8790,SEL-001,REFERRAL_AND_FBA,597.45,2026-09-16 12:52:10
FEE-14791,ORD-8791,SEL-001,REFERRAL_AND_FBA,668.81,2026-09-16 13:00:37
FEE-14792,ORD-8792,SEL-001,REFERRAL_AND_FBA,537.56,2026-09-16 13:09:26
FEE-14793,ORD-8793,SEL-001,REFERRAL_AND_FBA,497.75,2026-09-16 13:17:54
FEE-14794,ORD-8794,SEL-001,REFERRAL_AND_FBA,111.5,2026-09-16 13:26:30
FEE-14795,ORD-8795,SEL-001,REFERRAL_AND_FBA,675.52,2026-09-16 13:34:47
FEE-14796,ORD-8796,SEL-001,REFERRAL_AND_FBA,651.18,2026-09-16 13:43:40
FEE-14797,ORD-8797,SEL-001,REFERRAL_AND_FBA,150.46,2026-09-16 13:52:12
FEE-14798,ORD-8798,SEL-001,REFERRAL_AND_FBA,220.0,2026-09-16 14:00:42
FEE-14799,ORD-8799,SEL-001,REFERRAL_AND_FBA,328.49,2026-09-16 14:09:13
FEE-14800,ORD-8800,SEL-001,REFERRAL_AND_FBA,439.9,2026-09-16 14:17:32
FEE-14801,ORD-8801,SEL-001,REFERRAL_AND_FBA,147.92,2026-09-16 14:26:13
FEE-14802,ORD-8802,SEL-001,REFERRAL_AND_FBA,162.4,2026-09-16 14:34:47
FEE-14803,ORD-8803,SEL-001,REFERRAL_AND_FBA,219.26,2026-09-16 14:43:05
FEE-14804,ORD-8804,SEL-001,REFERRAL_AND_FBA,335.78,2026-09-16 14:51:39
FEE-14805,ORD-8805,SEL-001,REFERRAL_AND_FBA,347.12,2026-09-16 15:00:23
FEE-14806,ORD-8806,SEL-001,REFERRAL_AND_FBA,499.45,2026-09-16 15:08:43
FEE-14807,ORD-8807,SEL-001,REFERRAL_AND_FBA,293.6,2026-09-16 15:17:23
FEE-14808,ORD-8808,SEL-001,REFERRAL_AND_FBA,486.81,2026-09-16 15:25:58
FEE-14809,ORD-8809,SEL-001,REFERRAL_AND_FBA,309.41,2026-09-16 15:34:32
FEE-14810,ORD-8810,SEL-001,REFERRAL_AND_FBA,109.42,2026-09-16 15:42:52
FEE-14811,ORD-8811,SEL-001,REFERRAL_AND_FBA,723.32,2026-09-16 15:51:17
FEE-14812,ORD-8812,SEL-001,REFERRAL_AND_FBA,150.46,2026-09-16 16:00:02
FEE-14813,ORD-8813,SEL-001,REFERRAL_AND_FBA,191.62,2026-09-16 16:08:20
FEE-14814,ORD-8814,SEL-001,REFERRAL_AND_FBA,505.62,2026-09-16 16:16:48
FEE-14815,ORD-8815,SEL-001,REFERRAL_AND_FBA,723.32,2026-09-16 16:25:29
FEE-14816,ORD-8816,SEL-001,REFERRAL_AND_FBA,537.56,2026-09-16 16:34:11
FEE-14817,ORD-8817,SEL-001,REFERRAL_AND_FBA,226.06,2026-09-16 16:42:26
FEE-14818,ORD-8818,SEL-001,REFERRAL_AND_FBA,227.0,2026-09-16 16:51:17
FEE-14819,ORD-8819,SEL-001,REFERRAL_AND_FBA,220.0,2026-09-16 16:59:50
FEE-14820,ORD-8820,SEL-001,REFERRAL_AND_FBA,440.0,2026-09-16 17:08:15
FEE-14821,ORD-8821,SEL-001,REFERRAL_AND_FBA,429.81,2026-09-16 17:16:32
FEE-14822,ORD-8822,SEL-001,REFERRAL_AND_FBA,154.16,2026-09-16 17:25:27
FEE-14823,ORD-8823,SEL-001,REFERRAL_AND_FBA,238.52,2026-09-16 17:33:41
FEE-14824,ORD-8824,SEL-001,REFERRAL_AND_FBA,344.72,2026-09-16 17:42:32
FEE-14825,ORD-8825,SEL-001,REFERRAL_AND_FBA,347.12,2026-09-16 17:51:11
FEE-14826,ORD-8826,SEL-001,REFERRAL_AND_FBA,240.9,2026-09-16 17:59:21
FEE-14827,ORD-8827,SEL-001,REFERRAL_AND_FBA,219.26,2026-09-16 18:07:49
FEE-14828,ORD-8828,SEL-001,REFERRAL_AND_FBA,492.5,2026-09-16 18:16:20
FEE-14829,ORD-8829,SEL-001,REFERRAL_AND_FBA,460.56,2026-09-16 18:24:50
FEE-14830,ORD-8830,SEL-001,REFERRAL_AND_FBA,234.8,2026-09-16 18:33:50
FEE-14831,ORD-8831,SEL-001,REFERRAL_AND_FBA,220.0,2026-09-16 18:41:56
FEE-14832,ORD-8832,SEL-001,REFERRAL_AND_FBA,728.43,2026-09-16 18:50:42
FEE-14833,ORD-8833,SEL-001,REFERRAL_AND_FBA,557.7,2026-09-16 18:59:12
FEE-14834,ORD-8834,SEL-001,REFERRAL_AND_FBA,429.81,2026-09-16 19:07:35
FEE-14835,ORD-8835,SEL-001,REFERRAL_AND_FBA,450.37,2026-09-16 19:16:13
FEE-14836,ORD-8836,SEL-001,REFERRAL_AND_FBA,486.81,2026-09-16 19:24:40
FEE-14837,ORD-8837,SEL-001,REFERRAL_AND_FBA,632.78,2026-09-16 19:33:28
FEE-14838,ORD-8838,SEL-001,REFERRAL_AND_FBA,417.32,2026-09-16 19:42:05
FEE-14839,ORD-8839,SEL-001,REFERRAL_AND_FBA,111.5,2026-09-16 19:50:25
FEE-14840,ORD-8840,SEL-001,REFERRAL_AND_FBA,450.37,2026-09-16 19:58:56
FEE-14841,ORD-8841,SEL-001,REFERRAL_AND_FBA,606.21,2026-09-16 20:07:23
FEE-14842,ORD-8842,SEL-001,REFERRAL_AND_FBA,557.7,2026-09-16 20:15:55
FEE-14843,ORD-8843,SEL-001,REFERRAL_AND_FBA,260.0,2026-09-16 20:24:18
FEE-14844,ORD-8844,SEL-001,REFERRAL_AND_FBA,510.34,2026-09-16 20:32:52
FEE-14845,ORD-8845,SEL-001,REFERRAL_AND_FBA,220.0,2026-09-16 20:41:35
FEE-14846,ORD-8846,SEL-001,REFERRAL_AND_FBA,227.0,2026-09-16 20:50:04
FEE-14847,ORD-8847,SEL-001,REFERRAL_AND_FBA,505.62,2026-09-16 20:58:41
FEE-14848,ORD-8848,SEL-001,REFERRAL_AND_FBA,238.52,2026-09-16 21:07:18
FEE-14849,ORD-8849,SEL-001,REFERRAL_AND_FBA,553.97,2026-09-16 21:15:53
FEE-14850,ORD-8850,SEL-001,REFERRAL_AND_FBA,249.73,2026-09-16 21:24:16
FEE-14851,ORD-8851,SEL-001,REFERRAL_AND_FBA,492.5,2026-09-16 21:32:42
FEE-14852,ORD-8852,SEL-001,REFERRAL_AND_FBA,693.61,2026-09-16 21:41:35
FEE-14853,ORD-8853,SEL-001,REFERRAL_AND_FBA,333.82,2026-09-16 21:49:46
FEE-14854,ORD-8854,SEL-001,REFERRAL_AND_FBA,333.82,2026-09-16 21:58:12
FEE-14855,ORD-8855,SEL-001,REFERRAL_AND_FBA,261.36,2026-09-16 22:06:54
FEE-14856,ORD-8856,SEL-001,REFERRAL_AND_FBA,121.71,2026-09-16 22:15:32
FEE-14857,ORD-8857,SEL-001,REFERRAL_AND_FBA,154.16,2026-09-16 22:24:07
FEE-14858,ORD-8858,SEL-001,REFERRAL_AND_FBA,469.6,2026-09-16 22:32:37
FEE-14859,ORD-8859,SEL-001,REFERRAL_AND_FBA,361.63,2026-09-16 22:40:50
FEE-14860,ORD-8860,SEL-001,REFERRAL_AND_FBA,562.0,2026-09-16 22:49:32
FEE-14861,ORD-8861,SEL-001,REFERRAL_AND_FBA,309.41,2026-09-16 22:58:12
FEE-14862,ORD-8862,SEL-001,REFERRAL_AND_FBA,438.52,2026-09-16 23:06:47
FEE-14863,ORD-8863,SEL-001,REFERRAL_AND_FBA,147.92,2026-09-16 23:15:05
FEE-14864,ORD-8864,SEL-001,REFERRAL_AND_FBA,383.24,2026-09-16 23:23:41
FEE-14865,ORD-8865,SEL-001,REFERRAL_AND_FBA,293.11,2026-09-16 23:32:33
FEE-14866,ORD-8866,SEL-001,REFERRAL_AND_FBA,122.54,2026-09-16 23:40:40
FEE-14867,ORD-8867,SEL-001,REFERRAL_AND_FBA,500.5,2026-09-16 23:49:07
FEE-14868,ORD-8868,SEL-001,REFERRAL_AND_FBA,263.19,2026-09-16 23:57:54
FEE-14869,ORD-8869,SEL-001,REFERRAL_AND_FBA,689.62,2026-09-17 00:06:26
FEE-14870,ORD-8870,SEL-001,REFERRAL_AND_FBA,260.0,2026-09-17 00:14:58
FEE-14871,ORD-8871,SEL-001,REFERRAL_AND_FBA,226.06,2026-09-17 00:23:42
FEE-14872,ORD-8872,SEL-001,REFERRAL_AND_FBA,1083.33,2026-09-17 00:32:05
FEE-14873,ORD-8873,SEL-001,REFERRAL_AND_FBA,728.43,2026-09-17 00:40:44
FEE-14874,ORD-8874,SEL-001,REFERRAL_AND_FBA,122.54,2026-09-17 00:49:02
FEE-14875,ORD-8875,SEL-001,REFERRAL_AND_FBA,1194.9,2026-09-17 00:57:53
FEE-14876,ORD-8876,SEL-001,REFERRAL_AND_FBA,480.82,2026-09-17 01:05:55
FEE-14877,ORD-8877,SEL-001,REFERRAL_AND_FBA,143.37,2026-09-17 01:14:49
FEE-14878,ORD-8878,SEL-001,REFERRAL_AND_FBA,267.83,2026-09-17 01:23:10
FEE-14879,ORD-8879,SEL-001,REFERRAL_AND_FBA,447.56,2026-09-17 01:31:33
FEE-14880,ORD-8880,SEL-001,REFERRAL_AND_FBA,859.62,2026-09-17 01:40:13
FEE-14881,ORD-8881,SEL-001,REFERRAL_AND_FBA,450.37,2026-09-17 01:48:49
FEE-14882,ORD-8882,SEL-001,REFERRAL_AND_FBA,263.19,2026-09-17 01:57:35
FEE-14883,ORD-8883,SEL-001,REFERRAL_AND_FBA,500.13,2026-09-17 02:05:55
FEE-14884,ORD-8884,SEL-001,REFERRAL_AND_FBA,500.13,2026-09-17 02:14:35
FEE-14885,ORD-8885,SEL-001,REFERRAL_AND_FBA,468.16,2026-09-17 02:22:54
FEE-14886,ORD-8886,SEL-001,REFERRAL_AND_FBA,429.81,2026-09-17 02:31:35
FEE-14887,ORD-8887,SEL-001,REFERRAL_AND_FBA,383.24,2026-09-17 02:39:48
FEE-14888,ORD-8888,SEL-001,REFERRAL_AND_FBA,711.56,2026-09-17 02:48:33
FEE-14889,ORD-8889,SEL-001,REFERRAL_AND_FBA,201.6,2026-09-17 02:57:04
FEE-14890,ORD-8890,SEL-001,REFERRAL_AND_FBA,1174.4,2026-09-17 03:05:29
FEE-14891,ORD-8891,SEL-001,REFERRAL_AND_FBA,429.81,2026-09-17 03:14:14
FEE-14892,ORD-8892,SEL-001,REFERRAL_AND_FBA,641.84,2026-09-17 03:22:58
FEE-14893,ORD-8893,SEL-001,REFERRAL_AND_FBA,440.0,2026-09-17 03:31:15
FEE-14894,ORD-8894,SEL-001,REFERRAL_AND_FBA,238.52,2026-09-17 03:39:50
FEE-14895,ORD-8895,SEL-001,REFERRAL_AND_FBA,528.94,2026-09-17 03:48:17
FEE-14896,ORD-8896,SEL-001,REFERRAL_AND_FBA,439.9,2026-09-17 03:57:00
FEE-14897,ORD-8897,SEL-001,REFERRAL_AND_FBA,347.12,2026-09-17 04:05:25
FEE-14898,ORD-8898,SEL-001,REFERRAL_AND_FBA,276.99,2026-09-17 04:13:55
FEE-14899,ORD-8899,SEL-001,REFERRAL_AND_FBA,541.66,2026-09-17 04:22:19
FEE-14900,ORD-8900,SEL-001,REFERRAL_AND_FBA,450.37,2026-09-17 04:30:54
FEE-14901,ORD-8901,SEL-001,REFERRAL_AND_FBA,108.45,2026-09-17 04:39:44
FEE-14902,ORD-8902,SEL-001,REFERRAL_AND_FBA,112.96,2026-09-17 04:48:10
FEE-14903,ORD-8903,SEL-001,REFERRAL_AND_FBA,220.0,2026-09-17 04:56:37
FEE-14904,ORD-8904,SEL-001,REFERRAL_AND_FBA,151.63,2026-09-17 05:05:02
FEE-14905,ORD-8905,SEL-001,REFERRAL_AND_FBA,249.73,2026-09-17 05:13:48
FEE-14906,ORD-8906,SEL-001,REFERRAL_AND_FBA,267.83,2026-09-17 05:22:00
FEE-14907,ORD-8907,SEL-001,REFERRAL_AND_FBA,727.53,2026-09-17 05:30:30
FEE-14908,ORD-8908,SEL-001,REFERRAL_AND_FBA,220.0,2026-09-17 05:39:13
FEE-14909,ORD-8909,SEL-001,REFERRAL_AND_FBA,237.79,2026-09-17 05:47:54
FEE-14910,ORD-8910,SEL-001,REFERRAL_AND_FBA,444.43,2026-09-17 05:56:18
FEE-14911,ORD-8911,SEL-001,REFERRAL_AND_FBA,523.9,2026-09-17 06:04:58
FEE-14912,ORD-8912,SEL-001,REFERRAL_AND_FBA,260.0,2026-09-17 06:13:19
FEE-14913,ORD-8913,SEL-001,REFERRAL_AND_FBA,440.0,2026-09-17 06:22:01
FEE-14914,ORD-8914,SEL-001,REFERRAL_AND_FBA,497.75,2026-09-17 06:30:34
FEE-14915,ORD-8915,SEL-001,REFERRAL_AND_FBA,465.17,2026-09-17 06:39:04
FEE-14916,ORD-8916,SEL-001,REFERRAL_AND_FBA,1047.79,2026-09-17 06:47:45
FEE-14917,ORD-8917,SEL-001,REFERRAL_AND_FBA,151.63,2026-09-17 06:56:09
FEE-14918,ORD-8918,SEL-001,REFERRAL_AND_FBA,541.66,2026-09-17 07:04:48
FEE-14919,ORD-8919,SEL-001,REFERRAL_AND_FBA,220.0,2026-09-17 07:12:56
FEE-14920,ORD-8920,SEL-001,REFERRAL_AND_FBA,1242.49,2026-09-17 07:21:27
FEE-14921,ORD-8921,SEL-001,REFERRAL_AND_FBA,385.02,2026-09-17 07:30:05
FEE-14922,ORD-8922,SEL-001,REFERRAL_AND_FBA,675.52,2026-09-17 07:38:41
FEE-14923,ORD-8923,SEL-001,REFERRAL_AND_FBA,1020.68,2026-09-17 07:47:02
FEE-14924,ORD-8924,SEL-001,REFERRAL_AND_FBA,492.5,2026-09-17 07:55:33
FEE-14925,ORD-8925,SEL-001,REFERRAL_AND_FBA,249.73,2026-09-17 08:04:30
FEE-14926,ORD-8926,SEL-001,REFERRAL_AND_FBA,269.71,2026-09-17 08:12:46
FEE-14927,ORD-8927,SEL-001,REFERRAL_AND_FBA,201.6,2026-09-17 08:21:27
FEE-14928,ORD-8928,SEL-001,REFERRAL_AND_FBA,1013.6,2026-09-17 08:29:42
FEE-14929,ORD-8929,SEL-001,REFERRAL_AND_FBA,219.26,2026-09-17 08:38:44
FEE-14930,ORD-8930,SEL-001,REFERRAL_AND_FBA,232.32,2026-09-17 08:46:55
FEE-14931,ORD-8931,SEL-001,REFERRAL_AND_FBA,541.66,2026-09-17 08:55:19
FEE-14932,ORD-8932,SEL-001,REFERRAL_AND_FBA,506.8,2026-09-17 09:03:54
FEE-14933,ORD-8933,SEL-001,REFERRAL_AND_FBA,328.49,2026-09-17 09:12:35
FEE-14934,ORD-8934,SEL-001,REFERRAL_AND_FBA,671.56,2026-09-17 09:20:59
FEE-14935,ORD-8935,SEL-001,REFERRAL_AND_FBA,450.37,2026-09-17 09:29:55
FEE-14936,ORD-8936,SEL-001,REFERRAL_AND_FBA,220.0,2026-09-17 09:38:06
FEE-14937,ORD-8937,SEL-001,REFERRAL_AND_FBA,439.9,2026-09-17 09:46:46
FEE-14938,ORD-8938,SEL-001,REFERRAL_AND_FBA,711.56,2026-09-17 09:55:09
FEE-14939,ORD-8939,SEL-001,REFERRAL_AND_FBA,539.42,2026-09-17 10:03:35
FEE-14940,ORD-8940,SEL-001,REFERRAL_AND_FBA,557.7,2026-09-17 10:12:14
FEE-14941,ORD-8941,SEL-001,REFERRAL_AND_FBA,434.35,2026-09-17 10:20:48
FEE-14942,ORD-8942,SEL-001,REFERRAL_AND_FBA,276.99,2026-09-17 10:29:23
FEE-14943,ORD-8943,SEL-001,REFERRAL_AND_FBA,262.7,2026-09-17 10:38:02
FEE-14944,ORD-8944,SEL-001,REFERRAL_AND_FBA,232.32,2026-09-17 10:46:25
FEE-14945,ORD-8945,SEL-001,REFERRAL_AND_FBA,597.45,2026-09-17 10:54:49
FEE-14946,ORD-8946,SEL-001,REFERRAL_AND_FBA,689.62,2026-09-17 11:03:26
FEE-14947,ORD-8947,SEL-001,REFERRAL_AND_FBA,480.82,2026-09-17 11:12:15
FEE-14948,ORD-8948,SEL-001,REFERRAL_AND_FBA,537.56,2026-09-17 11:20:32
FEE-14949,ORD-8949,SEL-001,REFERRAL_AND_FBA,444.43,2026-09-17 11:28:55
FEE-14950,ORD-8950,SEL-001,REFERRAL_AND_FBA,712.86,2026-09-17 11:37:40
FEE-14951,ORD-8951,SEL-001,REFERRAL_AND_FBA,191.62,2026-09-17 11:46:21
FEE-14952,ORD-8952,SEL-001,REFERRAL_AND_FBA,702.72,2026-09-17 11:54:41
FEE-14953,ORD-8953,SEL-001,REFERRAL_AND_FBA,307.08,2026-09-17 12:03:26
FEE-14954,ORD-8954,SEL-001,REFERRAL_AND_FBA,111.5,2026-09-17 12:12:02
FEE-14955,ORD-8955,SEL-001,REFERRAL_AND_FBA,249.73,2026-09-17 12:20:18
FEE-14956,ORD-8956,SEL-001,REFERRAL_AND_FBA,220.0,2026-09-17 12:28:54
FEE-14957,ORD-8957,SEL-001,REFERRAL_AND_FBA,333.82,2026-09-17 12:37:31
FEE-14958,ORD-8958,SEL-001,REFERRAL_AND_FBA,220.0,2026-09-17 12:45:48
FEE-14959,ORD-8959,SEL-001,REFERRAL_AND_FBA,562.0,2026-09-17 12:54:27
FEE-14960,ORD-8960,SEL-001,REFERRAL_AND_FBA,219.26,2026-09-17 13:03:06
FEE-14961,ORD-8961,SEL-001,REFERRAL_AND_FBA,607.04,2026-09-17 13:11:32
FEE-14962,ORD-8962,SEL-001,REFERRAL_AND_FBA,492.5,2026-09-17 13:19:55
FEE-14963,ORD-8963,SEL-001,REFERRAL_AND_FBA,528.94,2026-09-17 13:28:51
FEE-14964,ORD-8964,SEL-001,REFERRAL_AND_FBA,727.53,2026-09-17 13:37:13
FEE-14965,ORD-8965,SEL-001,REFERRAL_AND_FBA,621.25,2026-09-17 13:45:47
FEE-14966,ORD-8966,SEL-001,REFERRAL_AND_FBA,385.02,2026-09-17 13:54:17
FEE-14967,ORD-8967,SEL-001,REFERRAL_AND_FBA,447.56,2026-09-17 14:02:44
FEE-14968,ORD-8968,SEL-001,REFERRAL_AND_FBA,226.06,2026-09-17 14:11:26
FEE-14969,ORD-8969,SEL-001,REFERRAL_AND_FBA,728.43,2026-09-17 14:19:54
FEE-14970,ORD-8970,SEL-001,REFERRAL_AND_FBA,528.94,2026-09-17 14:28:21
FEE-14971,ORD-8971,SEL-001,REFERRAL_AND_FBA,162.4,2026-09-17 14:36:46
FEE-14972,ORD-8972,SEL-001,REFERRAL_AND_FBA,108.45,2026-09-17 14:45:15
FEE-14973,ORD-8973,SEL-001,REFERRAL_AND_FBA,112.96,2026-09-17 14:54:13
FEE-14974,ORD-8974,SEL-001,REFERRAL_AND_FBA,694.24,2026-09-17 15:02:36
FEE-14975,ORD-8975,SEL-001,REFERRAL_AND_FBA,328.49,2026-09-17 15:11:04
FEE-14976,ORD-8976,SEL-001,REFERRAL_AND_FBA,112.96,2026-09-17 15:19:25
FEE-14977,ORD-8977,SEL-001,REFERRAL_AND_FBA,417.32,2026-09-17 15:28:11
FEE-14978,ORD-8978,SEL-001,REFERRAL_AND_FBA,111.5,2026-09-17 15:36:51
FEE-14979,ORD-8979,SEL-001,REFERRAL_AND_FBA,693.61,2026-09-17 15:45:24
FEE-14980,ORD-8980,SEL-001,REFERRAL_AND_FBA,829.33,2026-09-17 15:53:39
FEE-14981,ORD-8981,SEL-001,REFERRAL_AND_FBA,711.56,2026-09-17 16:02:02
FEE-14982,ORD-8982,SEL-001,REFERRAL_AND_FBA,269.71,2026-09-17 16:10:59
FEE-14983,ORD-8983,SEL-001,REFERRAL_AND_FBA,465.17,2026-09-17 16:19:05
FEE-14984,ORD-8984,SEL-001,REFERRAL_AND_FBA,450.37,2026-09-17 16:28:03
FEE-14985,ORD-8985,SEL-001,REFERRAL_AND_FBA,450.37,2026-09-17 16:36:37
FEE-14986,ORD-8986,SEL-001,REFERRAL_AND_FBA,1379.23,2026-09-17 16:44:44
FEE-14987,ORD-8987,SEL-001,REFERRAL_AND_FBA,1047.79,2026-09-17 16:53:37
FEE-14988,ORD-8988,SEL-001,REFERRAL_AND_FBA,111.5,2026-09-17 17:01:45
FEE-14989,ORD-8989,SEL-001,REFERRAL_AND_FBA,465.17,2026-09-17 17:10:35
FEE-14990,ORD-8990,SEL-001,REFERRAL_AND_FBA,562.0,2026-09-17 17:19:07
FEE-14991,ORD-8991,SEL-001,REFERRAL_AND_FBA,689.62,2026-09-17 17:27:40
FEE-14992,ORD-8992,SEL-001,REFERRAL_AND_FBA,151.63,2026-09-17 17:36:04
FEE-14993,ORD-8993,SEL-001,REFERRAL_AND_FBA,464.63,2026-09-17 17:44:37
FEE-14994,ORD-8994,SEL-001,REFERRAL_AND_FBA,668.81,2026-09-17 17:52:58
FEE-14995,ORD-8995,SEL-001,REFERRAL_AND_FBA,333.82,2026-09-17 18:01:50
FEE-14996,ORD-8996,SEL-001,REFERRAL_AND_FBA,440.0,2026-09-17 18:10:07
FEE-14997,ORD-8997,SEL-001,REFERRAL_AND_FBA,361.63,2026-09-17 18:19:02
FEE-14998,ORD-8998,SEL-001,REFERRAL_AND_FBA,249.73,2026-09-17 18:27:30
FEE-14999,ORD-8999,SEL-001,REFERRAL_AND_FBA,1083.33,2026-09-17 18:35:46
FEE-15000,ORD-9000,SEL-001,REFERRAL_AND_FBA,238.52,2026-09-17 18:44:25
FEE-15001,ORD-9001,SEL-001,REFERRAL_AND_FBA,879.8,2026-09-17 18:52:46
FEE-15002,ORD-9002,SEL-001,REFERRAL_AND_FBA,307.08,2026-09-17 19:01:17
FEE-15003,ORD-9003,SEL-001,REFERRAL_AND_FBA,429.81,2026-09-17 19:10:06
FEE-15004,ORD-9004,SEL-001,REFERRAL_AND_FBA,232.32,2026-09-17 19:18:26
FEE-15005,ORD-9005,SEL-001,REFERRAL_AND_FBA,859.62,2026-09-17 19:27:16
FEE-15006,ORD-9006,SEL-001,REFERRAL_AND_FBA,328.49,2026-09-17 19:35:41
FEE-15007,ORD-9007,SEL-001,REFERRAL_AND_FBA,147.92,2026-09-17 19:44:01
FEE-15008,ORD-9008,SEL-001,REFERRAL_AND_FBA,712.86,2026-09-17 19:52:51
FEE-15009,ORD-9009,SEL-001,REFERRAL_AND_FBA,477.38,2026-09-17 20:01:10
FEE-15010,ORD-9010,SEL-001,REFERRAL_AND_FBA,267.83,2026-09-17 20:09:49
FEE-15011,ORD-9011,SEL-001,REFERRAL_AND_FBA,240.9,2026-09-17 20:18:18
FEE-15012,ORD-9012,SEL-001,REFERRAL_AND_FBA,562.0,2026-09-17 20:26:48
FEE-15013,ORD-9013,SEL-001,REFERRAL_AND_FBA,468.16,2026-09-17 20:35:12
FEE-15014,ORD-9014,SEL-001,REFERRAL_AND_FBA,510.34,2026-09-17 20:44:03
FEE-15015,ORD-9015,SEL-001,REFERRAL_AND_FBA,232.32,2026-09-17 20:52:13
FEE-15016,ORD-9016,SEL-001,REFERRAL_AND_FBA,641.84,2026-09-17 21:00:42
FEE-15017,ORD-9017,SEL-001,REFERRAL_AND_FBA,307.08,2026-09-17 21:09:33
FEE-15018,ORD-9018,SEL-001,REFERRAL_AND_FBA,661.26,2026-09-17 21:17:51
FEE-15019,ORD-9019,SEL-001,REFERRAL_AND_FBA,727.53,2026-09-17 21:26:30
FEE-15020,ORD-9020,SEL-001,REFERRAL_AND_FBA,109.42,2026-09-17 21:34:57
FEE-15021,ORD-9021,SEL-001,REFERRAL_AND_FBA,500.13,2026-09-17 21:43:52
FEE-15022,ORD-9022,SEL-001,REFERRAL_AND_FBA,293.11,2026-09-17 21:52:08
FEE-15023,ORD-9023,SEL-001,REFERRAL_AND_FBA,727.53,2026-09-17 22:00:49
FEE-15024,ORD-9024,SEL-001,REFERRAL_AND_FBA,220.0,2026-09-17 22:09:16
FEE-15025,ORD-9025,SEL-001,REFERRAL_AND_FBA,335.78,2026-09-17 22:17:30
FEE-15026,ORD-9026,SEL-001,REFERRAL_AND_FBA,450.37,2026-09-17 22:26:16
FEE-15027,ORD-9027,SEL-001,REFERRAL_AND_FBA,414.66,2026-09-17 22:34:41
FEE-15028,ORD-9028,SEL-001,REFERRAL_AND_FBA,477.38,2026-09-17 22:43:17
FEE-15029,ORD-9029,SEL-001,REFERRAL_AND_FBA,238.52,2026-09-17 22:52:00
FEE-15030,ORD-9030,SEL-001,REFERRAL_AND_FBA,541.66,2026-09-17 23:00:13
FEE-15031,ORD-9031,SEL-001,REFERRAL_AND_FBA,201.6,2026-09-17 23:09:12
FEE-15032,ORD-9032,SEL-001,REFERRAL_AND_FBA,156.89,2026-09-17 23:17:35
FEE-15033,ORD-9033,SEL-001,REFERRAL_AND_FBA,895.11,2026-09-17 23:25:52
FEE-15034,ORD-9034,SEL-001,REFERRAL_AND_FBA,417.32,2026-09-17 23:34:38
FEE-15035,ORD-9035,SEL-001,REFERRAL_AND_FBA,460.56,2026-09-17 23:42:56
FEE-15036,ORD-9036,SEL-001,REFERRAL_AND_FBA,238.52,2026-09-17 23:51:39
FEE-15037,ORD-9037,SEL-001,REFERRAL_AND_FBA,607.04,2026-09-18 00:00:07
FEE-15038,ORD-9038,SEL-001,REFERRAL_AND_FBA,414.66,2026-09-18 00:08:37
FEE-15039,ORD-9039,SEL-001,REFERRAL_AND_FBA,150.46,2026-09-18 00:17:07
FEE-15040,ORD-9040,SEL-001,REFERRAL_AND_FBA,262.7,2026-09-18 00:25:42
FEE-15041,ORD-9041,SEL-001,REFERRAL_AND_FBA,222.99,2026-09-18 00:34:24
FEE-15042,ORD-9042,SEL-001,REFERRAL_AND_FBA,414.66,2026-09-18 00:43:01
FEE-15043,ORD-9043,SEL-001,REFERRAL_AND_FBA,541.66,2026-09-18 00:51:28
FEE-15044,ORD-9044,SEL-001,REFERRAL_AND_FBA,334.4,2026-09-18 00:59:59
FEE-15045,ORD-9045,SEL-001,REFERRAL_AND_FBA,829.33,2026-09-18 01:08:14
FEE-15046,ORD-9046,SEL-001,REFERRAL_AND_FBA,497.75,2026-09-18 01:17:12
FEE-15047,ORD-9047,SEL-001,REFERRAL_AND_FBA,220.0,2026-09-18 01:25:16
FEE-15048,ORD-9048,SEL-001,REFERRAL_AND_FBA,587.2,2026-09-18 01:34:14
FEE-15049,ORD-9049,SEL-001,REFERRAL_AND_FBA,220.0,2026-09-18 01:42:33
FEE-15050,ORD-9050,SEL-001,REFERRAL_AND_FBA,689.62,2026-09-18 01:51:09
FEE-15051,ORD-9051,SEL-001,REFERRAL_AND_FBA,930.35,2026-09-18 01:59:41
FEE-15052,ORD-9052,SEL-001,REFERRAL_AND_FBA,328.49,2026-09-18 02:08:04
FEE-15053,ORD-9053,SEL-001,REFERRAL_AND_FBA,1217.02,2026-09-18 02:16:54
FEE-15054,ORD-9054,SEL-001,REFERRAL_AND_FBA,712.86,2026-09-18 02:25:12
FEE-15055,ORD-9055,SEL-001,REFERRAL_AND_FBA,361.48,2026-09-18 02:34:02
FEE-15056,ORD-9056,SEL-001,REFERRAL_AND_FBA,664.86,2026-09-18 02:42:19
FEE-15057,ORD-9057,SEL-001,REFERRAL_AND_FBA,468.16,2026-09-18 02:50:44
FEE-15058,ORD-9058,SEL-001,REFERRAL_AND_FBA,621.25,2026-09-18 02:59:09
FEE-15059,ORD-9059,SEL-001,REFERRAL_AND_FBA,434.35,2026-09-18 03:07:42
FEE-15060,ORD-9060,SEL-001,REFERRAL_AND_FBA,276.99,2026-09-18 03:16:37
FEE-15061,ORD-9061,SEL-001,REFERRAL_AND_FBA,417.32,2026-09-18 03:25:03
FEE-15062,ORD-9062,SEL-001,REFERRAL_AND_FBA,444.43,2026-09-18 03:33:18
FEE-15063,ORD-9063,SEL-001,REFERRAL_AND_FBA,505.62,2026-09-18 03:42:12
FEE-15064,ORD-9064,SEL-001,REFERRAL_AND_FBA,220.0,2026-09-18 03:50:45
FEE-15065,ORD-9065,SEL-001,REFERRAL_AND_FBA,834.65,2026-09-18 03:59:18
FEE-15066,ORD-9066,SEL-001,REFERRAL_AND_FBA,154.16,2026-09-18 04:07:53
FEE-15067,ORD-9067,SEL-001,REFERRAL_AND_FBA,477.38,2026-09-18 04:16:09
FEE-15068,ORD-9068,SEL-001,REFERRAL_AND_FBA,344.72,2026-09-18 04:24:28
FEE-15069,ORD-9069,SEL-001,REFERRAL_AND_FBA,728.43,2026-09-18 04:33:15
FEE-15070,ORD-9070,SEL-001,REFERRAL_AND_FBA,429.81,2026-09-18 04:41:44
FEE-15071,ORD-9071,SEL-001,REFERRAL_AND_FBA,541.66,2026-09-18 04:50:12
FEE-15072,ORD-9072,SEL-001,REFERRAL_AND_FBA,447.56,2026-09-18 04:58:56
FEE-15073,ORD-9073,SEL-001,REFERRAL_AND_FBA,930.35,2026-09-18 05:07:15
FEE-15074,ORD-9074,SEL-001,REFERRAL_AND_FBA,562.0,2026-09-18 05:15:53
FEE-15075,ORD-9075,SEL-001,REFERRAL_AND_FBA,240.9,2026-09-18 05:24:36
FEE-15076,ORD-9076,SEL-001,REFERRAL_AND_FBA,460.56,2026-09-18 05:33:09
FEE-15077,ORD-9077,SEL-001,REFERRAL_AND_FBA,267.83,2026-09-18 05:41:42
FEE-15078,ORD-9078,SEL-001,REFERRAL_AND_FBA,227.0,2026-09-18 05:50:05
FEE-15079,ORD-9079,SEL-001,REFERRAL_AND_FBA,143.37,2026-09-18 05:58:41
FEE-15080,ORD-9080,SEL-001,REFERRAL_AND_FBA,220.0,2026-09-18 06:07:23
FEE-15081,ORD-9081,SEL-001,REFERRAL_AND_FBA,712.86,2026-09-18 06:15:29
FEE-15082,ORD-9082,SEL-001,REFERRAL_AND_FBA,307.08,2026-09-18 06:24:09
FEE-15083,ORD-9083,SEL-001,REFERRAL_AND_FBA,111.5,2026-09-18 06:32:49
FEE-15084,ORD-9084,SEL-001,REFERRAL_AND_FBA,712.86,2026-09-18 06:41:03
FEE-15085,ORD-9085,SEL-001,REFERRAL_AND_FBA,269.71,2026-09-18 06:49:56
FEE-15086,ORD-9086,SEL-001,REFERRAL_AND_FBA,234.8,2026-09-18 06:58:25
FEE-15087,ORD-9087,SEL-001,REFERRAL_AND_FBA,325.08,2026-09-18 07:07:00
FEE-15088,ORD-9088,SEL-001,REFERRAL_AND_FBA,347.12,2026-09-18 07:15:33
FEE-15089,ORD-9089,SEL-001,REFERRAL_AND_FBA,263.19,2026-09-18 07:23:59
FEE-15090,ORD-9090,SEL-001,REFERRAL_AND_FBA,231.88,2026-09-18 07:32:18
FEE-15091,ORD-9091,SEL-001,REFERRAL_AND_FBA,417.32,2026-09-18 07:41:00
FEE-15092,ORD-9092,SEL-001,REFERRAL_AND_FBA,689.62,2026-09-18 07:49:44
FEE-15093,ORD-9093,SEL-001,REFERRAL_AND_FBA,434.35,2026-09-18 07:58:03
FEE-15094,ORD-9094,SEL-001,REFERRAL_AND_FBA,447.56,2026-09-18 08:06:26
FEE-15095,ORD-9095,SEL-001,REFERRAL_AND_FBA,1001.0,2026-09-18 08:15:13
FEE-15096,ORD-9096,SEL-001,REFERRAL_AND_FBA,641.84,2026-09-18 08:23:50
FEE-15097,ORD-9097,SEL-001,REFERRAL_AND_FBA,723.32,2026-09-18 08:32:11
FEE-15098,ORD-9098,SEL-001,REFERRAL_AND_FBA,122.54,2026-09-18 08:40:46
FEE-15099,ORD-9099,SEL-001,REFERRAL_AND_FBA,693.61,2026-09-18 08:49:03
FEE-15100,ORD-9100,SEL-001,REFERRAL_AND_FBA,260.0,2026-09-18 08:57:59
FEE-15101,ORD-9101,SEL-001,REFERRAL_AND_FBA,728.43,2026-09-18 09:06:17
FEE-15102,ORD-9102,SEL-001,REFERRAL_AND_FBA,154.16,2026-09-18 09:15:03
FEE-15103,ORD-9103,SEL-001,REFERRAL_AND_FBA,293.11,2026-09-18 09:23:15
FEE-15104,ORD-9104,SEL-001,REFERRAL_AND_FBA,1379.23,2026-09-18 09:31:58
FEE-15105,ORD-9105,SEL-001,REFERRAL_AND_FBA,231.88,2026-09-18 09:40:16
FEE-15106,ORD-9106,SEL-001,REFERRAL_AND_FBA,477.38,2026-09-18 09:49:07
FEE-15107,ORD-9107,SEL-001,REFERRAL_AND_FBA,313.78,2026-09-18 09:57:18
FEE-15108,ORD-9108,SEL-001,REFERRAL_AND_FBA,651.18,2026-09-18 10:05:55
FEE-15109,ORD-9109,SEL-001,REFERRAL_AND_FBA,1194.9,2026-09-18 10:14:46
FEE-15110,ORD-9110,SEL-001,REFERRAL_AND_FBA,309.41,2026-09-18 10:22:58
FEE-15111,ORD-9111,SEL-001,REFERRAL_AND_FBA,607.04,2026-09-18 10:31:27
FEE-15112,ORD-9112,SEL-001,REFERRAL_AND_FBA,295.85,2026-09-18 10:40:20
FEE-15113,ORD-9113,SEL-001,REFERRAL_AND_FBA,293.11,2026-09-18 10:48:53
FEE-15114,ORD-9114,SEL-001,REFERRAL_AND_FBA,143.37,2026-09-18 10:57:17
FEE-15115,ORD-9115,SEL-001,REFERRAL_AND_FBA,606.21,2026-09-18 11:05:50
FEE-15116,ORD-9116,SEL-001,REFERRAL_AND_FBA,361.63,2026-09-18 11:14:09
FEE-15117,ORD-9117,SEL-001,REFERRAL_AND_FBA,522.72,2026-09-18 11:22:58
FEE-15118,ORD-9118,SEL-001,REFERRAL_AND_FBA,261.36,2026-09-18 11:31:24
FEE-15119,ORD-9119,SEL-001,REFERRAL_AND_FBA,162.4,2026-09-18 11:40:09
FEE-15120,ORD-9120,SEL-001,REFERRAL_AND_FBA,500.13,2026-09-18 11:48:39
FEE-15121,ORD-9121,SEL-001,REFERRAL_AND_FBA,632.78,2026-09-18 11:57:07
FEE-15122,ORD-9122,SEL-001,REFERRAL_AND_FBA,347.12,2026-09-18 12:05:44
FEE-15123,ORD-9123,SEL-001,REFERRAL_AND_FBA,460.56,2026-09-18 12:13:56
FEE-15124,ORD-9124,SEL-001,REFERRAL_AND_FBA,108.45,2026-09-18 12:22:38
FEE-15125,ORD-9125,SEL-001,REFERRAL_AND_FBA,528.94,2026-09-18 12:31:06
FEE-15126,ORD-9126,SEL-001,REFERRAL_AND_FBA,109.42,2026-09-18 12:39:56
FEE-15127,ORD-9127,SEL-001,REFERRAL_AND_FBA,537.56,2026-09-18 12:47:59
FEE-15128,ORD-9128,SEL-001,REFERRAL_AND_FBA,233.03,2026-09-18 12:56:47
FEE-15129,ORD-9129,SEL-001,REFERRAL_AND_FBA,263.19,2026-09-18 13:05:18
FEE-15130,ORD-9130,SEL-001,REFERRAL_AND_FBA,154.16,2026-09-18 13:13:51
FEE-15131,ORD-9131,SEL-001,REFERRAL_AND_FBA,1083.33,2026-09-18 13:22:20
FEE-15132,ORD-9132,SEL-001,REFERRAL_AND_FBA,201.6,2026-09-18 13:30:46
FEE-15133,ORD-9133,SEL-001,REFERRAL_AND_FBA,147.92,2026-09-18 13:39:24
FEE-15134,ORD-9134,SEL-001,REFERRAL_AND_FBA,632.78,2026-09-18 13:47:55
FEE-15135,ORD-9135,SEL-001,REFERRAL_AND_FBA,829.33,2026-09-18 13:56:17
FEE-15136,ORD-9136,SEL-001,REFERRAL_AND_FBA,154.16,2026-09-18 14:05:05
FEE-15137,ORD-9137,SEL-001,REFERRAL_AND_FBA,191.62,2026-09-18 14:13:25
FEE-15138,ORD-9138,SEL-001,REFERRAL_AND_FBA,196.67,2026-09-18 14:22:06
FEE-15139,ORD-9139,SEL-001,REFERRAL_AND_FBA,151.63,2026-09-18 14:30:38
FEE-15140,ORD-9140,SEL-001,REFERRAL_AND_FBA,1322.53,2026-09-18 14:39:13
FEE-15141,ORD-9141,SEL-001,REFERRAL_AND_FBA,523.9,2026-09-18 14:47:57
FEE-15142,ORD-9142,SEL-001,REFERRAL_AND_FBA,403.2,2026-09-18 14:56:12
FEE-15143,ORD-9143,SEL-001,REFERRAL_AND_FBA,723.32,2026-09-18 15:04:41
FEE-15144,ORD-9144,SEL-001,REFERRAL_AND_FBA,429.81,2026-09-18 15:13:29
FEE-15145,ORD-9145,SEL-001,REFERRAL_AND_FBA,234.8,2026-09-18 15:21:40
FEE-15146,ORD-9146,SEL-001,REFERRAL_AND_FBA,480.82,2026-09-18 15:30:20
FEE-15147,ORD-9147,SEL-001,REFERRAL_AND_FBA,193.29,2026-09-18 15:38:40
FEE-15148,ORD-9148,SEL-001,REFERRAL_AND_FBA,263.19,2026-09-18 15:47:13
FEE-15149,ORD-9149,SEL-001,REFERRAL_AND_FBA,300.91,2026-09-18 15:55:44
FEE-15150,ORD-9150,SEL-001,REFERRAL_AND_FBA,675.52,2026-09-18 16:04:45
FEE-15151,ORD-9151,SEL-001,REFERRAL_AND_FBA,133.0,2026-09-18 16:13:15
FEE-15152,ORD-9152,SEL-001,REFERRAL_AND_FBA,133.0,2026-09-18 16:21:30
FEE-15153,ORD-9153,SEL-001,REFERRAL_AND_FBA,434.35,2026-09-18 16:29:54
FEE-15154,ORD-9154,SEL-001,REFERRAL_AND_FBA,450.37,2026-09-18 16:38:34
FEE-15155,ORD-9155,SEL-001,REFERRAL_AND_FBA,417.32,2026-09-18 16:47:24
FEE-15156,ORD-9156,SEL-001,REFERRAL_AND_FBA,220.0,2026-09-18 16:55:53
FEE-15157,ORD-9157,SEL-001,REFERRAL_AND_FBA,460.56,2026-09-18 17:04:23
FEE-15158,ORD-9158,SEL-001,REFERRAL_AND_FBA,234.8,2026-09-18 17:12:39
FEE-15159,ORD-9159,SEL-001,REFERRAL_AND_FBA,562.0,2026-09-18 17:21:31
FEE-15160,ORD-9160,SEL-001,REFERRAL_AND_FBA,267.83,2026-09-18 17:29:37
FEE-15161,ORD-9161,SEL-001,REFERRAL_AND_FBA,505.62,2026-09-18 17:38:33
FEE-15162,ORD-9162,SEL-001,REFERRAL_AND_FBA,1047.79,2026-09-18 17:46:41
FEE-15163,ORD-9163,SEL-001,REFERRAL_AND_FBA,143.37,2026-09-18 17:55:22
FEE-15164,ORD-9164,SEL-001,REFERRAL_AND_FBA,1194.9,2026-09-18 18:04:01
FEE-15165,ORD-9165,SEL-001,REFERRAL_AND_FBA,267.83,2026-09-18 18:12:28
FEE-15166,ORD-9166,SEL-001,REFERRAL_AND_FBA,444.43,2026-09-18 18:21:07
FEE-15167,ORD-9167,SEL-001,REFERRAL_AND_FBA,191.62,2026-09-18 18:29:35
FEE-15168,ORD-9168,SEL-001,REFERRAL_AND_FBA,829.33,2026-09-18 18:38:12
FEE-15169,ORD-9169,SEL-001,REFERRAL_AND_FBA,497.75,2026-09-18 18:46:46
FEE-15170,ORD-9170,SEL-001,REFERRAL_AND_FBA,439.9,2026-09-18 18:55:08
FEE-15171,ORD-9171,SEL-001,REFERRAL_AND_FBA,475.57,2026-09-18 19:03:29
FEE-15172,ORD-9172,SEL-001,REFERRAL_AND_FBA,711.56,2026-09-18 19:12:27
FEE-15173,ORD-9173,SEL-001,REFERRAL_AND_FBA,1446.64,2026-09-18 19:20:46
FEE-15174,ORD-9174,SEL-001,REFERRAL_AND_FBA,429.81,2026-09-18 19:29:26
FEE-15175,ORD-9175,SEL-001,REFERRAL_AND_FBA,632.78,2026-09-18 19:37:38
FEE-15176,ORD-9176,SEL-001,REFERRAL_AND_FBA,328.49,2026-09-18 19:46:16
FEE-15177,ORD-9177,SEL-001,REFERRAL_AND_FBA,226.06,2026-09-18 19:54:50
FEE-15178,ORD-9178,SEL-001,REFERRAL_AND_FBA,444.43,2026-09-18 20:03:21
FEE-15179,ORD-9179,SEL-001,REFERRAL_AND_FBA,309.41,2026-09-18 20:12:01
FEE-15180,ORD-9180,SEL-001,REFERRAL_AND_FBA,309.41,2026-09-18 20:20:47
FEE-15181,ORD-9181,SEL-001,REFERRAL_AND_FBA,954.75,2026-09-18 20:29:16
FEE-15182,ORD-9182,SEL-001,REFERRAL_AND_FBA,728.43,2026-09-18 20:37:29
FEE-15183,ORD-9183,SEL-001,REFERRAL_AND_FBA,96.64,2026-09-18 20:46:16
FEE-15184,ORD-9184,SEL-001,REFERRAL_AND_FBA,414.66,2026-09-18 20:54:48
FEE-15185,ORD-9185,SEL-001,REFERRAL_AND_FBA,1302.37,2026-09-18 21:03:24
FEE-15186,ORD-9186,SEL-001,REFERRAL_AND_FBA,1455.06,2026-09-18 21:11:39
FEE-15187,ORD-9187,SEL-001,REFERRAL_AND_FBA,293.11,2026-09-18 21:20:14
FEE-15188,ORD-9188,SEL-001,REFERRAL_AND_FBA,528.94,2026-09-18 21:28:51
FEE-15189,ORD-9189,SEL-001,REFERRAL_AND_FBA,232.32,2026-09-18 21:37:21
FEE-15190,ORD-9190,SEL-001,REFERRAL_AND_FBA,307.08,2026-09-18 21:45:46
FEE-15191,ORD-9191,SEL-001,REFERRAL_AND_FBA,276.99,2026-09-18 21:54:17
FEE-15192,ORD-9192,SEL-001,REFERRAL_AND_FBA,220.0,2026-09-18 22:02:59
FEE-15193,ORD-9193,SEL-001,REFERRAL_AND_FBA,557.32,2026-09-18 22:11:23
FEE-15194,ORD-9194,SEL-001,REFERRAL_AND_FBA,385.02,2026-09-18 22:19:58
FEE-15195,ORD-9195,SEL-001,REFERRAL_AND_FBA,269.71,2026-09-18 22:28:24
FEE-15196,ORD-9196,SEL-001,REFERRAL_AND_FBA,307.08,2026-09-18 22:37:08
FEE-15197,ORD-9197,SEL-001,REFERRAL_AND_FBA,108.45,2026-09-18 22:45:40
FEE-15198,ORD-9198,SEL-001,REFERRAL_AND_FBA,651.18,2026-09-18 22:54:18
FEE-15199,ORD-9199,SEL-001,REFERRAL_AND_FBA,151.63,2026-09-18 23:02:53
FEE-15200,ORD-9200,SEL-001,REFERRAL_AND_FBA,262.7,2026-09-18 23:11:18
FEE-15201,ORD-9201,SEL-001,REFERRAL_AND_FBA,1446.64,2026-09-18 23:19:57
FEE-15202,ORD-9202,SEL-001,REFERRAL_AND_FBA,220.0,2026-09-18 23:28:05
FEE-15203,ORD-9203,SEL-001,REFERRAL_AND_FBA,466.06,2026-09-18 23:36:48
FEE-15204,ORD-9204,SEL-001,REFERRAL_AND_FBA,240.9,2026-09-18 23:45:30
FEE-15205,ORD-9205,SEL-001,REFERRAL_AND_FBA,220.0,2026-09-18 23:53:58
FEE-15206,ORD-9206,SEL-001,REFERRAL_AND_FBA,557.32,2026-09-19 00:02:30
FEE-15207,ORD-9207,SEL-001,REFERRAL_AND_FBA,868.69,2026-09-19 00:10:55
FEE-15208,ORD-9208,SEL-001,REFERRAL_AND_FBA,237.79,2026-09-19 00:19:38
FEE-15209,ORD-9209,SEL-001,REFERRAL_AND_FBA,335.78,2026-09-19 00:28:07
FEE-15210,ORD-9210,SEL-001,REFERRAL_AND_FBA,309.41,2026-09-19 00:36:45
FEE-15211,ORD-9211,SEL-001,REFERRAL_AND_FBA,475.57,2026-09-19 00:45:01
FEE-15212,ORD-9212,SEL-001,REFERRAL_AND_FBA,597.45,2026-09-19 00:53:44
FEE-15213,ORD-9213,SEL-001,REFERRAL_AND_FBA,334.4,2026-09-19 01:02:17
FEE-15214,ORD-9214,SEL-001,REFERRAL_AND_FBA,295.85,2026-09-19 01:10:43
FEE-15215,ORD-9215,SEL-001,REFERRAL_AND_FBA,96.64,2026-09-19 01:19:07
FEE-15216,ORD-9216,SEL-001,REFERRAL_AND_FBA,477.38,2026-09-19 01:27:44
FEE-15217,ORD-9217,SEL-001,REFERRAL_AND_FBA,220.0,2026-09-19 01:36:22
FEE-15218,ORD-9218,SEL-001,REFERRAL_AND_FBA,434.35,2026-09-19 01:44:48
FEE-15219,ORD-9219,SEL-001,REFERRAL_AND_FBA,444.43,2026-09-19 01:53:31
FEE-15220,ORD-9220,SEL-001,REFERRAL_AND_FBA,325.08,2026-09-19 02:01:40
FEE-15221,ORD-9221,SEL-001,REFERRAL_AND_FBA,711.56,2026-09-19 02:10:18
FEE-15222,ORD-9222,SEL-001,REFERRAL_AND_FBA,525.4,2026-09-19 02:18:47
FEE-15223,ORD-9223,SEL-001,REFERRAL_AND_FBA,383.24,2026-09-19 02:27:17
FEE-15224,ORD-9224,SEL-001,REFERRAL_AND_FBA,728.43,2026-09-19 02:35:57
FEE-15225,ORD-9225,SEL-001,REFERRAL_AND_FBA,109.42,2026-09-19 02:44:39
FEE-15226,ORD-9226,SEL-001,REFERRAL_AND_FBA,147.92,2026-09-19 02:53:05
FEE-15227,ORD-9227,SEL-001,REFERRAL_AND_FBA,523.9,2026-09-19 03:01:30
FEE-15228,ORD-9228,SEL-001,REFERRAL_AND_FBA,641.84,2026-09-19 03:10:02
FEE-15229,ORD-9229,SEL-001,REFERRAL_AND_FBA,723.32,2026-09-19 03:18:32
FEE-15230,ORD-9230,SEL-001,REFERRAL_AND_FBA,537.56,2026-09-19 03:27:13
FEE-15231,ORD-9231,SEL-001,REFERRAL_AND_FBA,414.66,2026-09-19 03:35:41
FEE-15232,ORD-9232,SEL-001,REFERRAL_AND_FBA,385.02,2026-09-19 03:44:24
FEE-15233,ORD-9233,SEL-001,REFERRAL_AND_FBA,525.4,2026-09-19 03:52:41
FEE-15234,ORD-9234,SEL-001,REFERRAL_AND_FBA,263.19,2026-09-19 04:01:10
FEE-15235,ORD-9235,SEL-001,REFERRAL_AND_FBA,143.37,2026-09-19 04:09:43
FEE-15236,ORD-9236,SEL-001,REFERRAL_AND_FBA,191.62,2026-09-19 04:18:14
FEE-15237,ORD-9237,SEL-001,REFERRAL_AND_FBA,156.89,2026-09-19 04:27:12
FEE-15238,ORD-9238,SEL-001,REFERRAL_AND_FBA,293.11,2026-09-19 04:35:29
FEE-15239,ORD-9239,SEL-001,REFERRAL_AND_FBA,191.62,2026-09-19 04:44:18
FEE-15240,ORD-9240,SEL-001,REFERRAL_AND_FBA,232.32,2026-09-19 04:52:35
FEE-15241,ORD-9241,SEL-001,REFERRAL_AND_FBA,486.81,2026-09-19 05:01:20
FEE-15242,ORD-9242,SEL-001,REFERRAL_AND_FBA,263.19,2026-09-19 05:09:39
FEE-15243,ORD-9243,SEL-001,REFERRAL_AND_FBA,440.0,2026-09-19 05:18:19
FEE-15244,ORD-9244,SEL-001,REFERRAL_AND_FBA,728.43,2026-09-19 05:26:42
FEE-15245,ORD-9245,SEL-001,REFERRAL_AND_FBA,328.49,2026-09-19 05:35:18
FEE-15246,ORD-9246,SEL-001,REFERRAL_AND_FBA,96.64,2026-09-19 05:43:59
FEE-15247,ORD-9247,SEL-001,REFERRAL_AND_FBA,465.17,2026-09-19 05:52:09
FEE-15248,ORD-9248,SEL-001,REFERRAL_AND_FBA,196.67,2026-09-19 06:00:59
FEE-15249,ORD-9249,SEL-001,REFERRAL_AND_FBA,500.5,2026-09-19 06:09:31
FEE-15250,ORD-9250,SEL-001,REFERRAL_AND_FBA,693.61,2026-09-19 06:17:57
FEE-15251,ORD-9251,SEL-001,REFERRAL_AND_FBA,477.04,2026-09-19 06:26:15
FEE-15252,ORD-9252,SEL-001,REFERRAL_AND_FBA,447.56,2026-09-19 06:35:01
FEE-15253,ORD-9253,SEL-001,REFERRAL_AND_FBA,267.83,2026-09-19 06:43:36
FEE-15254,ORD-9254,SEL-001,REFERRAL_AND_FBA,539.42,2026-09-19 06:52:16
FEE-15255,ORD-9255,SEL-001,REFERRAL_AND_FBA,133.0,2026-09-19 07:00:33
FEE-15256,ORD-9256,SEL-001,REFERRAL_AND_FBA,629.82,2026-09-19 07:09:08
FEE-15257,ORD-9257,SEL-001,REFERRAL_AND_FBA,220.0,2026-09-19 07:17:47
FEE-15258,ORD-9258,SEL-001,REFERRAL_AND_FBA,333.82,2026-09-19 07:26:01
FEE-15259,ORD-9259,SEL-001,REFERRAL_AND_FBA,309.41,2026-09-19 07:34:43
FEE-15260,ORD-9260,SEL-001,REFERRAL_AND_FBA,325.08,2026-09-19 07:43:30
FEE-15261,ORD-9261,SEL-001,REFERRAL_AND_FBA,156.89,2026-09-19 07:51:33
FEE-15262,ORD-9262,SEL-001,REFERRAL_AND_FBA,492.5,2026-09-19 08:00:07
FEE-15263,ORD-9263,SEL-001,REFERRAL_AND_FBA,414.66,2026-09-19 08:08:49
FEE-15264,ORD-9264,SEL-001,REFERRAL_AND_FBA,162.4,2026-09-19 08:17:31
FEE-15265,ORD-9265,SEL-001,REFERRAL_AND_FBA,829.33,2026-09-19 08:25:55
FEE-15266,ORD-9266,SEL-001,REFERRAL_AND_FBA,220.0,2026-09-19 08:34:26
FEE-15267,ORD-9267,SEL-001,REFERRAL_AND_FBA,300.91,2026-09-19 08:42:50
FEE-15268,ORD-9268,SEL-001,REFERRAL_AND_FBA,477.38,2026-09-19 08:51:32
FEE-15269,ORD-9269,SEL-001,REFERRAL_AND_FBA,500.13,2026-09-19 09:00:10
FEE-15270,ORD-9270,SEL-001,REFERRAL_AND_FBA,96.64,2026-09-19 09:08:31
FEE-15271,ORD-9271,SEL-001,REFERRAL_AND_FBA,193.29,2026-09-19 09:17:11
FEE-15272,ORD-9272,SEL-001,REFERRAL_AND_FBA,262.7,2026-09-19 09:25:34
FEE-15273,ORD-9273,SEL-001,REFERRAL_AND_FBA,510.34,2026-09-19 09:34:08
FEE-15274,ORD-9274,SEL-001,REFERRAL_AND_FBA,463.76,2026-09-19 09:42:35
FEE-15275,ORD-9275,SEL-001,REFERRAL_AND_FBA,333.82,2026-09-19 09:51:12
FEE-15276,ORD-9276,SEL-001,REFERRAL_AND_FBA,469.6,2026-09-19 10:00:00
FEE-15277,ORD-9277,SEL-001,REFERRAL_AND_FBA,460.56,2026-09-19 10:08:15
FEE-15278,ORD-9278,SEL-001,REFERRAL_AND_FBA,541.66,2026-09-19 10:17:00
FEE-15279,ORD-9279,SEL-001,REFERRAL_AND_FBA,226.06,2026-09-19 10:25:40
FEE-15280,ORD-9280,SEL-001,REFERRAL_AND_FBA,191.62,2026-09-19 10:33:57
FEE-15281,ORD-9281,SEL-001,REFERRAL_AND_FBA,335.78,2026-09-19 10:42:22
FEE-15282,ORD-9282,SEL-001,REFERRAL_AND_FBA,541.66,2026-09-19 10:50:59
FEE-15283,ORD-9283,SEL-001,REFERRAL_AND_FBA,460.56,2026-09-19 10:59:46
FEE-15284,ORD-9284,SEL-001,REFERRAL_AND_FBA,335.78,2026-09-19 11:07:59
FEE-15285,ORD-9285,SEL-001,REFERRAL_AND_FBA,528.94,2026-09-19 11:16:30
FEE-15286,ORD-9286,SEL-001,REFERRAL_AND_FBA,868.69,2026-09-19 11:25:17
FEE-15287,ORD-9287,SEL-001,REFERRAL_AND_FBA,219.26,2026-09-19 11:33:31
FEE-15288,ORD-9288,SEL-001,REFERRAL_AND_FBA,269.71,2026-09-19 11:42:15
FEE-15289,ORD-9289,SEL-001,REFERRAL_AND_FBA,447.56,2026-09-19 11:50:31
FEE-15290,ORD-9290,SEL-001,REFERRAL_AND_FBA,227.0,2026-09-19 11:59:14
FEE-15291,ORD-9291,SEL-001,REFERRAL_AND_FBA,1083.33,2026-09-19 12:07:52
FEE-15292,ORD-9292,SEL-001,REFERRAL_AND_FBA,973.61,2026-09-19 12:16:30
FEE-15293,ORD-9293,SEL-001,REFERRAL_AND_FBA,434.35,2026-09-19 12:24:43
FEE-15294,ORD-9294,SEL-001,REFERRAL_AND_FBA,238.52,2026-09-19 12:33:26
FEE-15295,ORD-9295,SEL-001,REFERRAL_AND_FBA,439.9,2026-09-19 12:42:10
FEE-15296,ORD-9296,SEL-001,REFERRAL_AND_FBA,537.56,2026-09-19 12:50:36
FEE-15297,ORD-9297,SEL-001,REFERRAL_AND_FBA,523.9,2026-09-19 12:59:06
FEE-15298,ORD-9298,SEL-001,REFERRAL_AND_FBA,528.94,2026-09-19 13:07:32
FEE-15299,ORD-9299,SEL-001,REFERRAL_AND_FBA,440.0,2026-09-19 13:16:20
FEE-15300,ORD-9300,SEL-001,REFERRAL_AND_FBA,523.9,2026-09-19 13:24:25
FEE-15301,ORD-9301,SEL-001,REFERRAL_AND_FBA,651.18,2026-09-19 13:33:03
FEE-15302,ORD-9302,SEL-001,REFERRAL_AND_FBA,196.67,2026-09-19 13:41:34
FEE-15303,ORD-9303,SEL-001,REFERRAL_AND_FBA,879.8,2026-09-19 13:50:20
FEE-15304,ORD-9304,SEL-001,REFERRAL_AND_FBA,220.0,2026-09-19 13:58:41
FEE-15305,ORD-9305,SEL-001,REFERRAL_AND_FBA,276.99,2026-09-19 14:07:25
FEE-15306,ORD-9306,SEL-001,REFERRAL_AND_FBA,1000.27,2026-09-19 14:15:58
FEE-15307,ORD-9307,SEL-001,REFERRAL_AND_FBA,888.85,2026-09-19 14:24:24
FEE-15308,ORD-9308,SEL-001,REFERRAL_AND_FBA,1379.23,2026-09-19 14:32:52
FEE-15309,ORD-9309,SEL-001,REFERRAL_AND_FBA,220.0,2026-09-19 14:41:12
FEE-15310,ORD-9310,SEL-001,REFERRAL_AND_FBA,263.19,2026-09-19 14:49:49
FEE-15311,ORD-9311,SEL-001,REFERRAL_AND_FBA,216.89,2026-09-19 14:58:43
FEE-15312,ORD-9312,SEL-001,REFERRAL_AND_FBA,403.2,2026-09-19 15:06:52
FEE-15313,ORD-9313,SEL-001,REFERRAL_AND_FBA,702.72,2026-09-19 15:15:39
FEE-15314,ORD-9314,SEL-001,REFERRAL_AND_FBA,417.32,2026-09-19 15:24:21
FEE-15315,ORD-9315,SEL-001,REFERRAL_AND_FBA,429.81,2026-09-19 15:32:42
FEE-15316,ORD-9316,SEL-001,REFERRAL_AND_FBA,417.32,2026-09-19 15:41:21
FEE-15317,ORD-9317,SEL-001,REFERRAL_AND_FBA,225.93,2026-09-19 15:49:40
FEE-15318,ORD-9318,SEL-001,REFERRAL_AND_FBA,606.21,2026-09-19 15:58:02
FEE-15319,ORD-9319,SEL-001,REFERRAL_AND_FBA,262.7,2026-09-19 16:06:36
FEE-15320,ORD-9320,SEL-001,REFERRAL_AND_FBA,664.86,2026-09-19 16:15:08
FEE-15321,ORD-9321,SEL-001,REFERRAL_AND_FBA,162.4,2026-09-19 16:23:48
FEE-15322,ORD-9322,SEL-001,REFERRAL_AND_FBA,308.31,2026-09-19 16:32:30
FEE-15323,ORD-9323,SEL-001,REFERRAL_AND_FBA,261.36,2026-09-19 16:40:59
FEE-15324,ORD-9324,SEL-001,REFERRAL_AND_FBA,111.5,2026-09-19 16:49:26
FEE-15325,ORD-9325,SEL-001,REFERRAL_AND_FBA,276.99,2026-09-19 16:58:02
FEE-15326,ORD-9326,SEL-001,REFERRAL_AND_FBA,661.26,2026-09-19 17:06:43
FEE-15327,ORD-9327,SEL-001,REFERRAL_AND_FBA,383.24,2026-09-19 17:15:15
FEE-15328,ORD-9328,SEL-001,REFERRAL_AND_FBA,333.82,2026-09-19 17:23:39
FEE-15329,ORD-9329,SEL-001,REFERRAL_AND_FBA,220.0,2026-09-19 17:32:22
FEE-15330,ORD-9330,SEL-001,REFERRAL_AND_FBA,196.67,2026-09-19 17:40:38
FEE-15331,ORD-9331,SEL-001,REFERRAL_AND_FBA,895.11,2026-09-19 17:49:25
FEE-15332,ORD-9332,SEL-001,REFERRAL_AND_FBA,888.85,2026-09-19 17:57:46
FEE-15333,ORD-9333,SEL-001,REFERRAL_AND_FBA,220.0,2026-09-19 18:06:02
FEE-15334,ORD-9334,SEL-001,REFERRAL_AND_FBA,954.75,2026-09-19 18:14:49
FEE-15335,ORD-9335,SEL-001,REFERRAL_AND_FBA,234.8,2026-09-19 18:23:30
FEE-15336,ORD-9336,SEL-001,REFERRAL_AND_FBA,460.56,2026-09-19 18:31:38
FEE-15337,ORD-9337,SEL-001,REFERRAL_AND_FBA,300.91,2026-09-19 18:40:09
FEE-15338,ORD-9338,SEL-001,REFERRAL_AND_FBA,1387.21,2026-09-19 18:49:09
FEE-15339,ORD-9339,SEL-001,REFERRAL_AND_FBA,500.13,2026-09-19 18:57:28
FEE-15340,ORD-9340,SEL-001,REFERRAL_AND_FBA,460.56,2026-09-19 19:06:04
FEE-15341,ORD-9341,SEL-001,REFERRAL_AND_FBA,220.0,2026-09-19 19:14:18
FEE-15342,ORD-9342,SEL-001,REFERRAL_AND_FBA,689.62,2026-09-19 19:22:49
FEE-15343,ORD-9343,SEL-001,REFERRAL_AND_FBA,429.81,2026-09-19 19:31:27
FEE-15344,ORD-9344,SEL-001,REFERRAL_AND_FBA,879.8,2026-09-19 19:40:18
FEE-15345,ORD-9345,SEL-001,REFERRAL_AND_FBA,121.71,2026-09-19 19:48:55
FEE-15346,ORD-9346,SEL-001,REFERRAL_AND_FBA,293.6,2026-09-19 19:57:14
FEE-15347,ORD-9347,SEL-001,REFERRAL_AND_FBA,606.21,2026-09-19 20:05:29
FEE-15348,ORD-9348,SEL-001,REFERRAL_AND_FBA,154.16,2026-09-19 20:14:15
FEE-15349,ORD-9349,SEL-001,REFERRAL_AND_FBA,111.5,2026-09-19 20:22:37
FEE-15350,ORD-9350,SEL-001,REFERRAL_AND_FBA,96.64,2026-09-19 20:31:06
FEE-15351,ORD-9351,SEL-001,REFERRAL_AND_FBA,334.4,2026-09-19 20:40:02
FEE-15352,ORD-9352,SEL-001,REFERRAL_AND_FBA,439.9,2026-09-19 20:48:20
FEE-15353,ORD-9353,SEL-001,REFERRAL_AND_FBA,238.52,2026-09-19 20:57:05
FEE-15354,ORD-9354,SEL-001,REFERRAL_AND_FBA,621.25,2026-09-19 21:05:14
FEE-15355,ORD-9355,SEL-001,REFERRAL_AND_FBA,447.56,2026-09-19 21:14:08
FEE-15356,ORD-9356,SEL-001,REFERRAL_AND_FBA,361.48,2026-09-19 21:22:26
FEE-15357,ORD-9357,SEL-001,REFERRAL_AND_FBA,429.81,2026-09-19 21:31:19
FEE-15358,ORD-9358,SEL-001,REFERRAL_AND_FBA,269.71,2026-09-19 21:39:41
FEE-15359,ORD-9359,SEL-001,REFERRAL_AND_FBA,629.82,2026-09-19 21:48:12
FEE-15360,ORD-9360,SEL-001,REFERRAL_AND_FBA,232.32,2026-09-19 21:56:27
FEE-15361,ORD-9361,SEL-001,REFERRAL_AND_FBA,661.26,2026-09-19 22:05:17
FEE-15362,ORD-9362,SEL-001,REFERRAL_AND_FBA,608.51,2026-09-19 22:13:55
FEE-15363,ORD-9363,SEL-001,REFERRAL_AND_FBA,385.02,2026-09-19 22:22:05
FEE-15364,ORD-9364,SEL-001,REFERRAL_AND_FBA,361.48,2026-09-19 22:30:38
FEE-15365,ORD-9365,SEL-001,REFERRAL_AND_FBA,191.62,2026-09-19 22:39:18
FEE-15366,ORD-9366,SEL-001,REFERRAL_AND_FBA,191.62,2026-09-19 22:47:51
FEE-15367,ORD-9367,SEL-001,REFERRAL_AND_FBA,689.43,2026-09-19 22:56:33
FEE-15368,ORD-9368,SEL-001,REFERRAL_AND_FBA,439.9,2026-09-19 23:05:12
FEE-15369,ORD-9369,SEL-001,REFERRAL_AND_FBA,621.25,2026-09-19 23:13:32
FEE-15370,ORD-9370,SEL-001,REFERRAL_AND_FBA,112.96,2026-09-19 23:22:06
FEE-15371,ORD-9371,SEL-001,REFERRAL_AND_FBA,632.78,2026-09-19 23:30:33
FEE-15372,ORD-9372,SEL-001,REFERRAL_AND_FBA,333.82,2026-09-19 23:38:51
FEE-15373,ORD-9373,SEL-001,REFERRAL_AND_FBA,587.2,2026-09-19 23:47:29
FEE-15374,ORD-9374,SEL-001,REFERRAL_AND_FBA,500.13,2026-09-19 23:55:58
FEE-15375,ORD-9375,SEL-001,REFERRAL_AND_FBA,608.51,2026-09-20 00:04:46
FEE-15376,ORD-9376,SEL-001,REFERRAL_AND_FBA,711.56,2026-09-20 00:12:59
FEE-15377,ORD-9377,SEL-001,REFERRAL_AND_FBA,486.81,2026-09-20 00:22:00
FEE-15378,ORD-9378,SEL-001,REFERRAL_AND_FBA,361.63,2026-09-20 00:30:23
FEE-15379,ORD-9379,SEL-001,REFERRAL_AND_FBA,689.62,2026-09-20 00:38:58
FEE-15380,ORD-9380,SEL-001,REFERRAL_AND_FBA,500.5,2026-09-20 00:47:18
FEE-15381,ORD-9381,SEL-001,REFERRAL_AND_FBA,468.16,2026-09-20 00:55:56
FEE-15382,ORD-9382,SEL-001,REFERRAL_AND_FBA,414.66,2026-09-20 01:04:12
FEE-15383,ORD-9383,SEL-001,REFERRAL_AND_FBA,447.56,2026-09-20 01:13:00
FEE-15384,ORD-9384,SEL-001,REFERRAL_AND_FBA,325.08,2026-09-20 01:21:26
FEE-15385,ORD-9385,SEL-001,REFERRAL_AND_FBA,226.06,2026-09-20 01:30:15
FEE-15386,ORD-9386,SEL-001,REFERRAL_AND_FBA,537.56,2026-09-20 01:38:35
FEE-15387,ORD-9387,SEL-001,REFERRAL_AND_FBA,651.18,2026-09-20 01:47:19
FEE-15388,ORD-9388,SEL-001,REFERRAL_AND_FBA,1456.86,2026-09-20 01:55:35
FEE-15389,ORD-9389,SEL-001,REFERRAL_AND_FBA,661.26,2026-09-20 02:04:24
FEE-15390,ORD-9390,SEL-001,REFERRAL_AND_FBA,712.86,2026-09-20 02:12:38
FEE-15391,ORD-9391,SEL-001,REFERRAL_AND_FBA,111.5,2026-09-20 02:20:59
FEE-15392,ORD-9392,SEL-001,REFERRAL_AND_FBA,347.12,2026-09-20 02:29:36
FEE-15393,ORD-9393,SEL-001,REFERRAL_AND_FBA,220.0,2026-09-20 02:38:22
FEE-15394,ORD-9394,SEL-001,REFERRAL_AND_FBA,492.5,2026-09-20 02:46:51
FEE-15395,ORD-9395,SEL-001,REFERRAL_AND_FBA,434.35,2026-09-20 02:55:35
FEE-15396,ORD-9396,SEL-001,REFERRAL_AND_FBA,1425.72,2026-09-20 03:03:54
FEE-15397,ORD-9397,SEL-001,REFERRAL_AND_FBA,460.56,2026-09-20 03:12:18
FEE-15398,ORD-9398,SEL-001,REFERRAL_AND_FBA,233.03,2026-09-20 03:20:58
FEE-15399,ORD-9399,SEL-001,REFERRAL_AND_FBA,528.94,2026-09-20 03:29:22
FEE-15400,ORD-9400,SEL-001,REFERRAL_AND_FBA,486.81,2026-09-20 03:38:01
FEE-15401,ORD-9401,SEL-001,REFERRAL_AND_FBA,450.37,2026-09-20 03:46:39
FEE-15402,ORD-9402,SEL-001,REFERRAL_AND_FBA,227.0,2026-09-20 03:54:52
FEE-15403,ORD-9403,SEL-001,REFERRAL_AND_FBA,260.0,2026-09-20 04:03:38
FEE-15404,ORD-9404,SEL-001,REFERRAL_AND_FBA,220.0,2026-09-20 04:12:22
FEE-15405,ORD-9405,SEL-001,REFERRAL_AND_FBA,888.85,2026-09-20 04:20:44
FEE-15406,ORD-9406,SEL-001,REFERRAL_AND_FBA,587.2,2026-09-20 04:29:25
FEE-15407,ORD-9407,SEL-001,REFERRAL_AND_FBA,162.4,2026-09-20 04:37:52
FEE-15408,ORD-9408,SEL-001,REFERRAL_AND_FBA,237.79,2026-09-20 04:46:07
FEE-15409,ORD-9409,SEL-001,REFERRAL_AND_FBA,492.5,2026-09-20 04:54:51
FEE-15410,ORD-9410,SEL-001,REFERRAL_AND_FBA,96.64,2026-09-20 05:03:11
FEE-15411,ORD-9411,SEL-001,REFERRAL_AND_FBA,385.02,2026-09-20 05:11:41
FEE-15412,ORD-9412,SEL-001,REFERRAL_AND_FBA,216.89,2026-09-20 05:20:13
FEE-15413,ORD-9413,SEL-001,REFERRAL_AND_FBA,1115.41,2026-09-20 05:28:52
FEE-15414,ORD-9414,SEL-001,REFERRAL_AND_FBA,452.12,2026-09-20 05:37:26
FEE-15415,ORD-9415,SEL-001,REFERRAL_AND_FBA,629.82,2026-09-20 05:46:07
FEE-15416,ORD-9416,SEL-001,REFERRAL_AND_FBA,237.79,2026-09-20 05:54:31
FEE-15417,ORD-9417,SEL-001,REFERRAL_AND_FBA,689.62,2026-09-20 06:03:01
FEE-15418,ORD-9418,SEL-001,REFERRAL_AND_FBA,196.67,2026-09-20 06:11:30
FEE-15419,ORD-9419,SEL-001,REFERRAL_AND_FBA,523.9,2026-09-20 06:20:10
FEE-15420,ORD-9420,SEL-001,REFERRAL_AND_FBA,632.78,2026-09-20 06:28:39
FEE-15421,ORD-9421,SEL-001,REFERRAL_AND_FBA,226.06,2026-09-20 06:37:30
FEE-15422,ORD-9422,SEL-001,REFERRAL_AND_FBA,702.72,2026-09-20 06:45:40
FEE-15423,ORD-9423,SEL-001,REFERRAL_AND_FBA,608.51,2026-09-20 06:54:24
FEE-15424,ORD-9424,SEL-001,REFERRAL_AND_FBA,262.7,2026-09-20 07:02:50
FEE-15425,ORD-9425,SEL-001,REFERRAL_AND_FBA,240.9,2026-09-20 07:11:22
FEE-15426,ORD-9426,SEL-001,REFERRAL_AND_FBA,641.84,2026-09-20 07:20:01
FEE-15427,ORD-9427,SEL-001,REFERRAL_AND_FBA,429.81,2026-09-20 07:28:15
FEE-15428,ORD-9428,SEL-001,REFERRAL_AND_FBA,500.13,2026-09-20 07:37:00
FEE-15429,ORD-9429,SEL-001,REFERRAL_AND_FBA,689.62,2026-09-20 07:45:40
FEE-15430,ORD-9430,SEL-001,REFERRAL_AND_FBA,293.11,2026-09-20 07:54:01
FEE-15431,ORD-9431,SEL-001,REFERRAL_AND_FBA,440.0,2026-09-20 08:02:40
FEE-15432,ORD-9432,SEL-001,REFERRAL_AND_FBA,325.08,2026-09-20 08:10:54
FEE-15433,ORD-9433,SEL-001,REFERRAL_AND_FBA,1283.67,2026-09-20 08:19:52
FEE-15434,ORD-9434,SEL-001,REFERRAL_AND_FBA,1174.4,2026-09-20 08:27:58
FEE-15435,ORD-9435,SEL-001,REFERRAL_AND_FBA,500.5,2026-09-20 08:36:33
FEE-15436,ORD-9436,SEL-001,REFERRAL_AND_FBA,1000.27,2026-09-20 08:45:21
FEE-15437,ORD-9437,SEL-001,REFERRAL_AND_FBA,347.12,2026-09-20 08:53:59
FEE-15438,ORD-9438,SEL-001,REFERRAL_AND_FBA,702.72,2026-09-20 09:02:35
FEE-15439,ORD-9439,SEL-001,REFERRAL_AND_FBA,325.08,2026-09-20 09:10:44
FEE-15440,ORD-9440,SEL-001,REFERRAL_AND_FBA,523.9,2026-09-20 09:19:22
FEE-15441,ORD-9441,SEL-001,REFERRAL_AND_FBA,671.56,2026-09-20 09:27:59
FEE-15442,ORD-9442,SEL-001,REFERRAL_AND_FBA,694.24,2026-09-20 09:36:40
FEE-15443,ORD-9443,SEL-001,REFERRAL_AND_FBA,537.56,2026-09-20 09:45:16
FEE-15444,ORD-9444,SEL-001,REFERRAL_AND_FBA,607.04,2026-09-20 09:53:31
FEE-15445,ORD-9445,SEL-001,REFERRAL_AND_FBA,237.79,2026-09-20 10:01:59
FEE-15446,ORD-9446,SEL-001,REFERRAL_AND_FBA,921.12,2026-09-20 10:10:43
FEE-15447,ORD-9447,SEL-001,REFERRAL_AND_FBA,434.35,2026-09-20 10:19:22
FEE-15448,ORD-9448,SEL-001,REFERRAL_AND_FBA,150.46,2026-09-20 10:27:26
FEE-15449,ORD-9449,SEL-001,REFERRAL_AND_FBA,263.19,2026-09-20 10:36:20
FEE-15450,ORD-9450,SEL-001,REFERRAL_AND_FBA,227.0,2026-09-20 10:44:41
FEE-15451,ORD-9451,SEL-001,REFERRAL_AND_FBA,434.35,2026-09-20 10:53:31
FEE-15452,ORD-9452,SEL-001,REFERRAL_AND_FBA,238.52,2026-09-20 11:02:02
FEE-15453,ORD-9453,SEL-001,REFERRAL_AND_FBA,109.42,2026-09-20 11:10:11
FEE-15454,ORD-9454,SEL-001,REFERRAL_AND_FBA,220.0,2026-09-20 11:19:01
FEE-15455,ORD-9455,SEL-001,REFERRAL_AND_FBA,557.32,2026-09-20 11:27:14
FEE-15456,ORD-9456,SEL-001,REFERRAL_AND_FBA,711.56,2026-09-20 11:36:06
FEE-15457,ORD-9457,SEL-001,REFERRAL_AND_FBA,557.32,2026-09-20 11:44:36
FEE-15458,ORD-9458,SEL-001,REFERRAL_AND_FBA,597.45,2026-09-20 11:53:15
FEE-15459,ORD-9459,SEL-001,REFERRAL_AND_FBA,557.32,2026-09-20 12:01:28
FEE-15460,ORD-9460,SEL-001,REFERRAL_AND_FBA,261.36,2026-09-20 12:10:15
FEE-15461,ORD-9461,SEL-001,REFERRAL_AND_FBA,151.63,2026-09-20 12:18:48
FEE-15462,ORD-9462,SEL-001,REFERRAL_AND_FBA,220.0,2026-09-20 12:27:13
FEE-15463,ORD-9463,SEL-001,REFERRAL_AND_FBA,562.0,2026-09-20 12:35:48
FEE-15464,ORD-9464,SEL-001,REFERRAL_AND_FBA,385.02,2026-09-20 12:44:08
FEE-15465,ORD-9465,SEL-001,REFERRAL_AND_FBA,434.35,2026-09-20 12:52:38
FEE-15466,ORD-9466,SEL-001,REFERRAL_AND_FBA,553.97,2026-09-20 13:01:07
FEE-15467,ORD-9467,SEL-001,REFERRAL_AND_FBA,429.81,2026-09-20 13:09:59
FEE-15468,ORD-9468,SEL-001,REFERRAL_AND_FBA,240.9,2026-09-20 13:18:09
FEE-15469,ORD-9469,SEL-001,REFERRAL_AND_FBA,238.52,2026-09-20 13:26:41
FEE-15470,ORD-9470,SEL-001,REFERRAL_AND_FBA,553.97,2026-09-20 13:35:32
FEE-15471,ORD-9471,SEL-001,REFERRAL_AND_FBA,434.35,2026-09-20 13:44:07
FEE-15472,ORD-9472,SEL-001,REFERRAL_AND_FBA,220.0,2026-09-20 13:52:29
FEE-15473,ORD-9473,SEL-001,REFERRAL_AND_FBA,597.45,2026-09-20 14:01:07
FEE-15474,ORD-9474,SEL-001,REFERRAL_AND_FBA,201.6,2026-09-20 14:09:39
FEE-15475,ORD-9475,SEL-001,REFERRAL_AND_FBA,261.36,2026-09-20 14:18:20
FEE-15476,ORD-9476,SEL-001,REFERRAL_AND_FBA,608.51,2026-09-20 14:26:45
FEE-15477,ORD-9477,SEL-001,REFERRAL_AND_FBA,325.08,2026-09-20 14:34:58
FEE-15478,ORD-9478,SEL-001,REFERRAL_AND_FBA,557.7,2026-09-20 14:43:48
FEE-15479,ORD-9479,SEL-001,REFERRAL_AND_FBA,429.81,2026-09-20 14:52:16
FEE-15480,ORD-9480,SEL-001,REFERRAL_AND_FBA,234.8,2026-09-20 15:00:33
FEE-15481,ORD-9481,SEL-001,REFERRAL_AND_FBA,450.37,2026-09-20 15:09:34
FEE-15482,ORD-9482,SEL-001,REFERRAL_AND_FBA,328.49,2026-09-20 15:17:57
FEE-15483,ORD-9483,SEL-001,REFERRAL_AND_FBA,702.72,2026-09-20 15:26:29
FEE-15484,ORD-9484,SEL-001,REFERRAL_AND_FBA,447.56,2026-09-20 15:34:44
FEE-15485,ORD-9485,SEL-001,REFERRAL_AND_FBA,629.82,2026-09-20 15:43:35
FEE-15486,ORD-9486,SEL-001,REFERRAL_AND_FBA,1351.05,2026-09-20 15:52:11
FEE-15487,ORD-9487,SEL-001,REFERRAL_AND_FBA,465.17,2026-09-20 16:00:37
FEE-15488,ORD-9488,SEL-001,REFERRAL_AND_FBA,497.75,2026-09-20 16:09:01
FEE-15489,ORD-9489,SEL-001,REFERRAL_AND_FBA,712.86,2026-09-20 16:17:36
FEE-15490,ORD-9490,SEL-001,REFERRAL_AND_FBA,1057.88,2026-09-20 16:26:10
FEE-15491,ORD-9491,SEL-001,REFERRAL_AND_FBA,238.52,2026-09-20 16:34:46
FEE-15492,ORD-9492,SEL-001,REFERRAL_AND_FBA,220.0,2026-09-20 16:43:19
FEE-15493,ORD-9493,SEL-001,REFERRAL_AND_FBA,651.18,2026-09-20 16:51:31
FEE-15494,ORD-9494,SEL-001,REFERRAL_AND_FBA,293.6,2026-09-20 17:00:09
FEE-15495,ORD-9495,SEL-001,REFERRAL_AND_FBA,121.71,2026-09-20 17:09:02
FEE-15496,ORD-9496,SEL-001,REFERRAL_AND_FBA,201.6,2026-09-20 17:17:10
FEE-15497,ORD-9497,SEL-001,REFERRAL_AND_FBA,260.0,2026-09-20 17:25:38
FEE-15498,ORD-9498,SEL-001,REFERRAL_AND_FBA,385.02,2026-09-20 17:34:36
FEE-15499,ORD-9499,SEL-001,REFERRAL_AND_FBA,249.73,2026-09-20 17:43:07
FEE-15500,ORD-9500,SEL-001,REFERRAL_AND_FBA,220.0,2026-09-20 17:51:12
