order_id,seller_id,customer_id,product_id,quantity,unit_price,gross_amount,status,timestamp
ORD-1001,SEL-001,CUST-0483,P17,1,1100.0,1100.0,COMPLETED,2026-08-01 09:00:12
ORD-1002,SEL-001,CUST-0385,PROD-083,1,1366.65,1366.65,COMPLETED,2026-08-01 09:08:34
ORD-1003,SEL-001,CUST-0233,P17,1,1100.0,1100.0,COMPLETED,2026-08-01 09:16:54
ORD-1004,SEL-001,CUST-0391,PROD-014,2,1095.06,2190.12,COMPLETED,2026-08-01 09:25:37
ORD-1005,SEL-001,CUST-0260,PROD-020,1,3690.08,3690.08,COMPLETED,2026-08-01 09:34:13
ORD-1006,SEL-001,CUST-0399,PROD-001,1,2967.56,2967.56,COMPLETED,2026-08-01 09:42:55
ORD-1007,SEL-001,CUST-0476,PROD-040,1,3912.25,3912.25,COMPLETED,2026-08-01 09:51:00
ORD-1008,SEL-001,CUST-0485,PROD-094,1,3616.34,3616.34,COMPLETED,2026-08-01 09:59:47
ORD-1009,SEL-001,CUST-0273,P17,1,1100.0,1100.0,COMPLETED,2026-08-01 10:08:25
ORD-1010,SEL-001,CUST-0136,PROD-078,1,4136.83,4136.83,COMPLETED,2026-08-01 10:16:38
ORD-1011,SEL-001,CUST-0387,PROD-026,1,4318.16,4318.16,COMPLETED,2026-08-01 10:25:22
ORD-1012,SEL-001,CUST-0333,PROD-067,1,3548.0,3548.0,COMPLETED,2026-08-01 10:33:58
ORD-1013,SEL-001,CUST-0174,P17,1,1100.0,1100.0,COMPLETED,2026-08-01 10:42:11
ORD-1014,SEL-001,CUST-0037,PROD-008,1,619.49,619.49,COMPLETED,2026-08-01 10:50:41
ORD-1015,SEL-001,CUST-0170,PROD-031,1,2815.84,2815.84,COMPLETED,2026-08-01 10:59:40
ORD-1016,SEL-001,CUST-0068,PROD-074,1,3974.56,3974.56,COMPLETED,2026-08-01 11:08:02
ORD-1017,SEL-001,CUST-0414,PROD-013,1,362.78,362.78,COMPLETED,2026-08-01 11:16:32
ORD-1018,SEL-001,CUST-0211,PROD-094,1,3616.34,3616.34,COMPLETED,2026-08-01 11:25:02
ORD-1019,SEL-001,CUST-0051,PROD-094,1,3616.34,3616.34,COMPLETED,2026-08-01 11:33:41
ORD-1020,SEL-001,CUST-0099,PROD-058,1,977.34,977.34,COMPLETED,2026-08-01 11:42:00
ORD-1021,SEL-001,CUST-0128,PROD-010,1,376.64,376.64,COMPLETED,2026-08-01 11:50:39
ORD-1022,SEL-001,CUST-0051,PROD-070,1,1590.68,1590.68,COMPLETED,2026-08-01 11:59:14
ORD-1023,SEL-001,CUST-0386,PROD-022,1,3674.73,3674.73,COMPLETED,2026-08-01 12:07:59
ORD-1024,SEL-001,CUST-0206,PROD-022,1,3674.73,3674.73,COMPLETED,2026-08-01 12:16:29
ORD-1025,SEL-001,CUST-0475,PROD-059,1,3348.79,3348.79,COMPLETED,2026-08-01 12:24:42
ORD-1026,SEL-001,CUST-0402,PROD-092,1,716.01,716.01,COMPLETED,2026-08-01 12:33:29
ORD-1027,SEL-001,CUST-0496,PROD-095,1,2044.18,2044.18,COMPLETED,2026-08-01 12:41:44
ORD-1028,SEL-001,CUST-0026,PROD-065,2,3159.61,6319.22,COMPLETED,2026-08-01 12:50:11
ORD-1029,SEL-001,CUST-0492,PROD-024,1,1696.06,1696.06,COMPLETED,2026-08-01 12:58:43
ORD-1030,SEL-001,CUST-0121,PROD-073,1,4257.37,4257.37,COMPLETED,2026-08-01 13:07:41
ORD-1031,SEL-001,CUST-0042,PROD-075,1,1587.38,1587.38,COMPLETED,2026-08-01 13:16:05
ORD-1032,SEL-001,CUST-0105,PROD-041,1,2703.75,2703.75,COMPLETED,2026-08-01 13:24:26
ORD-1033,SEL-001,CUST-0331,PROD-041,2,2703.75,5407.5,COMPLETED,2026-08-01 13:33:11
ORD-1034,SEL-001,CUST-0235,PROD-073,2,4257.37,8514.74,COMPLETED,2026-08-01 13:41:22
ORD-1035,SEL-001,CUST-0260,PROD-045,2,1479.9,2959.8,COMPLETED,2026-08-01 13:50:00
ORD-1036,SEL-001,CUST-0146,PROD-070,1,1590.68,1590.68,COMPLETED,2026-08-01 13:58:37
ORD-1037,SEL-001,CUST-0335,PROD-086,1,1947.45,1947.45,COMPLETED,2026-08-01 14:07:23
ORD-1038,SEL-001,CUST-0054,PROD-018,1,1186.87,1186.87,COMPLETED,2026-08-01 14:15:51
ORD-1039,SEL-001,CUST-0284,PROD-037,1,2596.17,2596.17,COMPLETED,2026-08-01 14:24:25
ORD-1040,SEL-001,CUST-0352,PROD-034,1,2528.97,2528.97,COMPLETED,2026-08-01 14:32:40
ORD-1041,SEL-001,CUST-0434,PROD-082,1,2635.81,2635.81,COMPLETED,2026-08-01 14:41:35
ORD-1042,SEL-001,CUST-0171,PROD-082,2,2635.81,5271.62,COMPLETED,2026-08-01 14:49:38
ORD-1043,SEL-001,CUST-0283,PROD-072,1,1146.68,1146.68,COMPLETED,2026-08-01 14:58:24
ORD-1044,SEL-001,CUST-0354,PROD-070,1,1590.68,1590.68,COMPLETED,2026-08-01 15:07:11
ORD-1045,SEL-001,CUST-0076,PROD-006,1,3125.97,3125.97,COMPLETED,2026-08-01 15:15:32
ORD-1046,SEL-001,CUST-0498,PROD-046,1,589.12,589.12,COMPLETED,2026-08-01 15:24:12
ORD-1047,SEL-001,CUST-0182,PROD-053,2,1140.4,2280.8,COMPLETED,2026-08-01 15:32:22
ORD-1048,SEL-001,CUST-0477,PROD-021,2,277.62,555.24,COMPLETED,2026-08-01 15:41:20
ORD-1049,SEL-001,CUST-0212,P17,1,1100.0,1100.0,COMPLETED,2026-08-01 15:49:51
ORD-1050,SEL-001,CUST-0211,PROD-095,1,2044.18,2044.18,COMPLETED,2026-08-01 15:58:24
ORD-1051,SEL-001,CUST-0360,PROD-005,2,3380.0,6760.0,COMPLETED,2026-08-01 16:06:52
ORD-1052,SEL-001,CUST-0471,PROD-040,1,3912.25,3912.25,COMPLETED,2026-08-01 16:15:25
ORD-1053,SEL-001,CUST-0013,PROD-052,1,1823.27,1823.27,COMPLETED,2026-08-01 16:23:38
ORD-1054,SEL-001,CUST-0396,PROD-083,1,1366.65,1366.65,COMPLETED,2026-08-01 16:32:33
ORD-1055,SEL-001,CUST-0275,PROD-004,1,1198.65,1198.65,COMPLETED,2026-08-01 16:41:01
ORD-1056,SEL-001,CUST-0298,PROD-034,1,2528.97,2528.97,COMPLETED,2026-08-01 16:49:12
ORD-1057,SEL-001,CUST-0374,PROD-056,1,3004.15,3004.15,COMPLETED,2026-08-01 16:57:50
ORD-1058,SEL-001,CUST-0461,PROD-033,1,3351.36,3351.36,COMPLETED,2026-08-01 17:06:23
ORD-1059,SEL-001,CUST-0474,PROD-088,1,4489.53,4489.53,COMPLETED,2026-08-01 17:14:59
ORD-1060,SEL-001,CUST-0101,PROD-009,2,2043.17,4086.34,COMPLETED,2026-08-01 17:23:36
ORD-1061,SEL-001,CUST-0161,PROD-016,1,2566.0,2566.0,COMPLETED,2026-08-01 17:32:06
ORD-1062,SEL-001,CUST-0342,PROD-052,1,1823.27,1823.27,COMPLETED,2026-08-01 17:40:28
ORD-1063,SEL-001,CUST-0216,PROD-049,1,1431.39,1431.39,COMPLETED,2026-08-01 17:48:57
ORD-1064,SEL-001,CUST-0292,PROD-071,1,1387.9,1387.9,COMPLETED,2026-08-01 17:57:42
ORD-1065,SEL-001,CUST-0221,PROD-078,1,4136.83,4136.83,COMPLETED,2026-08-01 18:06:02
ORD-1066,SEL-001,CUST-0346,PROD-061,1,1862.69,1862.69,COMPLETED,2026-08-01 18:14:42
ORD-1067,SEL-001,CUST-0087,PROD-037,1,2596.17,2596.17,COMPLETED,2026-08-01 18:23:23
ORD-1068,SEL-001,CUST-0048,PROD-097,1,1871.88,1871.88,COMPLETED,2026-08-01 18:31:42
ORD-1069,SEL-001,CUST-0102,PROD-006,1,3125.97,3125.97,COMPLETED,2026-08-01 18:40:29
ORD-1070,SEL-001,CUST-0394,PROD-054,2,1384.66,2769.32,COMPLETED,2026-08-01 18:49:03
ORD-1071,SEL-001,CUST-0357,PROD-052,1,1823.27,1823.27,COMPLETED,2026-08-01 18:57:30
ORD-1072,SEL-001,CUST-0458,PROD-099,2,2498.74,4997.48,COMPLETED,2026-08-01 19:05:40
ORD-1073,SEL-001,CUST-0091,PROD-090,1,636.37,636.37,COMPLETED,2026-08-01 19:14:19
ORD-1074,SEL-001,CUST-0470,PROD-059,1,3348.79,3348.79,COMPLETED,2026-08-01 19:22:51
ORD-1075,SEL-001,CUST-0287,PROD-097,2,1871.88,3743.76,COMPLETED,2026-08-01 19:31:32
ORD-1076,SEL-001,CUST-0457,PROD-071,1,1387.9,1387.9,COMPLETED,2026-08-01 19:40:11
ORD-1077,SEL-001,CUST-0244,PROD-097,1,1871.88,1871.88,COMPLETED,2026-08-01 19:48:47
ORD-1078,SEL-001,CUST-0399,PROD-081,1,1298.17,1298.17,COMPLETED,2026-08-01 19:57:16
ORD-1079,SEL-001,CUST-0147,PROD-043,1,444.75,444.75,COMPLETED,2026-08-01 20:05:46
ORD-1080,SEL-001,CUST-0078,PROD-089,1,2415.49,2415.49,COMPLETED,2026-08-01 20:14:00
ORD-1081,SEL-001,CUST-0209,PROD-060,1,944.46,944.46,COMPLETED,2026-08-01 20:22:41
ORD-1082,SEL-001,CUST-0200,PROD-075,2,1587.38,3174.76,COMPLETED,2026-08-01 20:31:13
ORD-1083,SEL-001,CUST-0245,P17,1,1100.0,1100.0,COMPLETED,2026-08-01 20:39:44
ORD-1084,SEL-001,CUST-0457,PROD-054,1,1384.66,1384.66,COMPLETED,2026-08-01 20:48:31
ORD-1085,SEL-001,CUST-0309,PROD-063,1,2970.0,2970.0,COMPLETED,2026-08-01 20:57:01
ORD-1086,SEL-001,CUST-0200,PROD-087,1,1182.11,1182.11,COMPLETED,2026-08-01 21:05:09
ORD-1087,SEL-001,CUST-0240,PROD-080,1,1375.74,1375.74,COMPLETED,2026-08-01 21:14:07
ORD-1088,SEL-001,CUST-0289,PROD-011,1,1179.21,1179.21,COMPLETED,2026-08-01 21:22:31
ORD-1089,SEL-001,CUST-0094,PROD-049,1,1431.39,1431.39,COMPLETED,2026-08-01 21:30:59
ORD-1090,SEL-001,CUST-0390,PROD-036,1,1858.77,1858.77,COMPLETED,2026-08-01 21:39:27
ORD-1091,SEL-001,CUST-0428,PROD-003,1,1418.87,1418.87,COMPLETED,2026-08-01 21:47:57
ORD-1092,SEL-001,CUST-0180,PROD-009,1,2043.17,2043.17,COMPLETED,2026-08-01 21:56:51
ORD-1093,SEL-001,CUST-0016,PROD-026,1,4318.16,4318.16,COMPLETED,2026-08-01 22:05:17
ORD-1094,SEL-001,CUST-0065,PROD-015,1,3012.01,3012.01,COMPLETED,2026-08-01 22:13:32
ORD-1095,SEL-001,CUST-0132,PROD-022,1,3674.73,3674.73,COMPLETED,2026-08-01 22:22:19
ORD-1096,SEL-001,CUST-0059,PROD-021,2,277.62,555.24,COMPLETED,2026-08-01 22:30:51
ORD-1097,SEL-001,CUST-0476,PROD-087,2,1182.11,2364.22,COMPLETED,2026-08-01 22:39:01
ORD-1098,SEL-001,CUST-0367,PROD-076,1,3035.61,3035.61,COMPLETED,2026-08-01 22:48:03
ORD-1099,SEL-001,CUST-0357,PROD-088,1,4489.53,4489.53,COMPLETED,2026-08-01 22:56:08
ORD-1100,SEL-001,CUST-0401,PROD-069,1,386.43,386.43,COMPLETED,2026-08-01 23:04:55
ORD-1101,SEL-001,CUST-0332,PROD-054,1,1384.66,1384.66,COMPLETED,2026-08-01 23:13:25
ORD-1102,SEL-001,CUST-0186,PROD-059,1,3348.79,3348.79,COMPLETED,2026-08-01 23:22:11
ORD-1103,SEL-001,CUST-0268,PROD-035,1,4385.74,4385.74,COMPLETED,2026-08-01 23:30:36
ORD-1104,SEL-001,CUST-0248,PROD-094,1,3616.34,3616.34,COMPLETED,2026-08-01 23:39:09
ORD-1105,SEL-001,CUST-0426,PROD-036,2,1858.77,3717.54,COMPLETED,2026-08-01 23:47:24
ORD-1106,SEL-001,CUST-0292,PROD-049,1,1431.39,1431.39,COMPLETED,2026-08-01 23:56:03
ORD-1107,SEL-001,CUST-0094,PROD-046,1,589.12,589.12,COMPLETED,2026-08-02 00:04:31
ORD-1108,SEL-001,CUST-0306,PROD-036,1,1858.77,1858.77,COMPLETED,2026-08-02 00:13:22
ORD-1109,SEL-001,CUST-0044,PROD-053,1,1140.4,1140.4,COMPLETED,2026-08-02 00:21:32
ORD-1110,SEL-001,CUST-0244,PROD-063,1,2970.0,2970.0,COMPLETED,2026-08-02 00:30:20
ORD-1111,SEL-001,CUST-0125,PROD-075,1,1587.38,1587.38,COMPLETED,2026-08-02 00:38:52
ORD-1112,SEL-001,CUST-0218,PROD-071,1,1387.9,1387.9,COMPLETED,2026-08-02 00:47:13
ORD-1113,SEL-001,CUST-0157,PROD-016,1,2566.0,2566.0,COMPLETED,2026-08-02 00:55:42
ORD-1114,SEL-001,CUST-0275,PROD-089,1,2415.49,2415.49,COMPLETED,2026-08-02 01:04:29
ORD-1115,SEL-001,CUST-0142,PROD-098,1,4483.52,4483.52,COMPLETED,2026-08-02 01:12:53
ORD-1116,SEL-001,CUST-0427,PROD-030,1,3851.85,3851.85,COMPLETED,2026-08-02 01:21:13
ORD-1117,SEL-001,CUST-0274,PROD-006,2,3125.97,6251.94,COMPLETED,2026-08-02 01:30:04
ORD-1118,SEL-001,CUST-0484,PROD-097,1,1871.88,1871.88,COMPLETED,2026-08-02 01:38:36
ORD-1119,SEL-001,CUST-0146,PROD-057,1,2838.81,2838.81,COMPLETED,2026-08-02 01:47:04
ORD-1120,SEL-001,CUST-0482,PROD-015,1,3012.01,3012.01,COMPLETED,2026-08-02 01:55:26
ORD-1121,SEL-001,CUST-0296,PROD-007,1,4041.76,4041.76,COMPLETED,2026-08-02 02:03:52
ORD-1122,SEL-001,CUST-0156,PROD-032,1,3680.3,3680.3,COMPLETED,2026-08-02 02:12:52
ORD-1123,SEL-001,CUST-0306,PROD-029,1,661.04,661.04,COMPLETED,2026-08-02 02:21:13
ORD-1124,SEL-001,CUST-0227,PROD-076,2,3035.61,6071.22,COMPLETED,2026-08-02 02:29:55
ORD-1125,SEL-001,CUST-0031,PROD-095,1,2044.18,2044.18,COMPLETED,2026-08-02 02:38:17
ORD-1126,SEL-001,CUST-0109,PROD-011,1,1179.21,1179.21,COMPLETED,2026-08-02 02:46:50
ORD-1127,SEL-001,CUST-0081,P17,1,1100.0,1100.0,COMPLETED,2026-08-02 02:55:04
ORD-1128,SEL-001,CUST-0017,PROD-091,1,450.24,450.24,COMPLETED,2026-08-02 03:03:43
ORD-1129,SEL-001,CUST-0352,PROD-034,1,2528.97,2528.97,COMPLETED,2026-08-02 03:12:09
ORD-1130,SEL-001,CUST-0412,PROD-055,1,4230.78,4230.78,COMPLETED,2026-08-02 03:21:00
ORD-1131,SEL-001,CUST-0466,PROD-019,1,2754.38,2754.38,COMPLETED,2026-08-02 03:29:15
ORD-1132,SEL-001,CUST-0305,PROD-073,2,4257.37,8514.74,COMPLETED,2026-08-02 03:37:52
ORD-1133,SEL-001,CUST-0353,PROD-052,2,1823.27,3646.54,COMPLETED,2026-08-02 03:46:29
ORD-1134,SEL-001,CUST-0225,PROD-006,2,3125.97,6251.94,COMPLETED,2026-08-02 03:55:02
ORD-1135,SEL-001,CUST-0129,P17,1,1100.0,1100.0,COMPLETED,2026-08-02 04:03:38
ORD-1136,SEL-001,CUST-0295,PROD-003,2,1418.87,2837.74,COMPLETED,2026-08-02 04:12:18
ORD-1137,SEL-001,CUST-0296,PROD-097,1,1871.88,1871.88,COMPLETED,2026-08-02 04:20:31
ORD-1138,SEL-001,CUST-0470,PROD-075,1,1587.38,1587.38,COMPLETED,2026-08-02 04:29:09
ORD-1139,SEL-001,CUST-0241,PROD-043,1,444.75,444.75,COMPLETED,2026-08-02 04:37:29
ORD-1140,SEL-001,CUST-0169,PROD-064,1,2617.04,2617.04,COMPLETED,2026-08-02 04:46:04
ORD-1141,SEL-001,CUST-0390,PROD-059,1,3348.79,3348.79,COMPLETED,2026-08-02 04:54:57
ORD-1142,SEL-001,CUST-0497,PROD-066,1,3832.12,3832.12,COMPLETED,2026-08-02 05:03:06
ORD-1143,SEL-001,CUST-0028,PROD-047,1,1239.36,1239.36,COMPLETED,2026-08-02 05:11:48
ORD-1144,SEL-001,CUST-0390,PROD-035,1,4385.74,4385.74,COMPLETED,2026-08-02 05:20:21
ORD-1145,SEL-001,CUST-0451,PROD-016,1,2566.0,2566.0,COMPLETED,2026-08-02 05:28:53
ORD-1146,SEL-001,CUST-0123,PROD-040,1,3912.25,3912.25,COMPLETED,2026-08-02 05:37:36
ORD-1147,SEL-001,CUST-0116,PROD-015,1,3012.01,3012.01,COMPLETED,2026-08-02 05:45:45
ORD-1148,SEL-001,CUST-0079,PROD-092,1,716.01,716.01,COMPLETED,2026-08-02 05:54:41
ORD-1149,SEL-001,CUST-0428,PROD-061,1,1862.69,1862.69,COMPLETED,2026-08-02 06:03:00
ORD-1150,SEL-001,CUST-0098,PROD-066,1,3832.12,3832.12,COMPLETED,2026-08-02 06:11:32
ORD-1151,SEL-001,CUST-0142,PROD-054,1,1384.66,1384.66,COMPLETED,2026-08-02 06:19:54
ORD-1152,SEL-001,CUST-0421,P17,1,1100.0,1100.0,COMPLETED,2026-08-02 06:28:32
ORD-1153,SEL-001,CUST-0338,PROD-020,1,3690.08,3690.08,COMPLETED,2026-08-02 06:37:14
ORD-1154,SEL-001,CUST-0283,PROD-049,1,1431.39,1431.39,COMPLETED,2026-08-02 06:45:38
ORD-1155,SEL-001,CUST-0358,PROD-050,1,2951.66,2951.66,COMPLETED,2026-08-02 06:54:06
ORD-1156,SEL-001,CUST-0163,PROD-091,2,450.24,900.48,COMPLETED,2026-08-02 07:02:33
ORD-1157,SEL-001,CUST-0406,PROD-020,1,3690.08,3690.08,COMPLETED,2026-08-02 07:11:25
ORD-1158,SEL-001,CUST-0495,PROD-013,2,362.78,725.56,COMPLETED,2026-08-02 07:19:52
ORD-1159,SEL-001,CUST-0467,PROD-093,1,2916.65,2916.65,COMPLETED,2026-08-02 07:28:24
ORD-1160,SEL-001,CUST-0039,PROD-034,1,2528.97,2528.97,COMPLETED,2026-08-02 07:36:44
ORD-1161,SEL-001,CUST-0042,PROD-087,2,1182.11,2364.22,COMPLETED,2026-08-02 07:45:32
ORD-1162,SEL-001,CUST-0321,PROD-098,1,4483.52,4483.52,COMPLETED,2026-08-02 07:53:54
ORD-1163,SEL-001,CUST-0036,PROD-088,2,4489.53,8979.06,COMPLETED,2026-08-02 08:02:35
ORD-1164,SEL-001,CUST-0047,PROD-013,1,362.78,362.78,COMPLETED,2026-08-02 08:11:11
ORD-1165,SEL-001,CUST-0228,PROD-039,2,2878.71,5757.42,COMPLETED,2026-08-02 08:19:23
ORD-1166,SEL-001,CUST-0029,PROD-048,1,679.26,679.26,COMPLETED,2026-08-02 08:28:17
ORD-1167,SEL-001,CUST-0290,PROD-024,1,1696.06,1696.06,COMPLETED,2026-08-02 08:36:37
ORD-1168,SEL-001,CUST-0196,PROD-031,1,2815.84,2815.84,COMPLETED,2026-08-02 08:45:23
ORD-1169,SEL-001,CUST-0237,PROD-059,1,3348.79,3348.79,COMPLETED,2026-08-02 08:53:35
ORD-1170,SEL-001,CUST-0347,PROD-010,1,376.64,376.64,COMPLETED,2026-08-02 09:02:09
ORD-1171,SEL-001,CUST-0154,PROD-055,1,4230.78,4230.78,COMPLETED,2026-08-02 09:10:51
ORD-1172,SEL-001,CUST-0102,PROD-062,1,4455.47,4455.47,COMPLETED,2026-08-02 09:19:14
ORD-1173,SEL-001,CUST-0295,PROD-090,1,636.37,636.37,COMPLETED,2026-08-02 09:27:48
ORD-1174,SEL-001,CUST-0203,PROD-073,2,4257.37,8514.74,COMPLETED,2026-08-02 09:36:30
ORD-1175,SEL-001,CUST-0467,PROD-064,1,2617.04,2617.04,COMPLETED,2026-08-02 09:44:42
ORD-1176,SEL-001,CUST-0410,PROD-046,1,589.12,589.12,COMPLETED,2026-08-02 09:53:37
ORD-1177,SEL-001,CUST-0348,PROD-099,1,2498.74,2498.74,COMPLETED,2026-08-02 10:01:53
ORD-1178,SEL-001,CUST-0050,PROD-083,1,1366.65,1366.65,COMPLETED,2026-08-02 10:10:37
ORD-1179,SEL-001,CUST-0297,P17,1,1100.0,1100.0,COMPLETED,2026-08-02 10:18:50
ORD-1180,SEL-001,CUST-0213,P17,1,1100.0,1100.0,COMPLETED,2026-08-02 10:27:44
ORD-1181,SEL-001,CUST-0272,PROD-035,1,4385.74,4385.74,COMPLETED,2026-08-02 10:36:04
ORD-1182,SEL-001,CUST-0484,PROD-038,1,3774.97,3774.97,COMPLETED,2026-08-02 10:44:51
ORD-1183,SEL-001,CUST-0240,PROD-019,1,2754.38,2754.38,COMPLETED,2026-08-02 10:53:00
ORD-1184,SEL-001,CUST-0371,PROD-051,2,1800.54,3601.08,COMPLETED,2026-08-02 11:01:50
ORD-1185,SEL-001,CUST-0047,PROD-002,1,356.3,356.3,COMPLETED,2026-08-02 11:10:12
ORD-1186,SEL-001,CUST-0345,PROD-034,1,2528.97,2528.97,COMPLETED,2026-08-02 11:18:44
ORD-1187,SEL-001,CUST-0191,PROD-030,1,3851.85,3851.85,COMPLETED,2026-08-02 11:27:35
ORD-1188,SEL-001,CUST-0288,PROD-079,1,2200.12,2200.12,COMPLETED,2026-08-02 11:36:07
ORD-1189,SEL-001,CUST-0238,PROD-039,1,2878.71,2878.71,COMPLETED,2026-08-02 11:44:35
ORD-1190,SEL-001,CUST-0485,P17,2,1100.0,2200.0,COMPLETED,2026-08-02 11:52:42
ORD-1191,SEL-001,CUST-0455,PROD-050,1,2951.66,2951.66,COMPLETED,2026-08-02 12:01:20
ORD-1192,SEL-001,CUST-0357,PROD-054,1,1384.66,1384.66,COMPLETED,2026-08-02 12:10:08
ORD-1193,SEL-001,CUST-0213,PROD-063,1,2970.0,2970.0,COMPLETED,2026-08-02 12:18:46
ORD-1194,SEL-001,CUST-0017,PROD-028,1,644.17,644.17,COMPLETED,2026-08-02 12:26:58
ORD-1195,SEL-001,CUST-0186,PROD-088,1,4489.53,4489.53,COMPLETED,2026-08-02 12:35:49
ORD-1196,SEL-001,CUST-0184,PROD-036,1,1858.77,1858.77,COMPLETED,2026-08-02 12:44:14
ORD-1197,SEL-001,CUST-0422,PROD-085,1,4065.75,4065.75,COMPLETED,2026-08-02 12:52:53
ORD-1198,SEL-001,CUST-0026,PROD-032,2,3680.3,7360.6,COMPLETED,2026-08-02 13:00:58
ORD-1199,SEL-001,CUST-0036,PROD-071,1,1387.9,1387.9,COMPLETED,2026-08-02 13:09:36
ORD-1200,SEL-001,CUST-0120,PROD-019,1,2754.38,2754.38,COMPLETED,2026-08-02 13:18:29
ORD-1201,SEL-001,CUST-0440,P17,1,1100.0,1100.0,COMPLETED,2026-08-02 13:26:42
ORD-1202,SEL-001,CUST-0339,P17,1,1100.0,1100.0,COMPLETED,2026-08-02 13:35:09
ORD-1203,SEL-001,CUST-0302,PROD-023,1,3217.09,3217.09,COMPLETED,2026-08-02 13:43:45
ORD-1204,SEL-001,CUST-0270,PROD-009,1,2043.17,2043.17,COMPLETED,2026-08-02 13:52:23
ORD-1205,SEL-001,CUST-0304,PROD-065,1,3159.61,3159.61,COMPLETED,2026-08-02 14:00:58
ORD-1206,SEL-001,CUST-0402,PROD-085,1,4065.75,4065.75,COMPLETED,2026-08-02 14:09:37
ORD-1207,SEL-001,CUST-0016,PROD-062,1,4455.47,4455.47,COMPLETED,2026-08-02 14:18:16
ORD-1208,SEL-001,CUST-0252,PROD-057,1,2838.81,2838.81,COMPLETED,2026-08-02 14:26:21
ORD-1209,SEL-001,CUST-0076,PROD-036,1,1858.77,1858.77,COMPLETED,2026-08-02 14:35:09
ORD-1210,SEL-001,CUST-0167,PROD-077,1,1931.44,1931.44,COMPLETED,2026-08-02 14:43:44
ORD-1211,SEL-001,CUST-0221,PROD-090,1,636.37,636.37,COMPLETED,2026-08-02 14:52:13
ORD-1212,SEL-001,CUST-0394,PROD-028,1,644.17,644.17,COMPLETED,2026-08-02 15:00:54
ORD-1213,SEL-001,CUST-0174,PROD-052,1,1823.27,1823.27,COMPLETED,2026-08-02 15:09:11
ORD-1214,SEL-001,CUST-0161,PROD-048,2,679.26,1358.52,COMPLETED,2026-08-02 15:17:44
ORD-1215,SEL-001,CUST-0035,PROD-011,1,1179.21,1179.21,COMPLETED,2026-08-02 15:26:18
ORD-1216,SEL-001,CUST-0191,PROD-072,1,1146.68,1146.68,COMPLETED,2026-08-02 15:34:58
ORD-1217,SEL-001,CUST-0169,PROD-053,1,1140.4,1140.4,COMPLETED,2026-08-02 15:43:24
ORD-1218,SEL-001,CUST-0217,PROD-093,1,2916.65,2916.65,COMPLETED,2026-08-02 15:52:03
ORD-1219,SEL-001,CUST-0181,PROD-065,1,3159.61,3159.61,COMPLETED,2026-08-02 16:00:20
ORD-1220,SEL-001,CUST-0434,PROD-072,1,1146.68,1146.68,COMPLETED,2026-08-02 16:08:50
ORD-1221,SEL-001,CUST-0116,PROD-072,2,1146.68,2293.36,COMPLETED,2026-08-02 16:17:33
ORD-1222,SEL-001,CUST-0346,PROD-004,1,1198.65,1198.65,COMPLETED,2026-08-02 16:26:06
ORD-1223,SEL-001,CUST-0137,P17,1,1100.0,1100.0,COMPLETED,2026-08-02 16:34:41
ORD-1224,SEL-001,CUST-0174,PROD-024,2,1696.06,3392.12,COMPLETED,2026-08-02 16:43:20
ORD-1225,SEL-001,CUST-0036,PROD-082,2,2635.81,5271.62,COMPLETED,2026-08-02 16:51:35
ORD-1226,SEL-001,CUST-0111,PROD-059,1,3348.79,3348.79,COMPLETED,2026-08-02 17:00:11
ORD-1227,SEL-001,CUST-0167,PROD-073,1,4257.37,4257.37,COMPLETED,2026-08-02 17:08:50
ORD-1228,SEL-001,CUST-0081,PROD-007,1,4041.76,4041.76,COMPLETED,2026-08-02 17:17:03
ORD-1229,SEL-001,CUST-0218,PROD-057,1,2838.81,2838.81,COMPLETED,2026-08-02 17:25:52
ORD-1230,SEL-001,CUST-0059,PROD-015,1,3012.01,3012.01,COMPLETED,2026-08-02 17:34:19
ORD-1231,SEL-001,CUST-0270,PROD-006,1,3125.97,3125.97,COMPLETED,2026-08-02 17:42:50
ORD-1232,SEL-001,CUST-0004,PROD-028,1,644.17,644.17,COMPLETED,2026-08-02 17:51:08
ORD-1233,SEL-001,CUST-0168,PROD-064,1,2617.04,2617.04,COMPLETED,2026-08-02 17:59:48
ORD-1234,SEL-001,CUST-0273,PROD-065,1,3159.61,3159.61,COMPLETED,2026-08-02 18:08:23
ORD-1235,SEL-001,CUST-0037,PROD-095,1,2044.18,2044.18,COMPLETED,2026-08-02 18:16:55
ORD-1236,SEL-001,CUST-0295,PROD-052,1,1823.27,1823.27,COMPLETED,2026-08-02 18:25:26
ORD-1237,SEL-001,CUST-0208,P17,1,1100.0,1100.0,COMPLETED,2026-08-02 18:33:51
ORD-1238,SEL-001,CUST-0236,PROD-047,1,1239.36,1239.36,COMPLETED,2026-08-02 18:42:39
ORD-1239,SEL-001,CUST-0224,PROD-068,1,1223.45,1223.45,COMPLETED,2026-08-02 18:50:59
ORD-1240,SEL-001,CUST-0174,PROD-100,1,4377.08,4377.08,COMPLETED,2026-08-02 18:59:47
ORD-1241,SEL-001,CUST-0272,PROD-100,1,4377.08,4377.08,COMPLETED,2026-08-02 19:07:59
ORD-1242,SEL-001,CUST-0331,PROD-031,1,2815.84,2815.84,COMPLETED,2026-08-02 19:16:54
ORD-1243,SEL-001,CUST-0309,PROD-098,1,4483.52,4483.52,COMPLETED,2026-08-02 19:25:05
ORD-1244,SEL-001,CUST-0322,PROD-097,1,1871.88,1871.88,COMPLETED,2026-08-02 19:33:56
ORD-1245,SEL-001,CUST-0474,PROD-083,1,1366.65,1366.65,COMPLETED,2026-08-02 19:42:25
ORD-1246,SEL-001,CUST-0498,PROD-020,1,3690.08,3690.08,COMPLETED,2026-08-02 19:51:03
ORD-1247,SEL-001,CUST-0156,PROD-076,1,3035.61,3035.61,COMPLETED,2026-08-02 19:59:28
ORD-1248,SEL-001,CUST-0237,PROD-008,1,619.49,619.49,COMPLETED,2026-08-02 20:07:49
ORD-1249,SEL-001,CUST-0443,PROD-012,1,2397.76,2397.76,COMPLETED,2026-08-02 20:16:32
ORD-1250,SEL-001,CUST-0298,PROD-095,2,2044.18,4088.36,COMPLETED,2026-08-02 20:24:58
ORD-1251,SEL-001,CUST-0293,PROD-042,1,3244.43,3244.43,COMPLETED,2026-08-02 20:33:41
ORD-1252,SEL-001,CUST-0032,PROD-044,2,1218.57,2437.14,COMPLETED,2026-08-02 20:42:18
ORD-1253,SEL-001,CUST-0089,P17,1,1100.0,1100.0,COMPLETED,2026-08-02 20:50:40
ORD-1254,SEL-001,CUST-0268,PROD-047,1,1239.36,1239.36,COMPLETED,2026-08-02 20:59:08
ORD-1255,SEL-001,CUST-0397,PROD-077,1,1931.44,1931.44,COMPLETED,2026-08-02 21:07:37
ORD-1256,SEL-001,CUST-0034,PROD-072,1,1146.68,1146.68,COMPLETED,2026-08-02 21:16:06
ORD-1257,SEL-001,CUST-0437,PROD-078,2,4136.83,8273.66,COMPLETED,2026-08-02 21:24:52
ORD-1258,SEL-001,CUST-0340,PROD-045,1,1479.9,1479.9,COMPLETED,2026-08-02 21:33:19
ORD-1259,SEL-001,CUST-0201,PROD-091,2,450.24,900.48,COMPLETED,2026-08-02 21:41:54
ORD-1260,SEL-001,CUST-0330,P17,1,1100.0,1100.0,COMPLETED,2026-08-02 21:50:17
ORD-1261,SEL-001,CUST-0351,PROD-012,1,2397.76,2397.76,COMPLETED,2026-08-02 21:59:00
ORD-1262,SEL-001,CUST-0010,PROD-024,2,1696.06,3392.12,COMPLETED,2026-08-02 22:07:20
ORD-1263,SEL-001,CUST-0249,PROD-018,1,1186.87,1186.87,COMPLETED,2026-08-02 22:16:05
ORD-1264,SEL-001,CUST-0052,PROD-070,1,1590.68,1590.68,COMPLETED,2026-08-02 22:24:38
ORD-1265,SEL-001,CUST-0339,PROD-099,1,2498.74,2498.74,COMPLETED,2026-08-02 22:32:46
ORD-1266,SEL-001,CUST-0084,PROD-089,1,2415.49,2415.49,COMPLETED,2026-08-02 22:41:21
ORD-1267,SEL-001,CUST-0370,PROD-053,1,1140.4,1140.4,COMPLETED,2026-08-02 22:49:54
ORD-1268,SEL-001,CUST-0313,PROD-096,1,519.99,519.99,COMPLETED,2026-08-02 22:58:35
ORD-1269,SEL-001,CUST-0159,PROD-061,2,1862.69,3725.38,COMPLETED,2026-08-02 23:07:00
ORD-1270,SEL-001,CUST-0485,PROD-057,1,2838.81,2838.81,COMPLETED,2026-08-02 23:15:46
ORD-1271,SEL-001,CUST-0258,PROD-021,1,277.62,277.62,COMPLETED,2026-08-02 23:24:09
ORD-1272,SEL-001,CUST-0447,PROD-083,1,1366.65,1366.65,COMPLETED,2026-08-02 23:32:33
ORD-1273,SEL-001,CUST-0053,PROD-067,2,3548.0,7096.0,COMPLETED,2026-08-02 23:41:30
ORD-1274,SEL-001,CUST-0083,PROD-066,1,3832.12,3832.12,COMPLETED,2026-08-02 23:49:57
ORD-1275,SEL-001,CUST-0467,PROD-058,2,977.34,1954.68,COMPLETED,2026-08-02 23:58:35
ORD-1276,SEL-001,CUST-0028,PROD-048,1,679.26,679.26,COMPLETED,2026-08-03 00:06:50
ORD-1277,SEL-001,CUST-0115,P17,2,1100.0,2200.0,COMPLETED,2026-08-03 00:15:20
ORD-1278,SEL-001,CUST-0172,PROD-018,1,1186.87,1186.87,COMPLETED,2026-08-03 00:24:02
ORD-1279,SEL-001,CUST-0357,PROD-098,1,4483.52,4483.52,COMPLETED,2026-08-03 00:32:29
ORD-1280,SEL-001,CUST-0464,PROD-033,1,3351.36,3351.36,COMPLETED,2026-08-03 00:40:46
ORD-1281,SEL-001,CUST-0373,PROD-055,1,4230.78,4230.78,COMPLETED,2026-08-03 00:49:48
ORD-1282,SEL-001,CUST-0063,PROD-054,1,1384.66,1384.66,COMPLETED,2026-08-03 00:57:59
ORD-1283,SEL-001,CUST-0057,PROD-064,1,2617.04,2617.04,COMPLETED,2026-08-03 01:06:24
ORD-1284,SEL-001,CUST-0074,PROD-001,1,2967.56,2967.56,COMPLETED,2026-08-03 01:15:16
ORD-1285,SEL-001,CUST-0096,PROD-011,1,1179.21,1179.21,COMPLETED,2026-08-03 01:23:39
ORD-1286,SEL-001,CUST-0270,PROD-065,1,3159.61,3159.61,COMPLETED,2026-08-03 01:32:28
ORD-1287,SEL-001,CUST-0023,PROD-048,1,679.26,679.26,COMPLETED,2026-08-03 01:40:45
ORD-1288,SEL-001,CUST-0376,PROD-014,1,1095.06,1095.06,COMPLETED,2026-08-03 01:49:09
ORD-1289,SEL-001,CUST-0069,PROD-070,1,1590.68,1590.68,COMPLETED,2026-08-03 01:57:44
ORD-1290,SEL-001,CUST-0399,PROD-090,1,636.37,636.37,COMPLETED,2026-08-03 02:06:32
ORD-1291,SEL-001,CUST-0033,PROD-059,1,3348.79,3348.79,COMPLETED,2026-08-03 02:14:42
ORD-1292,SEL-001,CUST-0103,PROD-041,2,2703.75,5407.5,COMPLETED,2026-08-03 02:23:35
ORD-1293,SEL-001,CUST-0279,PROD-005,1,3380.0,3380.0,COMPLETED,2026-08-03 02:32:08
ORD-1294,SEL-001,CUST-0442,PROD-084,1,2734.49,2734.49,COMPLETED,2026-08-03 02:40:25
ORD-1295,SEL-001,CUST-0224,PROD-096,1,519.99,519.99,COMPLETED,2026-08-03 02:48:57
ORD-1296,SEL-001,CUST-0499,PROD-089,1,2415.49,2415.49,COMPLETED,2026-08-03 02:57:28
ORD-1297,SEL-001,CUST-0137,PROD-094,1,3616.34,3616.34,COMPLETED,2026-08-03 03:06:06
ORD-1298,SEL-001,CUST-0093,PROD-042,1,3244.43,3244.43,COMPLETED,2026-08-03 03:14:48
ORD-1299,SEL-001,CUST-0157,PROD-092,1,716.01,716.01,COMPLETED,2026-08-03 03:23:04
ORD-1300,SEL-001,CUST-0229,PROD-046,1,589.12,589.12,COMPLETED,2026-08-03 03:31:38
ORD-1301,SEL-001,CUST-0406,PROD-010,1,376.64,376.64,COMPLETED,2026-08-03 03:40:19
ORD-1302,SEL-001,CUST-0411,PROD-021,2,277.62,555.24,COMPLETED,2026-08-03 03:48:47
ORD-1303,SEL-001,CUST-0348,PROD-005,1,3380.0,3380.0,COMPLETED,2026-08-03 03:57:22
ORD-1304,SEL-001,CUST-0188,PROD-073,1,4257.37,4257.37,COMPLETED,2026-08-03 04:05:55
ORD-1305,SEL-001,CUST-0486,PROD-057,1,2838.81,2838.81,COMPLETED,2026-08-03 04:14:21
ORD-1306,SEL-001,CUST-0188,PROD-084,1,2734.49,2734.49,COMPLETED,2026-08-03 04:22:55
ORD-1307,SEL-001,CUST-0377,PROD-067,1,3548.0,3548.0,COMPLETED,2026-08-03 04:31:11
ORD-1308,SEL-001,CUST-0397,PROD-058,1,977.34,977.34,COMPLETED,2026-08-03 04:39:51
ORD-1309,SEL-001,CUST-0470,PROD-026,1,4318.16,4318.16,COMPLETED,2026-08-03 04:48:37
ORD-1310,SEL-001,CUST-0089,PROD-057,2,2838.81,5677.62,COMPLETED,2026-08-03 04:57:01
ORD-1311,SEL-001,CUST-0433,PROD-086,1,1947.45,1947.45,COMPLETED,2026-08-03 05:05:49
ORD-1312,SEL-001,CUST-0149,PROD-021,1,277.62,277.62,COMPLETED,2026-08-03 05:14:08
ORD-1313,SEL-001,CUST-0090,PROD-066,1,3832.12,3832.12,COMPLETED,2026-08-03 05:22:43
ORD-1314,SEL-001,CUST-0072,PROD-064,1,2617.04,2617.04,COMPLETED,2026-08-03 05:31:20
ORD-1315,SEL-001,CUST-0240,PROD-071,1,1387.9,1387.9,COMPLETED,2026-08-03 05:39:38
ORD-1316,SEL-001,CUST-0159,PROD-092,1,716.01,716.01,COMPLETED,2026-08-03 05:48:01
ORD-1317,SEL-001,CUST-0210,PROD-010,1,376.64,376.64,COMPLETED,2026-08-03 05:56:55
ORD-1318,SEL-001,CUST-0231,PROD-067,1,3548.0,3548.0,COMPLETED,2026-08-03 06:05:05
ORD-1319,SEL-001,CUST-0283,PROD-024,1,1696.06,1696.06,COMPLETED,2026-08-03 06:13:59
ORD-1320,SEL-001,CUST-0467,PROD-016,1,2566.0,2566.0,COMPLETED,2026-08-03 06:22:24
ORD-1321,SEL-001,CUST-0166,PROD-029,1,661.04,661.04,COMPLETED,2026-08-03 06:30:45
ORD-1322,SEL-001,CUST-0146,PROD-033,1,3351.36,3351.36,COMPLETED,2026-08-03 06:39:40
ORD-1323,SEL-001,CUST-0065,PROD-079,1,2200.12,2200.12,COMPLETED,2026-08-03 06:47:52
ORD-1324,SEL-001,CUST-0304,PROD-020,1,3690.08,3690.08,COMPLETED,2026-08-03 06:56:21
ORD-1325,SEL-001,CUST-0310,PROD-073,1,4257.37,4257.37,COMPLETED,2026-08-03 07:05:16
ORD-1326,SEL-001,CUST-0024,PROD-099,1,2498.74,2498.74,COMPLETED,2026-08-03 07:13:22
ORD-1327,SEL-001,CUST-0293,PROD-082,1,2635.81,2635.81,COMPLETED,2026-08-03 07:22:16
ORD-1328,SEL-001,CUST-0149,PROD-039,1,2878.71,2878.71,COMPLETED,2026-08-03 07:30:41
ORD-1329,SEL-001,CUST-0208,PROD-010,1,376.64,376.64,COMPLETED,2026-08-03 07:39:17
ORD-1330,SEL-001,CUST-0248,PROD-044,1,1218.57,1218.57,COMPLETED,2026-08-03 07:47:41
ORD-1331,SEL-001,CUST-0164,PROD-045,2,1479.9,2959.8,COMPLETED,2026-08-03 07:56:22
ORD-1332,SEL-001,CUST-0264,PROD-041,1,2703.75,2703.75,COMPLETED,2026-08-03 08:04:43
ORD-1333,SEL-001,CUST-0127,PROD-007,1,4041.76,4041.76,COMPLETED,2026-08-03 08:13:18
ORD-1334,SEL-001,CUST-0215,PROD-021,1,277.62,277.62,COMPLETED,2026-08-03 08:21:55
ORD-1335,SEL-001,CUST-0161,PROD-021,1,277.62,277.62,COMPLETED,2026-08-03 08:30:31
ORD-1336,SEL-001,CUST-0451,PROD-003,1,1418.87,1418.87,COMPLETED,2026-08-03 08:38:55
ORD-1337,SEL-001,CUST-0495,PROD-075,1,1587.38,1587.38,COMPLETED,2026-08-03 08:47:26
ORD-1338,SEL-001,CUST-0306,PROD-084,1,2734.49,2734.49,COMPLETED,2026-08-03 08:55:59
ORD-1339,SEL-001,CUST-0434,PROD-018,2,1186.87,2373.74,COMPLETED,2026-08-03 09:04:16
ORD-1340,SEL-001,CUST-0207,PROD-052,1,1823.27,1823.27,COMPLETED,2026-08-03 09:13:12
ORD-1341,SEL-001,CUST-0284,PROD-050,1,2951.66,2951.66,COMPLETED,2026-08-03 09:21:32
ORD-1342,SEL-001,CUST-0423,PROD-088,1,4489.53,4489.53,COMPLETED,2026-08-03 09:30:01
ORD-1343,SEL-001,CUST-0202,PROD-044,1,1218.57,1218.57,COMPLETED,2026-08-03 09:38:28
ORD-1344,SEL-001,CUST-0102,PROD-052,1,1823.27,1823.27,COMPLETED,2026-08-03 09:47:01
ORD-1345,SEL-001,CUST-0366,PROD-061,1,1862.69,1862.69,COMPLETED,2026-08-03 09:55:33
ORD-1346,SEL-001,CUST-0264,PROD-079,1,2200.12,2200.12,COMPLETED,2026-08-03 10:04:29
ORD-1347,SEL-001,CUST-0379,PROD-076,1,3035.61,3035.61,COMPLETED,2026-08-03 10:12:52
ORD-1348,SEL-001,CUST-0251,PROD-039,1,2878.71,2878.71,COMPLETED,2026-08-03 10:21:22
ORD-1349,SEL-001,CUST-0299,PROD-093,2,2916.65,5833.3,COMPLETED,2026-08-03 10:29:50
ORD-1350,SEL-001,CUST-0243,PROD-084,1,2734.49,2734.49,COMPLETED,2026-08-03 10:38:28
ORD-1351,SEL-001,CUST-0117,PROD-075,1,1587.38,1587.38,COMPLETED,2026-08-03 10:46:59
ORD-1352,SEL-001,CUST-0318,PROD-049,1,1431.39,1431.39,COMPLETED,2026-08-03 10:55:36
ORD-1353,SEL-001,CUST-0294,PROD-015,1,3012.01,3012.01,COMPLETED,2026-08-03 11:03:46
ORD-1354,SEL-001,CUST-0078,PROD-027,1,1680.53,1680.53,COMPLETED,2026-08-03 11:12:30
ORD-1355,SEL-001,CUST-0242,PROD-095,1,2044.18,2044.18,COMPLETED,2026-08-03 11:21:18
ORD-1356,SEL-001,CUST-0107,PROD-085,1,4065.75,4065.75,COMPLETED,2026-08-03 11:29:37
ORD-1357,SEL-001,CUST-0089,PROD-069,1,386.43,386.43,COMPLETED,2026-08-03 11:38:23
ORD-1358,SEL-001,CUST-0445,PROD-083,1,1366.65,1366.65,COMPLETED,2026-08-03 11:46:49
ORD-1359,SEL-001,CUST-0099,PROD-036,1,1858.77,1858.77,COMPLETED,2026-08-03 11:55:12
ORD-1360,SEL-001,CUST-0395,PROD-027,1,1680.53,1680.53,COMPLETED,2026-08-03 12:03:38
ORD-1361,SEL-001,CUST-0179,PROD-093,1,2916.65,2916.65,COMPLETED,2026-08-03 12:12:16
ORD-1362,SEL-001,CUST-0279,PROD-051,1,1800.54,1800.54,COMPLETED,2026-08-03 12:20:54
ORD-1363,SEL-001,CUST-0075,PROD-037,2,2596.17,5192.34,COMPLETED,2026-08-03 12:29:31
ORD-1364,SEL-001,CUST-0227,PROD-096,1,519.99,519.99,COMPLETED,2026-08-03 12:38:07
ORD-1365,SEL-001,CUST-0139,PROD-090,1,636.37,636.37,COMPLETED,2026-08-03 12:46:27
ORD-1366,SEL-001,CUST-0301,PROD-007,1,4041.76,4041.76,COMPLETED,2026-08-03 12:55:05
ORD-1367,SEL-001,CUST-0120,PROD-053,1,1140.4,1140.4,COMPLETED,2026-08-03 13:03:34
ORD-1368,SEL-001,CUST-0395,PROD-071,2,1387.9,2775.8,COMPLETED,2026-08-03 13:12:07
ORD-1369,SEL-001,CUST-0479,PROD-061,1,1862.69,1862.69,COMPLETED,2026-08-03 13:20:38
ORD-1370,SEL-001,CUST-0148,PROD-083,1,1366.65,1366.65,COMPLETED,2026-08-03 13:29:20
ORD-1371,SEL-001,CUST-0294,PROD-095,1,2044.18,2044.18,COMPLETED,2026-08-03 13:37:42
ORD-1372,SEL-001,CUST-0472,PROD-023,2,3217.09,6434.18,COMPLETED,2026-08-03 13:46:23
ORD-1373,SEL-001,CUST-0204,PROD-024,2,1696.06,3392.12,COMPLETED,2026-08-03 13:54:52
ORD-1374,SEL-001,CUST-0149,PROD-002,1,356.3,356.3,COMPLETED,2026-08-03 14:03:27
ORD-1375,SEL-001,CUST-0172,PROD-083,1,1366.65,1366.65,COMPLETED,2026-08-03 14:11:59
ORD-1376,SEL-001,CUST-0069,PROD-060,1,944.46,944.46,COMPLETED,2026-08-03 14:20:32
ORD-1377,SEL-001,CUST-0084,PROD-083,1,1366.65,1366.65,COMPLETED,2026-08-03 14:28:44
ORD-1378,SEL-001,CUST-0173,PROD-073,1,4257.37,4257.37,COMPLETED,2026-08-03 14:37:29
ORD-1379,SEL-001,CUST-0439,PROD-052,1,1823.27,1823.27,COMPLETED,2026-08-03 14:45:57
ORD-1380,SEL-001,CUST-0206,PROD-024,2,1696.06,3392.12,COMPLETED,2026-08-03 14:54:12
ORD-1381,SEL-001,CUST-0128,P17,1,1100.0,1100.0,COMPLETED,2026-08-03 15:03:11
ORD-1382,SEL-001,CUST-0489,PROD-075,1,1587.38,1587.38,COMPLETED,2026-08-03 15:11:22
ORD-1383,SEL-001,CUST-0032,PROD-060,1,944.46,944.46,COMPLETED,2026-08-03 15:19:53
ORD-1384,SEL-001,CUST-0473,PROD-091,1,450.24,450.24,COMPLETED,2026-08-03 15:28:35
ORD-1385,SEL-001,CUST-0470,PROD-048,1,679.26,679.26,COMPLETED,2026-08-03 15:37:11
ORD-1386,SEL-001,CUST-0245,PROD-096,2,519.99,1039.98,COMPLETED,2026-08-03 15:45:27
ORD-1387,SEL-001,CUST-0282,PROD-097,1,1871.88,1871.88,COMPLETED,2026-08-03 15:54:17
ORD-1388,SEL-001,CUST-0391,PROD-097,1,1871.88,1871.88,COMPLETED,2026-08-03 16:02:33
ORD-1389,SEL-001,CUST-0229,PROD-047,1,1239.36,1239.36,COMPLETED,2026-08-03 16:11:15
ORD-1390,SEL-001,CUST-0425,PROD-065,1,3159.61,3159.61,COMPLETED,2026-08-03 16:19:32
ORD-1391,SEL-001,CUST-0168,PROD-057,1,2838.81,2838.81,COMPLETED,2026-08-03 16:28:08
ORD-1392,SEL-001,CUST-0251,PROD-066,1,3832.12,3832.12,COMPLETED,2026-08-03 16:36:53
ORD-1393,SEL-001,CUST-0263,PROD-073,1,4257.37,4257.37,COMPLETED,2026-08-03 16:45:11
ORD-1394,SEL-001,CUST-0158,PROD-051,1,1800.54,1800.54,COMPLETED,2026-08-03 16:54:04
ORD-1395,SEL-001,CUST-0217,PROD-009,1,2043.17,2043.17,COMPLETED,2026-08-03 17:02:12
ORD-1396,SEL-001,CUST-0036,PROD-061,1,1862.69,1862.69,COMPLETED,2026-08-03 17:11:11
ORD-1397,SEL-001,CUST-0070,PROD-094,1,3616.34,3616.34,COMPLETED,2026-08-03 17:19:39
ORD-1398,SEL-001,CUST-0196,PROD-049,1,1431.39,1431.39,COMPLETED,2026-08-03 17:28:15
ORD-1399,SEL-001,CUST-0448,PROD-084,2,2734.49,5468.98,COMPLETED,2026-08-03 17:36:40
ORD-1400,SEL-001,CUST-0202,PROD-094,2,3616.34,7232.68,COMPLETED,2026-08-03 17:45:08
ORD-1401,SEL-001,CUST-0012,PROD-060,1,944.46,944.46,COMPLETED,2026-08-03 17:53:47
ORD-1402,SEL-001,CUST-0195,PROD-032,1,3680.3,3680.3,COMPLETED,2026-08-03 18:02:12
ORD-1403,SEL-001,CUST-0480,PROD-098,1,4483.52,4483.52,COMPLETED,2026-08-03 18:10:33
ORD-1404,SEL-001,CUST-0315,PROD-003,1,1418.87,1418.87,COMPLETED,2026-08-03 18:19:12
ORD-1405,SEL-001,CUST-0018,PROD-087,1,1182.11,1182.11,COMPLETED,2026-08-03 18:27:51
ORD-1406,SEL-001,CUST-0023,PROD-030,1,3851.85,3851.85,COMPLETED,2026-08-03 18:36:27
ORD-1407,SEL-001,CUST-0029,PROD-038,1,3774.97,3774.97,COMPLETED,2026-08-03 18:45:00
ORD-1408,SEL-001,CUST-0164,PROD-099,1,2498.74,2498.74,COMPLETED,2026-08-03 18:53:26
ORD-1409,SEL-001,CUST-0449,PROD-085,1,4065.75,4065.75,COMPLETED,2026-08-03 19:01:49
ORD-1410,SEL-001,CUST-0032,PROD-076,2,3035.61,6071.22,COMPLETED,2026-08-03 19:10:20
ORD-1411,SEL-001,CUST-0348,PROD-064,1,2617.04,2617.04,COMPLETED,2026-08-03 19:19:04
ORD-1412,SEL-001,CUST-0344,PROD-068,1,1223.45,1223.45,COMPLETED,2026-08-03 19:27:36
ORD-1413,SEL-001,CUST-0154,PROD-097,1,1871.88,1871.88,COMPLETED,2026-08-03 19:35:52
ORD-1414,SEL-001,CUST-0154,PROD-019,1,2754.38,2754.38,COMPLETED,2026-08-03 19:44:27
ORD-1415,SEL-001,CUST-0212,PROD-072,1,1146.68,1146.68,COMPLETED,2026-08-03 19:53:09
ORD-1416,SEL-001,CUST-0105,PROD-011,2,1179.21,2358.42,COMPLETED,2026-08-03 20:01:32
ORD-1417,SEL-001,CUST-0275,PROD-025,1,910.79,910.79,COMPLETED,2026-08-03 20:09:58
ORD-1418,SEL-001,CUST-0309,P17,1,1100.0,1100.0,COMPLETED,2026-08-03 20:18:47
ORD-1419,SEL-001,CUST-0371,PROD-028,1,644.17,644.17,COMPLETED,2026-08-03 20:27:18
ORD-1420,SEL-001,CUST-0156,PROD-002,1,356.3,356.3,COMPLETED,2026-08-03 20:35:42
ORD-1421,SEL-001,CUST-0061,PROD-097,1,1871.88,1871.88,COMPLETED,2026-08-03 20:44:27
ORD-1422,SEL-001,CUST-0361,PROD-031,1,2815.84,2815.84,COMPLETED,2026-08-03 20:52:55
ORD-1423,SEL-001,CUST-0239,PROD-046,1,589.12,589.12,COMPLETED,2026-08-03 21:01:20
ORD-1424,SEL-001,CUST-0255,PROD-093,1,2916.65,2916.65,COMPLETED,2026-08-03 21:10:08
ORD-1425,SEL-001,CUST-0105,PROD-053,1,1140.4,1140.4,COMPLETED,2026-08-03 21:18:41
ORD-1426,SEL-001,CUST-0075,P17,1,1100.0,1100.0,COMPLETED,2026-08-03 21:27:07
ORD-1427,SEL-001,CUST-0214,PROD-026,1,4318.16,4318.16,COMPLETED,2026-08-03 21:35:40
ORD-1428,SEL-001,CUST-0126,PROD-084,2,2734.49,5468.98,COMPLETED,2026-08-03 21:44:15
ORD-1429,SEL-001,CUST-0421,PROD-093,1,2916.65,2916.65,COMPLETED,2026-08-03 21:52:45
ORD-1430,SEL-001,CUST-0376,PROD-022,1,3674.73,3674.73,COMPLETED,2026-08-03 22:00:58
ORD-1431,SEL-001,CUST-0470,PROD-083,2,1366.65,2733.3,COMPLETED,2026-08-03 22:09:30
ORD-1432,SEL-001,CUST-0434,PROD-086,1,1947.45,1947.45,COMPLETED,2026-08-03 22:18:23
ORD-1433,SEL-001,CUST-0035,PROD-002,1,356.3,356.3,COMPLETED,2026-08-03 22:26:36
ORD-1434,SEL-001,CUST-0317,PROD-079,2,2200.12,4400.24,COMPLETED,2026-08-03 22:35:02
ORD-1435,SEL-001,CUST-0004,PROD-053,1,1140.4,1140.4,COMPLETED,2026-08-03 22:43:33
ORD-1436,SEL-001,CUST-0275,PROD-003,1,1418.87,1418.87,COMPLETED,2026-08-03 22:52:13
ORD-1437,SEL-001,CUST-0413,PROD-023,1,3217.09,3217.09,COMPLETED,2026-08-03 23:00:50
ORD-1438,SEL-001,CUST-0124,PROD-068,1,1223.45,1223.45,COMPLETED,2026-08-03 23:09:13
ORD-1439,SEL-001,CUST-0204,PROD-052,1,1823.27,1823.27,COMPLETED,2026-08-03 23:18:06
ORD-1440,SEL-001,CUST-0116,PROD-011,1,1179.21,1179.21,COMPLETED,2026-08-03 23:26:35
ORD-1441,SEL-001,CUST-0017,PROD-049,1,1431.39,1431.39,COMPLETED,2026-08-03 23:35:09
ORD-1442,SEL-001,CUST-0005,PROD-011,1,1179.21,1179.21,COMPLETED,2026-08-03 23:43:37
ORD-1443,SEL-001,CUST-0170,PROD-013,2,362.78,725.56,COMPLETED,2026-08-03 23:52:14
ORD-1444,SEL-001,CUST-0109,PROD-089,2,2415.49,4830.98,COMPLETED,2026-08-04 00:00:28
ORD-1445,SEL-001,CUST-0474,PROD-036,2,1858.77,3717.54,COMPLETED,2026-08-04 00:08:54
ORD-1446,SEL-001,CUST-0092,PROD-041,1,2703.75,2703.75,COMPLETED,2026-08-04 00:17:26
ORD-1447,SEL-001,CUST-0386,PROD-051,2,1800.54,3601.08,COMPLETED,2026-08-04 00:26:01
ORD-1448,SEL-001,CUST-0124,PROD-050,1,2951.66,2951.66,COMPLETED,2026-08-04 00:34:48
ORD-1449,SEL-001,CUST-0387,PROD-089,1,2415.49,2415.49,COMPLETED,2026-08-04 00:43:14
ORD-1450,SEL-001,CUST-0028,PROD-030,1,3851.85,3851.85,COMPLETED,2026-08-04 00:51:45
ORD-1451,SEL-001,CUST-0315,PROD-051,2,1800.54,3601.08,COMPLETED,2026-08-04 01:00:30
ORD-1452,SEL-001,CUST-0140,PROD-058,1,977.34,977.34,COMPLETED,2026-08-04 01:08:58
ORD-1453,SEL-001,CUST-0193,PROD-088,1,4489.53,4489.53,COMPLETED,2026-08-04 01:17:40
ORD-1454,SEL-001,CUST-0317,PROD-032,1,3680.3,3680.3,COMPLETED,2026-08-04 01:26:06
ORD-1455,SEL-001,CUST-0195,PROD-082,1,2635.81,2635.81,COMPLETED,2026-08-04 01:34:18
ORD-1456,SEL-001,CUST-0055,PROD-040,1,3912.25,3912.25,COMPLETED,2026-08-04 01:42:57
ORD-1457,SEL-001,CUST-0068,PROD-056,1,3004.15,3004.15,COMPLETED,2026-08-04 01:51:21
ORD-1458,SEL-001,CUST-0053,P17,1,1100.0,1100.0,COMPLETED,2026-08-04 02:00:03
ORD-1459,SEL-001,CUST-0402,PROD-050,1,2951.66,2951.66,COMPLETED,2026-08-04 02:08:41
ORD-1460,SEL-001,CUST-0044,PROD-072,2,1146.68,2293.36,COMPLETED,2026-08-04 02:17:18
ORD-1461,SEL-001,CUST-0267,PROD-049,1,1431.39,1431.39,COMPLETED,2026-08-04 02:25:44
ORD-1462,SEL-001,CUST-0253,PROD-022,1,3674.73,3674.73,COMPLETED,2026-08-04 02:34:06
ORD-1463,SEL-001,CUST-0401,PROD-033,2,3351.36,6702.72,COMPLETED,2026-08-04 02:42:45
ORD-1464,SEL-001,CUST-0305,PROD-059,1,3348.79,3348.79,COMPLETED,2026-08-04 02:51:17
ORD-1465,SEL-001,CUST-0203,PROD-080,1,1375.74,1375.74,COMPLETED,2026-08-04 03:00:04
ORD-1466,SEL-001,CUST-0172,PROD-084,2,2734.49,5468.98,COMPLETED,2026-08-04 03:08:20
ORD-1467,SEL-001,CUST-0309,PROD-026,1,4318.16,4318.16,COMPLETED,2026-08-04 03:16:48
ORD-1468,SEL-001,CUST-0496,PROD-095,1,2044.18,2044.18,COMPLETED,2026-08-04 03:25:22
ORD-1469,SEL-001,CUST-0401,PROD-049,1,1431.39,1431.39,COMPLETED,2026-08-04 03:34:01
ORD-1470,SEL-001,CUST-0059,PROD-026,1,4318.16,4318.16,COMPLETED,2026-08-04 03:42:26
ORD-1471,SEL-001,CUST-0394,PROD-094,1,3616.34,3616.34,COMPLETED,2026-08-04 03:51:08
ORD-1472,SEL-001,CUST-0409,PROD-089,1,2415.49,2415.49,COMPLETED,2026-08-04 03:59:33
ORD-1473,SEL-001,CUST-0210,PROD-018,1,1186.87,1186.87,COMPLETED,2026-08-04 04:08:16
ORD-1474,SEL-001,CUST-0079,PROD-049,1,1431.39,1431.39,COMPLETED,2026-08-04 04:16:44
ORD-1475,SEL-001,CUST-0299,PROD-065,2,3159.61,6319.22,COMPLETED,2026-08-04 04:25:10
ORD-1476,SEL-001,CUST-0279,P17,2,1100.0,2200.0,COMPLETED,2026-08-04 04:33:40
ORD-1477,SEL-001,CUST-0275,PROD-011,1,1179.21,1179.21,COMPLETED,2026-08-04 04:42:24
ORD-1478,SEL-001,CUST-0182,PROD-079,1,2200.12,2200.12,COMPLETED,2026-08-04 04:50:52
ORD-1479,SEL-001,CUST-0332,PROD-097,1,1871.88,1871.88,COMPLETED,2026-08-04 04:59:24
ORD-1480,SEL-001,CUST-0006,PROD-029,1,661.04,661.04,COMPLETED,2026-08-04 05:07:38
ORD-1481,SEL-001,CUST-0353,PROD-058,1,977.34,977.34,COMPLETED,2026-08-04 05:16:25
ORD-1482,SEL-001,CUST-0302,PROD-020,1,3690.08,3690.08,COMPLETED,2026-08-04 05:25:00
ORD-1483,SEL-001,CUST-0152,PROD-011,1,1179.21,1179.21,COMPLETED,2026-08-04 05:33:14
ORD-1484,SEL-001,CUST-0179,PROD-059,1,3348.79,3348.79,COMPLETED,2026-08-04 05:41:47
ORD-1485,SEL-001,CUST-0244,PROD-093,1,2916.65,2916.65,COMPLETED,2026-08-04 05:50:26
ORD-1486,SEL-001,CUST-0023,PROD-015,1,3012.01,3012.01,COMPLETED,2026-08-04 05:58:56
ORD-1487,SEL-001,CUST-0347,PROD-095,1,2044.18,2044.18,COMPLETED,2026-08-04 06:07:22
ORD-1488,SEL-001,CUST-0170,PROD-060,1,944.46,944.46,COMPLETED,2026-08-04 06:15:56
ORD-1489,SEL-001,CUST-0096,PROD-056,1,3004.15,3004.15,COMPLETED,2026-08-04 06:24:28
ORD-1490,SEL-001,CUST-0102,PROD-055,1,4230.78,4230.78,COMPLETED,2026-08-04 06:33:24
ORD-1491,SEL-001,CUST-0143,PROD-009,1,2043.17,2043.17,COMPLETED,2026-08-04 06:41:34
ORD-1492,SEL-001,CUST-0096,PROD-026,1,4318.16,4318.16,COMPLETED,2026-08-04 06:50:17
ORD-1493,SEL-001,CUST-0251,PROD-082,1,2635.81,2635.81,COMPLETED,2026-08-04 06:58:59
ORD-1494,SEL-001,CUST-0301,PROD-046,1,589.12,589.12,COMPLETED,2026-08-04 07:07:16
ORD-1495,SEL-001,CUST-0345,PROD-039,2,2878.71,5757.42,COMPLETED,2026-08-04 07:16:02
ORD-1496,SEL-001,CUST-0069,PROD-031,1,2815.84,2815.84,COMPLETED,2026-08-04 07:24:29
ORD-1497,SEL-001,CUST-0073,PROD-054,1,1384.66,1384.66,COMPLETED,2026-08-04 07:33:02
ORD-1498,SEL-001,CUST-0096,PROD-069,1,386.43,386.43,COMPLETED,2026-08-04 07:41:25
ORD-1499,SEL-001,CUST-0285,PROD-037,1,2596.17,2596.17,COMPLETED,2026-08-04 07:49:49
ORD-1500,SEL-001,CUST-0318,PROD-046,2,589.12,1178.24,COMPLETED,2026-08-04 07:58:30
ORD-1501,SEL-001,CUST-0418,PROD-072,1,1146.68,1146.68,COMPLETED,2026-08-04 08:06:54
ORD-1502,SEL-001,CUST-0252,PROD-057,1,2838.81,2838.81,COMPLETED,2026-08-04 08:15:41
ORD-1503,SEL-001,CUST-0408,PROD-038,1,3774.97,3774.97,COMPLETED,2026-08-04 08:23:52
ORD-1504,SEL-001,CUST-0087,PROD-073,1,4257.37,4257.37,COMPLETED,2026-08-04 08:32:33
ORD-1505,SEL-001,CUST-0262,PROD-015,1,3012.01,3012.01,COMPLETED,2026-08-04 08:41:13
ORD-1506,SEL-001,CUST-0278,PROD-006,1,3125.97,3125.97,COMPLETED,2026-08-04 08:49:39
ORD-1507,SEL-001,CUST-0218,PROD-084,1,2734.49,2734.49,COMPLETED,2026-08-04 08:58:06
ORD-1508,SEL-001,CUST-0231,PROD-012,1,2397.76,2397.76,COMPLETED,2026-08-04 09:06:33
ORD-1509,SEL-001,CUST-0416,PROD-095,1,2044.18,2044.18,COMPLETED,2026-08-04 09:15:28
ORD-1510,SEL-001,CUST-0313,PROD-022,1,3674.73,3674.73,COMPLETED,2026-08-04 09:23:58
ORD-1511,SEL-001,CUST-0106,PROD-073,1,4257.37,4257.37,COMPLETED,2026-08-04 09:32:34
ORD-1512,SEL-001,CUST-0087,PROD-091,1,450.24,450.24,COMPLETED,2026-08-04 09:40:58
ORD-1513,SEL-001,CUST-0440,PROD-087,1,1182.11,1182.11,COMPLETED,2026-08-04 09:49:43
ORD-1514,SEL-001,CUST-0403,PROD-008,2,619.49,1238.98,COMPLETED,2026-08-04 09:58:09
ORD-1515,SEL-001,CUST-0360,PROD-032,1,3680.3,3680.3,COMPLETED,2026-08-04 10:06:21
ORD-1516,SEL-001,CUST-0390,PROD-051,1,1800.54,1800.54,COMPLETED,2026-08-04 10:14:56
ORD-1517,SEL-001,CUST-0322,PROD-058,1,977.34,977.34,COMPLETED,2026-08-04 10:23:29
ORD-1518,SEL-001,CUST-0048,PROD-096,1,519.99,519.99,COMPLETED,2026-08-04 10:32:17
ORD-1519,SEL-001,CUST-0233,PROD-042,1,3244.43,3244.43,COMPLETED,2026-08-04 10:40:36
ORD-1520,SEL-001,CUST-0376,PROD-059,1,3348.79,3348.79,COMPLETED,2026-08-04 10:49:24
ORD-1521,SEL-001,CUST-0033,PROD-051,1,1800.54,1800.54,COMPLETED,2026-08-04 10:57:56
ORD-1522,SEL-001,CUST-0254,PROD-037,1,2596.17,2596.17,COMPLETED,2026-08-04 11:06:07
ORD-1523,SEL-001,CUST-0437,PROD-044,2,1218.57,2437.14,COMPLETED,2026-08-04 11:14:51
ORD-1524,SEL-001,CUST-0051,PROD-059,1,3348.79,3348.79,COMPLETED,2026-08-04 11:23:06
ORD-1525,SEL-001,CUST-0226,PROD-055,1,4230.78,4230.78,COMPLETED,2026-08-04 11:31:42
ORD-1526,SEL-001,CUST-0452,PROD-021,2,277.62,555.24,COMPLETED,2026-08-04 11:40:13
ORD-1527,SEL-001,CUST-0336,PROD-011,1,1179.21,1179.21,COMPLETED,2026-08-04 11:48:43
ORD-1528,SEL-001,CUST-0027,PROD-040,1,3912.25,3912.25,COMPLETED,2026-08-04 11:57:18
ORD-1529,SEL-001,CUST-0336,PROD-013,1,362.78,362.78,COMPLETED,2026-08-04 12:05:58
ORD-1530,SEL-001,CUST-0304,PROD-088,1,4489.53,4489.53,COMPLETED,2026-08-04 12:14:21
ORD-1531,SEL-001,CUST-0217,PROD-062,1,4455.47,4455.47,COMPLETED,2026-08-04 12:23:16
ORD-1532,SEL-001,CUST-0413,PROD-041,1,2703.75,2703.75,COMPLETED,2026-08-04 12:31:44
ORD-1533,SEL-001,CUST-0397,PROD-018,1,1186.87,1186.87,COMPLETED,2026-08-04 12:40:06
ORD-1534,SEL-001,CUST-0272,PROD-079,1,2200.12,2200.12,COMPLETED,2026-08-04 12:48:28
ORD-1535,SEL-001,CUST-0110,PROD-020,2,3690.08,7380.16,COMPLETED,2026-08-04 12:57:21
ORD-1536,SEL-001,CUST-0441,PROD-013,1,362.78,362.78,COMPLETED,2026-08-04 13:05:44
ORD-1537,SEL-001,CUST-0197,PROD-055,1,4230.78,4230.78,COMPLETED,2026-08-04 13:14:25
ORD-1538,SEL-001,CUST-0331,PROD-071,1,1387.9,1387.9,COMPLETED,2026-08-04 13:22:42
ORD-1539,SEL-001,CUST-0399,PROD-004,1,1198.65,1198.65,COMPLETED,2026-08-04 13:31:15
ORD-1540,SEL-001,CUST-0106,PROD-066,1,3832.12,3832.12,COMPLETED,2026-08-04 13:39:47
ORD-1541,SEL-001,CUST-0028,PROD-031,1,2815.84,2815.84,COMPLETED,2026-08-04 13:48:30
ORD-1542,SEL-001,CUST-0327,PROD-068,2,1223.45,2446.9,COMPLETED,2026-08-04 13:56:57
ORD-1543,SEL-001,CUST-0199,PROD-073,1,4257.37,4257.37,COMPLETED,2026-08-04 14:05:18
ORD-1544,SEL-001,CUST-0391,PROD-099,1,2498.74,2498.74,COMPLETED,2026-08-04 14:13:51
ORD-1545,SEL-001,CUST-0135,PROD-008,2,619.49,1238.98,COMPLETED,2026-08-04 14:22:18
ORD-1546,SEL-001,CUST-0322,PROD-099,1,2498.74,2498.74,COMPLETED,2026-08-04 14:30:59
ORD-1547,SEL-001,CUST-0328,PROD-079,1,2200.12,2200.12,COMPLETED,2026-08-04 14:39:24
ORD-1548,SEL-001,CUST-0262,PROD-020,1,3690.08,3690.08,COMPLETED,2026-08-04 14:47:56
ORD-1549,SEL-001,CUST-0391,PROD-088,1,4489.53,4489.53,COMPLETED,2026-08-04 14:56:46
ORD-1550,SEL-001,CUST-0374,PROD-031,1,2815.84,2815.84,COMPLETED,2026-08-04 15:05:11
ORD-1551,SEL-001,CUST-0060,PROD-078,1,4136.83,4136.83,COMPLETED,2026-08-04 15:13:43
ORD-1552,SEL-001,CUST-0380,PROD-002,1,356.3,356.3,COMPLETED,2026-08-04 15:22:23
ORD-1553,SEL-001,CUST-0255,PROD-067,1,3548.0,3548.0,COMPLETED,2026-08-04 15:30:39
ORD-1554,SEL-001,CUST-0086,PROD-096,1,519.99,519.99,COMPLETED,2026-08-04 15:39:15
ORD-1555,SEL-001,CUST-0061,PROD-004,1,1198.65,1198.65,COMPLETED,2026-08-04 15:48:07
ORD-1556,SEL-001,CUST-0033,PROD-074,1,3974.56,3974.56,COMPLETED,2026-08-04 15:56:27
ORD-1557,SEL-001,CUST-0185,PROD-073,1,4257.37,4257.37,COMPLETED,2026-08-04 16:04:59
ORD-1558,SEL-001,CUST-0053,PROD-087,1,1182.11,1182.11,COMPLETED,2026-08-04 16:13:39
ORD-1559,SEL-001,CUST-0002,PROD-002,1,356.3,356.3,COMPLETED,2026-08-04 16:22:03
ORD-1560,SEL-001,CUST-0472,PROD-005,1,3380.0,3380.0,COMPLETED,2026-08-04 16:30:31
ORD-1561,SEL-001,CUST-0336,PROD-042,1,3244.43,3244.43,COMPLETED,2026-08-04 16:39:14
ORD-1562,SEL-001,CUST-0139,PROD-074,1,3974.56,3974.56,COMPLETED,2026-08-04 16:47:33
ORD-1563,SEL-001,CUST-0027,PROD-067,2,3548.0,7096.0,COMPLETED,2026-08-04 16:56:23
ORD-1564,SEL-001,CUST-0450,PROD-037,1,2596.17,2596.17,COMPLETED,2026-08-04 17:04:29
ORD-1565,SEL-001,CUST-0284,PROD-048,1,679.26,679.26,COMPLETED,2026-08-04 17:13:01
ORD-1566,SEL-001,CUST-0379,PROD-060,1,944.46,944.46,COMPLETED,2026-08-04 17:21:40
ORD-1567,SEL-001,CUST-0398,PROD-070,1,1590.68,1590.68,COMPLETED,2026-08-04 17:30:27
ORD-1568,SEL-001,CUST-0478,PROD-030,1,3851.85,3851.85,COMPLETED,2026-08-04 17:38:35
ORD-1569,SEL-001,CUST-0450,P17,1,1100.0,1100.0,COMPLETED,2026-08-04 17:47:29
ORD-1570,SEL-001,CUST-0435,PROD-040,1,3912.25,3912.25,COMPLETED,2026-08-04 17:55:51
ORD-1571,SEL-001,CUST-0215,PROD-008,2,619.49,1238.98,COMPLETED,2026-08-04 18:04:18
ORD-1572,SEL-001,CUST-0048,PROD-030,2,3851.85,7703.7,COMPLETED,2026-08-04 18:12:51
ORD-1573,SEL-001,CUST-0459,PROD-096,1,519.99,519.99,COMPLETED,2026-08-04 18:21:37
ORD-1574,SEL-001,CUST-0327,PROD-010,1,376.64,376.64,COMPLETED,2026-08-04 18:29:51
ORD-1575,SEL-001,CUST-0494,PROD-038,1,3774.97,3774.97,COMPLETED,2026-08-04 18:38:41
ORD-1576,SEL-001,CUST-0202,PROD-095,1,2044.18,2044.18,COMPLETED,2026-08-04 18:47:17
ORD-1577,SEL-001,CUST-0039,PROD-018,1,1186.87,1186.87,COMPLETED,2026-08-04 18:55:31
ORD-1578,SEL-001,CUST-0055,PROD-060,1,944.46,944.46,COMPLETED,2026-08-04 19:04:00
ORD-1579,SEL-001,CUST-0494,PROD-058,1,977.34,977.34,COMPLETED,2026-08-04 19:12:39
ORD-1580,SEL-001,CUST-0047,PROD-088,1,4489.53,4489.53,COMPLETED,2026-08-04 19:21:03
ORD-1581,SEL-001,CUST-0021,PROD-042,1,3244.43,3244.43,COMPLETED,2026-08-04 19:29:51
ORD-1582,SEL-001,CUST-0183,PROD-007,1,4041.76,4041.76,COMPLETED,2026-08-04 19:38:34
ORD-1583,SEL-001,CUST-0016,PROD-058,1,977.34,977.34,COMPLETED,2026-08-04 19:46:41
ORD-1584,SEL-001,CUST-0237,PROD-018,1,1186.87,1186.87,COMPLETED,2026-08-04 19:55:11
ORD-1585,SEL-001,CUST-0114,PROD-052,1,1823.27,1823.27,COMPLETED,2026-08-04 20:04:04
ORD-1586,SEL-001,CUST-0044,PROD-034,2,2528.97,5057.94,COMPLETED,2026-08-04 20:12:32
ORD-1587,SEL-001,CUST-0102,PROD-057,1,2838.81,2838.81,COMPLETED,2026-08-04 20:20:46
ORD-1588,SEL-001,CUST-0425,PROD-016,1,2566.0,2566.0,COMPLETED,2026-08-04 20:29:43
ORD-1589,SEL-001,CUST-0474,PROD-093,1,2916.65,2916.65,COMPLETED,2026-08-04 20:37:53
ORD-1590,SEL-001,CUST-0219,PROD-028,2,644.17,1288.34,COMPLETED,2026-08-04 20:46:41
ORD-1591,SEL-001,CUST-0453,PROD-079,1,2200.12,2200.12,COMPLETED,2026-08-04 20:55:06
ORD-1592,SEL-001,CUST-0256,PROD-071,1,1387.9,1387.9,COMPLETED,2026-08-04 21:03:33
ORD-1593,SEL-001,CUST-0071,PROD-083,2,1366.65,2733.3,COMPLETED,2026-08-04 21:12:08
ORD-1594,SEL-001,CUST-0411,PROD-003,2,1418.87,2837.74,COMPLETED,2026-08-04 21:20:48
ORD-1595,SEL-001,CUST-0246,PROD-063,1,2970.0,2970.0,COMPLETED,2026-08-04 21:29:11
ORD-1596,SEL-001,CUST-0199,PROD-004,1,1198.65,1198.65,COMPLETED,2026-08-04 21:37:43
ORD-1597,SEL-001,CUST-0416,PROD-008,1,619.49,619.49,COMPLETED,2026-08-04 21:46:33
ORD-1598,SEL-001,CUST-0393,PROD-030,2,3851.85,7703.7,COMPLETED,2026-08-04 21:54:48
ORD-1599,SEL-001,CUST-0124,PROD-095,1,2044.18,2044.18,COMPLETED,2026-08-04 22:03:30
ORD-1600,SEL-001,CUST-0295,PROD-050,1,2951.66,2951.66,COMPLETED,2026-08-04 22:11:48
ORD-1601,SEL-001,CUST-0089,PROD-076,1,3035.61,3035.61,COMPLETED,2026-08-04 22:20:40
ORD-1602,SEL-001,CUST-0468,PROD-091,1,450.24,450.24,COMPLETED,2026-08-04 22:28:56
ORD-1603,SEL-001,CUST-0073,PROD-025,1,910.79,910.79,COMPLETED,2026-08-04 22:37:35
ORD-1604,SEL-001,CUST-0278,PROD-063,1,2970.0,2970.0,COMPLETED,2026-08-04 22:46:04
ORD-1605,SEL-001,CUST-0113,P17,1,1100.0,1100.0,COMPLETED,2026-08-04 22:54:40
ORD-1606,SEL-001,CUST-0104,PROD-044,1,1218.57,1218.57,COMPLETED,2026-08-04 23:03:12
ORD-1607,SEL-001,CUST-0445,PROD-003,1,1418.87,1418.87,COMPLETED,2026-08-04 23:11:52
ORD-1608,SEL-001,CUST-0397,PROD-068,2,1223.45,2446.9,COMPLETED,2026-08-04 23:20:01
ORD-1609,SEL-001,CUST-0361,PROD-051,1,1800.54,1800.54,COMPLETED,2026-08-04 23:28:40
ORD-1610,SEL-001,CUST-0070,PROD-094,2,3616.34,7232.68,COMPLETED,2026-08-04 23:37:11
ORD-1611,SEL-001,CUST-0250,PROD-023,1,3217.09,3217.09,COMPLETED,2026-08-04 23:46:03
ORD-1612,SEL-001,CUST-0476,PROD-046,1,589.12,589.12,COMPLETED,2026-08-04 23:54:33
ORD-1613,SEL-001,CUST-0194,PROD-089,1,2415.49,2415.49,COMPLETED,2026-08-05 00:02:42
ORD-1614,SEL-001,CUST-0486,PROD-074,1,3974.56,3974.56,COMPLETED,2026-08-05 00:11:09
ORD-1615,SEL-001,CUST-0291,P17,1,1100.0,1100.0,COMPLETED,2026-08-05 00:20:11
ORD-1616,SEL-001,CUST-0314,PROD-073,1,4257.37,4257.37,COMPLETED,2026-08-05 00:28:43
ORD-1617,SEL-001,CUST-0382,PROD-045,2,1479.9,2959.8,COMPLETED,2026-08-05 00:36:55
ORD-1618,SEL-001,CUST-0494,PROD-091,1,450.24,450.24,COMPLETED,2026-08-05 00:45:46
ORD-1619,SEL-001,CUST-0229,P17,1,1100.0,1100.0,COMPLETED,2026-08-05 00:54:00
ORD-1620,SEL-001,CUST-0132,PROD-093,1,2916.65,2916.65,COMPLETED,2026-08-05 01:02:33
ORD-1621,SEL-001,CUST-0215,PROD-053,1,1140.4,1140.4,COMPLETED,2026-08-05 01:11:17
ORD-1622,SEL-001,CUST-0193,PROD-062,1,4455.47,4455.47,COMPLETED,2026-08-05 01:19:43
ORD-1623,SEL-001,CUST-0352,PROD-058,1,977.34,977.34,COMPLETED,2026-08-05 01:28:22
ORD-1624,SEL-001,CUST-0011,PROD-014,1,1095.06,1095.06,COMPLETED,2026-08-05 01:36:39
ORD-1625,SEL-001,CUST-0083,PROD-071,2,1387.9,2775.8,COMPLETED,2026-08-05 01:45:14
ORD-1626,SEL-001,CUST-0305,PROD-062,1,4455.47,4455.47,COMPLETED,2026-08-05 01:53:44
ORD-1627,SEL-001,CUST-0085,PROD-056,1,3004.15,3004.15,COMPLETED,2026-08-05 02:02:26
ORD-1628,SEL-001,CUST-0499,PROD-090,1,636.37,636.37,COMPLETED,2026-08-05 02:10:44
ORD-1629,SEL-001,CUST-0136,PROD-039,1,2878.71,2878.71,COMPLETED,2026-08-05 02:19:27
ORD-1630,SEL-001,CUST-0282,PROD-020,1,3690.08,3690.08,COMPLETED,2026-08-05 02:28:00
ORD-1631,SEL-001,CUST-0321,PROD-026,1,4318.16,4318.16,COMPLETED,2026-08-05 02:36:35
ORD-1632,SEL-001,CUST-0150,PROD-061,1,1862.69,1862.69,COMPLETED,2026-08-05 02:45:06
ORD-1633,SEL-001,CUST-0242,PROD-085,1,4065.75,4065.75,COMPLETED,2026-08-05 02:53:30
ORD-1634,SEL-001,CUST-0095,PROD-049,1,1431.39,1431.39,COMPLETED,2026-08-05 03:02:02
ORD-1635,SEL-001,CUST-0226,PROD-029,1,661.04,661.04,COMPLETED,2026-08-05 03:10:30
ORD-1636,SEL-001,CUST-0386,PROD-013,1,362.78,362.78,COMPLETED,2026-08-05 03:18:58
ORD-1637,SEL-001,CUST-0212,PROD-076,1,3035.61,3035.61,COMPLETED,2026-08-05 03:27:43
ORD-1638,SEL-001,CUST-0420,PROD-069,1,386.43,386.43,COMPLETED,2026-08-05 03:36:10
ORD-1639,SEL-001,CUST-0452,PROD-039,1,2878.71,2878.71,COMPLETED,2026-08-05 03:44:49
ORD-1640,SEL-001,CUST-0018,PROD-067,1,3548.0,3548.0,COMPLETED,2026-08-05 03:53:25
ORD-1641,SEL-001,CUST-0076,PROD-097,1,1871.88,1871.88,COMPLETED,2026-08-05 04:01:54
ORD-1642,SEL-001,CUST-0498,PROD-025,1,910.79,910.79,COMPLETED,2026-08-05 04:10:12
ORD-1643,SEL-001,CUST-0223,PROD-081,1,1298.17,1298.17,COMPLETED,2026-08-05 04:19:00
ORD-1644,SEL-001,CUST-0467,PROD-009,1,2043.17,2043.17,COMPLETED,2026-08-05 04:27:21
ORD-1645,SEL-001,CUST-0167,PROD-067,1,3548.0,3548.0,COMPLETED,2026-08-05 04:36:00
ORD-1646,SEL-001,CUST-0359,PROD-067,1,3548.0,3548.0,COMPLETED,2026-08-05 04:44:40
ORD-1647,SEL-001,CUST-0076,PROD-075,1,1587.38,1587.38,COMPLETED,2026-08-05 04:52:51
ORD-1648,SEL-001,CUST-0055,PROD-013,1,362.78,362.78,COMPLETED,2026-08-05 05:01:48
ORD-1649,SEL-001,CUST-0177,PROD-034,1,2528.97,2528.97,COMPLETED,2026-08-05 05:10:19
ORD-1650,SEL-001,CUST-0243,P17,1,1100.0,1100.0,COMPLETED,2026-08-05 05:18:42
ORD-1651,SEL-001,CUST-0349,PROD-005,1,3380.0,3380.0,COMPLETED,2026-08-05 05:27:14
ORD-1652,SEL-001,CUST-0122,PROD-061,2,1862.69,3725.38,COMPLETED,2026-08-05 05:35:49
ORD-1653,SEL-001,CUST-0173,PROD-039,1,2878.71,2878.71,COMPLETED,2026-08-05 05:43:59
ORD-1654,SEL-001,CUST-0357,PROD-030,1,3851.85,3851.85,COMPLETED,2026-08-05 05:52:58
ORD-1655,SEL-001,CUST-0397,PROD-035,1,4385.74,4385.74,COMPLETED,2026-08-05 06:01:17
ORD-1656,SEL-001,CUST-0097,PROD-053,1,1140.4,1140.4,COMPLETED,2026-08-05 06:09:37
ORD-1657,SEL-001,CUST-0192,PROD-066,1,3832.12,3832.12,COMPLETED,2026-08-05 06:18:34
ORD-1658,SEL-001,CUST-0260,PROD-100,2,4377.08,8754.16,COMPLETED,2026-08-05 06:27:01
ORD-1659,SEL-001,CUST-0089,PROD-026,1,4318.16,4318.16,COMPLETED,2026-08-05 06:35:11
ORD-1660,SEL-001,CUST-0026,PROD-091,1,450.24,450.24,COMPLETED,2026-08-05 06:43:58
ORD-1661,SEL-001,CUST-0259,PROD-016,1,2566.0,2566.0,COMPLETED,2026-08-05 06:52:30
ORD-1662,SEL-001,CUST-0305,PROD-061,1,1862.69,1862.69,COMPLETED,2026-08-05 07:01:03
ORD-1663,SEL-001,CUST-0429,PROD-096,1,519.99,519.99,COMPLETED,2026-08-05 07:09:25
ORD-1664,SEL-001,CUST-0198,PROD-074,1,3974.56,3974.56,COMPLETED,2026-08-05 07:17:52
ORD-1665,SEL-001,CUST-0332,PROD-027,1,1680.53,1680.53,COMPLETED,2026-08-05 07:26:31
ORD-1666,SEL-001,CUST-0443,PROD-099,1,2498.74,2498.74,COMPLETED,2026-08-05 07:34:56
ORD-1667,SEL-001,CUST-0332,PROD-002,1,356.3,356.3,COMPLETED,2026-08-05 07:43:32
ORD-1668,SEL-001,CUST-0157,PROD-091,1,450.24,450.24,COMPLETED,2026-08-05 07:52:30
ORD-1669,SEL-001,CUST-0437,PROD-033,1,3351.36,3351.36,COMPLETED,2026-08-05 08:00:44
ORD-1670,SEL-001,CUST-0423,PROD-075,1,1587.38,1587.38,COMPLETED,2026-08-05 08:09:20
ORD-1671,SEL-001,CUST-0495,PROD-048,1,679.26,679.26,COMPLETED,2026-08-05 08:17:57
ORD-1672,SEL-001,CUST-0153,PROD-062,1,4455.47,4455.47,COMPLETED,2026-08-05 08:26:17
ORD-1673,SEL-001,CUST-0167,PROD-034,1,2528.97,2528.97,COMPLETED,2026-08-05 08:35:00
ORD-1674,SEL-001,CUST-0153,PROD-067,1,3548.0,3548.0,COMPLETED,2026-08-05 08:43:32
ORD-1675,SEL-001,CUST-0439,PROD-077,1,1931.44,1931.44,COMPLETED,2026-08-05 08:52:09
ORD-1676,SEL-001,CUST-0370,P17,1,1100.0,1100.0,COMPLETED,2026-08-05 09:00:20
ORD-1677,SEL-001,CUST-0215,PROD-095,1,2044.18,2044.18,COMPLETED,2026-08-05 09:09:17
ORD-1678,SEL-001,CUST-0418,PROD-093,1,2916.65,2916.65,COMPLETED,2026-08-05 09:17:38
ORD-1679,SEL-001,CUST-0402,PROD-086,1,1947.45,1947.45,COMPLETED,2026-08-05 09:26:12
ORD-1680,SEL-001,CUST-0431,PROD-072,1,1146.68,1146.68,COMPLETED,2026-08-05 09:34:29
ORD-1681,SEL-001,CUST-0380,PROD-072,1,1146.68,1146.68,COMPLETED,2026-08-05 09:43:01
ORD-1682,SEL-001,CUST-0461,PROD-012,1,2397.76,2397.76,COMPLETED,2026-08-05 09:51:50
ORD-1683,SEL-001,CUST-0158,PROD-043,1,444.75,444.75,COMPLETED,2026-08-05 10:00:28
ORD-1684,SEL-001,CUST-0436,PROD-007,2,4041.76,8083.52,COMPLETED,2026-08-05 10:08:47
ORD-1685,SEL-001,CUST-0318,PROD-025,1,910.79,910.79,COMPLETED,2026-08-05 10:17:35
ORD-1686,SEL-001,CUST-0272,PROD-007,2,4041.76,8083.52,COMPLETED,2026-08-05 10:25:49
ORD-1687,SEL-001,CUST-0176,PROD-073,2,4257.37,8514.74,COMPLETED,2026-08-05 10:34:15
ORD-1688,SEL-001,CUST-0162,PROD-024,1,1696.06,1696.06,COMPLETED,2026-08-05 10:42:45
ORD-1689,SEL-001,CUST-0091,PROD-008,1,619.49,619.49,COMPLETED,2026-08-05 10:51:33
ORD-1690,SEL-001,CUST-0397,PROD-098,1,4483.52,4483.52,COMPLETED,2026-08-05 11:00:09
ORD-1691,SEL-001,CUST-0046,PROD-056,1,3004.15,3004.15,COMPLETED,2026-08-05 11:08:41
ORD-1692,SEL-001,CUST-0245,PROD-005,1,3380.0,3380.0,COMPLETED,2026-08-05 11:17:19
ORD-1693,SEL-001,CUST-0008,PROD-097,1,1871.88,1871.88,COMPLETED,2026-08-05 11:25:51
ORD-1694,SEL-001,CUST-0003,PROD-032,1,3680.3,3680.3,COMPLETED,2026-08-05 11:34:14
ORD-1695,SEL-001,CUST-0067,PROD-065,1,3159.61,3159.61,COMPLETED,2026-08-05 11:42:34
ORD-1696,SEL-001,CUST-0024,PROD-038,1,3774.97,3774.97,COMPLETED,2026-08-05 11:51:23
ORD-1697,SEL-001,CUST-0173,PROD-088,2,4489.53,8979.06,COMPLETED,2026-08-05 11:59:45
ORD-1698,SEL-001,CUST-0251,PROD-025,1,910.79,910.79,COMPLETED,2026-08-05 12:08:29
ORD-1699,SEL-001,CUST-0207,P17,1,1100.0,1100.0,COMPLETED,2026-08-05 12:16:58
ORD-1700,SEL-001,CUST-0376,P17,1,1100.0,1100.0,COMPLETED,2026-08-05 12:25:11
ORD-1701,SEL-001,CUST-0334,PROD-049,2,1431.39,2862.78,COMPLETED,2026-08-05 12:33:59
ORD-1702,SEL-001,CUST-0320,PROD-007,1,4041.76,4041.76,COMPLETED,2026-08-05 12:42:26
ORD-1703,SEL-001,CUST-0025,PROD-054,1,1384.66,1384.66,COMPLETED,2026-08-05 12:50:42
ORD-1704,SEL-001,CUST-0243,PROD-027,1,1680.53,1680.53,COMPLETED,2026-08-05 12:59:22
ORD-1705,SEL-001,CUST-0216,PROD-085,1,4065.75,4065.75,COMPLETED,2026-08-05 13:07:55
ORD-1706,SEL-001,CUST-0071,PROD-014,1,1095.06,1095.06,COMPLETED,2026-08-05 13:16:40
ORD-1707,SEL-001,CUST-0059,PROD-064,1,2617.04,2617.04,COMPLETED,2026-08-05 13:24:59
ORD-1708,SEL-001,CUST-0426,PROD-026,1,4318.16,4318.16,COMPLETED,2026-08-05 13:33:30
ORD-1709,SEL-001,CUST-0021,PROD-027,1,1680.53,1680.53,COMPLETED,2026-08-05 13:41:59
ORD-1710,SEL-001,CUST-0002,P17,1,1100.0,1100.0,COMPLETED,2026-08-05 13:50:33
ORD-1711,SEL-001,CUST-0343,PROD-012,1,2397.76,2397.76,COMPLETED,2026-08-05 13:59:16
ORD-1712,SEL-001,CUST-0052,PROD-083,1,1366.65,1366.65,COMPLETED,2026-08-05 14:07:53
ORD-1713,SEL-001,CUST-0136,PROD-013,1,362.78,362.78,COMPLETED,2026-08-05 14:16:11
ORD-1714,SEL-001,CUST-0149,PROD-087,1,1182.11,1182.11,COMPLETED,2026-08-05 14:25:01
ORD-1715,SEL-001,CUST-0436,PROD-006,1,3125.97,3125.97,COMPLETED,2026-08-05 14:33:09
ORD-1716,SEL-001,CUST-0088,PROD-057,2,2838.81,5677.62,COMPLETED,2026-08-05 14:41:58
ORD-1717,SEL-001,CUST-0048,PROD-044,1,1218.57,1218.57,COMPLETED,2026-08-05 14:50:33
ORD-1718,SEL-001,CUST-0234,PROD-050,1,2951.66,2951.66,COMPLETED,2026-08-05 14:59:12
ORD-1719,SEL-001,CUST-0333,PROD-022,1,3674.73,3674.73,COMPLETED,2026-08-05 15:07:27
ORD-1720,SEL-001,CUST-0483,PROD-014,1,1095.06,1095.06,COMPLETED,2026-08-05 15:15:47
ORD-1721,SEL-001,CUST-0292,PROD-024,1,1696.06,1696.06,COMPLETED,2026-08-05 15:24:43
ORD-1722,SEL-001,CUST-0015,PROD-094,2,3616.34,7232.68,COMPLETED,2026-08-05 15:33:09
ORD-1723,SEL-001,CUST-0250,PROD-053,1,1140.4,1140.4,COMPLETED,2026-08-05 15:41:51
ORD-1724,SEL-001,CUST-0161,P17,2,1100.0,2200.0,COMPLETED,2026-08-05 15:50:15
ORD-1725,SEL-001,CUST-0296,PROD-029,2,661.04,1322.08,COMPLETED,2026-08-05 15:58:50
ORD-1726,SEL-001,CUST-0266,PROD-090,1,636.37,636.37,COMPLETED,2026-08-05 16:07:09
ORD-1727,SEL-001,CUST-0128,PROD-085,1,4065.75,4065.75,COMPLETED,2026-08-05 16:15:54
ORD-1728,SEL-001,CUST-0424,PROD-079,1,2200.12,2200.12,COMPLETED,2026-08-05 16:24:29
ORD-1729,SEL-001,CUST-0259,PROD-064,2,2617.04,5234.08,COMPLETED,2026-08-05 16:32:40
ORD-1730,SEL-001,CUST-0165,PROD-036,1,1858.77,1858.77,COMPLETED,2026-08-05 16:41:22
ORD-1731,SEL-001,CUST-0194,PROD-031,1,2815.84,2815.84,COMPLETED,2026-08-05 16:49:59
ORD-1732,SEL-001,CUST-0230,PROD-064,1,2617.04,2617.04,COMPLETED,2026-08-05 16:58:29
ORD-1733,SEL-001,CUST-0382,PROD-014,1,1095.06,1095.06,COMPLETED,2026-08-05 17:06:58
ORD-1734,SEL-001,CUST-0001,PROD-078,2,4136.83,8273.66,COMPLETED,2026-08-05 17:15:32
ORD-1735,SEL-001,CUST-0261,PROD-084,1,2734.49,2734.49,COMPLETED,2026-08-05 17:24:15
ORD-1736,SEL-001,CUST-0423,PROD-029,1,661.04,661.04,COMPLETED,2026-08-05 17:32:30
ORD-1737,SEL-001,CUST-0318,PROD-092,1,716.01,716.01,COMPLETED,2026-08-05 17:41:15
ORD-1738,SEL-001,CUST-0050,PROD-029,1,661.04,661.04,COMPLETED,2026-08-05 17:49:26
ORD-1739,SEL-001,CUST-0494,PROD-071,1,1387.9,1387.9,COMPLETED,2026-08-05 17:58:15
ORD-1740,SEL-001,CUST-0460,PROD-018,1,1186.87,1186.87,COMPLETED,2026-08-05 18:06:28
ORD-1741,SEL-001,CUST-0055,PROD-026,1,4318.16,4318.16,COMPLETED,2026-08-05 18:15:12
ORD-1742,SEL-001,CUST-0111,PROD-025,1,910.79,910.79,COMPLETED,2026-08-05 18:23:43
ORD-1743,SEL-001,CUST-0024,PROD-087,1,1182.11,1182.11,COMPLETED,2026-08-05 18:32:16
ORD-1744,SEL-001,CUST-0235,PROD-065,1,3159.61,3159.61,COMPLETED,2026-08-05 18:40:49
ORD-1745,SEL-001,CUST-0377,PROD-056,1,3004.15,3004.15,COMPLETED,2026-08-05 18:49:24
ORD-1746,SEL-001,CUST-0400,PROD-023,1,3217.09,3217.09,COMPLETED,2026-08-05 18:57:56
ORD-1747,SEL-001,CUST-0066,PROD-085,1,4065.75,4065.75,COMPLETED,2026-08-05 19:06:38
ORD-1748,SEL-001,CUST-0452,PROD-078,2,4136.83,8273.66,COMPLETED,2026-08-05 19:15:00
ORD-1749,SEL-001,CUST-0204,PROD-038,1,3774.97,3774.97,COMPLETED,2026-08-05 19:23:24
ORD-1750,SEL-001,CUST-0309,PROD-096,1,519.99,519.99,COMPLETED,2026-08-05 19:32:01
ORD-1751,SEL-001,CUST-0441,PROD-095,2,2044.18,4088.36,COMPLETED,2026-08-05 19:40:37
ORD-1752,SEL-001,CUST-0108,PROD-038,1,3774.97,3774.97,COMPLETED,2026-08-05 19:48:58
ORD-1753,SEL-001,CUST-0364,PROD-023,1,3217.09,3217.09,COMPLETED,2026-08-05 19:57:28
ORD-1754,SEL-001,CUST-0364,PROD-046,1,589.12,589.12,COMPLETED,2026-08-05 20:06:06
ORD-1755,SEL-001,CUST-0342,PROD-087,1,1182.11,1182.11,COMPLETED,2026-08-05 20:14:58
ORD-1756,SEL-001,CUST-0450,PROD-002,1,356.3,356.3,COMPLETED,2026-08-05 20:23:09
ORD-1757,SEL-001,CUST-0028,PROD-026,1,4318.16,4318.16,COMPLETED,2026-08-05 20:31:36
ORD-1758,SEL-001,CUST-0350,PROD-008,1,619.49,619.49,COMPLETED,2026-08-05 20:40:13
ORD-1759,SEL-001,CUST-0278,P17,1,1100.0,1100.0,COMPLETED,2026-08-05 20:49:00
ORD-1760,SEL-001,CUST-0346,PROD-029,1,661.04,661.04,COMPLETED,2026-08-05 20:57:35
ORD-1761,SEL-001,CUST-0262,PROD-090,1,636.37,636.37,COMPLETED,2026-08-05 21:05:47
ORD-1762,SEL-001,CUST-0196,PROD-088,1,4489.53,4489.53,COMPLETED,2026-08-05 21:14:41
ORD-1763,SEL-001,CUST-0381,PROD-080,2,1375.74,2751.48,COMPLETED,2026-08-05 21:22:44
ORD-1764,SEL-001,CUST-0425,PROD-082,1,2635.81,2635.81,COMPLETED,2026-08-05 21:31:30
ORD-1765,SEL-001,CUST-0302,PROD-078,1,4136.83,4136.83,COMPLETED,2026-08-05 21:40:12
ORD-1766,SEL-001,CUST-0151,PROD-088,1,4489.53,4489.53,COMPLETED,2026-08-05 21:48:26
ORD-1767,SEL-001,CUST-0264,PROD-006,1,3125.97,3125.97,COMPLETED,2026-08-05 21:57:16
ORD-1768,SEL-001,CUST-0083,PROD-033,1,3351.36,3351.36,COMPLETED,2026-08-05 22:05:29
ORD-1769,SEL-001,CUST-0080,P17,2,1100.0,2200.0,COMPLETED,2026-08-05 22:14:26
ORD-1770,SEL-001,CUST-0478,PROD-085,1,4065.75,4065.75,COMPLETED,2026-08-05 22:22:53
ORD-1771,SEL-001,CUST-0184,PROD-091,1,450.24,450.24,COMPLETED,2026-08-05 22:31:18
ORD-1772,SEL-001,CUST-0267,PROD-065,1,3159.61,3159.61,COMPLETED,2026-08-05 22:39:38
ORD-1773,SEL-001,CUST-0048,PROD-028,1,644.17,644.17,COMPLETED,2026-08-05 22:48:17
ORD-1774,SEL-001,CUST-0112,PROD-080,1,1375.74,1375.74,COMPLETED,2026-08-05 22:56:46
ORD-1775,SEL-001,CUST-0386,PROD-002,1,356.3,356.3,COMPLETED,2026-08-05 23:05:35
ORD-1776,SEL-001,CUST-0464,PROD-080,1,1375.74,1375.74,COMPLETED,2026-08-05 23:13:48
ORD-1777,SEL-001,CUST-0165,PROD-015,1,3012.01,3012.01,COMPLETED,2026-08-05 23:22:41
ORD-1778,SEL-001,CUST-0013,PROD-099,1,2498.74,2498.74,COMPLETED,2026-08-05 23:30:54
ORD-1779,SEL-001,CUST-0250,PROD-084,1,2734.49,2734.49,COMPLETED,2026-08-05 23:39:31
ORD-1780,SEL-001,CUST-0050,PROD-099,1,2498.74,2498.74,COMPLETED,2026-08-05 23:48:19
ORD-1781,SEL-001,CUST-0397,PROD-088,1,4489.53,4489.53,COMPLETED,2026-08-05 23:56:41
ORD-1782,SEL-001,CUST-0425,PROD-095,1,2044.18,2044.18,COMPLETED,2026-08-06 00:05:10
ORD-1783,SEL-001,CUST-0037,PROD-020,1,3690.08,3690.08,COMPLETED,2026-08-06 00:13:55
ORD-1784,SEL-001,CUST-0045,PROD-023,1,3217.09,3217.09,COMPLETED,2026-08-06 00:21:58
ORD-1785,SEL-001,CUST-0421,PROD-034,1,2528.97,2528.97,COMPLETED,2026-08-06 00:30:47
ORD-1786,SEL-001,CUST-0222,PROD-050,1,2951.66,2951.66,COMPLETED,2026-08-06 00:39:13
ORD-1787,SEL-001,CUST-0369,PROD-097,1,1871.88,1871.88,COMPLETED,2026-08-06 00:47:53
ORD-1788,SEL-001,CUST-0038,PROD-065,1,3159.61,3159.61,COMPLETED,2026-08-06 00:56:33
ORD-1789,SEL-001,CUST-0311,PROD-098,2,4483.52,8967.04,COMPLETED,2026-08-06 01:04:47
ORD-1790,SEL-001,CUST-0339,P17,1,1100.0,1100.0,COMPLETED,2026-08-06 01:13:36
ORD-1791,SEL-001,CUST-0201,PROD-070,1,1590.68,1590.68,COMPLETED,2026-08-06 01:22:05
ORD-1792,SEL-001,CUST-0347,PROD-094,1,3616.34,3616.34,COMPLETED,2026-08-06 01:30:23
ORD-1793,SEL-001,CUST-0284,PROD-019,1,2754.38,2754.38,COMPLETED,2026-08-06 01:38:46
ORD-1794,SEL-001,CUST-0485,PROD-027,1,1680.53,1680.53,COMPLETED,2026-08-06 01:47:35
ORD-1795,SEL-001,CUST-0109,PROD-083,2,1366.65,2733.3,COMPLETED,2026-08-06 01:56:01
ORD-1796,SEL-001,CUST-0114,PROD-033,1,3351.36,3351.36,COMPLETED,2026-08-06 02:04:27
ORD-1797,SEL-001,CUST-0291,PROD-097,2,1871.88,3743.76,COMPLETED,2026-08-06 02:13:19
ORD-1798,SEL-001,CUST-0331,PROD-038,1,3774.97,3774.97,COMPLETED,2026-08-06 02:21:40
ORD-1799,SEL-001,CUST-0372,PROD-043,1,444.75,444.75,COMPLETED,2026-08-06 02:30:04
ORD-1800,SEL-001,CUST-0052,PROD-009,2,2043.17,4086.34,COMPLETED,2026-08-06 02:38:37
ORD-1801,SEL-001,CUST-0169,PROD-040,1,3912.25,3912.25,COMPLETED,2026-08-06 02:47:16
ORD-1802,SEL-001,CUST-0187,PROD-055,1,4230.78,4230.78,COMPLETED,2026-08-06 02:55:52
ORD-1803,SEL-001,CUST-0114,PROD-083,1,1366.65,1366.65,COMPLETED,2026-08-06 03:04:31
ORD-1804,SEL-001,CUST-0348,PROD-062,1,4455.47,4455.47,COMPLETED,2026-08-06 03:12:42
ORD-1805,SEL-001,CUST-0250,PROD-023,1,3217.09,3217.09,COMPLETED,2026-08-06 03:21:19
ORD-1806,SEL-001,CUST-0440,PROD-069,1,386.43,386.43,COMPLETED,2026-08-06 03:29:50
ORD-1807,SEL-001,CUST-0040,PROD-003,1,1418.87,1418.87,COMPLETED,2026-08-06 03:38:34
ORD-1808,SEL-001,CUST-0298,PROD-099,1,2498.74,2498.74,COMPLETED,2026-08-06 03:47:12
ORD-1809,SEL-001,CUST-0134,PROD-070,1,1590.68,1590.68,COMPLETED,2026-08-06 03:55:36
ORD-1810,SEL-001,CUST-0201,PROD-099,1,2498.74,2498.74,COMPLETED,2026-08-06 04:04:02
ORD-1811,SEL-001,CUST-0238,PROD-012,1,2397.76,2397.76,COMPLETED,2026-08-06 04:12:27
ORD-1812,SEL-001,CUST-0123,PROD-079,1,2200.12,2200.12,COMPLETED,2026-08-06 04:21:16
ORD-1813,SEL-001,CUST-0229,PROD-073,2,4257.37,8514.74,COMPLETED,2026-08-06 04:29:31
ORD-1814,SEL-001,CUST-0075,PROD-062,2,4455.47,8910.94,COMPLETED,2026-08-06 04:38:29
ORD-1815,SEL-001,CUST-0250,PROD-034,1,2528.97,2528.97,COMPLETED,2026-08-06 04:46:55
ORD-1816,SEL-001,CUST-0266,PROD-047,1,1239.36,1239.36,COMPLETED,2026-08-06 04:55:09
ORD-1817,SEL-001,CUST-0024,P17,1,1100.0,1100.0,COMPLETED,2026-08-06 05:04:03
ORD-1818,SEL-001,CUST-0267,PROD-036,1,1858.77,1858.77,COMPLETED,2026-08-06 05:12:37
ORD-1819,SEL-001,CUST-0292,PROD-084,1,2734.49,2734.49,COMPLETED,2026-08-06 05:20:56
ORD-1820,SEL-001,CUST-0428,PROD-033,1,3351.36,3351.36,COMPLETED,2026-08-06 05:29:39
ORD-1821,SEL-001,CUST-0208,PROD-045,1,1479.9,1479.9,COMPLETED,2026-08-06 05:37:59
ORD-1822,SEL-001,CUST-0004,PROD-018,1,1186.87,1186.87,COMPLETED,2026-08-06 05:46:34
ORD-1823,SEL-001,CUST-0330,PROD-020,1,3690.08,3690.08,COMPLETED,2026-08-06 05:55:03
ORD-1824,SEL-001,CUST-0419,PROD-030,1,3851.85,3851.85,COMPLETED,2026-08-06 06:03:41
ORD-1825,SEL-001,CUST-0247,PROD-062,1,4455.47,4455.47,COMPLETED,2026-08-06 06:11:54
ORD-1826,SEL-001,CUST-0211,P17,1,1100.0,1100.0,COMPLETED,2026-08-06 06:20:49
ORD-1827,SEL-001,CUST-0069,PROD-006,2,3125.97,6251.94,COMPLETED,2026-08-06 06:29:00
ORD-1828,SEL-001,CUST-0133,PROD-067,2,3548.0,7096.0,COMPLETED,2026-08-06 06:37:32
ORD-1829,SEL-001,CUST-0327,P17,1,1100.0,1100.0,COMPLETED,2026-08-06 06:46:17
ORD-1830,SEL-001,CUST-0485,PROD-058,1,977.34,977.34,COMPLETED,2026-08-06 06:54:41
ORD-1831,SEL-001,CUST-0088,PROD-053,1,1140.4,1140.4,COMPLETED,2026-08-06 07:03:19
ORD-1832,SEL-001,CUST-0393,PROD-085,1,4065.75,4065.75,COMPLETED,2026-08-06 07:12:02
ORD-1833,SEL-001,CUST-0176,PROD-077,1,1931.44,1931.44,COMPLETED,2026-08-06 07:20:29
ORD-1834,SEL-001,CUST-0068,PROD-026,1,4318.16,4318.16,COMPLETED,2026-08-06 07:28:52
ORD-1835,SEL-001,CUST-0215,PROD-078,1,4136.83,4136.83,COMPLETED,2026-08-06 07:37:33
ORD-1836,SEL-001,CUST-0308,P17,1,1100.0,1100.0,COMPLETED,2026-08-06 07:46:03
ORD-1837,SEL-001,CUST-0048,P17,2,1100.0,2200.0,COMPLETED,2026-08-06 07:54:19
ORD-1838,SEL-001,CUST-0460,PROD-087,1,1182.11,1182.11,COMPLETED,2026-08-06 08:02:48
ORD-1839,SEL-001,CUST-0448,PROD-068,1,1223.45,1223.45,COMPLETED,2026-08-06 08:11:31
ORD-1840,SEL-001,CUST-0405,PROD-045,1,1479.9,1479.9,COMPLETED,2026-08-06 08:20:07
ORD-1841,SEL-001,CUST-0429,PROD-013,1,362.78,362.78,COMPLETED,2026-08-06 08:28:48
ORD-1842,SEL-001,CUST-0120,PROD-011,1,1179.21,1179.21,COMPLETED,2026-08-06 08:37:20
ORD-1843,SEL-001,CUST-0132,PROD-091,1,450.24,450.24,COMPLETED,2026-08-06 08:45:41
ORD-1844,SEL-001,CUST-0193,PROD-089,1,2415.49,2415.49,COMPLETED,2026-08-06 08:54:00
ORD-1845,SEL-001,CUST-0080,PROD-075,1,1587.38,1587.38,COMPLETED,2026-08-06 09:02:35
ORD-1846,SEL-001,CUST-0290,PROD-036,2,1858.77,3717.54,COMPLETED,2026-08-06 09:11:17
ORD-1847,SEL-001,CUST-0212,PROD-072,1,1146.68,1146.68,COMPLETED,2026-08-06 09:19:42
ORD-1848,SEL-001,CUST-0248,PROD-040,1,3912.25,3912.25,COMPLETED,2026-08-06 09:28:25
ORD-1849,SEL-001,CUST-0377,PROD-085,1,4065.75,4065.75,COMPLETED,2026-08-06 09:36:52
ORD-1850,SEL-001,CUST-0359,PROD-013,1,362.78,362.78,COMPLETED,2026-08-06 09:45:37
ORD-1851,SEL-001,CUST-0411,PROD-090,1,636.37,636.37,COMPLETED,2026-08-06 09:53:54
ORD-1852,SEL-001,CUST-0494,PROD-012,1,2397.76,2397.76,COMPLETED,2026-08-06 10:02:29
ORD-1853,SEL-001,CUST-0223,PROD-034,1,2528.97,2528.97,COMPLETED,2026-08-06 10:11:08
ORD-1854,SEL-001,CUST-0371,PROD-052,1,1823.27,1823.27,COMPLETED,2026-08-06 10:19:22
ORD-1855,SEL-001,CUST-0494,PROD-100,1,4377.08,4377.08,COMPLETED,2026-08-06 10:28:15
ORD-1856,SEL-001,CUST-0006,PROD-085,2,4065.75,8131.5,COMPLETED,2026-08-06 10:36:39
ORD-1857,SEL-001,CUST-0018,PROD-066,1,3832.12,3832.12,COMPLETED,2026-08-06 10:45:03
ORD-1858,SEL-001,CUST-0346,P17,1,1100.0,1100.0,COMPLETED,2026-08-06 10:53:34
ORD-1859,SEL-001,CUST-0045,PROD-100,1,4377.08,4377.08,COMPLETED,2026-08-06 11:02:06
ORD-1860,SEL-001,CUST-0301,PROD-002,1,356.3,356.3,COMPLETED,2026-08-06 11:10:45
ORD-1861,SEL-001,CUST-0282,PROD-072,2,1146.68,2293.36,COMPLETED,2026-08-06 11:19:07
ORD-1862,SEL-001,CUST-0418,PROD-078,2,4136.83,8273.66,COMPLETED,2026-08-06 11:28:07
ORD-1863,SEL-001,CUST-0295,P17,1,1100.0,1100.0,COMPLETED,2026-08-06 11:36:21
ORD-1864,SEL-001,CUST-0038,PROD-044,2,1218.57,2437.14,COMPLETED,2026-08-06 11:44:58
ORD-1865,SEL-001,CUST-0132,PROD-074,1,3974.56,3974.56,COMPLETED,2026-08-06 11:53:43
ORD-1866,SEL-001,CUST-0289,PROD-032,1,3680.3,3680.3,COMPLETED,2026-08-06 12:01:57
ORD-1867,SEL-001,CUST-0349,PROD-076,2,3035.61,6071.22,COMPLETED,2026-08-06 12:10:31
ORD-1868,SEL-001,CUST-0035,PROD-029,1,661.04,661.04,COMPLETED,2026-08-06 12:18:57
ORD-1869,SEL-001,CUST-0212,PROD-067,1,3548.0,3548.0,COMPLETED,2026-08-06 12:27:31
ORD-1870,SEL-001,CUST-0128,PROD-052,1,1823.27,1823.27,COMPLETED,2026-08-06 12:36:01
ORD-1871,SEL-001,CUST-0284,PROD-061,1,1862.69,1862.69,COMPLETED,2026-08-06 12:44:27
ORD-1872,SEL-001,CUST-0138,PROD-096,1,519.99,519.99,COMPLETED,2026-08-06 12:53:15
ORD-1873,SEL-001,CUST-0378,PROD-095,1,2044.18,2044.18,COMPLETED,2026-08-06 13:01:45
ORD-1874,SEL-001,CUST-0104,PROD-080,1,1375.74,1375.74,COMPLETED,2026-08-06 13:10:09
ORD-1875,SEL-001,CUST-0472,PROD-085,1,4065.75,4065.75,COMPLETED,2026-08-06 13:18:37
ORD-1876,SEL-001,CUST-0435,PROD-080,1,1375.74,1375.74,COMPLETED,2026-08-06 13:27:07
ORD-1877,SEL-001,CUST-0460,PROD-036,1,1858.77,1858.77,COMPLETED,2026-08-06 13:36:06
ORD-1878,SEL-001,CUST-0262,PROD-029,1,661.04,661.04,COMPLETED,2026-08-06 13:44:39
ORD-1879,SEL-001,CUST-0410,PROD-070,1,1590.68,1590.68,COMPLETED,2026-08-06 13:52:58
ORD-1880,SEL-001,CUST-0352,PROD-059,2,3348.79,6697.58,COMPLETED,2026-08-06 14:01:41
ORD-1881,SEL-001,CUST-0162,PROD-002,1,356.3,356.3,COMPLETED,2026-08-06 14:10:00
ORD-1882,SEL-001,CUST-0167,PROD-034,1,2528.97,2528.97,COMPLETED,2026-08-06 14:18:21
ORD-1883,SEL-001,CUST-0242,PROD-044,1,1218.57,1218.57,COMPLETED,2026-08-06 14:26:58
ORD-1884,SEL-001,CUST-0215,PROD-048,1,679.26,679.26,COMPLETED,2026-08-06 14:35:28
ORD-1885,SEL-001,CUST-0093,PROD-074,1,3974.56,3974.56,COMPLETED,2026-08-06 14:44:08
ORD-1886,SEL-001,CUST-0139,PROD-072,1,1146.68,1146.68,COMPLETED,2026-08-06 14:52:49
ORD-1887,SEL-001,CUST-0410,PROD-020,1,3690.08,3690.08,COMPLETED,2026-08-06 15:01:02
ORD-1888,SEL-001,CUST-0435,PROD-069,1,386.43,386.43,COMPLETED,2026-08-06 15:09:58
ORD-1889,SEL-001,CUST-0129,PROD-073,1,4257.37,4257.37,COMPLETED,2026-08-06 15:18:11
ORD-1890,SEL-001,CUST-0031,PROD-033,1,3351.36,3351.36,COMPLETED,2026-08-06 15:26:39
ORD-1891,SEL-001,CUST-0382,PROD-047,1,1239.36,1239.36,COMPLETED,2026-08-06 15:35:20
ORD-1892,SEL-001,CUST-0132,PROD-053,1,1140.4,1140.4,COMPLETED,2026-08-06 15:44:03
ORD-1893,SEL-001,CUST-0311,PROD-074,1,3974.56,3974.56,COMPLETED,2026-08-06 15:52:40
ORD-1894,SEL-001,CUST-0146,PROD-087,1,1182.11,1182.11,COMPLETED,2026-08-06 16:01:07
ORD-1895,SEL-001,CUST-0456,PROD-079,1,2200.12,2200.12,COMPLETED,2026-08-06 16:09:29
ORD-1896,SEL-001,CUST-0445,PROD-044,1,1218.57,1218.57,COMPLETED,2026-08-06 16:17:51
ORD-1897,SEL-001,CUST-0435,PROD-011,1,1179.21,1179.21,COMPLETED,2026-08-06 16:26:31
ORD-1898,SEL-001,CUST-0335,PROD-035,1,4385.74,4385.74,COMPLETED,2026-08-06 16:35:01
ORD-1899,SEL-001,CUST-0228,PROD-047,1,1239.36,1239.36,COMPLETED,2026-08-06 16:43:51
ORD-1900,SEL-001,CUST-0212,PROD-003,1,1418.87,1418.87,COMPLETED,2026-08-06 16:52:09
ORD-1901,SEL-001,CUST-0482,PROD-096,1,519.99,519.99,COMPLETED,2026-08-06 17:00:35
ORD-1902,SEL-001,CUST-0049,PROD-061,1,1862.69,1862.69,COMPLETED,2026-08-06 17:09:02
ORD-1903,SEL-001,CUST-0269,PROD-011,1,1179.21,1179.21,COMPLETED,2026-08-06 17:17:43
ORD-1904,SEL-001,CUST-0336,PROD-050,1,2951.66,2951.66,COMPLETED,2026-08-06 17:26:05
ORD-1905,SEL-001,CUST-0227,P17,1,1100.0,1100.0,COMPLETED,2026-08-06 17:34:44
ORD-1906,SEL-001,CUST-0340,PROD-042,2,3244.43,6488.86,COMPLETED,2026-08-06 17:43:08
ORD-1907,SEL-001,CUST-0277,PROD-071,1,1387.9,1387.9,COMPLETED,2026-08-06 17:52:06
ORD-1908,SEL-001,CUST-0277,PROD-077,1,1931.44,1931.44,COMPLETED,2026-08-06 18:00:33
ORD-1909,SEL-001,CUST-0289,PROD-082,1,2635.81,2635.81,COMPLETED,2026-08-06 18:09:11
ORD-1910,SEL-001,CUST-0247,PROD-012,1,2397.76,2397.76,COMPLETED,2026-08-06 18:17:26
ORD-1911,SEL-001,CUST-0080,PROD-001,1,2967.56,2967.56,COMPLETED,2026-08-06 18:25:55
ORD-1912,SEL-001,CUST-0177,PROD-069,1,386.43,386.43,COMPLETED,2026-08-06 18:34:23
ORD-1913,SEL-001,CUST-0387,PROD-002,1,356.3,356.3,COMPLETED,2026-08-06 18:43:21
ORD-1914,SEL-001,CUST-0119,PROD-071,1,1387.9,1387.9,COMPLETED,2026-08-06 18:51:42
ORD-1915,SEL-001,CUST-0224,PROD-021,1,277.62,277.62,COMPLETED,2026-08-06 19:00:13
ORD-1916,SEL-001,CUST-0194,PROD-011,1,1179.21,1179.21,COMPLETED,2026-08-06 19:08:54
ORD-1917,SEL-001,CUST-0410,PROD-089,1,2415.49,2415.49,COMPLETED,2026-08-06 19:17:24
ORD-1918,SEL-001,CUST-0273,PROD-053,1,1140.4,1140.4,COMPLETED,2026-08-06 19:25:55
ORD-1919,SEL-001,CUST-0149,PROD-059,1,3348.79,3348.79,COMPLETED,2026-08-06 19:34:08
ORD-1920,SEL-001,CUST-0252,PROD-003,1,1418.87,1418.87,COMPLETED,2026-08-06 19:42:55
ORD-1921,SEL-001,CUST-0096,PROD-037,1,2596.17,2596.17,COMPLETED,2026-08-06 19:51:08
ORD-1922,SEL-001,CUST-0005,PROD-020,1,3690.08,3690.08,COMPLETED,2026-08-06 20:00:03
ORD-1923,SEL-001,CUST-0160,PROD-064,2,2617.04,5234.08,COMPLETED,2026-08-06 20:08:25
ORD-1924,SEL-001,CUST-0017,PROD-097,2,1871.88,3743.76,COMPLETED,2026-08-06 20:17:09
ORD-1925,SEL-001,CUST-0201,PROD-061,1,1862.69,1862.69,COMPLETED,2026-08-06 20:25:40
ORD-1926,SEL-001,CUST-0419,PROD-002,1,356.3,356.3,COMPLETED,2026-08-06 20:33:56
ORD-1927,SEL-001,CUST-0198,PROD-057,1,2838.81,2838.81,COMPLETED,2026-08-06 20:42:27
ORD-1928,SEL-001,CUST-0236,PROD-013,1,362.78,362.78,COMPLETED,2026-08-06 20:50:58
ORD-1929,SEL-001,CUST-0200,PROD-040,2,3912.25,7824.5,COMPLETED,2026-08-06 20:59:39
ORD-1930,SEL-001,CUST-0022,PROD-071,1,1387.9,1387.9,COMPLETED,2026-08-06 21:08:19
ORD-1931,SEL-001,CUST-0153,PROD-007,2,4041.76,8083.52,COMPLETED,2026-08-06 21:16:48
ORD-1932,SEL-001,CUST-0121,PROD-042,1,3244.43,3244.43,COMPLETED,2026-08-06 21:25:03
ORD-1933,SEL-001,CUST-0062,PROD-032,1,3680.3,3680.3,COMPLETED,2026-08-06 21:33:50
ORD-1934,SEL-001,CUST-0354,PROD-077,1,1931.44,1931.44,COMPLETED,2026-08-06 21:42:29
ORD-1935,SEL-001,CUST-0081,PROD-088,1,4489.53,4489.53,COMPLETED,2026-08-06 21:50:43
ORD-1936,SEL-001,CUST-0321,PROD-046,1,589.12,589.12,COMPLETED,2026-08-06 21:59:32
ORD-1937,SEL-001,CUST-0055,PROD-030,1,3851.85,3851.85,COMPLETED,2026-08-06 22:08:06
ORD-1938,SEL-001,CUST-0388,PROD-057,1,2838.81,2838.81,COMPLETED,2026-08-06 22:16:33
ORD-1939,SEL-001,CUST-0129,PROD-063,1,2970.0,2970.0,COMPLETED,2026-08-06 22:24:49
ORD-1940,SEL-001,CUST-0357,PROD-073,1,4257.37,4257.37,COMPLETED,2026-08-06 22:33:34
ORD-1941,SEL-001,CUST-0240,PROD-077,2,1931.44,3862.88,COMPLETED,2026-08-06 22:42:12
ORD-1942,SEL-001,CUST-0272,PROD-038,1,3774.97,3774.97,COMPLETED,2026-08-06 22:50:23
ORD-1943,SEL-001,CUST-0001,PROD-065,1,3159.61,3159.61,COMPLETED,2026-08-06 22:59:07
ORD-1944,SEL-001,CUST-0318,PROD-100,1,4377.08,4377.08,COMPLETED,2026-08-06 23:07:25
ORD-1945,SEL-001,CUST-0338,PROD-050,1,2951.66,2951.66,COMPLETED,2026-08-06 23:15:59
ORD-1946,SEL-001,CUST-0283,PROD-037,1,2596.17,2596.17,COMPLETED,2026-08-06 23:24:53
ORD-1947,SEL-001,CUST-0050,PROD-009,1,2043.17,2043.17,COMPLETED,2026-08-06 23:33:04
ORD-1948,SEL-001,CUST-0448,P17,1,1100.0,1100.0,COMPLETED,2026-08-06 23:41:38
ORD-1949,SEL-001,CUST-0293,PROD-050,1,2951.66,2951.66,COMPLETED,2026-08-06 23:50:06
ORD-1950,SEL-001,CUST-0303,PROD-047,1,1239.36,1239.36,COMPLETED,2026-08-06 23:58:59
ORD-1951,SEL-001,CUST-0477,PROD-084,1,2734.49,2734.49,COMPLETED,2026-08-07 00:07:09
ORD-1952,SEL-001,CUST-0240,PROD-008,1,619.49,619.49,COMPLETED,2026-08-07 00:15:43
ORD-1953,SEL-001,CUST-0213,PROD-091,1,450.24,450.24,COMPLETED,2026-08-07 00:24:41
ORD-1954,SEL-001,CUST-0021,PROD-039,1,2878.71,2878.71,COMPLETED,2026-08-07 00:33:01
ORD-1955,SEL-001,CUST-0050,PROD-030,1,3851.85,3851.85,COMPLETED,2026-08-07 00:41:33
ORD-1956,SEL-001,CUST-0337,PROD-081,2,1298.17,2596.34,COMPLETED,2026-08-07 00:50:05
ORD-1957,SEL-001,CUST-0213,PROD-099,1,2498.74,2498.74,COMPLETED,2026-08-07 00:58:38
ORD-1958,SEL-001,CUST-0360,PROD-014,1,1095.06,1095.06,COMPLETED,2026-08-07 01:07:08
ORD-1959,SEL-001,CUST-0259,PROD-021,1,277.62,277.62,COMPLETED,2026-08-07 01:15:38
ORD-1960,SEL-001,CUST-0181,PROD-071,2,1387.9,2775.8,COMPLETED,2026-08-07 01:24:27
ORD-1961,SEL-001,CUST-0212,PROD-056,1,3004.15,3004.15,COMPLETED,2026-08-07 01:32:41
ORD-1962,SEL-001,CUST-0289,PROD-049,1,1431.39,1431.39,COMPLETED,2026-08-07 01:41:09
ORD-1963,SEL-001,CUST-0185,PROD-058,2,977.34,1954.68,COMPLETED,2026-08-07 01:49:42
ORD-1964,SEL-001,CUST-0009,PROD-039,1,2878.71,2878.71,COMPLETED,2026-08-07 01:58:25
ORD-1965,SEL-001,CUST-0439,PROD-099,1,2498.74,2498.74,COMPLETED,2026-08-07 02:06:44
ORD-1966,SEL-001,CUST-0471,PROD-072,1,1146.68,1146.68,COMPLETED,2026-08-07 02:15:18
ORD-1967,SEL-001,CUST-0020,PROD-020,1,3690.08,3690.08,COMPLETED,2026-08-07 02:23:45
ORD-1968,SEL-001,CUST-0128,PROD-039,1,2878.71,2878.71,COMPLETED,2026-08-07 02:32:32
ORD-1969,SEL-001,CUST-0112,PROD-093,1,2916.65,2916.65,COMPLETED,2026-08-07 02:41:15
ORD-1970,SEL-001,CUST-0423,PROD-090,1,636.37,636.37,COMPLETED,2026-08-07 02:49:33
ORD-1971,SEL-001,CUST-0329,PROD-094,1,3616.34,3616.34,COMPLETED,2026-08-07 02:58:09
ORD-1972,SEL-001,CUST-0029,PROD-043,1,444.75,444.75,COMPLETED,2026-08-07 03:06:46
ORD-1973,SEL-001,CUST-0477,PROD-099,1,2498.74,2498.74,COMPLETED,2026-08-07 03:15:07
ORD-1974,SEL-001,CUST-0476,P17,1,1100.0,1100.0,COMPLETED,2026-08-07 03:23:45
ORD-1975,SEL-001,CUST-0269,PROD-070,1,1590.68,1590.68,COMPLETED,2026-08-07 03:32:07
ORD-1976,SEL-001,CUST-0114,PROD-087,1,1182.11,1182.11,COMPLETED,2026-08-07 03:40:52
ORD-1977,SEL-001,CUST-0386,PROD-065,1,3159.61,3159.61,COMPLETED,2026-08-07 03:49:16
ORD-1978,SEL-001,CUST-0202,PROD-044,1,1218.57,1218.57,COMPLETED,2026-08-07 03:57:59
ORD-1979,SEL-001,CUST-0281,PROD-011,1,1179.21,1179.21,COMPLETED,2026-08-07 04:06:08
ORD-1980,SEL-001,CUST-0067,PROD-062,1,4455.47,4455.47,COMPLETED,2026-08-07 04:15:01
ORD-1981,SEL-001,CUST-0293,PROD-079,2,2200.12,4400.24,COMPLETED,2026-08-07 04:23:31
ORD-1982,SEL-001,CUST-0037,PROD-056,1,3004.15,3004.15,COMPLETED,2026-08-07 04:31:50
ORD-1983,SEL-001,CUST-0058,PROD-055,1,4230.78,4230.78,COMPLETED,2026-08-07 04:40:17
ORD-1984,SEL-001,CUST-0305,PROD-099,1,2498.74,2498.74,COMPLETED,2026-08-07 04:48:58
ORD-1985,SEL-001,CUST-0421,PROD-057,1,2838.81,2838.81,COMPLETED,2026-08-07 04:57:38
ORD-1986,SEL-001,CUST-0419,PROD-088,1,4489.53,4489.53,COMPLETED,2026-08-07 05:06:20
ORD-1987,SEL-001,CUST-0044,PROD-007,1,4041.76,4041.76,COMPLETED,2026-08-07 05:14:50
ORD-1988,SEL-001,CUST-0445,PROD-037,1,2596.17,2596.17,COMPLETED,2026-08-07 05:22:59
ORD-1989,SEL-001,CUST-0157,PROD-003,1,1418.87,1418.87,COMPLETED,2026-08-07 05:31:30
ORD-1990,SEL-001,CUST-0105,PROD-097,1,1871.88,1871.88,COMPLETED,2026-08-07 05:40:05
ORD-1991,SEL-001,CUST-0073,PROD-086,1,1947.45,1947.45,COMPLETED,2026-08-07 05:48:54
ORD-1992,SEL-001,CUST-0270,PROD-022,1,3674.73,3674.73,COMPLETED,2026-08-07 05:57:24
ORD-1993,SEL-001,CUST-0317,PROD-060,1,944.46,944.46,COMPLETED,2026-08-07 06:05:57
ORD-1994,SEL-001,CUST-0437,PROD-047,2,1239.36,2478.72,COMPLETED,2026-08-07 06:14:28
ORD-1995,SEL-001,CUST-0119,PROD-066,2,3832.12,7664.24,COMPLETED,2026-08-07 06:22:51
ORD-1996,SEL-001,CUST-0249,PROD-069,1,386.43,386.43,COMPLETED,2026-08-07 06:31:21
ORD-1997,SEL-001,CUST-0235,PROD-092,1,716.01,716.01,COMPLETED,2026-08-07 06:40:13
ORD-1998,SEL-001,CUST-0157,PROD-051,1,1800.54,1800.54,COMPLETED,2026-08-07 06:48:31
ORD-1999,SEL-001,CUST-0155,PROD-065,1,3159.61,3159.61,COMPLETED,2026-08-07 06:57:07
ORD-2000,SEL-001,CUST-0450,PROD-004,2,1198.65,2397.3,COMPLETED,2026-08-07 07:05:28
ORD-2001,SEL-001,CUST-0078,PROD-051,1,1800.54,1800.54,COMPLETED,2026-08-07 07:13:59
ORD-2002,SEL-001,CUST-0267,PROD-079,2,2200.12,4400.24,COMPLETED,2026-08-07 07:22:36
ORD-2003,SEL-001,CUST-0124,PROD-055,2,4230.78,8461.56,COMPLETED,2026-08-07 07:31:09
ORD-2004,SEL-001,CUST-0230,PROD-027,1,1680.53,1680.53,COMPLETED,2026-08-07 07:39:38
ORD-2005,SEL-001,CUST-0410,PROD-018,1,1186.87,1186.87,COMPLETED,2026-08-07 07:48:21
ORD-2006,SEL-001,CUST-0466,PROD-099,1,2498.74,2498.74,COMPLETED,2026-08-07 07:56:48
ORD-2007,SEL-001,CUST-0081,PROD-072,1,1146.68,1146.68,COMPLETED,2026-08-07 08:05:33
ORD-2008,SEL-001,CUST-0163,PROD-019,1,2754.38,2754.38,COMPLETED,2026-08-07 08:13:41
ORD-2009,SEL-001,CUST-0499,PROD-053,1,1140.4,1140.4,COMPLETED,2026-08-07 08:22:36
ORD-2010,SEL-001,CUST-0458,PROD-095,1,2044.18,2044.18,COMPLETED,2026-08-07 08:31:06
ORD-2011,SEL-001,CUST-0068,PROD-098,2,4483.52,8967.04,COMPLETED,2026-08-07 08:39:15
ORD-2012,SEL-001,CUST-0291,PROD-077,1,1931.44,1931.44,COMPLETED,2026-08-07 08:48:03
ORD-2013,SEL-001,CUST-0041,PROD-062,1,4455.47,4455.47,COMPLETED,2026-08-07 08:56:27
ORD-2014,SEL-001,CUST-0365,PROD-024,2,1696.06,3392.12,COMPLETED,2026-08-07 09:05:03
ORD-2015,SEL-001,CUST-0084,PROD-005,1,3380.0,3380.0,COMPLETED,2026-08-07 09:13:24
ORD-2016,SEL-001,CUST-0139,PROD-029,1,661.04,661.04,COMPLETED,2026-08-07 09:22:21
ORD-2017,SEL-001,CUST-0105,PROD-057,2,2838.81,5677.62,COMPLETED,2026-08-07 09:30:48
ORD-2018,SEL-001,CUST-0444,PROD-032,1,3680.3,3680.3,COMPLETED,2026-08-07 09:39:06
ORD-2019,SEL-001,CUST-0377,PROD-093,1,2916.65,2916.65,COMPLETED,2026-08-07 09:47:47
ORD-2020,SEL-001,CUST-0293,PROD-068,1,1223.45,1223.45,COMPLETED,2026-08-07 09:56:23
ORD-2021,SEL-001,CUST-0267,PROD-059,1,3348.79,3348.79,COMPLETED,2026-08-07 10:04:33
ORD-2022,SEL-001,CUST-0266,PROD-095,1,2044.18,2044.18,COMPLETED,2026-08-07 10:13:12
ORD-2023,SEL-001,CUST-0323,PROD-025,1,910.79,910.79,COMPLETED,2026-08-07 10:22:01
ORD-2024,SEL-001,CUST-0397,PROD-060,1,944.46,944.46,COMPLETED,2026-08-07 10:30:18
ORD-2025,SEL-001,CUST-0028,PROD-019,1,2754.38,2754.38,COMPLETED,2026-08-07 10:39:10
ORD-2026,SEL-001,CUST-0370,PROD-024,1,1696.06,1696.06,COMPLETED,2026-08-07 10:47:15
ORD-2027,SEL-001,CUST-0280,PROD-053,1,1140.4,1140.4,COMPLETED,2026-08-07 10:56:07
ORD-2028,SEL-001,CUST-0303,PROD-026,2,4318.16,8636.32,COMPLETED,2026-08-07 11:04:31
ORD-2029,SEL-001,CUST-0355,PROD-092,1,716.01,716.01,COMPLETED,2026-08-07 11:12:59
ORD-2030,SEL-001,CUST-0047,PROD-058,1,977.34,977.34,COMPLETED,2026-08-07 11:21:24
ORD-2031,SEL-001,CUST-0197,PROD-066,1,3832.12,3832.12,COMPLETED,2026-08-07 11:30:15
ORD-2032,SEL-001,CUST-0195,PROD-022,2,3674.73,7349.46,COMPLETED,2026-08-07 11:38:42
ORD-2033,SEL-001,CUST-0442,PROD-019,1,2754.38,2754.38,COMPLETED,2026-08-07 11:47:18
ORD-2034,SEL-001,CUST-0158,PROD-099,2,2498.74,4997.48,COMPLETED,2026-08-07 11:55:42
ORD-2035,SEL-001,CUST-0061,PROD-026,1,4318.16,4318.16,COMPLETED,2026-08-07 12:04:06
ORD-2036,SEL-001,CUST-0235,PROD-064,1,2617.04,2617.04,COMPLETED,2026-08-07 12:12:33
ORD-2037,SEL-001,CUST-0302,PROD-059,1,3348.79,3348.79,COMPLETED,2026-08-07 12:21:11
ORD-2038,SEL-001,CUST-0004,PROD-071,1,1387.9,1387.9,COMPLETED,2026-08-07 12:29:56
ORD-2039,SEL-001,CUST-0423,PROD-024,1,1696.06,1696.06,COMPLETED,2026-08-07 12:38:35
ORD-2040,SEL-001,CUST-0075,PROD-086,1,1947.45,1947.45,COMPLETED,2026-08-07 12:46:42
ORD-2041,SEL-001,CUST-0472,PROD-014,1,1095.06,1095.06,COMPLETED,2026-08-07 12:55:23
ORD-2042,SEL-001,CUST-0146,PROD-089,1,2415.49,2415.49,COMPLETED,2026-08-07 13:04:06
ORD-2043,SEL-001,CUST-0091,PROD-096,1,519.99,519.99,COMPLETED,2026-08-07 13:12:35
ORD-2044,SEL-001,CUST-0394,PROD-048,2,679.26,1358.52,COMPLETED,2026-08-07 13:20:52
ORD-2045,SEL-001,CUST-0219,PROD-009,1,2043.17,2043.17,COMPLETED,2026-08-07 13:29:46
ORD-2046,SEL-001,CUST-0441,PROD-068,1,1223.45,1223.45,COMPLETED,2026-08-07 13:38:16
ORD-2047,SEL-001,CUST-0314,PROD-074,1,3974.56,3974.56,COMPLETED,2026-08-07 13:46:32
ORD-2048,SEL-001,CUST-0248,PROD-078,2,4136.83,8273.66,COMPLETED,2026-08-07 13:55:00
ORD-2049,SEL-001,CUST-0219,PROD-041,1,2703.75,2703.75,COMPLETED,2026-08-07 14:03:39
ORD-2050,SEL-001,CUST-0182,PROD-079,1,2200.12,2200.12,COMPLETED,2026-08-07 14:12:21
ORD-2051,SEL-001,CUST-0255,PROD-024,2,1696.06,3392.12,COMPLETED,2026-08-07 14:20:54
ORD-2052,SEL-001,CUST-0100,P17,1,1100.0,1100.0,COMPLETED,2026-08-07 14:29:15
ORD-2053,SEL-001,CUST-0378,PROD-079,2,2200.12,4400.24,COMPLETED,2026-08-07 14:37:41
ORD-2054,SEL-001,CUST-0180,PROD-082,1,2635.81,2635.81,COMPLETED,2026-08-07 14:46:20
ORD-2055,SEL-001,CUST-0145,PROD-009,1,2043.17,2043.17,COMPLETED,2026-08-07 14:55:04
ORD-2056,SEL-001,CUST-0393,P17,1,1100.0,1100.0,COMPLETED,2026-08-07 15:03:24
ORD-2057,SEL-001,CUST-0292,PROD-004,1,1198.65,1198.65,COMPLETED,2026-08-07 15:12:09
ORD-2058,SEL-001,CUST-0174,PROD-062,2,4455.47,8910.94,COMPLETED,2026-08-07 15:20:44
ORD-2059,SEL-001,CUST-0070,PROD-081,1,1298.17,1298.17,COMPLETED,2026-08-07 15:29:10
ORD-2060,SEL-001,CUST-0172,PROD-053,2,1140.4,2280.8,COMPLETED,2026-08-07 15:37:50
ORD-2061,SEL-001,CUST-0154,PROD-087,1,1182.11,1182.11,COMPLETED,2026-08-07 15:46:10
ORD-2062,SEL-001,CUST-0296,PROD-046,1,589.12,589.12,COMPLETED,2026-08-07 15:54:32
ORD-2063,SEL-001,CUST-0016,PROD-049,1,1431.39,1431.39,COMPLETED,2026-08-07 16:03:24
ORD-2064,SEL-001,CUST-0311,PROD-077,1,1931.44,1931.44,COMPLETED,2026-08-07 16:11:49
ORD-2065,SEL-001,CUST-0362,PROD-091,1,450.24,450.24,COMPLETED,2026-08-07 16:20:12
ORD-2066,SEL-001,CUST-0450,PROD-058,1,977.34,977.34,COMPLETED,2026-08-07 16:28:50
ORD-2067,SEL-001,CUST-0155,PROD-048,1,679.26,679.26,COMPLETED,2026-08-07 16:37:23
ORD-2068,SEL-001,CUST-0048,PROD-004,1,1198.65,1198.65,COMPLETED,2026-08-07 16:46:08
ORD-2069,SEL-001,CUST-0098,PROD-062,1,4455.47,4455.47,COMPLETED,2026-08-07 16:54:15
ORD-2070,SEL-001,CUST-0168,PROD-013,1,362.78,362.78,COMPLETED,2026-08-07 17:03:07
ORD-2071,SEL-001,CUST-0068,PROD-005,1,3380.0,3380.0,COMPLETED,2026-08-07 17:11:36
ORD-2072,SEL-001,CUST-0060,P17,2,1100.0,2200.0,COMPLETED,2026-08-07 17:20:03
ORD-2073,SEL-001,CUST-0447,PROD-060,2,944.46,1888.92,COMPLETED,2026-08-07 17:28:38
ORD-2074,SEL-001,CUST-0338,PROD-003,1,1418.87,1418.87,COMPLETED,2026-08-07 17:37:15
ORD-2075,SEL-001,CUST-0108,PROD-025,1,910.79,910.79,COMPLETED,2026-08-07 17:45:51
ORD-2076,SEL-001,CUST-0226,PROD-035,1,4385.74,4385.74,COMPLETED,2026-08-07 17:54:19
ORD-2077,SEL-001,CUST-0491,PROD-066,1,3832.12,3832.12,COMPLETED,2026-08-07 18:02:27
ORD-2078,SEL-001,CUST-0164,PROD-091,1,450.24,450.24,COMPLETED,2026-08-07 18:11:16
ORD-2079,SEL-001,CUST-0037,PROD-044,1,1218.57,1218.57,COMPLETED,2026-08-07 18:19:36
ORD-2080,SEL-001,CUST-0242,PROD-007,1,4041.76,4041.76,COMPLETED,2026-08-07 18:28:03
ORD-2081,SEL-001,CUST-0201,PROD-077,2,1931.44,3862.88,COMPLETED,2026-08-07 18:36:48
ORD-2082,SEL-001,CUST-0359,PROD-046,1,589.12,589.12,COMPLETED,2026-08-07 18:45:29
ORD-2083,SEL-001,CUST-0389,PROD-069,1,386.43,386.43,COMPLETED,2026-08-07 18:54:01
ORD-2084,SEL-001,CUST-0239,PROD-012,1,2397.76,2397.76,COMPLETED,2026-08-07 19:02:35
ORD-2085,SEL-001,CUST-0050,PROD-088,1,4489.53,4489.53,COMPLETED,2026-08-07 19:10:58
ORD-2086,SEL-001,CUST-0119,PROD-019,2,2754.38,5508.76,COMPLETED,2026-08-07 19:19:31
ORD-2087,SEL-001,CUST-0187,PROD-090,2,636.37,1272.74,COMPLETED,2026-08-07 19:28:17
ORD-2088,SEL-001,CUST-0452,PROD-063,1,2970.0,2970.0,COMPLETED,2026-08-07 19:36:47
ORD-2089,SEL-001,CUST-0246,PROD-022,1,3674.73,3674.73,COMPLETED,2026-08-07 19:45:03
ORD-2090,SEL-001,CUST-0066,PROD-052,1,1823.27,1823.27,COMPLETED,2026-08-07 19:53:42
ORD-2091,SEL-001,CUST-0285,PROD-039,1,2878.71,2878.71,COMPLETED,2026-08-07 20:02:06
ORD-2092,SEL-001,CUST-0123,PROD-071,1,1387.9,1387.9,COMPLETED,2026-08-07 20:10:41
ORD-2093,SEL-001,CUST-0175,PROD-089,1,2415.49,2415.49,COMPLETED,2026-08-07 20:19:02
ORD-2094,SEL-001,CUST-0291,PROD-070,1,1590.68,1590.68,COMPLETED,2026-08-07 20:27:45
ORD-2095,SEL-001,CUST-0040,PROD-092,1,716.01,716.01,COMPLETED,2026-08-07 20:36:25
ORD-2096,SEL-001,CUST-0306,PROD-072,1,1146.68,1146.68,COMPLETED,2026-08-07 20:44:54
ORD-2097,SEL-001,CUST-0490,PROD-077,1,1931.44,1931.44,COMPLETED,2026-08-07 20:53:17
ORD-2098,SEL-001,CUST-0420,PROD-064,1,2617.04,2617.04,COMPLETED,2026-08-07 21:02:04
ORD-2099,SEL-001,CUST-0419,PROD-075,2,1587.38,3174.76,COMPLETED,2026-08-07 21:10:18
ORD-2100,SEL-001,CUST-0388,PROD-020,1,3690.08,3690.08,COMPLETED,2026-08-07 21:18:44
ORD-2101,SEL-001,CUST-0296,PROD-027,1,1680.53,1680.53,COMPLETED,2026-08-07 21:27:35
ORD-2102,SEL-001,CUST-0407,PROD-039,2,2878.71,5757.42,COMPLETED,2026-08-07 21:36:06
ORD-2103,SEL-001,CUST-0469,PROD-012,1,2397.76,2397.76,COMPLETED,2026-08-07 21:44:42
ORD-2104,SEL-001,CUST-0207,PROD-038,1,3774.97,3774.97,COMPLETED,2026-08-07 21:53:08
ORD-2105,SEL-001,CUST-0028,P17,1,1100.0,1100.0,COMPLETED,2026-08-07 22:01:54
ORD-2106,SEL-001,CUST-0441,PROD-004,1,1198.65,1198.65,COMPLETED,2026-08-07 22:10:00
ORD-2107,SEL-001,CUST-0321,PROD-049,1,1431.39,1431.39,COMPLETED,2026-08-07 22:18:41
ORD-2108,SEL-001,CUST-0340,PROD-018,1,1186.87,1186.87,COMPLETED,2026-08-07 22:27:07
ORD-2109,SEL-001,CUST-0185,PROD-020,1,3690.08,3690.08,COMPLETED,2026-08-07 22:36:02
ORD-2110,SEL-001,CUST-0069,P17,1,1100.0,1100.0,COMPLETED,2026-08-07 22:44:09
ORD-2111,SEL-001,CUST-0250,PROD-018,1,1186.87,1186.87,COMPLETED,2026-08-07 22:53:05
ORD-2112,SEL-001,CUST-0441,PROD-090,1,636.37,636.37,COMPLETED,2026-08-07 23:01:22
ORD-2113,SEL-001,CUST-0233,PROD-071,1,1387.9,1387.9,COMPLETED,2026-08-07 23:09:46
ORD-2114,SEL-001,CUST-0096,PROD-001,1,2967.56,2967.56,COMPLETED,2026-08-07 23:18:20
ORD-2115,SEL-001,CUST-0365,PROD-053,2,1140.4,2280.8,COMPLETED,2026-08-07 23:26:52
ORD-2116,SEL-001,CUST-0020,PROD-091,1,450.24,450.24,COMPLETED,2026-08-07 23:35:18
ORD-2117,SEL-001,CUST-0354,PROD-094,1,3616.34,3616.34,COMPLETED,2026-08-07 23:44:19
ORD-2118,SEL-001,CUST-0399,PROD-067,1,3548.0,3548.0,COMPLETED,2026-08-07 23:52:45
ORD-2119,SEL-001,CUST-0126,PROD-095,1,2044.18,2044.18,COMPLETED,2026-08-08 00:00:55
ORD-2120,SEL-001,CUST-0325,PROD-075,1,1587.38,1587.38,COMPLETED,2026-08-08 00:09:46
ORD-2121,SEL-001,CUST-0274,PROD-061,1,1862.69,1862.69,COMPLETED,2026-08-08 00:18:07
ORD-2122,SEL-001,CUST-0376,PROD-046,2,589.12,1178.24,COMPLETED,2026-08-08 00:26:47
ORD-2123,SEL-001,CUST-0086,P17,2,1100.0,2200.0,COMPLETED,2026-08-08 00:35:10
ORD-2124,SEL-001,CUST-0402,PROD-008,1,619.49,619.49,COMPLETED,2026-08-08 00:43:56
ORD-2125,SEL-001,CUST-0027,PROD-038,1,3774.97,3774.97,COMPLETED,2026-08-08 00:52:23
ORD-2126,SEL-001,CUST-0249,PROD-065,1,3159.61,3159.61,COMPLETED,2026-08-08 01:00:46
ORD-2127,SEL-001,CUST-0068,PROD-036,2,1858.77,3717.54,COMPLETED,2026-08-08 01:09:17
ORD-2128,SEL-001,CUST-0303,PROD-085,1,4065.75,4065.75,COMPLETED,2026-08-08 01:18:11
ORD-2129,SEL-001,CUST-0401,PROD-063,1,2970.0,2970.0,COMPLETED,2026-08-08 01:26:22
ORD-2130,SEL-001,CUST-0176,PROD-019,1,2754.38,2754.38,COMPLETED,2026-08-08 01:34:47
ORD-2131,SEL-001,CUST-0254,PROD-053,1,1140.4,1140.4,COMPLETED,2026-08-08 01:43:44
ORD-2132,SEL-001,CUST-0372,PROD-027,1,1680.53,1680.53,COMPLETED,2026-08-08 01:52:04
ORD-2133,SEL-001,CUST-0329,PROD-015,1,3012.01,3012.01,COMPLETED,2026-08-08 02:00:23
ORD-2134,SEL-001,CUST-0155,PROD-097,2,1871.88,3743.76,COMPLETED,2026-08-08 02:09:09
ORD-2135,SEL-001,CUST-0362,PROD-034,1,2528.97,2528.97,COMPLETED,2026-08-08 02:17:47
ORD-2136,SEL-001,CUST-0148,PROD-058,1,977.34,977.34,COMPLETED,2026-08-08 02:25:58
ORD-2137,SEL-001,CUST-0350,PROD-013,2,362.78,725.56,COMPLETED,2026-08-08 02:34:46
ORD-2138,SEL-001,CUST-0433,PROD-084,2,2734.49,5468.98,COMPLETED,2026-08-08 02:43:32
ORD-2139,SEL-001,CUST-0411,PROD-084,1,2734.49,2734.49,COMPLETED,2026-08-08 02:51:42
ORD-2140,SEL-001,CUST-0384,PROD-087,1,1182.11,1182.11,COMPLETED,2026-08-08 03:00:27
ORD-2141,SEL-001,CUST-0347,PROD-024,1,1696.06,1696.06,COMPLETED,2026-08-08 03:08:48
ORD-2142,SEL-001,CUST-0211,PROD-014,1,1095.06,1095.06,COMPLETED,2026-08-08 03:17:10
ORD-2143,SEL-001,CUST-0146,PROD-005,1,3380.0,3380.0,COMPLETED,2026-08-08 03:26:05
ORD-2144,SEL-001,CUST-0305,PROD-028,2,644.17,1288.34,COMPLETED,2026-08-08 03:34:44
ORD-2145,SEL-001,CUST-0491,PROD-078,1,4136.83,4136.83,COMPLETED,2026-08-08 03:43:08
ORD-2146,SEL-001,CUST-0332,PROD-024,2,1696.06,3392.12,COMPLETED,2026-08-08 03:51:46
ORD-2147,SEL-001,CUST-0151,PROD-010,1,376.64,376.64,COMPLETED,2026-08-08 03:59:58
ORD-2148,SEL-001,CUST-0394,PROD-086,1,1947.45,1947.45,COMPLETED,2026-08-08 04:08:30
ORD-2149,SEL-001,CUST-0400,PROD-100,1,4377.08,4377.08,COMPLETED,2026-08-08 04:17:00
ORD-2150,SEL-001,CUST-0133,PROD-034,1,2528.97,2528.97,COMPLETED,2026-08-08 04:25:28
ORD-2151,SEL-001,CUST-0103,PROD-023,1,3217.09,3217.09,COMPLETED,2026-08-08 04:34:28
ORD-2152,SEL-001,CUST-0394,PROD-079,1,2200.12,2200.12,COMPLETED,2026-08-08 04:42:48
ORD-2153,SEL-001,CUST-0133,PROD-010,1,376.64,376.64,COMPLETED,2026-08-08 04:51:25
ORD-2154,SEL-001,CUST-0229,P17,1,1100.0,1100.0,COMPLETED,2026-08-08 04:59:59
ORD-2155,SEL-001,CUST-0478,P17,1,1100.0,1100.0,COMPLETED,2026-08-08 05:08:07
ORD-2156,SEL-001,CUST-0464,PROD-001,1,2967.56,2967.56,COMPLETED,2026-08-08 05:16:49
ORD-2157,SEL-001,CUST-0245,PROD-094,1,3616.34,3616.34,COMPLETED,2026-08-08 05:25:26
ORD-2158,SEL-001,CUST-0116,P17,2,1100.0,2200.0,COMPLETED,2026-08-08 05:34:00
ORD-2159,SEL-001,CUST-0063,PROD-046,1,589.12,589.12,COMPLETED,2026-08-08 05:42:30
ORD-2160,SEL-001,CUST-0324,PROD-083,1,1366.65,1366.65,COMPLETED,2026-08-08 05:50:48
ORD-2161,SEL-001,CUST-0175,PROD-059,1,3348.79,3348.79,COMPLETED,2026-08-08 05:59:49
ORD-2162,SEL-001,CUST-0091,PROD-050,1,2951.66,2951.66,COMPLETED,2026-08-08 06:07:57
ORD-2163,SEL-001,CUST-0459,PROD-089,1,2415.49,2415.49,COMPLETED,2026-08-08 06:16:35
ORD-2164,SEL-001,CUST-0225,PROD-018,1,1186.87,1186.87,COMPLETED,2026-08-08 06:25:15
ORD-2165,SEL-001,CUST-0123,PROD-009,1,2043.17,2043.17,COMPLETED,2026-08-08 06:33:45
ORD-2166,SEL-001,CUST-0274,PROD-058,2,977.34,1954.68,COMPLETED,2026-08-08 06:42:14
ORD-2167,SEL-001,CUST-0370,PROD-016,1,2566.0,2566.0,COMPLETED,2026-08-08 06:50:56
ORD-2168,SEL-001,CUST-0235,PROD-069,1,386.43,386.43,COMPLETED,2026-08-08 06:59:19
ORD-2169,SEL-001,CUST-0037,P17,1,1100.0,1100.0,COMPLETED,2026-08-08 07:08:04
ORD-2170,SEL-001,CUST-0465,PROD-006,1,3125.97,3125.97,COMPLETED,2026-08-08 07:16:23
ORD-2171,SEL-001,CUST-0089,PROD-040,1,3912.25,3912.25,COMPLETED,2026-08-08 07:24:40
ORD-2172,SEL-001,CUST-0088,PROD-009,1,2043.17,2043.17,COMPLETED,2026-08-08 07:33:31
ORD-2173,SEL-001,CUST-0305,PROD-029,1,661.04,661.04,COMPLETED,2026-08-08 07:41:59
ORD-2174,SEL-001,CUST-0416,PROD-095,1,2044.18,2044.18,COMPLETED,2026-08-08 07:50:26
ORD-2175,SEL-001,CUST-0295,PROD-042,1,3244.43,3244.43,COMPLETED,2026-08-08 07:59:09
ORD-2176,SEL-001,CUST-0024,PROD-043,1,444.75,444.75,COMPLETED,2026-08-08 08:07:44
ORD-2177,SEL-001,CUST-0213,PROD-048,1,679.26,679.26,COMPLETED,2026-08-08 08:16:16
ORD-2178,SEL-001,CUST-0298,PROD-013,1,362.78,362.78,COMPLETED,2026-08-08 08:24:53
ORD-2179,SEL-001,CUST-0399,PROD-063,1,2970.0,2970.0,COMPLETED,2026-08-08 08:33:08
ORD-2180,SEL-001,CUST-0304,PROD-054,1,1384.66,1384.66,COMPLETED,2026-08-08 08:41:48
ORD-2181,SEL-001,CUST-0355,PROD-019,1,2754.38,2754.38,COMPLETED,2026-08-08 08:50:15
ORD-2182,SEL-001,CUST-0123,PROD-079,1,2200.12,2200.12,COMPLETED,2026-08-08 08:58:45
ORD-2183,SEL-001,CUST-0256,PROD-012,1,2397.76,2397.76,COMPLETED,2026-08-08 09:07:26
ORD-2184,SEL-001,CUST-0215,P17,1,1100.0,1100.0,COMPLETED,2026-08-08 09:15:47
ORD-2185,SEL-001,CUST-0049,PROD-098,2,4483.52,8967.04,COMPLETED,2026-08-08 09:24:24
ORD-2186,SEL-001,CUST-0395,PROD-027,1,1680.53,1680.53,COMPLETED,2026-08-08 09:32:54
ORD-2187,SEL-001,CUST-0077,PROD-061,1,1862.69,1862.69,COMPLETED,2026-08-08 09:41:37
ORD-2188,SEL-001,CUST-0023,PROD-047,1,1239.36,1239.36,COMPLETED,2026-08-08 09:50:13
ORD-2189,SEL-001,CUST-0316,PROD-098,1,4483.52,4483.52,COMPLETED,2026-08-08 09:58:26
ORD-2190,SEL-001,CUST-0474,PROD-021,1,277.62,277.62,COMPLETED,2026-08-08 10:06:49
ORD-2191,SEL-001,CUST-0037,PROD-093,1,2916.65,2916.65,COMPLETED,2026-08-08 10:15:24
ORD-2192,SEL-001,CUST-0102,PROD-042,1,3244.43,3244.43,COMPLETED,2026-08-08 10:24:06
ORD-2193,SEL-001,CUST-0051,PROD-053,2,1140.4,2280.8,COMPLETED,2026-08-08 10:32:32
ORD-2194,SEL-001,CUST-0038,PROD-063,1,2970.0,2970.0,COMPLETED,2026-08-08 10:41:04
ORD-2195,SEL-001,CUST-0476,PROD-023,1,3217.09,3217.09,COMPLETED,2026-08-08 10:49:35
ORD-2196,SEL-001,CUST-0100,PROD-035,1,4385.74,4385.74,COMPLETED,2026-08-08 10:58:24
ORD-2197,SEL-001,CUST-0292,PROD-018,1,1186.87,1186.87,COMPLETED,2026-08-08 11:06:55
ORD-2198,SEL-001,CUST-0088,PROD-029,2,661.04,1322.08,COMPLETED,2026-08-08 11:15:18
ORD-2199,SEL-001,CUST-0407,PROD-079,2,2200.12,4400.24,COMPLETED,2026-08-08 11:24:02
ORD-2200,SEL-001,CUST-0438,PROD-053,2,1140.4,2280.8,COMPLETED,2026-08-08 11:32:26
ORD-2201,SEL-001,CUST-0303,PROD-060,1,944.46,944.46,COMPLETED,2026-08-08 11:40:47
ORD-2202,SEL-001,CUST-0447,PROD-042,1,3244.43,3244.43,COMPLETED,2026-08-08 11:49:36
ORD-2203,SEL-001,CUST-0303,PROD-074,2,3974.56,7949.12,COMPLETED,2026-08-08 11:58:14
ORD-2204,SEL-001,CUST-0021,PROD-094,1,3616.34,3616.34,COMPLETED,2026-08-08 12:06:18
ORD-2205,SEL-001,CUST-0202,PROD-090,1,636.37,636.37,COMPLETED,2026-08-08 12:15:05
ORD-2206,SEL-001,CUST-0043,PROD-002,1,356.3,356.3,COMPLETED,2026-08-08 12:23:28
ORD-2207,SEL-001,CUST-0068,PROD-031,1,2815.84,2815.84,COMPLETED,2026-08-08 12:31:59
ORD-2208,SEL-001,CUST-0343,PROD-091,1,450.24,450.24,COMPLETED,2026-08-08 12:40:40
ORD-2209,SEL-001,CUST-0013,PROD-060,1,944.46,944.46,COMPLETED,2026-08-08 12:49:15
ORD-2210,SEL-001,CUST-0095,PROD-048,1,679.26,679.26,COMPLETED,2026-08-08 12:57:41
ORD-2211,SEL-001,CUST-0441,PROD-050,2,2951.66,5903.32,COMPLETED,2026-08-08 13:06:01
ORD-2212,SEL-001,CUST-0152,PROD-035,1,4385.74,4385.74,COMPLETED,2026-08-08 13:14:34
ORD-2213,SEL-001,CUST-0407,PROD-088,1,4489.53,4489.53,COMPLETED,2026-08-08 13:23:24
ORD-2214,SEL-001,CUST-0478,PROD-087,1,1182.11,1182.11,COMPLETED,2026-08-08 13:32:01
ORD-2215,SEL-001,CUST-0188,PROD-006,1,3125.97,3125.97,COMPLETED,2026-08-08 13:40:22
ORD-2216,SEL-001,CUST-0361,PROD-091,1,450.24,450.24,COMPLETED,2026-08-08 13:48:59
ORD-2217,SEL-001,CUST-0123,PROD-084,1,2734.49,2734.49,COMPLETED,2026-08-08 13:57:24
ORD-2218,SEL-001,CUST-0447,PROD-027,1,1680.53,1680.53,COMPLETED,2026-08-08 14:06:04
ORD-2219,SEL-001,CUST-0181,PROD-065,1,3159.61,3159.61,COMPLETED,2026-08-08 14:14:28
ORD-2220,SEL-001,CUST-0191,PROD-063,1,2970.0,2970.0,COMPLETED,2026-08-08 14:22:52
ORD-2221,SEL-001,CUST-0364,PROD-069,2,386.43,772.86,COMPLETED,2026-08-08 14:31:37
ORD-2222,SEL-001,CUST-0410,PROD-089,1,2415.49,2415.49,COMPLETED,2026-08-08 14:40:05
ORD-2223,SEL-001,CUST-0097,PROD-059,1,3348.79,3348.79,COMPLETED,2026-08-08 14:48:28
ORD-2224,SEL-001,CUST-0148,PROD-010,1,376.64,376.64,COMPLETED,2026-08-08 14:57:03
ORD-2225,SEL-001,CUST-0076,PROD-027,1,1680.53,1680.53,COMPLETED,2026-08-08 15:05:52
ORD-2226,SEL-001,CUST-0214,PROD-070,2,1590.68,3181.36,COMPLETED,2026-08-08 15:14:11
ORD-2227,SEL-001,CUST-0228,PROD-003,1,1418.87,1418.87,COMPLETED,2026-08-08 15:22:47
ORD-2228,SEL-001,CUST-0411,PROD-067,1,3548.0,3548.0,COMPLETED,2026-08-08 15:31:33
ORD-2229,SEL-001,CUST-0336,PROD-042,1,3244.43,3244.43,COMPLETED,2026-08-08 15:39:48
ORD-2230,SEL-001,CUST-0432,PROD-059,1,3348.79,3348.79,COMPLETED,2026-08-08 15:48:26
ORD-2231,SEL-001,CUST-0157,PROD-034,1,2528.97,2528.97,COMPLETED,2026-08-08 15:57:07
ORD-2232,SEL-001,CUST-0395,PROD-019,1,2754.38,2754.38,COMPLETED,2026-08-08 16:05:23
ORD-2233,SEL-001,CUST-0317,PROD-092,1,716.01,716.01,COMPLETED,2026-08-08 16:13:51
ORD-2234,SEL-001,CUST-0430,PROD-086,1,1947.45,1947.45,COMPLETED,2026-08-08 16:22:24
ORD-2235,SEL-001,CUST-0022,PROD-074,1,3974.56,3974.56,COMPLETED,2026-08-08 16:30:54
ORD-2236,SEL-001,CUST-0106,PROD-005,1,3380.0,3380.0,COMPLETED,2026-08-08 16:39:28
ORD-2237,SEL-001,CUST-0191,PROD-021,1,277.62,277.62,COMPLETED,2026-08-08 16:47:59
ORD-2238,SEL-001,CUST-0208,PROD-099,1,2498.74,2498.74,COMPLETED,2026-08-08 16:56:27
ORD-2239,SEL-001,CUST-0080,P17,1,1100.0,1100.0,COMPLETED,2026-08-08 17:05:09
ORD-2240,SEL-001,CUST-0332,PROD-061,2,1862.69,3725.38,COMPLETED,2026-08-08 17:13:41
ORD-2241,SEL-001,CUST-0294,PROD-073,1,4257.37,4257.37,COMPLETED,2026-08-08 17:22:27
ORD-2242,SEL-001,CUST-0353,PROD-062,2,4455.47,8910.94,COMPLETED,2026-08-08 17:30:45
ORD-2243,SEL-001,CUST-0060,PROD-052,1,1823.27,1823.27,COMPLETED,2026-08-08 17:39:24
ORD-2244,SEL-001,CUST-0048,PROD-078,1,4136.83,4136.83,COMPLETED,2026-08-08 17:47:50
ORD-2245,SEL-001,CUST-0401,PROD-036,1,1858.77,1858.77,COMPLETED,2026-08-08 17:56:18
ORD-2246,SEL-001,CUST-0229,PROD-012,2,2397.76,4795.52,COMPLETED,2026-08-08 18:05:10
ORD-2247,SEL-001,CUST-0163,PROD-066,2,3832.12,7664.24,COMPLETED,2026-08-08 18:13:30
ORD-2248,SEL-001,CUST-0204,PROD-055,1,4230.78,4230.78,COMPLETED,2026-08-08 18:21:58
ORD-2249,SEL-001,CUST-0177,PROD-058,2,977.34,1954.68,COMPLETED,2026-08-08 18:30:28
ORD-2250,SEL-001,CUST-0455,PROD-054,1,1384.66,1384.66,COMPLETED,2026-08-08 18:39:14
ORD-2251,SEL-001,CUST-0373,PROD-055,1,4230.78,4230.78,COMPLETED,2026-08-08 18:47:48
ORD-2252,SEL-001,CUST-0301,PROD-019,1,2754.38,2754.38,COMPLETED,2026-08-08 18:56:21
ORD-2253,SEL-001,CUST-0269,PROD-009,2,2043.17,4086.34,COMPLETED,2026-08-08 19:04:54
ORD-2254,SEL-001,CUST-0046,P17,1,1100.0,1100.0,COMPLETED,2026-08-08 19:13:11
ORD-2255,SEL-001,CUST-0285,PROD-073,1,4257.37,4257.37,COMPLETED,2026-08-08 19:21:37
ORD-2256,SEL-001,CUST-0427,PROD-071,1,1387.9,1387.9,COMPLETED,2026-08-08 19:30:09
ORD-2257,SEL-001,CUST-0428,PROD-064,1,2617.04,2617.04,COMPLETED,2026-08-08 19:38:45
ORD-2258,SEL-001,CUST-0406,P17,1,1100.0,1100.0,COMPLETED,2026-08-08 19:47:08
ORD-2259,SEL-001,CUST-0326,PROD-084,1,2734.49,2734.49,COMPLETED,2026-08-08 19:56:06
ORD-2260,SEL-001,CUST-0252,PROD-083,1,1366.65,1366.65,COMPLETED,2026-08-08 20:04:17
ORD-2261,SEL-001,CUST-0253,PROD-009,1,2043.17,2043.17,COMPLETED,2026-08-08 20:12:52
ORD-2262,SEL-001,CUST-0290,PROD-034,1,2528.97,2528.97,COMPLETED,2026-08-08 20:21:31
ORD-2263,SEL-001,CUST-0419,PROD-066,1,3832.12,3832.12,COMPLETED,2026-08-08 20:30:10
ORD-2264,SEL-001,CUST-0075,PROD-089,1,2415.49,2415.49,COMPLETED,2026-08-08 20:38:21
ORD-2265,SEL-001,CUST-0185,PROD-046,1,589.12,589.12,COMPLETED,2026-08-08 20:47:00
ORD-2266,SEL-001,CUST-0480,PROD-025,1,910.79,910.79,COMPLETED,2026-08-08 20:55:44
ORD-2267,SEL-001,CUST-0307,PROD-070,1,1590.68,1590.68,COMPLETED,2026-08-08 21:03:59
ORD-2268,SEL-001,CUST-0351,PROD-035,1,4385.74,4385.74,COMPLETED,2026-08-08 21:12:55
ORD-2269,SEL-001,CUST-0274,PROD-019,1,2754.38,2754.38,COMPLETED,2026-08-08 21:21:03
ORD-2270,SEL-001,CUST-0399,PROD-044,2,1218.57,2437.14,COMPLETED,2026-08-08 21:29:43
ORD-2271,SEL-001,CUST-0080,PROD-025,1,910.79,910.79,COMPLETED,2026-08-08 21:38:10
ORD-2272,SEL-001,CUST-0426,PROD-069,1,386.43,386.43,COMPLETED,2026-08-08 21:46:58
ORD-2273,SEL-001,CUST-0059,PROD-010,1,376.64,376.64,COMPLETED,2026-08-08 21:55:33
ORD-2274,SEL-001,CUST-0246,PROD-089,1,2415.49,2415.49,COMPLETED,2026-08-08 22:03:40
ORD-2275,SEL-001,CUST-0306,PROD-044,1,1218.57,1218.57,COMPLETED,2026-08-08 22:12:40
ORD-2276,SEL-001,CUST-0418,P17,2,1100.0,2200.0,COMPLETED,2026-08-08 22:21:08
ORD-2277,SEL-001,CUST-0158,P17,2,1100.0,2200.0,COMPLETED,2026-08-08 22:29:24
ORD-2278,SEL-001,CUST-0402,PROD-003,1,1418.87,1418.87,COMPLETED,2026-08-08 22:38:13
ORD-2279,SEL-001,CUST-0101,PROD-085,1,4065.75,4065.75,COMPLETED,2026-08-08 22:46:22
ORD-2280,SEL-001,CUST-0466,PROD-009,1,2043.17,2043.17,COMPLETED,2026-08-08 22:54:56
ORD-2281,SEL-001,CUST-0309,PROD-026,1,4318.16,4318.16,COMPLETED,2026-08-08 23:03:54
ORD-2282,SEL-001,CUST-0075,PROD-036,2,1858.77,3717.54,COMPLETED,2026-08-08 23:11:59
ORD-2283,SEL-001,CUST-0438,PROD-094,1,3616.34,3616.34,COMPLETED,2026-08-08 23:20:34
ORD-2284,SEL-001,CUST-0051,PROD-098,1,4483.52,4483.52,COMPLETED,2026-08-08 23:29:03
ORD-2285,SEL-001,CUST-0494,PROD-097,1,1871.88,1871.88,COMPLETED,2026-08-08 23:37:39
ORD-2286,SEL-001,CUST-0474,PROD-065,2,3159.61,6319.22,COMPLETED,2026-08-08 23:46:08
ORD-2287,SEL-001,CUST-0302,PROD-087,2,1182.11,2364.22,COMPLETED,2026-08-08 23:54:59
ORD-2288,SEL-001,CUST-0195,PROD-066,1,3832.12,3832.12,COMPLETED,2026-08-09 00:03:20
ORD-2289,SEL-001,CUST-0064,PROD-067,1,3548.0,3548.0,COMPLETED,2026-08-09 00:11:51
ORD-2290,SEL-001,CUST-0148,PROD-006,1,3125.97,3125.97,COMPLETED,2026-08-09 00:20:35
ORD-2291,SEL-001,CUST-0146,PROD-095,1,2044.18,2044.18,COMPLETED,2026-08-09 00:28:57
ORD-2292,SEL-001,CUST-0116,PROD-038,2,3774.97,7549.94,COMPLETED,2026-08-09 00:37:31
ORD-2293,SEL-001,CUST-0036,PROD-061,2,1862.69,3725.38,COMPLETED,2026-08-09 00:46:16
ORD-2294,SEL-001,CUST-0346,PROD-014,1,1095.06,1095.06,COMPLETED,2026-08-09 00:54:21
ORD-2295,SEL-001,CUST-0044,PROD-051,1,1800.54,1800.54,COMPLETED,2026-08-09 01:03:14
ORD-2296,SEL-001,CUST-0380,PROD-022,1,3674.73,3674.73,COMPLETED,2026-08-09 01:11:28
ORD-2297,SEL-001,CUST-0103,PROD-052,1,1823.27,1823.27,COMPLETED,2026-08-09 01:20:07
ORD-2298,SEL-001,CUST-0256,PROD-092,1,716.01,716.01,COMPLETED,2026-08-09 01:28:53
ORD-2299,SEL-001,CUST-0405,PROD-052,1,1823.27,1823.27,COMPLETED,2026-08-09 01:37:26
ORD-2300,SEL-001,CUST-0208,PROD-066,1,3832.12,3832.12,COMPLETED,2026-08-09 01:46:04
ORD-2301,SEL-001,CUST-0063,PROD-064,1,2617.04,2617.04,COMPLETED,2026-08-09 01:54:09
ORD-2302,SEL-001,CUST-0051,PROD-009,1,2043.17,2043.17,COMPLETED,2026-08-09 02:02:38
ORD-2303,SEL-001,CUST-0196,PROD-042,1,3244.43,3244.43,COMPLETED,2026-08-09 02:11:15
ORD-2304,SEL-001,CUST-0390,PROD-097,1,1871.88,1871.88,COMPLETED,2026-08-09 02:19:45
ORD-2305,SEL-001,CUST-0104,PROD-064,1,2617.04,2617.04,COMPLETED,2026-08-09 02:28:28
ORD-2306,SEL-001,CUST-0415,PROD-070,1,1590.68,1590.68,COMPLETED,2026-08-09 02:36:56
ORD-2307,SEL-001,CUST-0451,PROD-050,1,2951.66,2951.66,COMPLETED,2026-08-09 02:45:31
ORD-2308,SEL-001,CUST-0236,P17,1,1100.0,1100.0,COMPLETED,2026-08-09 02:54:04
ORD-2309,SEL-001,CUST-0156,PROD-022,1,3674.73,3674.73,COMPLETED,2026-08-09 03:02:46
ORD-2310,SEL-001,CUST-0200,PROD-015,1,3012.01,3012.01,COMPLETED,2026-08-09 03:11:16
ORD-2311,SEL-001,CUST-0351,PROD-061,1,1862.69,1862.69,COMPLETED,2026-08-09 03:19:43
ORD-2312,SEL-001,CUST-0029,PROD-064,1,2617.04,2617.04,COMPLETED,2026-08-09 03:28:14
ORD-2313,SEL-001,CUST-0181,PROD-037,1,2596.17,2596.17,COMPLETED,2026-08-09 03:36:51
ORD-2314,SEL-001,CUST-0066,PROD-045,1,1479.9,1479.9,COMPLETED,2026-08-09 03:45:03
ORD-2315,SEL-001,CUST-0457,PROD-049,1,1431.39,1431.39,COMPLETED,2026-08-09 03:53:58
ORD-2316,SEL-001,CUST-0211,PROD-085,1,4065.75,4065.75,COMPLETED,2026-08-09 04:02:17
ORD-2317,SEL-001,CUST-0304,PROD-089,1,2415.49,2415.49,COMPLETED,2026-08-09 04:10:47
ORD-2318,SEL-001,CUST-0087,P17,1,1100.0,1100.0,COMPLETED,2026-08-09 04:19:20
ORD-2319,SEL-001,CUST-0217,PROD-054,1,1384.66,1384.66,COMPLETED,2026-08-09 04:28:10
ORD-2320,SEL-001,CUST-0012,PROD-049,1,1431.39,1431.39,COMPLETED,2026-08-09 04:36:33
ORD-2321,SEL-001,CUST-0414,PROD-089,1,2415.49,2415.49,COMPLETED,2026-08-09 04:44:50
ORD-2322,SEL-001,CUST-0416,PROD-044,1,1218.57,1218.57,COMPLETED,2026-08-09 04:53:35
ORD-2323,SEL-001,CUST-0104,PROD-010,1,376.64,376.64,COMPLETED,2026-08-09 05:02:04
ORD-2324,SEL-001,CUST-0136,PROD-074,1,3974.56,3974.56,COMPLETED,2026-08-09 05:10:32
ORD-2325,SEL-001,CUST-0491,PROD-075,1,1587.38,1587.38,COMPLETED,2026-08-09 05:19:18
ORD-2326,SEL-001,CUST-0291,PROD-061,1,1862.69,1862.69,COMPLETED,2026-08-09 05:27:29
ORD-2327,SEL-001,CUST-0334,PROD-065,1,3159.61,3159.61,COMPLETED,2026-08-09 05:36:01
ORD-2328,SEL-001,CUST-0161,PROD-052,1,1823.27,1823.27,COMPLETED,2026-08-09 05:44:48
ORD-2329,SEL-001,CUST-0391,PROD-003,1,1418.87,1418.87,COMPLETED,2026-08-09 05:53:24
ORD-2330,SEL-001,CUST-0296,PROD-085,2,4065.75,8131.5,COMPLETED,2026-08-09 06:01:40
ORD-2331,SEL-001,CUST-0138,PROD-069,1,386.43,386.43,COMPLETED,2026-08-09 06:10:21
ORD-2332,SEL-001,CUST-0223,PROD-094,1,3616.34,3616.34,COMPLETED,2026-08-09 06:19:08
ORD-2333,SEL-001,CUST-0237,PROD-020,1,3690.08,3690.08,COMPLETED,2026-08-09 06:27:22
ORD-2334,SEL-001,CUST-0223,PROD-009,1,2043.17,2043.17,COMPLETED,2026-08-09 06:36:10
ORD-2335,SEL-001,CUST-0422,PROD-021,1,277.62,277.62,COMPLETED,2026-08-09 06:44:23
ORD-2336,SEL-001,CUST-0123,PROD-025,1,910.79,910.79,COMPLETED,2026-08-09 06:52:59
ORD-2337,SEL-001,CUST-0238,PROD-056,1,3004.15,3004.15,COMPLETED,2026-08-09 07:01:28
ORD-2338,SEL-001,CUST-0082,PROD-004,1,1198.65,1198.65,COMPLETED,2026-08-09 07:09:57
ORD-2339,SEL-001,CUST-0282,PROD-006,2,3125.97,6251.94,COMPLETED,2026-08-09 07:18:44
ORD-2340,SEL-001,CUST-0029,PROD-011,1,1179.21,1179.21,COMPLETED,2026-08-09 07:26:56
ORD-2341,SEL-001,CUST-0462,PROD-047,1,1239.36,1239.36,COMPLETED,2026-08-09 07:35:30
ORD-2342,SEL-001,CUST-0483,PROD-018,1,1186.87,1186.87,COMPLETED,2026-08-09 07:44:12
ORD-2343,SEL-001,CUST-0478,PROD-086,1,1947.45,1947.45,COMPLETED,2026-08-09 07:52:48
ORD-2344,SEL-001,CUST-0269,PROD-012,1,2397.76,2397.76,COMPLETED,2026-08-09 08:01:33
ORD-2345,SEL-001,CUST-0161,PROD-075,1,1587.38,1587.38,COMPLETED,2026-08-09 08:10:01
ORD-2346,SEL-001,CUST-0121,PROD-028,1,644.17,644.17,COMPLETED,2026-08-09 08:18:31
ORD-2347,SEL-001,CUST-0226,PROD-076,1,3035.61,3035.61,COMPLETED,2026-08-09 08:26:48
ORD-2348,SEL-001,CUST-0486,PROD-070,1,1590.68,1590.68,COMPLETED,2026-08-09 08:35:34
ORD-2349,SEL-001,CUST-0143,PROD-019,1,2754.38,2754.38,COMPLETED,2026-08-09 08:44:14
ORD-2350,SEL-001,CUST-0158,P17,2,1100.0,2200.0,COMPLETED,2026-08-09 08:52:42
ORD-2351,SEL-001,CUST-0379,PROD-007,1,4041.76,4041.76,COMPLETED,2026-08-09 09:01:14
ORD-2352,SEL-001,CUST-0130,PROD-040,1,3912.25,3912.25,COMPLETED,2026-08-09 09:09:27
ORD-2353,SEL-001,CUST-0416,PROD-069,2,386.43,772.86,COMPLETED,2026-08-09 09:18:20
ORD-2354,SEL-001,CUST-0005,PROD-051,2,1800.54,3601.08,COMPLETED,2026-08-09 09:26:36
ORD-2355,SEL-001,CUST-0047,PROD-097,1,1871.88,1871.88,COMPLETED,2026-08-09 09:35:05
ORD-2356,SEL-001,CUST-0083,PROD-081,1,1298.17,1298.17,COMPLETED,2026-08-09 09:43:56
ORD-2357,SEL-001,CUST-0209,PROD-036,2,1858.77,3717.54,COMPLETED,2026-08-09 09:52:20
ORD-2358,SEL-001,CUST-0252,PROD-053,2,1140.4,2280.8,COMPLETED,2026-08-09 10:01:02
ORD-2359,SEL-001,CUST-0449,PROD-013,1,362.78,362.78,COMPLETED,2026-08-09 10:09:17
ORD-2360,SEL-001,CUST-0034,PROD-078,1,4136.83,4136.83,COMPLETED,2026-08-09 10:17:52
ORD-2361,SEL-001,CUST-0233,PROD-098,1,4483.52,4483.52,COMPLETED,2026-08-09 10:26:19
ORD-2362,SEL-001,CUST-0228,PROD-018,1,1186.87,1186.87,COMPLETED,2026-08-09 10:35:01
ORD-2363,SEL-001,CUST-0161,PROD-015,1,3012.01,3012.01,COMPLETED,2026-08-09 10:43:22
ORD-2364,SEL-001,CUST-0426,P17,1,1100.0,1100.0,COMPLETED,2026-08-09 10:52:09
ORD-2365,SEL-001,CUST-0481,PROD-062,2,4455.47,8910.94,COMPLETED,2026-08-09 11:00:42
ORD-2366,SEL-001,CUST-0352,PROD-042,1,3244.43,3244.43,COMPLETED,2026-08-09 11:08:54
ORD-2367,SEL-001,CUST-0189,PROD-049,2,1431.39,2862.78,COMPLETED,2026-08-09 11:17:34
ORD-2368,SEL-001,CUST-0011,PROD-072,1,1146.68,1146.68,COMPLETED,2026-08-09 11:26:00
ORD-2369,SEL-001,CUST-0046,PROD-026,1,4318.16,4318.16,COMPLETED,2026-08-09 11:34:54
ORD-2370,SEL-001,CUST-0206,PROD-077,1,1931.44,1931.44,COMPLETED,2026-08-09 11:42:58
ORD-2371,SEL-001,CUST-0088,PROD-016,1,2566.0,2566.0,COMPLETED,2026-08-09 11:51:40
ORD-2372,SEL-001,CUST-0472,PROD-087,1,1182.11,1182.11,COMPLETED,2026-08-09 12:00:25
ORD-2373,SEL-001,CUST-0098,PROD-035,1,4385.74,4385.74,COMPLETED,2026-08-09 12:08:39
ORD-2374,SEL-001,CUST-0221,PROD-077,1,1931.44,1931.44,COMPLETED,2026-08-09 12:17:09
ORD-2375,SEL-001,CUST-0347,PROD-024,1,1696.06,1696.06,COMPLETED,2026-08-09 12:26:00
ORD-2376,SEL-001,CUST-0500,PROD-080,1,1375.74,1375.74,COMPLETED,2026-08-09 12:34:18
ORD-2377,SEL-001,CUST-0351,PROD-011,1,1179.21,1179.21,COMPLETED,2026-08-09 12:42:59
ORD-2378,SEL-001,CUST-0499,PROD-088,1,4489.53,4489.53,COMPLETED,2026-08-09 12:51:23
ORD-2379,SEL-001,CUST-0377,PROD-010,1,376.64,376.64,COMPLETED,2026-08-09 12:59:58
ORD-2380,SEL-001,CUST-0477,PROD-046,2,589.12,1178.24,COMPLETED,2026-08-09 13:08:27
ORD-2381,SEL-001,CUST-0411,PROD-096,1,519.99,519.99,COMPLETED,2026-08-09 13:17:19
ORD-2382,SEL-001,CUST-0203,P17,2,1100.0,2200.0,COMPLETED,2026-08-09 13:25:30
ORD-2383,SEL-001,CUST-0092,PROD-065,1,3159.61,3159.61,COMPLETED,2026-08-09 13:34:12
ORD-2384,SEL-001,CUST-0068,PROD-091,1,450.24,450.24,COMPLETED,2026-08-09 13:42:40
ORD-2385,SEL-001,CUST-0161,P17,1,1100.0,1100.0,COMPLETED,2026-08-09 13:51:01
ORD-2386,SEL-001,CUST-0383,PROD-056,1,3004.15,3004.15,COMPLETED,2026-08-09 13:59:38
ORD-2387,SEL-001,CUST-0425,PROD-034,1,2528.97,2528.97,COMPLETED,2026-08-09 14:08:21
ORD-2388,SEL-001,CUST-0162,PROD-063,1,2970.0,2970.0,COMPLETED,2026-08-09 14:16:39
ORD-2389,SEL-001,CUST-0473,PROD-057,1,2838.81,2838.81,COMPLETED,2026-08-09 14:25:33
ORD-2390,SEL-001,CUST-0094,P17,1,1100.0,1100.0,COMPLETED,2026-08-09 14:33:45
ORD-2391,SEL-001,CUST-0060,PROD-064,1,2617.04,2617.04,COMPLETED,2026-08-09 14:42:23
ORD-2392,SEL-001,CUST-0288,PROD-064,1,2617.04,2617.04,COMPLETED,2026-08-09 14:51:04
ORD-2393,SEL-001,CUST-0064,PROD-027,2,1680.53,3361.06,COMPLETED,2026-08-09 14:59:18
ORD-2394,SEL-001,CUST-0384,PROD-035,1,4385.74,4385.74,COMPLETED,2026-08-09 15:07:51
ORD-2395,SEL-001,CUST-0299,PROD-001,1,2967.56,2967.56,COMPLETED,2026-08-09 15:16:24
ORD-2396,SEL-001,CUST-0472,PROD-099,1,2498.74,2498.74,COMPLETED,2026-08-09 15:25:03
ORD-2397,SEL-001,CUST-0014,PROD-088,1,4489.53,4489.53,COMPLETED,2026-08-09 15:33:32
ORD-2398,SEL-001,CUST-0488,PROD-042,1,3244.43,3244.43,COMPLETED,2026-08-09 15:42:23
ORD-2399,SEL-001,CUST-0363,PROD-059,1,3348.79,3348.79,COMPLETED,2026-08-09 15:50:52
ORD-2400,SEL-001,CUST-0003,PROD-006,1,3125.97,3125.97,COMPLETED,2026-08-09 15:59:19
ORD-2401,SEL-001,CUST-0486,PROD-094,2,3616.34,7232.68,COMPLETED,2026-08-09 16:07:40
ORD-2402,SEL-001,CUST-0109,PROD-083,1,1366.65,1366.65,COMPLETED,2026-08-09 16:16:06
ORD-2403,SEL-001,CUST-0037,PROD-078,1,4136.83,4136.83,COMPLETED,2026-08-09 16:24:57
ORD-2404,SEL-001,CUST-0123,PROD-052,1,1823.27,1823.27,COMPLETED,2026-08-09 16:33:12
ORD-2405,SEL-001,CUST-0199,PROD-037,1,2596.17,2596.17,COMPLETED,2026-08-09 16:41:44
ORD-2406,SEL-001,CUST-0062,PROD-056,1,3004.15,3004.15,COMPLETED,2026-08-09 16:50:15
ORD-2407,SEL-001,CUST-0351,PROD-046,1,589.12,589.12,COMPLETED,2026-08-09 16:59:11
ORD-2408,SEL-001,CUST-0103,PROD-050,1,2951.66,2951.66,COMPLETED,2026-08-09 17:07:31
ORD-2409,SEL-001,CUST-0047,PROD-048,1,679.26,679.26,COMPLETED,2026-08-09 17:16:00
ORD-2410,SEL-001,CUST-0048,PROD-044,2,1218.57,2437.14,COMPLETED,2026-08-09 17:24:32
ORD-2411,SEL-001,CUST-0352,PROD-064,1,2617.04,2617.04,COMPLETED,2026-08-09 17:33:11
ORD-2412,SEL-001,CUST-0149,PROD-011,2,1179.21,2358.42,COMPLETED,2026-08-09 17:41:25
ORD-2413,SEL-001,CUST-0066,PROD-039,1,2878.71,2878.71,COMPLETED,2026-08-09 17:49:59
ORD-2414,SEL-001,CUST-0292,PROD-010,2,376.64,753.28,COMPLETED,2026-08-09 17:58:36
ORD-2415,SEL-001,CUST-0218,PROD-060,1,944.46,944.46,COMPLETED,2026-08-09 18:07:15
ORD-2416,SEL-001,CUST-0182,PROD-011,1,1179.21,1179.21,COMPLETED,2026-08-09 18:15:39
ORD-2417,SEL-001,CUST-0403,PROD-051,1,1800.54,1800.54,COMPLETED,2026-08-09 18:24:08
ORD-2418,SEL-001,CUST-0153,PROD-093,1,2916.65,2916.65,COMPLETED,2026-08-09 18:32:57
ORD-2419,SEL-001,CUST-0414,PROD-024,1,1696.06,1696.06,COMPLETED,2026-08-09 18:41:26
ORD-2420,SEL-001,CUST-0133,PROD-014,1,1095.06,1095.06,COMPLETED,2026-08-09 18:49:58
ORD-2421,SEL-001,CUST-0336,PROD-089,1,2415.49,2415.49,COMPLETED,2026-08-09 18:58:16
ORD-2422,SEL-001,CUST-0309,PROD-039,1,2878.71,2878.71,COMPLETED,2026-08-09 19:07:06
ORD-2423,SEL-001,CUST-0354,PROD-089,1,2415.49,2415.49,COMPLETED,2026-08-09 19:15:26
ORD-2424,SEL-001,CUST-0065,PROD-025,1,910.79,910.79,COMPLETED,2026-08-09 19:23:49
ORD-2425,SEL-001,CUST-0247,PROD-084,1,2734.49,2734.49,COMPLETED,2026-08-09 19:32:26
ORD-2426,SEL-001,CUST-0405,PROD-012,1,2397.76,2397.76,COMPLETED,2026-08-09 19:41:19
ORD-2427,SEL-001,CUST-0217,P17,1,1100.0,1100.0,COMPLETED,2026-08-09 19:49:39
ORD-2428,SEL-001,CUST-0228,PROD-061,1,1862.69,1862.69,COMPLETED,2026-08-09 19:58:18
ORD-2429,SEL-001,CUST-0104,PROD-051,1,1800.54,1800.54,COMPLETED,2026-08-09 20:06:35
ORD-2430,SEL-001,CUST-0213,PROD-095,1,2044.18,2044.18,COMPLETED,2026-08-09 20:15:13
ORD-2431,SEL-001,CUST-0019,PROD-063,1,2970.0,2970.0,COMPLETED,2026-08-09 20:23:41
ORD-2432,SEL-001,CUST-0348,PROD-063,1,2970.0,2970.0,COMPLETED,2026-08-09 20:32:33
ORD-2433,SEL-001,CUST-0217,PROD-071,1,1387.9,1387.9,COMPLETED,2026-08-09 20:40:36
ORD-2434,SEL-001,CUST-0456,PROD-064,1,2617.04,2617.04,COMPLETED,2026-08-09 20:49:21
ORD-2435,SEL-001,CUST-0358,PROD-021,1,277.62,277.62,COMPLETED,2026-08-09 20:57:54
ORD-2436,SEL-001,CUST-0225,PROD-029,1,661.04,661.04,COMPLETED,2026-08-09 21:06:23
ORD-2437,SEL-001,CUST-0309,PROD-092,1,716.01,716.01,COMPLETED,2026-08-09 21:15:13
ORD-2438,SEL-001,CUST-0371,PROD-054,1,1384.66,1384.66,COMPLETED,2026-08-09 21:23:25
ORD-2439,SEL-001,CUST-0185,PROD-021,1,277.62,277.62,COMPLETED,2026-08-09 21:32:11
ORD-2440,SEL-001,CUST-0045,P17,1,1100.0,1100.0,COMPLETED,2026-08-09 21:40:43
ORD-2441,SEL-001,CUST-0052,PROD-064,1,2617.04,2617.04,COMPLETED,2026-08-09 21:49:07
ORD-2442,SEL-001,CUST-0010,PROD-034,1,2528.97,2528.97,COMPLETED,2026-08-09 21:57:25
ORD-2443,SEL-001,CUST-0441,PROD-005,1,3380.0,3380.0,COMPLETED,2026-08-09 22:06:22
ORD-2444,SEL-001,CUST-0317,PROD-072,1,1146.68,1146.68,COMPLETED,2026-08-09 22:14:31
ORD-2445,SEL-001,CUST-0402,PROD-006,1,3125.97,3125.97,COMPLETED,2026-08-09 22:23:10
ORD-2446,SEL-001,CUST-0078,PROD-066,1,3832.12,3832.12,COMPLETED,2026-08-09 22:32:00
ORD-2447,SEL-001,CUST-0475,PROD-059,2,3348.79,6697.58,COMPLETED,2026-08-09 22:40:06
ORD-2448,SEL-001,CUST-0401,PROD-014,1,1095.06,1095.06,COMPLETED,2026-08-09 22:48:40
ORD-2449,SEL-001,CUST-0086,PROD-027,2,1680.53,3361.06,COMPLETED,2026-08-09 22:57:12
ORD-2450,SEL-001,CUST-0363,PROD-065,1,3159.61,3159.61,COMPLETED,2026-08-09 23:05:50
ORD-2451,SEL-001,CUST-0332,PROD-018,1,1186.87,1186.87,COMPLETED,2026-08-09 23:14:17
ORD-2452,SEL-001,CUST-0394,PROD-032,1,3680.3,3680.3,COMPLETED,2026-08-09 23:22:58
ORD-2453,SEL-001,CUST-0259,PROD-035,1,4385.74,4385.74,COMPLETED,2026-08-09 23:31:26
ORD-2454,SEL-001,CUST-0323,PROD-020,1,3690.08,3690.08,COMPLETED,2026-08-09 23:40:00
ORD-2455,SEL-001,CUST-0117,PROD-055,1,4230.78,4230.78,COMPLETED,2026-08-09 23:48:46
ORD-2456,SEL-001,CUST-0488,PROD-088,1,4489.53,4489.53,COMPLETED,2026-08-09 23:57:07
ORD-2457,SEL-001,CUST-0395,P17,1,1100.0,1100.0,COMPLETED,2026-08-10 00:05:29
ORD-2458,SEL-001,CUST-0174,PROD-099,1,2498.74,2498.74,COMPLETED,2026-08-10 00:13:59
ORD-2459,SEL-001,CUST-0019,PROD-083,1,1366.65,1366.65,COMPLETED,2026-08-10 00:22:53
ORD-2460,SEL-001,CUST-0366,PROD-067,2,3548.0,7096.0,COMPLETED,2026-08-10 00:31:21
ORD-2461,SEL-001,CUST-0349,PROD-039,1,2878.71,2878.71,COMPLETED,2026-08-10 00:40:01
ORD-2462,SEL-001,CUST-0005,PROD-068,1,1223.45,1223.45,COMPLETED,2026-08-10 00:48:16
ORD-2463,SEL-001,CUST-0229,PROD-070,1,1590.68,1590.68,COMPLETED,2026-08-10 00:56:49
ORD-2464,SEL-001,CUST-0358,PROD-084,1,2734.49,2734.49,COMPLETED,2026-08-10 01:05:23
ORD-2465,SEL-001,CUST-0044,P17,1,1100.0,1100.0,COMPLETED,2026-08-10 01:13:50
ORD-2466,SEL-001,CUST-0451,PROD-070,1,1590.68,1590.68,COMPLETED,2026-08-10 01:22:36
ORD-2467,SEL-001,CUST-0160,PROD-097,1,1871.88,1871.88,COMPLETED,2026-08-10 01:31:02
ORD-2468,SEL-001,CUST-0408,PROD-034,1,2528.97,2528.97,COMPLETED,2026-08-10 01:39:46
ORD-2469,SEL-001,CUST-0217,PROD-015,1,3012.01,3012.01,COMPLETED,2026-08-10 01:48:13
ORD-2470,SEL-001,CUST-0322,PROD-016,1,2566.0,2566.0,COMPLETED,2026-08-10 01:56:30
ORD-2471,SEL-001,CUST-0230,PROD-095,1,2044.18,2044.18,COMPLETED,2026-08-10 02:04:57
ORD-2472,SEL-001,CUST-0413,PROD-075,1,1587.38,1587.38,COMPLETED,2026-08-10 02:13:33
ORD-2473,SEL-001,CUST-0341,PROD-077,1,1931.44,1931.44,COMPLETED,2026-08-10 02:22:18
ORD-2474,SEL-001,CUST-0402,PROD-074,1,3974.56,3974.56,COMPLETED,2026-08-10 02:30:51
ORD-2475,SEL-001,CUST-0378,PROD-042,1,3244.43,3244.43,COMPLETED,2026-08-10 02:39:18
ORD-2476,SEL-001,CUST-0185,PROD-019,1,2754.38,2754.38,COMPLETED,2026-08-10 02:47:58
ORD-2477,SEL-001,CUST-0048,P17,1,1100.0,1100.0,COMPLETED,2026-08-10 02:56:08
ORD-2478,SEL-001,CUST-0347,PROD-076,1,3035.61,3035.61,COMPLETED,2026-08-10 03:04:49
ORD-2479,SEL-001,CUST-0136,PROD-082,1,2635.81,2635.81,COMPLETED,2026-08-10 03:13:37
ORD-2480,SEL-001,CUST-0486,PROD-054,1,1384.66,1384.66,COMPLETED,2026-08-10 03:22:11
ORD-2481,SEL-001,CUST-0249,P17,2,1100.0,2200.0,COMPLETED,2026-08-10 03:30:18
ORD-2482,SEL-001,CUST-0061,PROD-059,1,3348.79,3348.79,COMPLETED,2026-08-10 03:39:02
ORD-2483,SEL-001,CUST-0287,PROD-016,1,2566.0,2566.0,COMPLETED,2026-08-10 03:47:48
ORD-2484,SEL-001,CUST-0190,PROD-006,1,3125.97,3125.97,COMPLETED,2026-08-10 03:55:53
ORD-2485,SEL-001,CUST-0192,PROD-063,1,2970.0,2970.0,COMPLETED,2026-08-10 04:04:31
ORD-2486,SEL-001,CUST-0302,PROD-040,2,3912.25,7824.5,COMPLETED,2026-08-10 04:13:19
ORD-2487,SEL-001,CUST-0379,PROD-016,1,2566.0,2566.0,COMPLETED,2026-08-10 04:21:52
ORD-2488,SEL-001,CUST-0214,PROD-040,1,3912.25,3912.25,COMPLETED,2026-08-10 04:29:59
ORD-2489,SEL-001,CUST-0194,PROD-093,1,2916.65,2916.65,COMPLETED,2026-08-10 04:38:56
ORD-2490,SEL-001,CUST-0259,PROD-098,1,4483.52,4483.52,COMPLETED,2026-08-10 04:47:07
ORD-2491,SEL-001,CUST-0373,PROD-080,1,1375.74,1375.74,COMPLETED,2026-08-10 04:56:02
ORD-2492,SEL-001,CUST-0461,PROD-070,1,1590.68,1590.68,COMPLETED,2026-08-10 05:04:14
ORD-2493,SEL-001,CUST-0377,PROD-012,2,2397.76,4795.52,COMPLETED,2026-08-10 05:12:53
ORD-2494,SEL-001,CUST-0323,PROD-091,1,450.24,450.24,COMPLETED,2026-08-10 05:21:29
ORD-2495,SEL-001,CUST-0287,PROD-080,1,1375.74,1375.74,COMPLETED,2026-08-10 05:30:03
ORD-2496,SEL-001,CUST-0292,PROD-097,1,1871.88,1871.88,COMPLETED,2026-08-10 05:38:45
ORD-2497,SEL-001,CUST-0338,PROD-024,2,1696.06,3392.12,COMPLETED,2026-08-10 05:46:50
ORD-2498,SEL-001,CUST-0126,PROD-075,1,1587.38,1587.38,COMPLETED,2026-08-10 05:55:25
ORD-2499,SEL-001,CUST-0165,PROD-006,1,3125.97,3125.97,COMPLETED,2026-08-10 06:04:10
ORD-2500,SEL-001,CUST-0224,PROD-004,2,1198.65,2397.3,COMPLETED,2026-08-10 06:12:33
ORD-2501,SEL-001,CUST-0047,PROD-013,1,362.78,362.78,COMPLETED,2026-08-10 06:21:03
ORD-2502,SEL-001,CUST-0131,PROD-020,1,3690.08,3690.08,COMPLETED,2026-08-10 06:29:32
ORD-2503,SEL-001,CUST-0031,PROD-042,1,3244.43,3244.43,COMPLETED,2026-08-10 06:38:04
ORD-2504,SEL-001,CUST-0200,PROD-019,1,2754.38,2754.38,COMPLETED,2026-08-10 06:46:40
ORD-2505,SEL-001,CUST-0483,PROD-016,1,2566.0,2566.0,COMPLETED,2026-08-10 06:55:15
ORD-2506,SEL-001,CUST-0301,PROD-066,1,3832.12,3832.12,COMPLETED,2026-08-10 07:03:54
ORD-2507,SEL-001,CUST-0138,PROD-060,1,944.46,944.46,COMPLETED,2026-08-10 07:12:10
ORD-2508,SEL-001,CUST-0209,PROD-003,1,1418.87,1418.87,COMPLETED,2026-08-10 07:20:39
ORD-2509,SEL-001,CUST-0052,PROD-072,1,1146.68,1146.68,COMPLETED,2026-08-10 07:29:32
ORD-2510,SEL-001,CUST-0209,PROD-082,1,2635.81,2635.81,COMPLETED,2026-08-10 07:38:02
ORD-2511,SEL-001,CUST-0192,PROD-022,1,3674.73,3674.73,COMPLETED,2026-08-10 07:46:20
ORD-2512,SEL-001,CUST-0493,PROD-058,1,977.34,977.34,COMPLETED,2026-08-10 07:55:01
ORD-2513,SEL-001,CUST-0425,PROD-084,2,2734.49,5468.98,COMPLETED,2026-08-10 08:03:50
ORD-2514,SEL-001,CUST-0307,PROD-088,1,4489.53,4489.53,COMPLETED,2026-08-10 08:12:00
ORD-2515,SEL-001,CUST-0109,PROD-066,1,3832.12,3832.12,COMPLETED,2026-08-10 08:20:44
ORD-2516,SEL-001,CUST-0289,PROD-012,1,2397.76,2397.76,COMPLETED,2026-08-10 08:29:13
ORD-2517,SEL-001,CUST-0372,PROD-036,2,1858.77,3717.54,COMPLETED,2026-08-10 08:37:32
ORD-2518,SEL-001,CUST-0491,PROD-088,2,4489.53,8979.06,COMPLETED,2026-08-10 08:46:16
ORD-2519,SEL-001,CUST-0363,PROD-032,1,3680.3,3680.3,COMPLETED,2026-08-10 08:54:56
ORD-2520,SEL-001,CUST-0236,PROD-043,1,444.75,444.75,COMPLETED,2026-08-10 09:03:10
ORD-2521,SEL-001,CUST-0473,P17,1,1100.0,1100.0,COMPLETED,2026-08-10 09:11:56
ORD-2522,SEL-001,CUST-0089,PROD-090,1,636.37,636.37,COMPLETED,2026-08-10 09:20:29
ORD-2523,SEL-001,CUST-0042,PROD-084,1,2734.49,2734.49,COMPLETED,2026-08-10 09:28:57
ORD-2524,SEL-001,CUST-0427,PROD-057,1,2838.81,2838.81,COMPLETED,2026-08-10 09:37:40
ORD-2525,SEL-001,CUST-0193,PROD-046,1,589.12,589.12,COMPLETED,2026-08-10 09:46:10
ORD-2526,SEL-001,CUST-0357,PROD-016,1,2566.0,2566.0,COMPLETED,2026-08-10 09:54:41
ORD-2527,SEL-001,CUST-0005,PROD-003,1,1418.87,1418.87,COMPLETED,2026-08-10 10:03:02
ORD-2528,SEL-001,CUST-0184,PROD-079,1,2200.12,2200.12,COMPLETED,2026-08-10 10:11:42
ORD-2529,SEL-001,CUST-0120,PROD-047,1,1239.36,1239.36,COMPLETED,2026-08-10 10:19:59
ORD-2530,SEL-001,CUST-0362,PROD-001,1,2967.56,2967.56,COMPLETED,2026-08-10 10:28:46
ORD-2531,SEL-001,CUST-0057,PROD-073,1,4257.37,4257.37,COMPLETED,2026-08-10 10:37:08
ORD-2532,SEL-001,CUST-0338,PROD-087,1,1182.11,1182.11,COMPLETED,2026-08-10 10:45:35
ORD-2533,SEL-001,CUST-0302,PROD-009,1,2043.17,2043.17,COMPLETED,2026-08-10 10:54:03
ORD-2534,SEL-001,CUST-0117,PROD-094,1,3616.34,3616.34,COMPLETED,2026-08-10 11:03:00
ORD-2535,SEL-001,CUST-0012,PROD-089,1,2415.49,2415.49,COMPLETED,2026-08-10 11:11:26
ORD-2536,SEL-001,CUST-0287,PROD-001,2,2967.56,5935.12,COMPLETED,2026-08-10 11:19:58
ORD-2537,SEL-001,CUST-0333,PROD-042,1,3244.43,3244.43,COMPLETED,2026-08-10 11:28:39
ORD-2538,SEL-001,CUST-0063,PROD-060,1,944.46,944.46,COMPLETED,2026-08-10 11:36:49
ORD-2539,SEL-001,CUST-0453,PROD-007,1,4041.76,4041.76,COMPLETED,2026-08-10 11:45:14
ORD-2540,SEL-001,CUST-0162,P17,1,1100.0,1100.0,COMPLETED,2026-08-10 11:53:59
ORD-2541,SEL-001,CUST-0414,P17,1,1100.0,1100.0,COMPLETED,2026-08-10 12:02:35
ORD-2542,SEL-001,CUST-0491,PROD-032,1,3680.3,3680.3,COMPLETED,2026-08-10 12:11:02
ORD-2543,SEL-001,CUST-0321,PROD-004,1,1198.65,1198.65,COMPLETED,2026-08-10 12:19:23
ORD-2544,SEL-001,CUST-0409,PROD-043,1,444.75,444.75,COMPLETED,2026-08-10 12:28:11
ORD-2545,SEL-001,CUST-0123,PROD-007,1,4041.76,4041.76,COMPLETED,2026-08-10 12:36:40
ORD-2546,SEL-001,CUST-0484,PROD-077,1,1931.44,1931.44,COMPLETED,2026-08-10 12:45:04
ORD-2547,SEL-001,CUST-0229,PROD-011,2,1179.21,2358.42,COMPLETED,2026-08-10 12:53:49
ORD-2548,SEL-001,CUST-0161,PROD-089,1,2415.49,2415.49,COMPLETED,2026-08-10 13:02:13
ORD-2549,SEL-001,CUST-0411,PROD-039,1,2878.71,2878.71,COMPLETED,2026-08-10 13:11:02
ORD-2550,SEL-001,CUST-0347,PROD-007,1,4041.76,4041.76,COMPLETED,2026-08-10 13:19:08
ORD-2551,SEL-001,CUST-0317,PROD-030,2,3851.85,7703.7,COMPLETED,2026-08-10 13:27:40
ORD-2552,SEL-001,CUST-0006,PROD-060,1,944.46,944.46,COMPLETED,2026-08-10 13:36:28
ORD-2553,SEL-001,CUST-0052,PROD-087,1,1182.11,1182.11,COMPLETED,2026-08-10 13:45:01
ORD-2554,SEL-001,CUST-0301,PROD-014,1,1095.06,1095.06,COMPLETED,2026-08-10 13:53:24
ORD-2555,SEL-001,CUST-0405,PROD-074,1,3974.56,3974.56,COMPLETED,2026-08-10 14:02:04
ORD-2556,SEL-001,CUST-0216,PROD-080,1,1375.74,1375.74,COMPLETED,2026-08-10 14:10:29
ORD-2557,SEL-001,CUST-0023,PROD-040,1,3912.25,3912.25,COMPLETED,2026-08-10 14:19:15
ORD-2558,SEL-001,CUST-0387,PROD-075,2,1587.38,3174.76,COMPLETED,2026-08-10 14:27:42
ORD-2559,SEL-001,CUST-0241,PROD-044,1,1218.57,1218.57,COMPLETED,2026-08-10 14:35:58
ORD-2560,SEL-001,CUST-0301,PROD-019,1,2754.38,2754.38,COMPLETED,2026-08-10 14:44:42
ORD-2561,SEL-001,CUST-0287,PROD-055,1,4230.78,4230.78,COMPLETED,2026-08-10 14:53:24
ORD-2562,SEL-001,CUST-0466,PROD-009,1,2043.17,2043.17,COMPLETED,2026-08-10 15:01:50
ORD-2563,SEL-001,CUST-0355,PROD-077,1,1931.44,1931.44,COMPLETED,2026-08-10 15:10:24
ORD-2564,SEL-001,CUST-0494,PROD-039,1,2878.71,2878.71,COMPLETED,2026-08-10 15:18:52
ORD-2565,SEL-001,CUST-0449,PROD-006,1,3125.97,3125.97,COMPLETED,2026-08-10 15:27:20
ORD-2566,SEL-001,CUST-0115,PROD-060,1,944.46,944.46,COMPLETED,2026-08-10 15:35:58
ORD-2567,SEL-001,CUST-0394,PROD-043,1,444.75,444.75,COMPLETED,2026-08-10 15:44:33
ORD-2568,SEL-001,CUST-0095,PROD-001,1,2967.56,2967.56,COMPLETED,2026-08-10 15:52:54
ORD-2569,SEL-001,CUST-0285,PROD-038,1,3774.97,3774.97,COMPLETED,2026-08-10 16:01:14
ORD-2570,SEL-001,CUST-0392,PROD-004,1,1198.65,1198.65,COMPLETED,2026-08-10 16:10:15
ORD-2571,SEL-001,CUST-0454,PROD-023,1,3217.09,3217.09,COMPLETED,2026-08-10 16:18:25
ORD-2572,SEL-001,CUST-0101,P17,1,1100.0,1100.0,COMPLETED,2026-08-10 16:26:55
ORD-2573,SEL-001,CUST-0426,PROD-049,1,1431.39,1431.39,COMPLETED,2026-08-10 16:35:22
ORD-2574,SEL-001,CUST-0480,PROD-059,1,3348.79,3348.79,COMPLETED,2026-08-10 16:44:05
ORD-2575,SEL-001,CUST-0088,PROD-080,2,1375.74,2751.48,COMPLETED,2026-08-10 16:52:48
ORD-2576,SEL-001,CUST-0061,P17,1,1100.0,1100.0,COMPLETED,2026-08-10 17:01:01
ORD-2577,SEL-001,CUST-0356,PROD-077,1,1931.44,1931.44,COMPLETED,2026-08-10 17:09:43
ORD-2578,SEL-001,CUST-0024,PROD-076,1,3035.61,3035.61,COMPLETED,2026-08-10 17:18:32
ORD-2579,SEL-001,CUST-0077,PROD-007,1,4041.76,4041.76,COMPLETED,2026-08-10 17:27:00
ORD-2580,SEL-001,CUST-0436,PROD-075,2,1587.38,3174.76,COMPLETED,2026-08-10 17:35:11
ORD-2581,SEL-001,CUST-0402,PROD-085,1,4065.75,4065.75,COMPLETED,2026-08-10 17:43:41
ORD-2582,SEL-001,CUST-0385,PROD-097,1,1871.88,1871.88,COMPLETED,2026-08-10 17:52:23
ORD-2583,SEL-001,CUST-0092,PROD-048,1,679.26,679.26,COMPLETED,2026-08-10 18:00:57
ORD-2584,SEL-001,CUST-0254,PROD-075,1,1587.38,1587.38,COMPLETED,2026-08-10 18:09:45
ORD-2585,SEL-001,CUST-0333,P17,1,1100.0,1100.0,COMPLETED,2026-08-10 18:18:05
ORD-2586,SEL-001,CUST-0121,PROD-040,1,3912.25,3912.25,COMPLETED,2026-08-10 18:26:46
ORD-2587,SEL-001,CUST-0479,PROD-033,1,3351.36,3351.36,COMPLETED,2026-08-10 18:34:56
ORD-2588,SEL-001,CUST-0152,PROD-046,1,589.12,589.12,COMPLETED,2026-08-10 18:43:25
ORD-2589,SEL-001,CUST-0319,PROD-058,1,977.34,977.34,COMPLETED,2026-08-10 18:52:11
ORD-2590,SEL-001,CUST-0255,PROD-049,1,1431.39,1431.39,COMPLETED,2026-08-10 19:00:52
ORD-2591,SEL-001,CUST-0331,PROD-011,1,1179.21,1179.21,COMPLETED,2026-08-10 19:09:07
ORD-2592,SEL-001,CUST-0330,PROD-036,2,1858.77,3717.54,COMPLETED,2026-08-10 19:17:48
ORD-2593,SEL-001,CUST-0185,P17,1,1100.0,1100.0,COMPLETED,2026-08-10 19:26:05
ORD-2594,SEL-001,CUST-0129,PROD-099,1,2498.74,2498.74,COMPLETED,2026-08-10 19:34:45
ORD-2595,SEL-001,CUST-0310,PROD-097,1,1871.88,1871.88,COMPLETED,2026-08-10 19:43:30
ORD-2596,SEL-001,CUST-0005,PROD-037,1,2596.17,2596.17,COMPLETED,2026-08-10 19:51:48
ORD-2597,SEL-001,CUST-0485,PROD-075,1,1587.38,1587.38,COMPLETED,2026-08-10 20:00:24
ORD-2598,SEL-001,CUST-0488,PROD-051,1,1800.54,1800.54,COMPLETED,2026-08-10 20:09:08
ORD-2599,SEL-001,CUST-0243,PROD-076,1,3035.61,3035.61,COMPLETED,2026-08-10 20:17:22
ORD-2600,SEL-001,CUST-0417,PROD-011,1,1179.21,1179.21,COMPLETED,2026-08-10 20:26:11
ORD-2601,SEL-001,CUST-0483,PROD-027,1,1680.53,1680.53,COMPLETED,2026-08-10 20:34:44
ORD-2602,SEL-001,CUST-0192,P17,1,1100.0,1100.0,COMPLETED,2026-08-10 20:42:52
ORD-2603,SEL-001,CUST-0415,PROD-046,1,589.12,589.12,COMPLETED,2026-08-10 20:51:39
ORD-2604,SEL-001,CUST-0386,PROD-100,1,4377.08,4377.08,COMPLETED,2026-08-10 21:00:17
ORD-2605,SEL-001,CUST-0012,PROD-005,2,3380.0,6760.0,COMPLETED,2026-08-10 21:08:46
ORD-2606,SEL-001,CUST-0170,PROD-078,2,4136.83,8273.66,COMPLETED,2026-08-10 21:17:30
ORD-2607,SEL-001,CUST-0196,PROD-051,1,1800.54,1800.54,COMPLETED,2026-08-10 21:25:44
ORD-2608,SEL-001,CUST-0056,PROD-058,1,977.34,977.34,COMPLETED,2026-08-10 21:34:19
ORD-2609,SEL-001,CUST-0054,PROD-023,1,3217.09,3217.09,COMPLETED,2026-08-10 21:42:41
ORD-2610,SEL-001,CUST-0014,PROD-009,2,2043.17,4086.34,COMPLETED,2026-08-10 21:51:23
ORD-2611,SEL-001,CUST-0120,PROD-068,1,1223.45,1223.45,COMPLETED,2026-08-10 21:59:46
ORD-2612,SEL-001,CUST-0006,PROD-053,1,1140.4,1140.4,COMPLETED,2026-08-10 22:08:28
ORD-2613,SEL-001,CUST-0275,PROD-096,1,519.99,519.99,COMPLETED,2026-08-10 22:16:48
ORD-2614,SEL-001,CUST-0106,PROD-027,1,1680.53,1680.53,COMPLETED,2026-08-10 22:25:43
ORD-2615,SEL-001,CUST-0244,PROD-074,2,3974.56,7949.12,COMPLETED,2026-08-10 22:34:09
ORD-2616,SEL-001,CUST-0367,PROD-036,1,1858.77,1858.77,COMPLETED,2026-08-10 22:42:36
ORD-2617,SEL-001,CUST-0033,PROD-078,1,4136.83,4136.83,COMPLETED,2026-08-10 22:51:07
ORD-2618,SEL-001,CUST-0292,PROD-059,1,3348.79,3348.79,COMPLETED,2026-08-10 22:59:54
ORD-2619,SEL-001,CUST-0148,PROD-059,1,3348.79,3348.79,COMPLETED,2026-08-10 23:07:59
ORD-2620,SEL-001,CUST-0153,PROD-023,1,3217.09,3217.09,COMPLETED,2026-08-10 23:16:54
ORD-2621,SEL-001,CUST-0376,PROD-050,2,2951.66,5903.32,COMPLETED,2026-08-10 23:25:20
ORD-2622,SEL-001,CUST-0049,PROD-006,1,3125.97,3125.97,COMPLETED,2026-08-10 23:33:51
ORD-2623,SEL-001,CUST-0452,PROD-038,1,3774.97,3774.97,COMPLETED,2026-08-10 23:42:13
ORD-2624,SEL-001,CUST-0370,PROD-064,1,2617.04,2617.04,COMPLETED,2026-08-10 23:51:00
ORD-2625,SEL-001,CUST-0189,PROD-014,1,1095.06,1095.06,COMPLETED,2026-08-10 23:59:12
ORD-2626,SEL-001,CUST-0231,PROD-027,1,1680.53,1680.53,COMPLETED,2026-08-11 00:07:54
ORD-2627,SEL-001,CUST-0328,PROD-096,1,519.99,519.99,COMPLETED,2026-08-11 00:16:15
ORD-2628,SEL-001,CUST-0439,PROD-005,1,3380.0,3380.0,COMPLETED,2026-08-11 00:24:57
ORD-2629,SEL-001,CUST-0070,PROD-096,1,519.99,519.99,COMPLETED,2026-08-11 00:33:46
ORD-2630,SEL-001,CUST-0281,PROD-092,2,716.01,1432.02,COMPLETED,2026-08-11 00:41:51
ORD-2631,SEL-001,CUST-0143,PROD-022,1,3674.73,3674.73,COMPLETED,2026-08-11 00:50:47
ORD-2632,SEL-001,CUST-0151,PROD-095,1,2044.18,2044.18,COMPLETED,2026-08-11 00:58:58
ORD-2633,SEL-001,CUST-0006,PROD-020,1,3690.08,3690.08,COMPLETED,2026-08-11 01:07:49
ORD-2634,SEL-001,CUST-0018,PROD-069,1,386.43,386.43,COMPLETED,2026-08-11 01:16:19
ORD-2635,SEL-001,CUST-0326,PROD-083,1,1366.65,1366.65,COMPLETED,2026-08-11 01:24:55
ORD-2636,SEL-001,CUST-0200,PROD-057,1,2838.81,2838.81,COMPLETED,2026-08-11 01:33:04
ORD-2637,SEL-001,CUST-0476,PROD-031,1,2815.84,2815.84,COMPLETED,2026-08-11 01:41:39
ORD-2638,SEL-001,CUST-0421,PROD-086,1,1947.45,1947.45,COMPLETED,2026-08-11 01:50:16
ORD-2639,SEL-001,CUST-0409,PROD-086,1,1947.45,1947.45,COMPLETED,2026-08-11 01:58:41
ORD-2640,SEL-001,CUST-0263,PROD-042,1,3244.43,3244.43,COMPLETED,2026-08-11 02:07:23
ORD-2641,SEL-001,CUST-0107,PROD-051,2,1800.54,3601.08,COMPLETED,2026-08-11 02:16:01
ORD-2642,SEL-001,CUST-0055,PROD-023,1,3217.09,3217.09,COMPLETED,2026-08-11 02:24:20
ORD-2643,SEL-001,CUST-0200,PROD-029,1,661.04,661.04,COMPLETED,2026-08-11 02:32:46
ORD-2644,SEL-001,CUST-0320,PROD-009,2,2043.17,4086.34,COMPLETED,2026-08-11 02:41:38
ORD-2645,SEL-001,CUST-0307,PROD-014,1,1095.06,1095.06,COMPLETED,2026-08-11 02:50:14
ORD-2646,SEL-001,CUST-0436,PROD-033,2,3351.36,6702.72,COMPLETED,2026-08-11 02:58:51
ORD-2647,SEL-001,CUST-0357,PROD-099,1,2498.74,2498.74,COMPLETED,2026-08-11 03:07:14
ORD-2648,SEL-001,CUST-0390,PROD-041,2,2703.75,5407.5,COMPLETED,2026-08-11 03:15:46
ORD-2649,SEL-001,CUST-0172,P17,2,1100.0,2200.0,COMPLETED,2026-08-11 03:24:00
ORD-2650,SEL-001,CUST-0328,PROD-065,1,3159.61,3159.61,COMPLETED,2026-08-11 03:32:46
ORD-2651,SEL-001,CUST-0011,PROD-016,1,2566.0,2566.0,COMPLETED,2026-08-11 03:41:09
ORD-2652,SEL-001,CUST-0125,PROD-008,1,619.49,619.49,COMPLETED,2026-08-11 03:49:58
ORD-2653,SEL-001,CUST-0078,PROD-083,1,1366.65,1366.65,COMPLETED,2026-08-11 03:58:12
ORD-2654,SEL-001,CUST-0485,PROD-043,1,444.75,444.75,COMPLETED,2026-08-11 04:06:57
ORD-2655,SEL-001,CUST-0390,P17,1,1100.0,1100.0,COMPLETED,2026-08-11 04:15:35
ORD-2656,SEL-001,CUST-0148,PROD-030,1,3851.85,3851.85,COMPLETED,2026-08-11 04:24:08
ORD-2657,SEL-001,CUST-0106,PROD-086,2,1947.45,3894.9,COMPLETED,2026-08-11 04:32:21
ORD-2658,SEL-001,CUST-0369,PROD-049,1,1431.39,1431.39,COMPLETED,2026-08-11 04:41:08
ORD-2659,SEL-001,CUST-0004,PROD-063,1,2970.0,2970.0,COMPLETED,2026-08-11 04:49:39
ORD-2660,SEL-001,CUST-0073,P17,1,1100.0,1100.0,COMPLETED,2026-08-11 04:58:11
ORD-2661,SEL-001,CUST-0408,PROD-031,1,2815.84,2815.84,COMPLETED,2026-08-11 05:06:49
ORD-2662,SEL-001,CUST-0160,PROD-026,1,4318.16,4318.16,COMPLETED,2026-08-11 05:15:09
ORD-2663,SEL-001,CUST-0156,PROD-058,2,977.34,1954.68,COMPLETED,2026-08-11 05:23:34
ORD-2664,SEL-001,CUST-0401,PROD-047,1,1239.36,1239.36,COMPLETED,2026-08-11 05:32:26
ORD-2665,SEL-001,CUST-0217,PROD-095,1,2044.18,2044.18,COMPLETED,2026-08-11 05:40:45
ORD-2666,SEL-001,CUST-0407,PROD-098,1,4483.52,4483.52,COMPLETED,2026-08-11 05:49:33
ORD-2667,SEL-001,CUST-0465,PROD-077,1,1931.44,1931.44,COMPLETED,2026-08-11 05:57:59
ORD-2668,SEL-001,CUST-0132,PROD-040,1,3912.25,3912.25,COMPLETED,2026-08-11 06:06:12
ORD-2669,SEL-001,CUST-0247,PROD-018,1,1186.87,1186.87,COMPLETED,2026-08-11 06:14:58
ORD-2670,SEL-001,CUST-0098,P17,2,1100.0,2200.0,COMPLETED,2026-08-11 06:23:40
ORD-2671,SEL-001,CUST-0252,PROD-054,2,1384.66,2769.32,COMPLETED,2026-08-11 06:31:54
ORD-2672,SEL-001,CUST-0197,PROD-083,2,1366.65,2733.3,COMPLETED,2026-08-11 06:40:26
ORD-2673,SEL-001,CUST-0020,PROD-016,1,2566.0,2566.0,COMPLETED,2026-08-11 06:49:15
ORD-2674,SEL-001,CUST-0391,PROD-033,1,3351.36,3351.36,COMPLETED,2026-08-11 06:57:25
ORD-2675,SEL-001,CUST-0261,PROD-082,1,2635.81,2635.81,COMPLETED,2026-08-11 07:06:02
ORD-2676,SEL-001,CUST-0198,PROD-095,1,2044.18,2044.18,COMPLETED,2026-08-11 07:14:43
ORD-2677,SEL-001,CUST-0417,PROD-091,1,450.24,450.24,COMPLETED,2026-08-11 07:23:24
ORD-2678,SEL-001,CUST-0076,PROD-059,2,3348.79,6697.58,COMPLETED,2026-08-11 07:31:47
ORD-2679,SEL-001,CUST-0309,PROD-085,1,4065.75,4065.75,COMPLETED,2026-08-11 07:40:06
ORD-2680,SEL-001,CUST-0470,PROD-091,1,450.24,450.24,COMPLETED,2026-08-11 07:48:54
ORD-2681,SEL-001,CUST-0466,PROD-055,1,4230.78,4230.78,COMPLETED,2026-08-11 07:57:20
ORD-2682,SEL-001,CUST-0155,PROD-069,1,386.43,386.43,COMPLETED,2026-08-11 08:05:58
ORD-2683,SEL-001,CUST-0376,PROD-094,2,3616.34,7232.68,COMPLETED,2026-08-11 08:14:17
ORD-2684,SEL-001,CUST-0398,PROD-019,1,2754.38,2754.38,COMPLETED,2026-08-11 08:22:58
ORD-2685,SEL-001,CUST-0204,PROD-001,2,2967.56,5935.12,COMPLETED,2026-08-11 08:31:35
ORD-2686,SEL-001,CUST-0050,PROD-090,1,636.37,636.37,COMPLETED,2026-08-11 08:39:44
ORD-2687,SEL-001,CUST-0376,PROD-023,1,3217.09,3217.09,COMPLETED,2026-08-11 08:48:25
ORD-2688,SEL-001,CUST-0250,PROD-015,1,3012.01,3012.01,COMPLETED,2026-08-11 08:56:54
ORD-2689,SEL-001,CUST-0103,PROD-024,1,1696.06,1696.06,COMPLETED,2026-08-11 09:05:25
ORD-2690,SEL-001,CUST-0447,PROD-081,2,1298.17,2596.34,COMPLETED,2026-08-11 09:14:20
ORD-2691,SEL-001,CUST-0086,PROD-011,1,1179.21,1179.21,COMPLETED,2026-08-11 09:22:44
ORD-2692,SEL-001,CUST-0016,PROD-062,1,4455.47,4455.47,COMPLETED,2026-08-11 09:31:06
ORD-2693,SEL-001,CUST-0032,PROD-001,1,2967.56,2967.56,COMPLETED,2026-08-11 09:39:28
ORD-2694,SEL-001,CUST-0050,PROD-001,1,2967.56,2967.56,COMPLETED,2026-08-11 09:48:01
ORD-2695,SEL-001,CUST-0390,PROD-063,1,2970.0,2970.0,COMPLETED,2026-08-11 09:57:02
ORD-2696,SEL-001,CUST-0173,PROD-044,2,1218.57,2437.14,COMPLETED,2026-08-11 10:05:17
ORD-2697,SEL-001,CUST-0185,PROD-049,1,1431.39,1431.39,COMPLETED,2026-08-11 10:14:06
ORD-2698,SEL-001,CUST-0170,PROD-001,1,2967.56,2967.56,COMPLETED,2026-08-11 10:22:35
ORD-2699,SEL-001,CUST-0428,PROD-018,1,1186.87,1186.87,COMPLETED,2026-08-11 10:31:03
ORD-2700,SEL-001,CUST-0144,PROD-097,1,1871.88,1871.88,COMPLETED,2026-08-11 10:39:28
ORD-2701,SEL-001,CUST-0352,PROD-061,1,1862.69,1862.69,COMPLETED,2026-08-11 10:48:03
ORD-2702,SEL-001,CUST-0327,PROD-042,1,3244.43,3244.43,COMPLETED,2026-08-11 10:56:17
ORD-2703,SEL-001,CUST-0497,PROD-042,1,3244.43,3244.43,COMPLETED,2026-08-11 11:04:50
ORD-2704,SEL-001,CUST-0205,PROD-011,1,1179.21,1179.21,COMPLETED,2026-08-11 11:13:36
ORD-2705,SEL-001,CUST-0477,PROD-085,2,4065.75,8131.5,COMPLETED,2026-08-11 11:22:23
ORD-2706,SEL-001,CUST-0198,PROD-025,1,910.79,910.79,COMPLETED,2026-08-11 11:30:48
ORD-2707,SEL-001,CUST-0293,PROD-092,1,716.01,716.01,COMPLETED,2026-08-11 11:39:25
ORD-2708,SEL-001,CUST-0045,PROD-087,2,1182.11,2364.22,COMPLETED,2026-08-11 11:47:54
ORD-2709,SEL-001,CUST-0087,PROD-015,1,3012.01,3012.01,COMPLETED,2026-08-11 11:56:15
ORD-2710,SEL-001,CUST-0109,PROD-085,1,4065.75,4065.75,COMPLETED,2026-08-11 12:04:40
ORD-2711,SEL-001,CUST-0015,PROD-042,2,3244.43,6488.86,COMPLETED,2026-08-11 12:13:27
ORD-2712,SEL-001,CUST-0369,PROD-061,2,1862.69,3725.38,COMPLETED,2026-08-11 12:21:44
ORD-2713,SEL-001,CUST-0070,PROD-082,1,2635.81,2635.81,COMPLETED,2026-08-11 12:30:30
ORD-2714,SEL-001,CUST-0171,PROD-074,1,3974.56,3974.56,COMPLETED,2026-08-11 12:39:03
ORD-2715,SEL-001,CUST-0176,PROD-092,1,716.01,716.01,COMPLETED,2026-08-11 12:47:33
ORD-2716,SEL-001,CUST-0329,PROD-056,1,3004.15,3004.15,COMPLETED,2026-08-11 12:56:05
ORD-2717,SEL-001,CUST-0149,PROD-012,1,2397.76,2397.76,COMPLETED,2026-08-11 13:04:20
ORD-2718,SEL-001,CUST-0382,PROD-074,1,3974.56,3974.56,COMPLETED,2026-08-11 13:12:55
ORD-2719,SEL-001,CUST-0195,PROD-001,1,2967.56,2967.56,COMPLETED,2026-08-11 13:21:51
ORD-2720,SEL-001,CUST-0434,PROD-055,1,4230.78,4230.78,COMPLETED,2026-08-11 13:29:59
ORD-2721,SEL-001,CUST-0479,PROD-067,1,3548.0,3548.0,COMPLETED,2026-08-11 13:38:46
ORD-2722,SEL-001,CUST-0203,P17,2,1100.0,2200.0,COMPLETED,2026-08-11 13:47:00
ORD-2723,SEL-001,CUST-0483,PROD-029,1,661.04,661.04,COMPLETED,2026-08-11 13:55:56
ORD-2724,SEL-001,CUST-0146,PROD-086,1,1947.45,1947.45,COMPLETED,2026-08-11 14:04:21
ORD-2725,SEL-001,CUST-0307,PROD-065,2,3159.61,6319.22,COMPLETED,2026-08-11 14:12:35
ORD-2726,SEL-001,CUST-0362,PROD-081,1,1298.17,1298.17,COMPLETED,2026-08-11 14:21:33
ORD-2727,SEL-001,CUST-0495,PROD-043,1,444.75,444.75,COMPLETED,2026-08-11 14:30:00
ORD-2728,SEL-001,CUST-0376,PROD-029,1,661.04,661.04,COMPLETED,2026-08-11 14:38:37
ORD-2729,SEL-001,CUST-0398,PROD-063,1,2970.0,2970.0,COMPLETED,2026-08-11 14:47:09
ORD-2730,SEL-001,CUST-0338,PROD-021,2,277.62,555.24,COMPLETED,2026-08-11 14:55:40
ORD-2731,SEL-001,CUST-0217,PROD-045,1,1479.9,1479.9,COMPLETED,2026-08-11 15:03:56
ORD-2732,SEL-001,CUST-0373,PROD-090,2,636.37,1272.74,COMPLETED,2026-08-11 15:12:34
ORD-2733,SEL-001,CUST-0202,PROD-042,1,3244.43,3244.43,COMPLETED,2026-08-11 15:21:07
ORD-2734,SEL-001,CUST-0028,PROD-091,1,450.24,450.24,COMPLETED,2026-08-11 15:29:47
ORD-2735,SEL-001,CUST-0071,PROD-062,1,4455.47,4455.47,COMPLETED,2026-08-11 15:38:12
ORD-2736,SEL-001,CUST-0412,PROD-095,1,2044.18,2044.18,COMPLETED,2026-08-11 15:46:32
ORD-2737,SEL-001,CUST-0295,PROD-019,1,2754.38,2754.38,COMPLETED,2026-08-11 15:55:25
ORD-2738,SEL-001,CUST-0431,PROD-008,1,619.49,619.49,COMPLETED,2026-08-11 16:03:51
ORD-2739,SEL-001,CUST-0484,PROD-066,1,3832.12,3832.12,COMPLETED,2026-08-11 16:12:07
ORD-2740,SEL-001,CUST-0322,PROD-032,1,3680.3,3680.3,COMPLETED,2026-08-11 16:20:38
ORD-2741,SEL-001,CUST-0155,PROD-023,1,3217.09,3217.09,COMPLETED,2026-08-11 16:29:21
ORD-2742,SEL-001,CUST-0408,PROD-012,1,2397.76,2397.76,COMPLETED,2026-08-11 16:38:00
ORD-2743,SEL-001,CUST-0196,PROD-084,1,2734.49,2734.49,COMPLETED,2026-08-11 16:46:30
ORD-2744,SEL-001,CUST-0329,PROD-066,1,3832.12,3832.12,COMPLETED,2026-08-11 16:54:58
ORD-2745,SEL-001,CUST-0246,PROD-096,1,519.99,519.99,COMPLETED,2026-08-11 17:03:33
ORD-2746,SEL-001,CUST-0248,PROD-090,1,636.37,636.37,COMPLETED,2026-08-11 17:11:59
ORD-2747,SEL-001,CUST-0167,PROD-069,1,386.43,386.43,COMPLETED,2026-08-11 17:20:22
ORD-2748,SEL-001,CUST-0202,PROD-069,1,386.43,386.43,COMPLETED,2026-08-11 17:28:51
ORD-2749,SEL-001,CUST-0266,PROD-069,1,386.43,386.43,COMPLETED,2026-08-11 17:37:25
ORD-2750,SEL-001,CUST-0386,PROD-085,2,4065.75,8131.5,COMPLETED,2026-08-11 17:45:58
ORD-2751,SEL-001,CUST-0356,PROD-072,1,1146.68,1146.68,COMPLETED,2026-08-11 17:54:46
ORD-2752,SEL-001,CUST-0066,PROD-084,1,2734.49,2734.49,COMPLETED,2026-08-11 18:03:00
ORD-2753,SEL-001,CUST-0386,P17,2,1100.0,2200.0,COMPLETED,2026-08-11 18:11:58
ORD-2754,SEL-001,CUST-0495,PROD-055,2,4230.78,8461.56,COMPLETED,2026-08-11 18:20:14
ORD-2755,SEL-001,CUST-0154,PROD-067,2,3548.0,7096.0,COMPLETED,2026-08-11 18:28:42
ORD-2756,SEL-001,CUST-0228,PROD-063,1,2970.0,2970.0,COMPLETED,2026-08-11 18:37:24
ORD-2757,SEL-001,CUST-0311,PROD-027,1,1680.53,1680.53,COMPLETED,2026-08-11 18:45:50
ORD-2758,SEL-001,CUST-0122,P17,1,1100.0,1100.0,COMPLETED,2026-08-11 18:54:12
ORD-2759,SEL-001,CUST-0491,PROD-071,1,1387.9,1387.9,COMPLETED,2026-08-11 19:02:49
ORD-2760,SEL-001,CUST-0374,PROD-010,1,376.64,376.64,COMPLETED,2026-08-11 19:11:19
ORD-2761,SEL-001,CUST-0463,PROD-059,1,3348.79,3348.79,COMPLETED,2026-08-11 19:20:07
ORD-2762,SEL-001,CUST-0482,PROD-069,1,386.43,386.43,COMPLETED,2026-08-11 19:28:32
ORD-2763,SEL-001,CUST-0325,PROD-025,1,910.79,910.79,COMPLETED,2026-08-11 19:36:59
ORD-2764,SEL-001,CUST-0421,PROD-021,1,277.62,277.62,COMPLETED,2026-08-11 19:45:43
ORD-2765,SEL-001,CUST-0223,PROD-078,1,4136.83,4136.83,COMPLETED,2026-08-11 19:54:21
ORD-2766,SEL-001,CUST-0057,PROD-053,1,1140.4,1140.4,COMPLETED,2026-08-11 20:02:45
ORD-2767,SEL-001,CUST-0466,PROD-035,1,4385.74,4385.74,COMPLETED,2026-08-11 20:11:11
ORD-2768,SEL-001,CUST-0006,PROD-029,1,661.04,661.04,COMPLETED,2026-08-11 20:19:40
ORD-2769,SEL-001,CUST-0064,PROD-094,2,3616.34,7232.68,COMPLETED,2026-08-11 20:28:33
ORD-2770,SEL-001,CUST-0251,PROD-045,1,1479.9,1479.9,COMPLETED,2026-08-11 20:37:01
ORD-2771,SEL-001,CUST-0139,PROD-007,1,4041.76,4041.76,COMPLETED,2026-08-11 20:45:25
ORD-2772,SEL-001,CUST-0093,PROD-095,1,2044.18,2044.18,COMPLETED,2026-08-11 20:53:52
ORD-2773,SEL-001,CUST-0305,PROD-052,1,1823.27,1823.27,COMPLETED,2026-08-11 21:02:29
ORD-2774,SEL-001,CUST-0352,PROD-020,1,3690.08,3690.08,COMPLETED,2026-08-11 21:10:44
ORD-2775,SEL-001,CUST-0377,PROD-093,1,2916.65,2916.65,COMPLETED,2026-08-11 21:19:34
ORD-2776,SEL-001,CUST-0128,PROD-054,1,1384.66,1384.66,COMPLETED,2026-08-11 21:28:12
ORD-2777,SEL-001,CUST-0409,PROD-037,1,2596.17,2596.17,COMPLETED,2026-08-11 21:36:31
ORD-2778,SEL-001,CUST-0368,PROD-030,1,3851.85,3851.85,COMPLETED,2026-08-11 21:45:22
ORD-2779,SEL-001,CUST-0157,PROD-041,1,2703.75,2703.75,COMPLETED,2026-08-11 21:53:54
ORD-2780,SEL-001,CUST-0374,PROD-012,1,2397.76,2397.76,COMPLETED,2026-08-11 22:01:58
ORD-2781,SEL-001,CUST-0147,PROD-064,1,2617.04,2617.04,COMPLETED,2026-08-11 22:10:51
ORD-2782,SEL-001,CUST-0478,PROD-062,1,4455.47,4455.47,COMPLETED,2026-08-11 22:19:16
ORD-2783,SEL-001,CUST-0455,PROD-016,1,2566.0,2566.0,COMPLETED,2026-08-11 22:27:53
ORD-2784,SEL-001,CUST-0426,PROD-092,1,716.01,716.01,COMPLETED,2026-08-11 22:36:33
ORD-2785,SEL-001,CUST-0126,PROD-085,2,4065.75,8131.5,COMPLETED,2026-08-11 22:44:47
ORD-2786,SEL-001,CUST-0484,PROD-078,1,4136.83,4136.83,COMPLETED,2026-08-11 22:53:36
ORD-2787,SEL-001,CUST-0346,PROD-098,1,4483.52,4483.52,COMPLETED,2026-08-11 23:01:46
ORD-2788,SEL-001,CUST-0188,PROD-066,1,3832.12,3832.12,COMPLETED,2026-08-11 23:10:15
ORD-2789,SEL-001,CUST-0195,PROD-015,1,3012.01,3012.01,COMPLETED,2026-08-11 23:19:00
ORD-2790,SEL-001,CUST-0277,PROD-016,1,2566.0,2566.0,COMPLETED,2026-08-11 23:27:43
ORD-2791,SEL-001,CUST-0110,P17,1,1100.0,1100.0,COMPLETED,2026-08-11 23:35:57
ORD-2792,SEL-001,CUST-0157,PROD-083,1,1366.65,1366.65,COMPLETED,2026-08-11 23:44:50
ORD-2793,SEL-001,CUST-0238,PROD-063,1,2970.0,2970.0,COMPLETED,2026-08-11 23:53:22
ORD-2794,SEL-001,CUST-0055,P17,2,1100.0,2200.0,COMPLETED,2026-08-12 00:01:36
ORD-2795,SEL-001,CUST-0005,PROD-063,1,2970.0,2970.0,COMPLETED,2026-08-12 00:10:08
ORD-2796,SEL-001,CUST-0079,PROD-063,1,2970.0,2970.0,COMPLETED,2026-08-12 00:18:57
ORD-2797,SEL-001,CUST-0116,PROD-048,1,679.26,679.26,COMPLETED,2026-08-12 00:27:09
ORD-2798,SEL-001,CUST-0275,PROD-014,2,1095.06,2190.12,COMPLETED,2026-08-12 00:35:38
ORD-2799,SEL-001,CUST-0083,PROD-096,1,519.99,519.99,COMPLETED,2026-08-12 00:44:19
ORD-2800,SEL-001,CUST-0364,PROD-025,1,910.79,910.79,COMPLETED,2026-08-12 00:53:04
ORD-2801,SEL-001,CUST-0381,PROD-005,1,3380.0,3380.0,COMPLETED,2026-08-12 01:01:22
ORD-2802,SEL-001,CUST-0492,PROD-035,1,4385.74,4385.74,COMPLETED,2026-08-12 01:09:56
ORD-2803,SEL-001,CUST-0410,P17,1,1100.0,1100.0,COMPLETED,2026-08-12 01:18:28
ORD-2804,SEL-001,CUST-0205,PROD-095,1,2044.18,2044.18,COMPLETED,2026-08-12 01:27:13
ORD-2805,SEL-001,CUST-0491,PROD-003,1,1418.87,1418.87,COMPLETED,2026-08-12 01:35:20
ORD-2806,SEL-001,CUST-0393,PROD-007,1,4041.76,4041.76,COMPLETED,2026-08-12 01:43:49
ORD-2807,SEL-001,CUST-0378,P17,1,1100.0,1100.0,COMPLETED,2026-08-12 01:52:40
ORD-2808,SEL-001,CUST-0390,PROD-080,1,1375.74,1375.74,COMPLETED,2026-08-12 02:00:56
ORD-2809,SEL-001,CUST-0144,PROD-034,2,2528.97,5057.94,COMPLETED,2026-08-12 02:09:33
ORD-2810,SEL-001,CUST-0220,PROD-091,1,450.24,450.24,COMPLETED,2026-08-12 02:18:24
ORD-2811,SEL-001,CUST-0258,PROD-025,2,910.79,1821.58,COMPLETED,2026-08-12 02:26:53
ORD-2812,SEL-001,CUST-0077,P17,1,1100.0,1100.0,COMPLETED,2026-08-12 02:35:22
ORD-2813,SEL-001,CUST-0476,PROD-003,1,1418.87,1418.87,COMPLETED,2026-08-12 02:43:40
ORD-2814,SEL-001,CUST-0195,PROD-040,1,3912.25,3912.25,COMPLETED,2026-08-12 02:52:07
ORD-2815,SEL-001,CUST-0173,PROD-008,1,619.49,619.49,COMPLETED,2026-08-12 03:00:45
ORD-2816,SEL-001,CUST-0057,PROD-036,2,1858.77,3717.54,COMPLETED,2026-08-12 03:09:19
ORD-2817,SEL-001,CUST-0164,PROD-024,1,1696.06,1696.06,COMPLETED,2026-08-12 03:17:49
ORD-2818,SEL-001,CUST-0165,PROD-061,1,1862.69,1862.69,COMPLETED,2026-08-12 03:26:37
ORD-2819,SEL-001,CUST-0095,PROD-063,1,2970.0,2970.0,COMPLETED,2026-08-12 03:34:59
ORD-2820,SEL-001,CUST-0343,P17,1,1100.0,1100.0,COMPLETED,2026-08-12 03:43:21
ORD-2821,SEL-001,CUST-0185,PROD-047,1,1239.36,1239.36,COMPLETED,2026-08-12 03:52:00
ORD-2822,SEL-001,CUST-0191,PROD-036,1,1858.77,1858.77,COMPLETED,2026-08-12 04:00:41
ORD-2823,SEL-001,CUST-0055,PROD-096,1,519.99,519.99,COMPLETED,2026-08-12 04:09:22
ORD-2824,SEL-001,CUST-0468,PROD-025,1,910.79,910.79,COMPLETED,2026-08-12 04:17:56
ORD-2825,SEL-001,CUST-0039,PROD-080,1,1375.74,1375.74,COMPLETED,2026-08-12 04:26:01
ORD-2826,SEL-001,CUST-0104,PROD-020,1,3690.08,3690.08,COMPLETED,2026-08-12 04:34:54
ORD-2827,SEL-001,CUST-0365,PROD-098,2,4483.52,8967.04,COMPLETED,2026-08-12 04:43:19
ORD-2828,SEL-001,CUST-0459,PROD-081,1,1298.17,1298.17,COMPLETED,2026-08-12 04:51:45
ORD-2829,SEL-001,CUST-0248,PROD-065,1,3159.61,3159.61,COMPLETED,2026-08-12 05:00:09
ORD-2830,SEL-001,CUST-0357,PROD-038,1,3774.97,3774.97,COMPLETED,2026-08-12 05:08:47
ORD-2831,SEL-001,CUST-0498,PROD-095,1,2044.18,2044.18,COMPLETED,2026-08-12 05:17:36
ORD-2832,SEL-001,CUST-0446,PROD-010,1,376.64,376.64,COMPLETED,2026-08-12 05:26:00
ORD-2833,SEL-001,CUST-0288,PROD-052,1,1823.27,1823.27,COMPLETED,2026-08-12 05:34:27
ORD-2834,SEL-001,CUST-0082,PROD-076,1,3035.61,3035.61,COMPLETED,2026-08-12 05:42:47
ORD-2835,SEL-001,CUST-0263,PROD-091,1,450.24,450.24,COMPLETED,2026-08-12 05:51:44
ORD-2836,SEL-001,CUST-0113,PROD-035,1,4385.74,4385.74,COMPLETED,2026-08-12 06:00:18
ORD-2837,SEL-001,CUST-0274,PROD-006,1,3125.97,3125.97,COMPLETED,2026-08-12 06:08:24
ORD-2838,SEL-001,CUST-0475,PROD-007,1,4041.76,4041.76,COMPLETED,2026-08-12 06:17:03
ORD-2839,SEL-001,CUST-0108,PROD-001,1,2967.56,2967.56,COMPLETED,2026-08-12 06:25:53
ORD-2840,SEL-001,CUST-0167,PROD-091,2,450.24,900.48,COMPLETED,2026-08-12 06:34:10
ORD-2841,SEL-001,CUST-0210,PROD-038,1,3774.97,3774.97,COMPLETED,2026-08-12 06:42:35
ORD-2842,SEL-001,CUST-0006,PROD-029,1,661.04,661.04,COMPLETED,2026-08-12 06:51:29
ORD-2843,SEL-001,CUST-0498,P17,1,1100.0,1100.0,COMPLETED,2026-08-12 06:59:43
ORD-2844,SEL-001,CUST-0400,PROD-093,1,2916.65,2916.65,COMPLETED,2026-08-12 07:08:37
ORD-2845,SEL-001,CUST-0132,PROD-082,1,2635.81,2635.81,COMPLETED,2026-08-12 07:16:59
ORD-2846,SEL-001,CUST-0113,PROD-027,1,1680.53,1680.53,COMPLETED,2026-08-12 07:25:25
ORD-2847,SEL-001,CUST-0203,PROD-030,1,3851.85,3851.85,COMPLETED,2026-08-12 07:34:07
ORD-2848,SEL-001,CUST-0462,PROD-064,1,2617.04,2617.04,COMPLETED,2026-08-12 07:42:19
ORD-2849,SEL-001,CUST-0091,PROD-063,2,2970.0,5940.0,COMPLETED,2026-08-12 07:51:14
ORD-2850,SEL-001,CUST-0011,PROD-023,1,3217.09,3217.09,COMPLETED,2026-08-12 07:59:29
ORD-2851,SEL-001,CUST-0036,PROD-055,1,4230.78,4230.78,COMPLETED,2026-08-12 08:07:58
ORD-2852,SEL-001,CUST-0052,PROD-018,1,1186.87,1186.87,COMPLETED,2026-08-12 08:16:36
ORD-2853,SEL-001,CUST-0052,PROD-003,1,1418.87,1418.87,COMPLETED,2026-08-12 08:25:15
ORD-2854,SEL-001,CUST-0068,PROD-011,1,1179.21,1179.21,COMPLETED,2026-08-12 08:33:29
ORD-2855,SEL-001,CUST-0007,PROD-002,2,356.3,712.6,COMPLETED,2026-08-12 08:42:19
ORD-2856,SEL-001,CUST-0419,PROD-091,1,450.24,450.24,COMPLETED,2026-08-12 08:50:55
ORD-2857,SEL-001,CUST-0289,PROD-021,1,277.62,277.62,COMPLETED,2026-08-12 08:59:28
ORD-2858,SEL-001,CUST-0029,PROD-035,1,4385.74,4385.74,COMPLETED,2026-08-12 09:07:43
ORD-2859,SEL-001,CUST-0023,PROD-038,1,3774.97,3774.97,COMPLETED,2026-08-12 09:16:34
ORD-2860,SEL-001,CUST-0073,P17,1,1100.0,1100.0,COMPLETED,2026-08-12 09:24:53
ORD-2861,SEL-001,CUST-0076,PROD-037,1,2596.17,2596.17,COMPLETED,2026-08-12 09:33:24
ORD-2862,SEL-001,CUST-0352,PROD-015,1,3012.01,3012.01,COMPLETED,2026-08-12 09:41:56
ORD-2863,SEL-001,CUST-0053,PROD-037,1,2596.17,2596.17,COMPLETED,2026-08-12 09:50:23
ORD-2864,SEL-001,CUST-0185,PROD-011,2,1179.21,2358.42,COMPLETED,2026-08-12 09:58:51
ORD-2865,SEL-001,CUST-0220,PROD-077,1,1931.44,1931.44,COMPLETED,2026-08-12 10:07:25
ORD-2866,SEL-001,CUST-0342,PROD-080,1,1375.74,1375.74,COMPLETED,2026-08-12 10:16:20
ORD-2867,SEL-001,CUST-0139,PROD-085,1,4065.75,4065.75,COMPLETED,2026-08-12 10:24:27
ORD-2868,SEL-001,CUST-0365,PROD-001,2,2967.56,5935.12,COMPLETED,2026-08-12 10:33:25
ORD-2869,SEL-001,CUST-0336,PROD-019,1,2754.38,2754.38,COMPLETED,2026-08-12 10:41:52
ORD-2870,SEL-001,CUST-0500,PROD-009,1,2043.17,2043.17,COMPLETED,2026-08-12 10:50:25
ORD-2871,SEL-001,CUST-0143,PROD-042,2,3244.43,6488.86,COMPLETED,2026-08-12 10:58:55
ORD-2872,SEL-001,CUST-0181,PROD-055,1,4230.78,4230.78,COMPLETED,2026-08-12 11:07:17
ORD-2873,SEL-001,CUST-0407,PROD-018,1,1186.87,1186.87,COMPLETED,2026-08-12 11:15:56
ORD-2874,SEL-001,CUST-0197,PROD-064,1,2617.04,2617.04,COMPLETED,2026-08-12 11:24:16
ORD-2875,SEL-001,CUST-0421,PROD-011,1,1179.21,1179.21,COMPLETED,2026-08-12 11:32:58
ORD-2876,SEL-001,CUST-0398,PROD-096,1,519.99,519.99,COMPLETED,2026-08-12 11:41:31
ORD-2877,SEL-001,CUST-0002,PROD-003,1,1418.87,1418.87,COMPLETED,2026-08-12 11:49:56
ORD-2878,SEL-001,CUST-0472,PROD-045,1,1479.9,1479.9,COMPLETED,2026-08-12 11:58:21
ORD-2879,SEL-001,CUST-0420,PROD-059,1,3348.79,3348.79,COMPLETED,2026-08-12 12:07:13
ORD-2880,SEL-001,CUST-0468,PROD-027,1,1680.53,1680.53,COMPLETED,2026-08-12 12:15:50
ORD-2881,SEL-001,CUST-0061,PROD-091,1,450.24,450.24,COMPLETED,2026-08-12 12:23:57
ORD-2882,SEL-001,CUST-0495,PROD-007,1,4041.76,4041.76,COMPLETED,2026-08-12 12:32:47
ORD-2883,SEL-001,CUST-0245,PROD-021,1,277.62,277.62,COMPLETED,2026-08-12 12:40:59
ORD-2884,SEL-001,CUST-0126,PROD-073,1,4257.37,4257.37,COMPLETED,2026-08-12 12:49:31
ORD-2885,SEL-001,CUST-0094,PROD-018,1,1186.87,1186.87,COMPLETED,2026-08-12 12:58:25
ORD-2886,SEL-001,CUST-0241,PROD-044,1,1218.57,1218.57,COMPLETED,2026-08-12 13:06:42
ORD-2887,SEL-001,CUST-0147,PROD-008,2,619.49,1238.98,COMPLETED,2026-08-12 13:15:05
ORD-2888,SEL-001,CUST-0089,PROD-002,1,356.3,356.3,COMPLETED,2026-08-12 13:24:01
ORD-2889,SEL-001,CUST-0449,PROD-092,1,716.01,716.01,COMPLETED,2026-08-12 13:32:39
ORD-2890,SEL-001,CUST-0157,PROD-055,2,4230.78,8461.56,COMPLETED,2026-08-12 13:40:57
ORD-2891,SEL-001,CUST-0268,P17,1,1100.0,1100.0,COMPLETED,2026-08-12 13:49:15
ORD-2892,SEL-001,CUST-0113,PROD-096,2,519.99,1039.98,COMPLETED,2026-08-12 13:57:46
ORD-2893,SEL-001,CUST-0419,PROD-062,1,4455.47,4455.47,COMPLETED,2026-08-12 14:06:20
ORD-2894,SEL-001,CUST-0195,PROD-048,1,679.26,679.26,COMPLETED,2026-08-12 14:15:16
ORD-2895,SEL-001,CUST-0054,PROD-078,1,4136.83,4136.83,COMPLETED,2026-08-12 14:23:25
ORD-2896,SEL-001,CUST-0145,PROD-014,1,1095.06,1095.06,COMPLETED,2026-08-12 14:32:01
ORD-2897,SEL-001,CUST-0466,PROD-071,1,1387.9,1387.9,COMPLETED,2026-08-12 14:40:50
ORD-2898,SEL-001,CUST-0138,PROD-073,1,4257.37,4257.37,COMPLETED,2026-08-12 14:49:05
ORD-2899,SEL-001,CUST-0248,PROD-041,1,2703.75,2703.75,COMPLETED,2026-08-12 14:57:55
ORD-2900,SEL-001,CUST-0385,PROD-051,1,1800.54,1800.54,COMPLETED,2026-08-12 15:06:13
ORD-2901,SEL-001,CUST-0372,P17,1,1100.0,1100.0,COMPLETED,2026-08-12 15:14:46
ORD-2902,SEL-001,CUST-0460,PROD-013,1,362.78,362.78,COMPLETED,2026-08-12 15:23:19
ORD-2903,SEL-001,CUST-0301,PROD-062,1,4455.47,4455.47,COMPLETED,2026-08-12 15:31:38
ORD-2904,SEL-001,CUST-0083,PROD-060,1,944.46,944.46,COMPLETED,2026-08-12 15:40:19
ORD-2905,SEL-001,CUST-0368,PROD-028,1,644.17,644.17,COMPLETED,2026-08-12 15:49:12
ORD-2906,SEL-001,CUST-0368,PROD-065,1,3159.61,3159.61,COMPLETED,2026-08-12 15:57:38
ORD-2907,SEL-001,CUST-0268,PROD-044,1,1218.57,1218.57,COMPLETED,2026-08-12 16:06:06
ORD-2908,SEL-001,CUST-0185,PROD-056,1,3004.15,3004.15,COMPLETED,2026-08-12 16:14:27
ORD-2909,SEL-001,CUST-0199,PROD-079,1,2200.12,2200.12,COMPLETED,2026-08-12 16:23:11
ORD-2910,SEL-001,CUST-0322,PROD-013,1,362.78,362.78,COMPLETED,2026-08-12 16:31:40
ORD-2911,SEL-001,CUST-0159,PROD-012,1,2397.76,2397.76,COMPLETED,2026-08-12 16:40:21
ORD-2912,SEL-001,CUST-0479,PROD-009,1,2043.17,2043.17,COMPLETED,2026-08-12 16:48:31
ORD-2913,SEL-001,CUST-0037,PROD-099,1,2498.74,2498.74,COMPLETED,2026-08-12 16:57:00
ORD-2914,SEL-001,CUST-0391,PROD-084,2,2734.49,5468.98,COMPLETED,2026-08-12 17:05:39
ORD-2915,SEL-001,CUST-0250,P17,2,1100.0,2200.0,COMPLETED,2026-08-12 17:14:21
ORD-2916,SEL-001,CUST-0318,P17,1,1100.0,1100.0,COMPLETED,2026-08-12 17:23:02
ORD-2917,SEL-001,CUST-0488,PROD-011,1,1179.21,1179.21,COMPLETED,2026-08-12 17:31:26
ORD-2918,SEL-001,CUST-0450,PROD-088,1,4489.53,4489.53,COMPLETED,2026-08-12 17:39:47
ORD-2919,SEL-001,CUST-0380,PROD-090,1,636.37,636.37,COMPLETED,2026-08-12 17:48:12
ORD-2920,SEL-001,CUST-0082,PROD-010,1,376.64,376.64,COMPLETED,2026-08-12 17:56:55
ORD-2921,SEL-001,CUST-0048,PROD-060,1,944.46,944.46,COMPLETED,2026-08-12 18:05:36
ORD-2922,SEL-001,CUST-0056,PROD-094,1,3616.34,3616.34,COMPLETED,2026-08-12 18:14:01
ORD-2923,SEL-001,CUST-0394,PROD-052,1,1823.27,1823.27,COMPLETED,2026-08-12 18:22:31
ORD-2924,SEL-001,CUST-0249,PROD-095,1,2044.18,2044.18,COMPLETED,2026-08-12 18:31:10
ORD-2925,SEL-001,CUST-0280,PROD-061,1,1862.69,1862.69,COMPLETED,2026-08-12 18:39:24
ORD-2926,SEL-001,CUST-0017,PROD-100,1,4377.08,4377.08,COMPLETED,2026-08-12 18:48:13
ORD-2927,SEL-001,CUST-0405,PROD-061,1,1862.69,1862.69,COMPLETED,2026-08-12 18:56:38
ORD-2928,SEL-001,CUST-0488,PROD-055,1,4230.78,4230.78,COMPLETED,2026-08-12 19:04:59
ORD-2929,SEL-001,CUST-0073,PROD-052,1,1823.27,1823.27,COMPLETED,2026-08-12 19:13:33
ORD-2930,SEL-001,CUST-0447,PROD-028,1,644.17,644.17,COMPLETED,2026-08-12 19:22:17
ORD-2931,SEL-001,CUST-0028,PROD-055,1,4230.78,4230.78,COMPLETED,2026-08-12 19:31:01
ORD-2932,SEL-001,CUST-0102,PROD-054,1,1384.66,1384.66,COMPLETED,2026-08-12 19:39:12
ORD-2933,SEL-001,CUST-0083,PROD-056,1,3004.15,3004.15,COMPLETED,2026-08-12 19:48:04
ORD-2934,SEL-001,CUST-0422,P17,1,1100.0,1100.0,COMPLETED,2026-08-12 19:56:23
ORD-2935,SEL-001,CUST-0371,PROD-079,1,2200.12,2200.12,COMPLETED,2026-08-12 20:04:46
ORD-2936,SEL-001,CUST-0481,PROD-095,1,2044.18,2044.18,COMPLETED,2026-08-12 20:13:42
ORD-2937,SEL-001,CUST-0256,PROD-015,1,3012.01,3012.01,COMPLETED,2026-08-12 20:21:52
ORD-2938,SEL-001,CUST-0267,PROD-058,2,977.34,1954.68,COMPLETED,2026-08-12 20:30:28
ORD-2939,SEL-001,CUST-0231,PROD-075,1,1587.38,1587.38,COMPLETED,2026-08-12 20:39:12
ORD-2940,SEL-001,CUST-0216,PROD-100,1,4377.08,4377.08,COMPLETED,2026-08-12 20:47:30
ORD-2941,SEL-001,CUST-0108,PROD-087,1,1182.11,1182.11,COMPLETED,2026-08-12 20:56:07
ORD-2942,SEL-001,CUST-0460,PROD-016,1,2566.0,2566.0,COMPLETED,2026-08-12 21:04:37
ORD-2943,SEL-001,CUST-0212,PROD-046,1,589.12,589.12,COMPLETED,2026-08-12 21:13:14
ORD-2944,SEL-001,CUST-0172,PROD-023,1,3217.09,3217.09,COMPLETED,2026-08-12 21:21:56
ORD-2945,SEL-001,CUST-0305,PROD-056,1,3004.15,3004.15,COMPLETED,2026-08-12 21:30:21
ORD-2946,SEL-001,CUST-0349,PROD-037,1,2596.17,2596.17,COMPLETED,2026-08-12 21:38:58
ORD-2947,SEL-001,CUST-0439,PROD-012,1,2397.76,2397.76,COMPLETED,2026-08-12 21:47:36
ORD-2948,SEL-001,CUST-0009,PROD-053,1,1140.4,1140.4,COMPLETED,2026-08-12 21:56:00
ORD-2949,SEL-001,CUST-0475,PROD-082,1,2635.81,2635.81,COMPLETED,2026-08-12 22:04:31
ORD-2950,SEL-001,CUST-0342,PROD-054,1,1384.66,1384.66,COMPLETED,2026-08-12 22:12:45
ORD-2951,SEL-001,CUST-0196,PROD-061,2,1862.69,3725.38,COMPLETED,2026-08-12 22:21:33
ORD-2952,SEL-001,CUST-0468,PROD-083,1,1366.65,1366.65,COMPLETED,2026-08-12 22:30:13
ORD-2953,SEL-001,CUST-0482,PROD-029,1,661.04,661.04,COMPLETED,2026-08-12 22:38:20
ORD-2954,SEL-001,CUST-0136,PROD-054,1,1384.66,1384.66,COMPLETED,2026-08-12 22:47:13
ORD-2955,SEL-001,CUST-0014,PROD-048,1,679.26,679.26,COMPLETED,2026-08-12 22:55:24
ORD-2956,SEL-001,CUST-0308,PROD-022,2,3674.73,7349.46,COMPLETED,2026-08-12 23:04:19
ORD-2957,SEL-001,CUST-0285,PROD-025,1,910.79,910.79,COMPLETED,2026-08-12 23:12:36
ORD-2958,SEL-001,CUST-0411,PROD-055,1,4230.78,4230.78,COMPLETED,2026-08-12 23:21:02
ORD-2959,SEL-001,CUST-0089,PROD-041,1,2703.75,2703.75,COMPLETED,2026-08-12 23:29:56
ORD-2960,SEL-001,CUST-0364,PROD-065,1,3159.61,3159.61,COMPLETED,2026-08-12 23:38:08
ORD-2961,SEL-001,CUST-0432,PROD-034,1,2528.97,2528.97,COMPLETED,2026-08-12 23:46:49
ORD-2962,SEL-001,CUST-0105,PROD-004,1,1198.65,1198.65,COMPLETED,2026-08-12 23:55:19
ORD-2963,SEL-001,CUST-0079,P17,1,1100.0,1100.0,COMPLETED,2026-08-13 00:03:59
ORD-2964,SEL-001,CUST-0293,PROD-096,1,519.99,519.99,COMPLETED,2026-08-13 00:12:15
ORD-2965,SEL-001,CUST-0324,PROD-024,1,1696.06,1696.06,COMPLETED,2026-08-13 00:21:05
ORD-2966,SEL-001,CUST-0100,PROD-032,1,3680.3,3680.3,COMPLETED,2026-08-13 00:29:26
ORD-2967,SEL-001,CUST-0395,PROD-007,1,4041.76,4041.76,COMPLETED,2026-08-13 00:38:01
ORD-2968,SEL-001,CUST-0012,PROD-075,2,1587.38,3174.76,COMPLETED,2026-08-13 00:46:41
ORD-2969,SEL-001,CUST-0306,PROD-019,1,2754.38,2754.38,COMPLETED,2026-08-13 00:55:22
ORD-2970,SEL-001,CUST-0040,PROD-047,2,1239.36,2478.72,COMPLETED,2026-08-13 01:03:27
ORD-2971,SEL-001,CUST-0252,PROD-053,1,1140.4,1140.4,COMPLETED,2026-08-13 01:12:00
ORD-2972,SEL-001,CUST-0108,PROD-049,2,1431.39,2862.78,COMPLETED,2026-08-13 01:20:31
ORD-2973,SEL-001,CUST-0414,PROD-039,1,2878.71,2878.71,COMPLETED,2026-08-13 01:29:15
ORD-2974,SEL-001,CUST-0324,PROD-005,1,3380.0,3380.0,COMPLETED,2026-08-13 01:37:51
ORD-2975,SEL-001,CUST-0248,PROD-077,1,1931.44,1931.44,COMPLETED,2026-08-13 01:46:16
ORD-2976,SEL-001,CUST-0131,PROD-025,1,910.79,910.79,COMPLETED,2026-08-13 01:55:00
ORD-2977,SEL-001,CUST-0263,PROD-028,2,644.17,1288.34,COMPLETED,2026-08-13 02:03:25
ORD-2978,SEL-001,CUST-0016,PROD-029,1,661.04,661.04,COMPLETED,2026-08-13 02:11:48
ORD-2979,SEL-001,CUST-0138,PROD-026,2,4318.16,8636.32,COMPLETED,2026-08-13 02:20:18
ORD-2980,SEL-001,CUST-0334,PROD-096,1,519.99,519.99,COMPLETED,2026-08-13 02:29:03
ORD-2981,SEL-001,CUST-0205,PROD-033,1,3351.36,3351.36,COMPLETED,2026-08-13 02:37:48
ORD-2982,SEL-001,CUST-0368,PROD-051,1,1800.54,1800.54,COMPLETED,2026-08-13 02:46:18
ORD-2983,SEL-001,CUST-0160,PROD-027,2,1680.53,3361.06,COMPLETED,2026-08-13 02:54:40
ORD-2984,SEL-001,CUST-0229,PROD-096,1,519.99,519.99,COMPLETED,2026-08-13 03:03:22
ORD-2985,SEL-001,CUST-0311,PROD-026,1,4318.16,4318.16,COMPLETED,2026-08-13 03:11:29
ORD-2986,SEL-001,CUST-0420,PROD-022,2,3674.73,7349.46,COMPLETED,2026-08-13 03:20:18
ORD-2987,SEL-001,CUST-0301,PROD-078,1,4136.83,4136.83,COMPLETED,2026-08-13 03:28:38
ORD-2988,SEL-001,CUST-0272,PROD-004,1,1198.65,1198.65,COMPLETED,2026-08-13 03:37:32
ORD-2989,SEL-001,CUST-0405,PROD-032,1,3680.3,3680.3,COMPLETED,2026-08-13 03:45:47
ORD-2990,SEL-001,CUST-0075,PROD-016,1,2566.0,2566.0,COMPLETED,2026-08-13 03:54:17
ORD-2991,SEL-001,CUST-0169,PROD-073,1,4257.37,4257.37,COMPLETED,2026-08-13 04:03:00
ORD-2992,SEL-001,CUST-0034,PROD-078,1,4136.83,4136.83,COMPLETED,2026-08-13 04:11:27
ORD-2993,SEL-001,CUST-0143,PROD-086,1,1947.45,1947.45,COMPLETED,2026-08-13 04:19:59
ORD-2994,SEL-001,CUST-0350,PROD-041,1,2703.75,2703.75,COMPLETED,2026-08-13 04:28:27
ORD-2995,SEL-001,CUST-0411,PROD-006,2,3125.97,6251.94,COMPLETED,2026-08-13 04:36:47
ORD-2996,SEL-001,CUST-0232,PROD-042,1,3244.43,3244.43,COMPLETED,2026-08-13 04:45:21
ORD-2997,SEL-001,CUST-0146,P17,1,1100.0,1100.0,COMPLETED,2026-08-13 04:53:50
ORD-2998,SEL-001,CUST-0467,P17,1,1100.0,1100.0,COMPLETED,2026-08-13 05:02:22
ORD-2999,SEL-001,CUST-0274,PROD-006,1,3125.97,3125.97,COMPLETED,2026-08-13 05:11:23
ORD-3000,SEL-001,CUST-0213,PROD-036,1,1858.77,1858.77,COMPLETED,2026-08-13 05:19:52
ORD-3001,SEL-001,CUST-0285,PROD-064,1,2617.04,2617.04,COMPLETED,2026-08-13 05:28:01
ORD-3002,SEL-001,CUST-0233,PROD-083,2,1366.65,2733.3,COMPLETED,2026-08-13 05:36:53
ORD-3003,SEL-001,CUST-0481,PROD-004,1,1198.65,1198.65,COMPLETED,2026-08-13 05:45:14
ORD-3004,SEL-001,CUST-0054,PROD-089,1,2415.49,2415.49,COMPLETED,2026-08-13 05:53:39
ORD-3005,SEL-001,CUST-0098,PROD-048,1,679.26,679.26,COMPLETED,2026-08-13 06:02:09
ORD-3006,SEL-001,CUST-0479,PROD-007,1,4041.76,4041.76,COMPLETED,2026-08-13 06:10:39
ORD-3007,SEL-001,CUST-0025,PROD-010,1,376.64,376.64,COMPLETED,2026-08-13 06:19:14
ORD-3008,SEL-001,CUST-0416,PROD-090,1,636.37,636.37,COMPLETED,2026-08-13 06:28:08
ORD-3009,SEL-001,CUST-0062,PROD-019,1,2754.38,2754.38,COMPLETED,2026-08-13 06:36:29
ORD-3010,SEL-001,CUST-0459,PROD-058,1,977.34,977.34,COMPLETED,2026-08-13 06:45:17
ORD-3011,SEL-001,CUST-0296,PROD-063,2,2970.0,5940.0,COMPLETED,2026-08-13 06:53:26
ORD-3012,SEL-001,CUST-0248,PROD-034,1,2528.97,2528.97,COMPLETED,2026-08-13 07:02:14
ORD-3013,SEL-001,CUST-0286,PROD-032,1,3680.3,3680.3,COMPLETED,2026-08-13 07:10:34
ORD-3014,SEL-001,CUST-0356,PROD-064,1,2617.04,2617.04,COMPLETED,2026-08-13 07:19:01
ORD-3015,SEL-001,CUST-0097,PROD-044,1,1218.57,1218.57,COMPLETED,2026-08-13 07:27:39
ORD-3016,SEL-001,CUST-0264,PROD-098,2,4483.52,8967.04,COMPLETED,2026-08-13 07:36:15
ORD-3017,SEL-001,CUST-0079,PROD-014,2,1095.06,2190.12,COMPLETED,2026-08-13 07:44:51
ORD-3018,SEL-001,CUST-0198,PROD-080,1,1375.74,1375.74,COMPLETED,2026-08-13 07:53:14
ORD-3019,SEL-001,CUST-0036,PROD-022,1,3674.73,3674.73,COMPLETED,2026-08-13 08:01:41
ORD-3020,SEL-001,CUST-0332,PROD-060,2,944.46,1888.92,COMPLETED,2026-08-13 08:10:26
ORD-3021,SEL-001,CUST-0009,PROD-024,1,1696.06,1696.06,COMPLETED,2026-08-13 08:18:47
ORD-3022,SEL-001,CUST-0232,PROD-016,2,2566.0,5132.0,COMPLETED,2026-08-13 08:27:28
ORD-3023,SEL-001,CUST-0109,PROD-065,1,3159.61,3159.61,COMPLETED,2026-08-13 08:35:57
ORD-3024,SEL-001,CUST-0140,PROD-007,1,4041.76,4041.76,COMPLETED,2026-08-13 08:44:30
ORD-3025,SEL-001,CUST-0100,PROD-052,1,1823.27,1823.27,COMPLETED,2026-08-13 08:53:01
ORD-3026,SEL-001,CUST-0253,PROD-014,1,1095.06,1095.06,COMPLETED,2026-08-13 09:01:39
ORD-3027,SEL-001,CUST-0057,PROD-007,2,4041.76,8083.52,COMPLETED,2026-08-13 09:10:22
ORD-3028,SEL-001,CUST-0034,PROD-036,1,1858.77,1858.77,COMPLETED,2026-08-13 09:18:31
ORD-3029,SEL-001,CUST-0208,PROD-013,1,362.78,362.78,COMPLETED,2026-08-13 09:27:18
ORD-3030,SEL-001,CUST-0138,PROD-022,1,3674.73,3674.73,COMPLETED,2026-08-13 09:35:50
ORD-3031,SEL-001,CUST-0362,PROD-094,1,3616.34,3616.34,COMPLETED,2026-08-13 09:44:09
ORD-3032,SEL-001,CUST-0359,PROD-095,1,2044.18,2044.18,COMPLETED,2026-08-13 09:53:01
ORD-3033,SEL-001,CUST-0088,PROD-009,1,2043.17,2043.17,COMPLETED,2026-08-13 10:01:11
ORD-3034,SEL-001,CUST-0073,PROD-086,1,1947.45,1947.45,COMPLETED,2026-08-13 10:09:50
ORD-3035,SEL-001,CUST-0499,PROD-010,1,376.64,376.64,COMPLETED,2026-08-13 10:18:13
ORD-3036,SEL-001,CUST-0305,PROD-061,1,1862.69,1862.69,COMPLETED,2026-08-13 10:26:40
ORD-3037,SEL-001,CUST-0242,PROD-003,1,1418.87,1418.87,COMPLETED,2026-08-13 10:35:19
ORD-3038,SEL-001,CUST-0117,PROD-022,1,3674.73,3674.73,COMPLETED,2026-08-13 10:44:10
ORD-3039,SEL-001,CUST-0156,PROD-043,1,444.75,444.75,COMPLETED,2026-08-13 10:52:19
ORD-3040,SEL-001,CUST-0132,PROD-033,1,3351.36,3351.36,COMPLETED,2026-08-13 11:01:05
ORD-3041,SEL-001,CUST-0457,PROD-085,2,4065.75,8131.5,COMPLETED,2026-08-13 11:09:30
ORD-3042,SEL-001,CUST-0248,PROD-088,1,4489.53,4489.53,COMPLETED,2026-08-13 11:18:12
ORD-3043,SEL-001,CUST-0211,PROD-085,2,4065.75,8131.5,COMPLETED,2026-08-13 11:26:29
ORD-3044,SEL-001,CUST-0126,PROD-090,2,636.37,1272.74,COMPLETED,2026-08-13 11:34:57
ORD-3045,SEL-001,CUST-0046,PROD-049,1,1431.39,1431.39,COMPLETED,2026-08-13 11:43:52
ORD-3046,SEL-001,CUST-0321,PROD-058,2,977.34,1954.68,COMPLETED,2026-08-13 11:52:29
ORD-3047,SEL-001,CUST-0136,PROD-045,2,1479.9,2959.8,COMPLETED,2026-08-13 12:00:38
ORD-3048,SEL-001,CUST-0484,PROD-040,1,3912.25,3912.25,COMPLETED,2026-08-13 12:09:18
ORD-3049,SEL-001,CUST-0176,PROD-016,1,2566.0,2566.0,COMPLETED,2026-08-13 12:17:59
ORD-3050,SEL-001,CUST-0406,PROD-037,1,2596.17,2596.17,COMPLETED,2026-08-13 12:26:39
ORD-3051,SEL-001,CUST-0349,PROD-038,1,3774.97,3774.97,COMPLETED,2026-08-13 12:34:55
ORD-3052,SEL-001,CUST-0250,PROD-038,1,3774.97,3774.97,COMPLETED,2026-08-13 12:43:22
ORD-3053,SEL-001,CUST-0423,PROD-007,1,4041.76,4041.76,COMPLETED,2026-08-13 12:51:54
ORD-3054,SEL-001,CUST-0026,PROD-045,2,1479.9,2959.8,COMPLETED,2026-08-13 13:00:17
ORD-3055,SEL-001,CUST-0341,PROD-072,1,1146.68,1146.68,COMPLETED,2026-08-13 13:09:05
ORD-3056,SEL-001,CUST-0074,PROD-026,1,4318.16,4318.16,COMPLETED,2026-08-13 13:17:29
ORD-3057,SEL-001,CUST-0113,P17,2,1100.0,2200.0,COMPLETED,2026-08-13 13:26:02
ORD-3058,SEL-001,CUST-0327,PROD-052,2,1823.27,3646.54,COMPLETED,2026-08-13 13:34:46
ORD-3059,SEL-001,CUST-0472,PROD-040,1,3912.25,3912.25,COMPLETED,2026-08-13 13:43:05
ORD-3060,SEL-001,CUST-0166,PROD-018,1,1186.87,1186.87,COMPLETED,2026-08-13 13:51:57
ORD-3061,SEL-001,CUST-0214,PROD-039,1,2878.71,2878.71,COMPLETED,2026-08-13 14:00:05
ORD-3062,SEL-001,CUST-0322,PROD-024,1,1696.06,1696.06,COMPLETED,2026-08-13 14:09:02
ORD-3063,SEL-001,CUST-0050,PROD-057,1,2838.81,2838.81,COMPLETED,2026-08-13 14:17:19
ORD-3064,SEL-001,CUST-0365,PROD-046,1,589.12,589.12,COMPLETED,2026-08-13 14:25:59
ORD-3065,SEL-001,CUST-0237,P17,1,1100.0,1100.0,COMPLETED,2026-08-13 14:34:23
ORD-3066,SEL-001,CUST-0046,PROD-079,2,2200.12,4400.24,COMPLETED,2026-08-13 14:42:55
ORD-3067,SEL-001,CUST-0263,PROD-080,1,1375.74,1375.74,COMPLETED,2026-08-13 14:51:32
ORD-3068,SEL-001,CUST-0028,PROD-051,1,1800.54,1800.54,COMPLETED,2026-08-13 14:59:55
ORD-3069,SEL-001,CUST-0414,PROD-067,1,3548.0,3548.0,COMPLETED,2026-08-13 15:08:32
ORD-3070,SEL-001,CUST-0139,PROD-084,1,2734.49,2734.49,COMPLETED,2026-08-13 15:16:51
ORD-3071,SEL-001,CUST-0149,PROD-089,1,2415.49,2415.49,COMPLETED,2026-08-13 15:25:48
ORD-3072,SEL-001,CUST-0300,PROD-095,1,2044.18,2044.18,COMPLETED,2026-08-13 15:34:17
ORD-3073,SEL-001,CUST-0074,PROD-064,1,2617.04,2617.04,COMPLETED,2026-08-13 15:42:42
ORD-3074,SEL-001,CUST-0437,PROD-081,1,1298.17,1298.17,COMPLETED,2026-08-13 15:51:18
ORD-3075,SEL-001,CUST-0413,PROD-089,1,2415.49,2415.49,COMPLETED,2026-08-13 15:59:30
ORD-3076,SEL-001,CUST-0310,PROD-067,1,3548.0,3548.0,COMPLETED,2026-08-13 16:08:06
ORD-3077,SEL-001,CUST-0013,PROD-057,1,2838.81,2838.81,COMPLETED,2026-08-13 16:16:49
ORD-3078,SEL-001,CUST-0208,PROD-024,1,1696.06,1696.06,COMPLETED,2026-08-13 16:25:15
ORD-3079,SEL-001,CUST-0134,PROD-088,1,4489.53,4489.53,COMPLETED,2026-08-13 16:33:55
ORD-3080,SEL-001,CUST-0222,PROD-003,1,1418.87,1418.87,COMPLETED,2026-08-13 16:42:13
ORD-3081,SEL-001,CUST-0124,PROD-095,1,2044.18,2044.18,COMPLETED,2026-08-13 16:51:03
ORD-3082,SEL-001,CUST-0149,PROD-013,2,362.78,725.56,COMPLETED,2026-08-13 16:59:29
ORD-3083,SEL-001,CUST-0141,PROD-090,1,636.37,636.37,COMPLETED,2026-08-13 17:08:07
ORD-3084,SEL-001,CUST-0218,PROD-037,1,2596.17,2596.17,COMPLETED,2026-08-13 17:16:45
ORD-3085,SEL-001,CUST-0298,PROD-083,1,1366.65,1366.65,COMPLETED,2026-08-13 17:24:51
ORD-3086,SEL-001,CUST-0022,PROD-046,2,589.12,1178.24,COMPLETED,2026-08-13 17:33:37
ORD-3087,SEL-001,CUST-0235,PROD-021,1,277.62,277.62,COMPLETED,2026-08-13 17:42:18
ORD-3088,SEL-001,CUST-0108,PROD-091,1,450.24,450.24,COMPLETED,2026-08-13 17:50:43
ORD-3089,SEL-001,CUST-0336,PROD-084,1,2734.49,2734.49,COMPLETED,2026-08-13 17:59:04
ORD-3090,SEL-001,CUST-0440,PROD-036,1,1858.77,1858.77,COMPLETED,2026-08-13 18:07:53
ORD-3091,SEL-001,CUST-0202,PROD-083,1,1366.65,1366.65,COMPLETED,2026-08-13 18:16:32
ORD-3092,SEL-001,CUST-0338,PROD-091,2,450.24,900.48,COMPLETED,2026-08-13 18:24:54
ORD-3093,SEL-001,CUST-0133,PROD-042,1,3244.43,3244.43,COMPLETED,2026-08-13 18:33:23
ORD-3094,SEL-001,CUST-0317,PROD-009,1,2043.17,2043.17,COMPLETED,2026-08-13 18:41:57
ORD-3095,SEL-001,CUST-0119,PROD-014,1,1095.06,1095.06,COMPLETED,2026-08-13 18:50:16
ORD-3096,SEL-001,CUST-0390,PROD-099,1,2498.74,2498.74,COMPLETED,2026-08-13 18:58:53
ORD-3097,SEL-001,CUST-0054,PROD-023,1,3217.09,3217.09,COMPLETED,2026-08-13 19:07:22
ORD-3098,SEL-001,CUST-0473,PROD-079,1,2200.12,2200.12,COMPLETED,2026-08-13 19:16:00
ORD-3099,SEL-001,CUST-0038,PROD-048,1,679.26,679.26,COMPLETED,2026-08-13 19:24:42
ORD-3100,SEL-001,CUST-0090,PROD-090,1,636.37,636.37,COMPLETED,2026-08-13 19:33:20
ORD-3101,SEL-001,CUST-0294,PROD-026,1,4318.16,4318.16,COMPLETED,2026-08-13 19:41:43
ORD-3102,SEL-001,CUST-0116,PROD-021,1,277.62,277.62,COMPLETED,2026-08-13 19:50:04
ORD-3103,SEL-001,CUST-0099,PROD-004,1,1198.65,1198.65,COMPLETED,2026-08-13 19:58:52
ORD-3104,SEL-001,CUST-0018,PROD-001,1,2967.56,2967.56,COMPLETED,2026-08-13 20:07:05
ORD-3105,SEL-001,CUST-0443,PROD-024,1,1696.06,1696.06,COMPLETED,2026-08-13 20:15:49
ORD-3106,SEL-001,CUST-0329,PROD-025,1,910.79,910.79,COMPLETED,2026-08-13 20:24:27
ORD-3107,SEL-001,CUST-0257,PROD-080,2,1375.74,2751.48,COMPLETED,2026-08-13 20:32:51
ORD-3108,SEL-001,CUST-0035,PROD-081,1,1298.17,1298.17,COMPLETED,2026-08-13 20:41:33
ORD-3109,SEL-001,CUST-0066,PROD-039,1,2878.71,2878.71,COMPLETED,2026-08-13 20:49:42
ORD-3110,SEL-001,CUST-0308,PROD-003,1,1418.87,1418.87,COMPLETED,2026-08-13 20:58:13
ORD-3111,SEL-001,CUST-0425,PROD-091,1,450.24,450.24,COMPLETED,2026-08-13 21:07:13
ORD-3112,SEL-001,CUST-0496,PROD-069,1,386.43,386.43,COMPLETED,2026-08-13 21:15:21
ORD-3113,SEL-001,CUST-0313,PROD-052,1,1823.27,1823.27,COMPLETED,2026-08-13 21:24:17
ORD-3114,SEL-001,CUST-0057,PROD-034,1,2528.97,2528.97,COMPLETED,2026-08-13 21:32:48
ORD-3115,SEL-001,CUST-0134,PROD-098,1,4483.52,4483.52,COMPLETED,2026-08-13 21:41:05
ORD-3116,SEL-001,CUST-0376,PROD-097,1,1871.88,1871.88,COMPLETED,2026-08-13 21:49:50
ORD-3117,SEL-001,CUST-0253,PROD-073,2,4257.37,8514.74,COMPLETED,2026-08-13 21:58:03
ORD-3118,SEL-001,CUST-0414,P17,2,1100.0,2200.0,COMPLETED,2026-08-13 22:06:52
ORD-3119,SEL-001,CUST-0379,PROD-011,2,1179.21,2358.42,COMPLETED,2026-08-13 22:15:19
ORD-3120,SEL-001,CUST-0139,PROD-014,1,1095.06,1095.06,COMPLETED,2026-08-13 22:23:36
ORD-3121,SEL-001,CUST-0180,PROD-039,1,2878.71,2878.71,COMPLETED,2026-08-13 22:32:24
ORD-3122,SEL-001,CUST-0011,PROD-004,1,1198.65,1198.65,COMPLETED,2026-08-13 22:40:43
ORD-3123,SEL-001,CUST-0312,PROD-088,1,4489.53,4489.53,COMPLETED,2026-08-13 22:49:25
ORD-3124,SEL-001,CUST-0194,PROD-056,1,3004.15,3004.15,COMPLETED,2026-08-13 22:58:04
ORD-3125,SEL-001,CUST-0225,PROD-079,2,2200.12,4400.24,COMPLETED,2026-08-13 23:06:15
ORD-3126,SEL-001,CUST-0176,PROD-008,1,619.49,619.49,COMPLETED,2026-08-13 23:14:51
ORD-3127,SEL-001,CUST-0117,PROD-097,2,1871.88,3743.76,COMPLETED,2026-08-13 23:23:17
ORD-3128,SEL-001,CUST-0024,PROD-002,2,356.3,712.6,COMPLETED,2026-08-13 23:32:07
ORD-3129,SEL-001,CUST-0040,PROD-057,1,2838.81,2838.81,COMPLETED,2026-08-13 23:40:22
ORD-3130,SEL-001,CUST-0309,PROD-032,2,3680.3,7360.6,COMPLETED,2026-08-13 23:49:04
ORD-3131,SEL-001,CUST-0246,PROD-085,1,4065.75,4065.75,COMPLETED,2026-08-13 23:57:37
ORD-3132,SEL-001,CUST-0106,PROD-095,1,2044.18,2044.18,COMPLETED,2026-08-14 00:06:14
ORD-3133,SEL-001,CUST-0113,PROD-039,2,2878.71,5757.42,COMPLETED,2026-08-14 00:14:56
ORD-3134,SEL-001,CUST-0445,PROD-068,2,1223.45,2446.9,COMPLETED,2026-08-14 00:23:10
ORD-3135,SEL-001,CUST-0258,PROD-045,2,1479.9,2959.8,COMPLETED,2026-08-14 00:31:50
ORD-3136,SEL-001,CUST-0249,PROD-027,2,1680.53,3361.06,COMPLETED,2026-08-14 00:40:24
ORD-3137,SEL-001,CUST-0119,PROD-071,1,1387.9,1387.9,COMPLETED,2026-08-14 00:48:53
ORD-3138,SEL-001,CUST-0404,PROD-031,1,2815.84,2815.84,COMPLETED,2026-08-14 00:57:35
ORD-3139,SEL-001,CUST-0488,PROD-064,1,2617.04,2617.04,COMPLETED,2026-08-14 01:05:55
ORD-3140,SEL-001,CUST-0197,PROD-011,1,1179.21,1179.21,COMPLETED,2026-08-14 01:14:31
ORD-3141,SEL-001,CUST-0254,P17,1,1100.0,1100.0,COMPLETED,2026-08-14 01:22:57
ORD-3142,SEL-001,CUST-0106,PROD-085,1,4065.75,4065.75,COMPLETED,2026-08-14 01:31:24
ORD-3143,SEL-001,CUST-0017,PROD-045,2,1479.9,2959.8,COMPLETED,2026-08-14 01:39:58
ORD-3144,SEL-001,CUST-0458,PROD-034,1,2528.97,2528.97,COMPLETED,2026-08-14 01:48:45
ORD-3145,SEL-001,CUST-0015,PROD-080,1,1375.74,1375.74,COMPLETED,2026-08-14 01:57:17
ORD-3146,SEL-001,CUST-0476,PROD-008,1,619.49,619.49,COMPLETED,2026-08-14 02:05:48
ORD-3147,SEL-001,CUST-0370,PROD-037,2,2596.17,5192.34,COMPLETED,2026-08-14 02:14:27
ORD-3148,SEL-001,CUST-0218,PROD-073,1,4257.37,4257.37,COMPLETED,2026-08-14 02:22:44
ORD-3149,SEL-001,CUST-0196,PROD-031,1,2815.84,2815.84,COMPLETED,2026-08-14 02:31:32
ORD-3150,SEL-001,CUST-0044,PROD-099,1,2498.74,2498.74,COMPLETED,2026-08-14 02:39:42
ORD-3151,SEL-001,CUST-0020,PROD-047,1,1239.36,1239.36,COMPLETED,2026-08-14 02:48:18
ORD-3152,SEL-001,CUST-0415,PROD-002,1,356.3,356.3,COMPLETED,2026-08-14 02:56:58
ORD-3153,SEL-001,CUST-0429,PROD-023,1,3217.09,3217.09,COMPLETED,2026-08-14 03:05:20
ORD-3154,SEL-001,CUST-0184,PROD-072,1,1146.68,1146.68,COMPLETED,2026-08-14 03:14:12
ORD-3155,SEL-001,CUST-0041,PROD-079,1,2200.12,2200.12,COMPLETED,2026-08-14 03:22:44
ORD-3156,SEL-001,CUST-0093,PROD-036,1,1858.77,1858.77,COMPLETED,2026-08-14 03:31:00
ORD-3157,SEL-001,CUST-0323,PROD-080,1,1375.74,1375.74,COMPLETED,2026-08-14 03:39:25
ORD-3158,SEL-001,CUST-0020,PROD-065,2,3159.61,6319.22,COMPLETED,2026-08-14 03:48:10
ORD-3159,SEL-001,CUST-0284,PROD-008,2,619.49,1238.98,COMPLETED,2026-08-14 03:56:23
ORD-3160,SEL-001,CUST-0009,PROD-046,1,589.12,589.12,COMPLETED,2026-08-14 04:05:02
ORD-3161,SEL-001,CUST-0180,PROD-065,1,3159.61,3159.61,COMPLETED,2026-08-14 04:13:33
ORD-3162,SEL-001,CUST-0105,PROD-048,1,679.26,679.26,COMPLETED,2026-08-14 04:22:05
ORD-3163,SEL-001,CUST-0329,PROD-037,1,2596.17,2596.17,COMPLETED,2026-08-14 04:30:32
ORD-3164,SEL-001,CUST-0185,PROD-053,2,1140.4,2280.8,COMPLETED,2026-08-14 04:39:27
ORD-3165,SEL-001,CUST-0499,PROD-004,1,1198.65,1198.65,COMPLETED,2026-08-14 04:48:04
ORD-3166,SEL-001,CUST-0077,PROD-004,1,1198.65,1198.65,COMPLETED,2026-08-14 04:56:35
ORD-3167,SEL-001,CUST-0262,PROD-095,1,2044.18,2044.18,COMPLETED,2026-08-14 05:04:48
ORD-3168,SEL-001,CUST-0482,PROD-075,1,1587.38,1587.38,COMPLETED,2026-08-14 05:13:21
ORD-3169,SEL-001,CUST-0391,PROD-011,2,1179.21,2358.42,COMPLETED,2026-08-14 05:21:55
ORD-3170,SEL-001,CUST-0290,PROD-074,1,3974.56,3974.56,COMPLETED,2026-08-14 05:30:22
ORD-3171,SEL-001,CUST-0376,PROD-068,1,1223.45,1223.45,COMPLETED,2026-08-14 05:39:04
ORD-3172,SEL-001,CUST-0269,PROD-041,1,2703.75,2703.75,COMPLETED,2026-08-14 05:47:40
ORD-3173,SEL-001,CUST-0467,PROD-032,1,3680.3,3680.3,COMPLETED,2026-08-14 05:56:00
ORD-3174,SEL-001,CUST-0234,PROD-015,1,3012.01,3012.01,COMPLETED,2026-08-14 06:04:30
ORD-3175,SEL-001,CUST-0451,PROD-011,1,1179.21,1179.21,COMPLETED,2026-08-14 06:13:25
ORD-3176,SEL-001,CUST-0186,PROD-078,1,4136.83,4136.83,COMPLETED,2026-08-14 06:21:56
ORD-3177,SEL-001,CUST-0292,P17,2,1100.0,2200.0,COMPLETED,2026-08-14 06:30:06
ORD-3178,SEL-001,CUST-0209,PROD-086,1,1947.45,1947.45,COMPLETED,2026-08-14 06:39:00
ORD-3179,SEL-001,CUST-0175,PROD-011,1,1179.21,1179.21,COMPLETED,2026-08-14 06:47:12
ORD-3180,SEL-001,CUST-0295,PROD-099,1,2498.74,2498.74,COMPLETED,2026-08-14 06:55:39
ORD-3181,SEL-001,CUST-0008,PROD-054,1,1384.66,1384.66,COMPLETED,2026-08-14 07:04:21
ORD-3182,SEL-001,CUST-0241,P17,2,1100.0,2200.0,COMPLETED,2026-08-14 07:13:08
ORD-3183,SEL-001,CUST-0354,PROD-010,1,376.64,376.64,COMPLETED,2026-08-14 07:21:11
ORD-3184,SEL-001,CUST-0199,PROD-046,1,589.12,589.12,COMPLETED,2026-08-14 07:30:12
ORD-3185,SEL-001,CUST-0365,PROD-044,2,1218.57,2437.14,COMPLETED,2026-08-14 07:38:22
ORD-3186,SEL-001,CUST-0312,PROD-093,1,2916.65,2916.65,COMPLETED,2026-08-14 07:47:05
ORD-3187,SEL-001,CUST-0487,PROD-053,1,1140.4,1140.4,COMPLETED,2026-08-14 07:55:30
ORD-3188,SEL-001,CUST-0149,PROD-090,1,636.37,636.37,COMPLETED,2026-08-14 08:04:04
ORD-3189,SEL-001,CUST-0302,PROD-066,1,3832.12,3832.12,COMPLETED,2026-08-14 08:12:47
ORD-3190,SEL-001,CUST-0304,PROD-084,1,2734.49,2734.49,COMPLETED,2026-08-14 08:21:14
ORD-3191,SEL-001,CUST-0261,PROD-036,2,1858.77,3717.54,COMPLETED,2026-08-14 08:29:33
ORD-3192,SEL-001,CUST-0253,PROD-073,1,4257.37,4257.37,COMPLETED,2026-08-14 08:38:09
ORD-3193,SEL-001,CUST-0433,PROD-037,1,2596.17,2596.17,COMPLETED,2026-08-14 08:46:48
ORD-3194,SEL-001,CUST-0489,PROD-095,2,2044.18,4088.36,COMPLETED,2026-08-14 08:55:09
ORD-3195,SEL-001,CUST-0266,PROD-079,1,2200.12,2200.12,COMPLETED,2026-08-14 09:03:49
ORD-3196,SEL-001,CUST-0061,PROD-063,1,2970.0,2970.0,COMPLETED,2026-08-14 09:12:13
ORD-3197,SEL-001,CUST-0481,PROD-078,1,4136.83,4136.83,COMPLETED,2026-08-14 09:20:49
ORD-3198,SEL-001,CUST-0143,PROD-027,1,1680.53,1680.53,COMPLETED,2026-08-14 09:29:33
ORD-3199,SEL-001,CUST-0015,PROD-006,2,3125.97,6251.94,COMPLETED,2026-08-14 09:37:49
ORD-3200,SEL-001,CUST-0100,P17,1,1100.0,1100.0,COMPLETED,2026-08-14 09:46:41
ORD-3201,SEL-001,CUST-0145,PROD-074,1,3974.56,3974.56,COMPLETED,2026-08-14 09:54:54
ORD-3202,SEL-001,CUST-0426,PROD-015,1,3012.01,3012.01,COMPLETED,2026-08-14 10:03:24
ORD-3203,SEL-001,CUST-0228,PROD-064,1,2617.04,2617.04,COMPLETED,2026-08-14 10:11:55
ORD-3204,SEL-001,CUST-0375,PROD-046,1,589.12,589.12,COMPLETED,2026-08-14 10:20:32
ORD-3205,SEL-001,CUST-0373,PROD-021,1,277.62,277.62,COMPLETED,2026-08-14 10:29:03
ORD-3206,SEL-001,CUST-0377,PROD-100,1,4377.08,4377.08,COMPLETED,2026-08-14 10:37:48
ORD-3207,SEL-001,CUST-0474,P17,1,1100.0,1100.0,COMPLETED,2026-08-14 10:46:28
ORD-3208,SEL-001,CUST-0163,PROD-072,1,1146.68,1146.68,COMPLETED,2026-08-14 10:54:48
ORD-3209,SEL-001,CUST-0486,PROD-002,1,356.3,356.3,COMPLETED,2026-08-14 11:03:05
ORD-3210,SEL-001,CUST-0483,PROD-026,1,4318.16,4318.16,COMPLETED,2026-08-14 11:12:03
ORD-3211,SEL-001,CUST-0096,PROD-037,1,2596.17,2596.17,COMPLETED,2026-08-14 11:20:35
ORD-3212,SEL-001,CUST-0487,PROD-093,1,2916.65,2916.65,COMPLETED,2026-08-14 11:28:43
ORD-3213,SEL-001,CUST-0107,PROD-005,1,3380.0,3380.0,COMPLETED,2026-08-14 11:37:32
ORD-3214,SEL-001,CUST-0324,PROD-082,1,2635.81,2635.81,COMPLETED,2026-08-14 11:45:57
ORD-3215,SEL-001,CUST-0093,PROD-030,2,3851.85,7703.7,COMPLETED,2026-08-14 11:54:47
ORD-3216,SEL-001,CUST-0408,PROD-077,1,1931.44,1931.44,COMPLETED,2026-08-14 12:03:04
ORD-3217,SEL-001,CUST-0113,PROD-097,1,1871.88,1871.88,COMPLETED,2026-08-14 12:11:24
ORD-3218,SEL-001,CUST-0167,PROD-055,1,4230.78,4230.78,COMPLETED,2026-08-14 12:20:07
ORD-3219,SEL-001,CUST-0339,PROD-090,1,636.37,636.37,COMPLETED,2026-08-14 12:28:35
ORD-3220,SEL-001,CUST-0248,PROD-063,1,2970.0,2970.0,COMPLETED,2026-08-14 12:37:25
ORD-3221,SEL-001,CUST-0149,PROD-028,2,644.17,1288.34,COMPLETED,2026-08-14 12:45:29
ORD-3222,SEL-001,CUST-0288,PROD-034,1,2528.97,2528.97,COMPLETED,2026-08-14 12:54:02
ORD-3223,SEL-001,CUST-0227,PROD-034,2,2528.97,5057.94,COMPLETED,2026-08-14 13:02:58
ORD-3224,SEL-001,CUST-0113,PROD-006,1,3125.97,3125.97,COMPLETED,2026-08-14 13:11:28
ORD-3225,SEL-001,CUST-0449,PROD-027,1,1680.53,1680.53,COMPLETED,2026-08-14 13:19:55
ORD-3226,SEL-001,CUST-0315,P17,1,1100.0,1100.0,COMPLETED,2026-08-14 13:28:39
ORD-3227,SEL-001,CUST-0011,PROD-012,1,2397.76,2397.76,COMPLETED,2026-08-14 13:37:04
ORD-3228,SEL-001,CUST-0393,PROD-009,1,2043.17,2043.17,COMPLETED,2026-08-14 13:45:24
ORD-3229,SEL-001,CUST-0275,PROD-021,1,277.62,277.62,COMPLETED,2026-08-14 13:53:56
ORD-3230,SEL-001,CUST-0118,PROD-021,2,277.62,555.24,COMPLETED,2026-08-14 14:02:39
ORD-3231,SEL-001,CUST-0284,PROD-002,1,356.3,356.3,COMPLETED,2026-08-14 14:10:55
ORD-3232,SEL-001,CUST-0204,PROD-006,1,3125.97,3125.97,COMPLETED,2026-08-14 14:19:37
ORD-3233,SEL-001,CUST-0324,PROD-032,1,3680.3,3680.3,COMPLETED,2026-08-14 14:28:01
ORD-3234,SEL-001,CUST-0402,PROD-052,1,1823.27,1823.27,COMPLETED,2026-08-14 14:36:52
ORD-3235,SEL-001,CUST-0442,PROD-010,1,376.64,376.64,COMPLETED,2026-08-14 14:45:06
ORD-3236,SEL-001,CUST-0213,P17,1,1100.0,1100.0,COMPLETED,2026-08-14 14:53:53
ORD-3237,SEL-001,CUST-0078,PROD-076,1,3035.61,3035.61,COMPLETED,2026-08-14 15:02:31
ORD-3238,SEL-001,CUST-0440,PROD-042,1,3244.43,3244.43,COMPLETED,2026-08-14 15:10:53
ORD-3239,SEL-001,CUST-0141,PROD-013,1,362.78,362.78,COMPLETED,2026-08-14 15:19:15
ORD-3240,SEL-001,CUST-0193,PROD-012,1,2397.76,2397.76,COMPLETED,2026-08-14 15:27:53
ORD-3241,SEL-001,CUST-0248,PROD-090,1,636.37,636.37,COMPLETED,2026-08-14 15:36:18
ORD-3242,SEL-001,CUST-0255,PROD-048,1,679.26,679.26,COMPLETED,2026-08-14 15:44:42
ORD-3243,SEL-001,CUST-0115,PROD-004,1,1198.65,1198.65,COMPLETED,2026-08-14 15:53:28
ORD-3244,SEL-001,CUST-0245,PROD-083,1,1366.65,1366.65,COMPLETED,2026-08-14 16:01:57
ORD-3245,SEL-001,CUST-0500,PROD-072,1,1146.68,1146.68,COMPLETED,2026-08-14 16:10:38
ORD-3246,SEL-001,CUST-0304,PROD-019,1,2754.38,2754.38,COMPLETED,2026-08-14 16:19:05
ORD-3247,SEL-001,CUST-0371,PROD-098,1,4483.52,4483.52,COMPLETED,2026-08-14 16:27:38
ORD-3248,SEL-001,CUST-0211,PROD-044,1,1218.57,1218.57,COMPLETED,2026-08-14 16:36:02
ORD-3249,SEL-001,CUST-0290,PROD-001,1,2967.56,2967.56,COMPLETED,2026-08-14 16:44:48
ORD-3250,SEL-001,CUST-0407,PROD-064,1,2617.04,2617.04,COMPLETED,2026-08-14 16:53:15
ORD-3251,SEL-001,CUST-0237,PROD-066,1,3832.12,3832.12,COMPLETED,2026-08-14 17:01:40
ORD-3252,SEL-001,CUST-0042,PROD-055,1,4230.78,4230.78,COMPLETED,2026-08-14 17:10:25
ORD-3253,SEL-001,CUST-0007,PROD-096,1,519.99,519.99,COMPLETED,2026-08-14 17:18:58
ORD-3254,SEL-001,CUST-0498,PROD-055,1,4230.78,4230.78,COMPLETED,2026-08-14 17:27:34
ORD-3255,SEL-001,CUST-0250,PROD-071,1,1387.9,1387.9,COMPLETED,2026-08-14 17:35:55
ORD-3256,SEL-001,CUST-0369,PROD-087,1,1182.11,1182.11,COMPLETED,2026-08-14 17:44:20
ORD-3257,SEL-001,CUST-0191,PROD-022,1,3674.73,3674.73,COMPLETED,2026-08-14 17:53:11
ORD-3258,SEL-001,CUST-0412,PROD-092,1,716.01,716.01,COMPLETED,2026-08-14 18:01:21
ORD-3259,SEL-001,CUST-0237,PROD-043,2,444.75,889.5,COMPLETED,2026-08-14 18:10:02
ORD-3260,SEL-001,CUST-0476,PROD-068,1,1223.45,1223.45,COMPLETED,2026-08-14 18:18:46
ORD-3261,SEL-001,CUST-0214,PROD-061,1,1862.69,1862.69,COMPLETED,2026-08-14 18:27:01
ORD-3262,SEL-001,CUST-0360,PROD-089,1,2415.49,2415.49,COMPLETED,2026-08-14 18:35:32
ORD-3263,SEL-001,CUST-0032,PROD-077,1,1931.44,1931.44,COMPLETED,2026-08-14 18:43:58
ORD-3264,SEL-001,CUST-0453,PROD-081,1,1298.17,1298.17,COMPLETED,2026-08-14 18:52:44
ORD-3265,SEL-001,CUST-0421,PROD-055,1,4230.78,4230.78,COMPLETED,2026-08-14 19:01:08
ORD-3266,SEL-001,CUST-0393,PROD-033,1,3351.36,3351.36,COMPLETED,2026-08-14 19:09:50
ORD-3267,SEL-001,CUST-0040,PROD-014,1,1095.06,1095.06,COMPLETED,2026-08-14 19:18:09
ORD-3268,SEL-001,CUST-0289,PROD-067,1,3548.0,3548.0,COMPLETED,2026-08-14 19:26:43
ORD-3269,SEL-001,CUST-0295,PROD-076,1,3035.61,3035.61,COMPLETED,2026-08-14 19:35:17
ORD-3270,SEL-001,CUST-0447,PROD-061,1,1862.69,1862.69,COMPLETED,2026-08-14 19:44:02
ORD-3271,SEL-001,CUST-0476,PROD-019,1,2754.38,2754.38,COMPLETED,2026-08-14 19:52:13
ORD-3272,SEL-001,CUST-0166,PROD-007,1,4041.76,4041.76,COMPLETED,2026-08-14 20:00:43
ORD-3273,SEL-001,CUST-0341,PROD-039,1,2878.71,2878.71,COMPLETED,2026-08-14 20:09:28
ORD-3274,SEL-001,CUST-0202,PROD-050,1,2951.66,2951.66,COMPLETED,2026-08-14 20:18:04
ORD-3275,SEL-001,CUST-0268,PROD-011,2,1179.21,2358.42,COMPLETED,2026-08-14 20:26:46
ORD-3276,SEL-001,CUST-0086,PROD-036,1,1858.77,1858.77,COMPLETED,2026-08-14 20:35:22
ORD-3277,SEL-001,CUST-0227,PROD-033,1,3351.36,3351.36,COMPLETED,2026-08-14 20:43:41
ORD-3278,SEL-001,CUST-0334,PROD-004,2,1198.65,2397.3,COMPLETED,2026-08-14 20:52:09
ORD-3279,SEL-001,CUST-0344,PROD-055,1,4230.78,4230.78,COMPLETED,2026-08-14 21:00:52
ORD-3280,SEL-001,CUST-0481,PROD-048,1,679.26,679.26,COMPLETED,2026-08-14 21:09:29
ORD-3281,SEL-001,CUST-0101,PROD-068,1,1223.45,1223.45,COMPLETED,2026-08-14 21:17:32
ORD-3282,SEL-001,CUST-0049,PROD-033,1,3351.36,3351.36,COMPLETED,2026-08-14 21:26:14
ORD-3283,SEL-001,CUST-0329,PROD-006,2,3125.97,6251.94,COMPLETED,2026-08-14 21:34:44
ORD-3284,SEL-001,CUST-0321,PROD-074,1,3974.56,3974.56,COMPLETED,2026-08-14 21:43:16
ORD-3285,SEL-001,CUST-0242,PROD-081,1,1298.17,1298.17,COMPLETED,2026-08-14 21:52:09
ORD-3286,SEL-001,CUST-0448,PROD-070,1,1590.68,1590.68,COMPLETED,2026-08-14 22:00:35
ORD-3287,SEL-001,CUST-0314,PROD-020,1,3690.08,3690.08,COMPLETED,2026-08-14 22:08:44
ORD-3288,SEL-001,CUST-0068,PROD-016,1,2566.0,2566.0,COMPLETED,2026-08-14 22:17:43
ORD-3289,SEL-001,CUST-0161,PROD-070,1,1590.68,1590.68,COMPLETED,2026-08-14 22:25:49
ORD-3290,SEL-001,CUST-0315,PROD-043,1,444.75,444.75,COMPLETED,2026-08-14 22:34:40
ORD-3291,SEL-001,CUST-0460,PROD-076,1,3035.61,3035.61,COMPLETED,2026-08-14 22:43:02
ORD-3292,SEL-001,CUST-0482,PROD-054,1,1384.66,1384.66,COMPLETED,2026-08-14 22:51:24
ORD-3293,SEL-001,CUST-0099,PROD-065,1,3159.61,3159.61,COMPLETED,2026-08-14 22:59:58
ORD-3294,SEL-001,CUST-0228,PROD-078,1,4136.83,4136.83,COMPLETED,2026-08-14 23:08:33
ORD-3295,SEL-001,CUST-0326,PROD-001,1,2967.56,2967.56,COMPLETED,2026-08-14 23:17:05
ORD-3296,SEL-001,CUST-0175,PROD-090,1,636.37,636.37,COMPLETED,2026-08-14 23:25:36
ORD-3297,SEL-001,CUST-0060,PROD-024,1,1696.06,1696.06,COMPLETED,2026-08-14 23:34:07
ORD-3298,SEL-001,CUST-0321,PROD-099,1,2498.74,2498.74,COMPLETED,2026-08-14 23:42:55
ORD-3299,SEL-001,CUST-0450,PROD-032,1,3680.3,3680.3,COMPLETED,2026-08-14 23:51:11
ORD-3300,SEL-001,CUST-0462,PROD-096,1,519.99,519.99,COMPLETED,2026-08-15 00:00:11
ORD-3301,SEL-001,CUST-0195,PROD-023,1,3217.09,3217.09,COMPLETED,2026-08-15 00:08:14
ORD-3302,SEL-001,CUST-0116,PROD-035,2,4385.74,8771.48,COMPLETED,2026-08-15 00:16:58
ORD-3303,SEL-001,CUST-0133,PROD-034,1,2528.97,2528.97,COMPLETED,2026-08-15 00:25:26
ORD-3304,SEL-001,CUST-0179,PROD-067,1,3548.0,3548.0,COMPLETED,2026-08-15 00:34:00
ORD-3305,SEL-001,CUST-0088,P17,1,1100.0,1100.0,COMPLETED,2026-08-15 00:42:47
ORD-3306,SEL-001,CUST-0292,PROD-090,1,636.37,636.37,COMPLETED,2026-08-15 00:51:10
ORD-3307,SEL-001,CUST-0408,PROD-044,1,1218.57,1218.57,COMPLETED,2026-08-15 00:59:46
ORD-3308,SEL-001,CUST-0381,PROD-012,1,2397.76,2397.76,COMPLETED,2026-08-15 01:08:23
ORD-3309,SEL-001,CUST-0240,PROD-015,1,3012.01,3012.01,COMPLETED,2026-08-15 01:16:35
ORD-3310,SEL-001,CUST-0072,PROD-042,1,3244.43,3244.43,COMPLETED,2026-08-15 01:25:16
ORD-3311,SEL-001,CUST-0462,P17,1,1100.0,1100.0,COMPLETED,2026-08-15 01:33:51
ORD-3312,SEL-001,CUST-0462,P17,1,1100.0,1100.0,COMPLETED,2026-08-15 01:42:32
ORD-3313,SEL-001,CUST-0463,PROD-046,1,589.12,589.12,COMPLETED,2026-08-15 01:50:57
ORD-3314,SEL-001,CUST-0386,P17,1,1100.0,1100.0,COMPLETED,2026-08-15 01:59:14
ORD-3315,SEL-001,CUST-0356,PROD-052,1,1823.27,1823.27,COMPLETED,2026-08-15 02:07:59
ORD-3316,SEL-001,CUST-0192,PROD-062,1,4455.47,4455.47,COMPLETED,2026-08-15 02:16:36
ORD-3317,SEL-001,CUST-0450,PROD-065,1,3159.61,3159.61,COMPLETED,2026-08-15 02:25:14
ORD-3318,SEL-001,CUST-0489,PROD-076,1,3035.61,3035.61,COMPLETED,2026-08-15 02:33:26
ORD-3319,SEL-001,CUST-0154,PROD-090,2,636.37,1272.74,COMPLETED,2026-08-15 02:42:19
ORD-3320,SEL-001,CUST-0385,PROD-085,1,4065.75,4065.75,COMPLETED,2026-08-15 02:50:40
ORD-3321,SEL-001,CUST-0159,PROD-019,1,2754.38,2754.38,COMPLETED,2026-08-15 02:58:56
ORD-3322,SEL-001,CUST-0236,P17,1,1100.0,1100.0,COMPLETED,2026-08-15 03:07:31
ORD-3323,SEL-001,CUST-0158,PROD-031,2,2815.84,5631.68,COMPLETED,2026-08-15 03:16:07
ORD-3324,SEL-001,CUST-0126,PROD-072,1,1146.68,1146.68,COMPLETED,2026-08-15 03:24:53
ORD-3325,SEL-001,CUST-0082,PROD-061,1,1862.69,1862.69,COMPLETED,2026-08-15 03:33:17
ORD-3326,SEL-001,CUST-0468,PROD-049,1,1431.39,1431.39,COMPLETED,2026-08-15 03:41:40
ORD-3327,SEL-001,CUST-0470,P17,1,1100.0,1100.0,COMPLETED,2026-08-15 03:50:30
ORD-3328,SEL-001,CUST-0396,PROD-037,1,2596.17,2596.17,COMPLETED,2026-08-15 03:58:50
ORD-3329,SEL-001,CUST-0306,PROD-010,1,376.64,376.64,COMPLETED,2026-08-15 04:07:23
ORD-3330,SEL-001,CUST-0014,PROD-078,1,4136.83,4136.83,COMPLETED,2026-08-15 04:16:00
ORD-3331,SEL-001,CUST-0175,PROD-001,1,2967.56,2967.56,COMPLETED,2026-08-15 04:24:25
ORD-3332,SEL-001,CUST-0040,PROD-018,1,1186.87,1186.87,COMPLETED,2026-08-15 04:33:15
ORD-3333,SEL-001,CUST-0223,PROD-050,1,2951.66,2951.66,COMPLETED,2026-08-15 04:41:27
ORD-3334,SEL-001,CUST-0160,PROD-062,1,4455.47,4455.47,COMPLETED,2026-08-15 04:49:59
ORD-3335,SEL-001,CUST-0092,PROD-088,1,4489.53,4489.53,COMPLETED,2026-08-15 04:58:35
ORD-3336,SEL-001,CUST-0043,PROD-094,1,3616.34,3616.34,COMPLETED,2026-08-15 05:07:19
ORD-3337,SEL-001,CUST-0414,P17,1,1100.0,1100.0,COMPLETED,2026-08-15 05:15:51
ORD-3338,SEL-001,CUST-0352,PROD-063,1,2970.0,2970.0,COMPLETED,2026-08-15 05:24:10
ORD-3339,SEL-001,CUST-0395,PROD-055,1,4230.78,4230.78,COMPLETED,2026-08-15 05:32:44
ORD-3340,SEL-001,CUST-0414,PROD-058,1,977.34,977.34,COMPLETED,2026-08-15 05:41:22
ORD-3341,SEL-001,CUST-0172,PROD-047,1,1239.36,1239.36,COMPLETED,2026-08-15 05:49:57
ORD-3342,SEL-001,CUST-0273,PROD-087,1,1182.11,1182.11,COMPLETED,2026-08-15 05:58:20
ORD-3343,SEL-001,CUST-0133,PROD-079,1,2200.12,2200.12,COMPLETED,2026-08-15 06:06:57
ORD-3344,SEL-001,CUST-0238,PROD-016,2,2566.0,5132.0,COMPLETED,2026-08-15 06:15:12
ORD-3345,SEL-001,CUST-0456,PROD-048,1,679.26,679.26,COMPLETED,2026-08-15 06:23:44
ORD-3346,SEL-001,CUST-0393,PROD-070,1,1590.68,1590.68,COMPLETED,2026-08-15 06:32:24
ORD-3347,SEL-001,CUST-0009,PROD-039,1,2878.71,2878.71,COMPLETED,2026-08-15 06:41:00
ORD-3348,SEL-001,CUST-0375,P17,1,1100.0,1100.0,COMPLETED,2026-08-15 06:49:30
ORD-3349,SEL-001,CUST-0274,PROD-094,1,3616.34,3616.34,COMPLETED,2026-08-15 06:57:53
ORD-3350,SEL-001,CUST-0141,PROD-059,1,3348.79,3348.79,COMPLETED,2026-08-15 07:06:51
ORD-3351,SEL-001,CUST-0463,PROD-094,1,3616.34,3616.34,COMPLETED,2026-08-15 07:15:21
ORD-3352,SEL-001,CUST-0040,PROD-005,1,3380.0,3380.0,COMPLETED,2026-08-15 07:23:28
ORD-3353,SEL-001,CUST-0416,PROD-049,1,1431.39,1431.39,COMPLETED,2026-08-15 07:32:19
ORD-3354,SEL-001,CUST-0475,PROD-039,1,2878.71,2878.71,COMPLETED,2026-08-15 07:40:41
ORD-3355,SEL-001,CUST-0383,PROD-084,1,2734.49,2734.49,COMPLETED,2026-08-15 07:49:33
ORD-3356,SEL-001,CUST-0222,PROD-025,1,910.79,910.79,COMPLETED,2026-08-15 07:58:04
ORD-3357,SEL-001,CUST-0264,PROD-032,1,3680.3,3680.3,COMPLETED,2026-08-15 08:06:26
ORD-3358,SEL-001,CUST-0243,PROD-056,1,3004.15,3004.15,COMPLETED,2026-08-15 08:14:57
ORD-3359,SEL-001,CUST-0142,PROD-006,1,3125.97,3125.97,COMPLETED,2026-08-15 08:23:16
ORD-3360,SEL-001,CUST-0146,PROD-053,1,1140.4,1140.4,COMPLETED,2026-08-15 08:32:05
ORD-3361,SEL-001,CUST-0067,PROD-060,1,944.46,944.46,COMPLETED,2026-08-15 08:40:37
ORD-3362,SEL-001,CUST-0050,PROD-003,1,1418.87,1418.87,COMPLETED,2026-08-15 08:48:58
ORD-3363,SEL-001,CUST-0148,PROD-078,1,4136.83,4136.83,COMPLETED,2026-08-15 08:57:39
ORD-3364,SEL-001,CUST-0305,PROD-050,1,2951.66,2951.66,COMPLETED,2026-08-15 09:06:12
ORD-3365,SEL-001,CUST-0175,PROD-057,1,2838.81,2838.81,COMPLETED,2026-08-15 09:14:34
ORD-3366,SEL-001,CUST-0108,PROD-022,1,3674.73,3674.73,COMPLETED,2026-08-15 09:23:11
ORD-3367,SEL-001,CUST-0339,PROD-011,1,1179.21,1179.21,COMPLETED,2026-08-15 09:31:29
ORD-3368,SEL-001,CUST-0043,PROD-068,1,1223.45,1223.45,COMPLETED,2026-08-15 09:40:11
ORD-3369,SEL-001,CUST-0232,PROD-004,1,1198.65,1198.65,COMPLETED,2026-08-15 09:48:42
ORD-3370,SEL-001,CUST-0181,PROD-054,2,1384.66,2769.32,COMPLETED,2026-08-15 09:57:23
ORD-3371,SEL-001,CUST-0285,PROD-031,1,2815.84,2815.84,COMPLETED,2026-08-15 10:05:45
ORD-3372,SEL-001,CUST-0311,PROD-016,1,2566.0,2566.0,COMPLETED,2026-08-15 10:14:20
ORD-3373,SEL-001,CUST-0293,PROD-021,1,277.62,277.62,COMPLETED,2026-08-15 10:22:43
ORD-3374,SEL-001,CUST-0282,PROD-097,1,1871.88,1871.88,COMPLETED,2026-08-15 10:31:24
ORD-3375,SEL-001,CUST-0164,PROD-081,1,1298.17,1298.17,COMPLETED,2026-08-15 10:39:52
ORD-3376,SEL-001,CUST-0325,PROD-041,1,2703.75,2703.75,COMPLETED,2026-08-15 10:48:46
ORD-3377,SEL-001,CUST-0440,PROD-097,1,1871.88,1871.88,COMPLETED,2026-08-15 10:56:55
ORD-3378,SEL-001,CUST-0081,PROD-023,1,3217.09,3217.09,COMPLETED,2026-08-15 11:05:34
ORD-3379,SEL-001,CUST-0336,PROD-013,1,362.78,362.78,COMPLETED,2026-08-15 11:14:06
ORD-3380,SEL-001,CUST-0211,PROD-004,1,1198.65,1198.65,COMPLETED,2026-08-15 11:22:37
ORD-3381,SEL-001,CUST-0258,PROD-077,1,1931.44,1931.44,COMPLETED,2026-08-15 11:31:16
ORD-3382,SEL-001,CUST-0167,PROD-022,1,3674.73,3674.73,COMPLETED,2026-08-15 11:39:29
ORD-3383,SEL-001,CUST-0488,PROD-096,1,519.99,519.99,COMPLETED,2026-08-15 11:48:03
ORD-3384,SEL-001,CUST-0283,PROD-025,2,910.79,1821.58,COMPLETED,2026-08-15 11:56:45
ORD-3385,SEL-001,CUST-0371,PROD-023,1,3217.09,3217.09,COMPLETED,2026-08-15 12:05:16
ORD-3386,SEL-001,CUST-0166,PROD-009,2,2043.17,4086.34,COMPLETED,2026-08-15 12:13:43
ORD-3387,SEL-001,CUST-0236,PROD-078,1,4136.83,4136.83,COMPLETED,2026-08-15 12:22:23
ORD-3388,SEL-001,CUST-0499,PROD-083,1,1366.65,1366.65,COMPLETED,2026-08-15 12:30:46
ORD-3389,SEL-001,CUST-0447,PROD-021,1,277.62,277.62,COMPLETED,2026-08-15 12:39:23
ORD-3390,SEL-001,CUST-0004,PROD-088,1,4489.53,4489.53,COMPLETED,2026-08-15 12:47:47
ORD-3391,SEL-001,CUST-0442,PROD-054,2,1384.66,2769.32,COMPLETED,2026-08-15 12:56:32
ORD-3392,SEL-001,CUST-0062,PROD-078,1,4136.83,4136.83,COMPLETED,2026-08-15 13:05:06
ORD-3393,SEL-001,CUST-0225,PROD-093,1,2916.65,2916.65,COMPLETED,2026-08-15 13:13:21
ORD-3394,SEL-001,CUST-0422,PROD-006,1,3125.97,3125.97,COMPLETED,2026-08-15 13:22:19
ORD-3395,SEL-001,CUST-0323,PROD-055,1,4230.78,4230.78,COMPLETED,2026-08-15 13:30:41
ORD-3396,SEL-001,CUST-0135,PROD-075,1,1587.38,1587.38,COMPLETED,2026-08-15 13:39:24
ORD-3397,SEL-001,CUST-0188,PROD-044,1,1218.57,1218.57,COMPLETED,2026-08-15 13:47:34
ORD-3398,SEL-001,CUST-0108,PROD-043,1,444.75,444.75,COMPLETED,2026-08-15 13:56:16
ORD-3399,SEL-001,CUST-0364,PROD-032,1,3680.3,3680.3,COMPLETED,2026-08-15 14:05:01
ORD-3400,SEL-001,CUST-0228,PROD-058,1,977.34,977.34,COMPLETED,2026-08-15 14:13:27
ORD-3401,SEL-001,CUST-0019,PROD-019,1,2754.38,2754.38,COMPLETED,2026-08-15 14:21:56
ORD-3402,SEL-001,CUST-0190,PROD-092,1,716.01,716.01,COMPLETED,2026-08-15 14:30:37
ORD-3403,SEL-001,CUST-0291,PROD-061,1,1862.69,1862.69,COMPLETED,2026-08-15 14:38:47
ORD-3404,SEL-001,CUST-0381,P17,1,1100.0,1100.0,COMPLETED,2026-08-15 14:47:18
ORD-3405,SEL-001,CUST-0132,PROD-004,2,1198.65,2397.3,COMPLETED,2026-08-15 14:55:58
ORD-3406,SEL-001,CUST-0300,P17,1,1100.0,1100.0,COMPLETED,2026-08-15 15:04:22
ORD-3407,SEL-001,CUST-0265,PROD-080,2,1375.74,2751.48,COMPLETED,2026-08-15 15:13:17
ORD-3408,SEL-001,CUST-0080,PROD-065,1,3159.61,3159.61,COMPLETED,2026-08-15 15:21:42
ORD-3409,SEL-001,CUST-0475,PROD-022,2,3674.73,7349.46,COMPLETED,2026-08-15 15:30:21
ORD-3410,SEL-001,CUST-0460,PROD-086,2,1947.45,3894.9,COMPLETED,2026-08-15 15:38:41
ORD-3411,SEL-001,CUST-0106,PROD-036,1,1858.77,1858.77,COMPLETED,2026-08-15 15:47:07
ORD-3412,SEL-001,CUST-0333,PROD-064,1,2617.04,2617.04,COMPLETED,2026-08-15 15:55:33
ORD-3413,SEL-001,CUST-0007,PROD-068,2,1223.45,2446.9,COMPLETED,2026-08-15 16:04:31
ORD-3414,SEL-001,CUST-0341,P17,1,1100.0,1100.0,COMPLETED,2026-08-15 16:12:45
ORD-3415,SEL-001,CUST-0035,PROD-069,1,386.43,386.43,COMPLETED,2026-08-15 16:21:22
ORD-3416,SEL-001,CUST-0497,PROD-058,1,977.34,977.34,COMPLETED,2026-08-15 16:29:40
ORD-3417,SEL-001,CUST-0409,PROD-089,2,2415.49,4830.98,COMPLETED,2026-08-15 16:38:18
ORD-3418,SEL-001,CUST-0354,PROD-023,1,3217.09,3217.09,COMPLETED,2026-08-15 16:46:49
ORD-3419,SEL-001,CUST-0143,PROD-025,1,910.79,910.79,COMPLETED,2026-08-15 16:55:31
ORD-3420,SEL-001,CUST-0463,PROD-039,1,2878.71,2878.71,COMPLETED,2026-08-15 17:04:14
ORD-3421,SEL-001,CUST-0390,PROD-060,1,944.46,944.46,COMPLETED,2026-08-15 17:12:36
ORD-3422,SEL-001,CUST-0164,PROD-010,1,376.64,376.64,COMPLETED,2026-08-15 17:20:51
ORD-3423,SEL-001,CUST-0244,PROD-070,1,1590.68,1590.68,COMPLETED,2026-08-15 17:29:24
ORD-3424,SEL-001,CUST-0292,P17,1,1100.0,1100.0,COMPLETED,2026-08-15 17:38:04
ORD-3425,SEL-001,CUST-0454,PROD-083,1,1366.65,1366.65,COMPLETED,2026-08-15 17:46:50
ORD-3426,SEL-001,CUST-0387,PROD-001,1,2967.56,2967.56,COMPLETED,2026-08-15 17:55:18
ORD-3427,SEL-001,CUST-0253,PROD-043,1,444.75,444.75,COMPLETED,2026-08-15 18:03:39
ORD-3428,SEL-001,CUST-0331,PROD-069,1,386.43,386.43,COMPLETED,2026-08-15 18:12:33
ORD-3429,SEL-001,CUST-0258,PROD-057,1,2838.81,2838.81,COMPLETED,2026-08-15 18:20:52
ORD-3430,SEL-001,CUST-0250,P17,2,1100.0,2200.0,COMPLETED,2026-08-15 18:29:12
ORD-3431,SEL-001,CUST-0084,PROD-098,1,4483.52,4483.52,COMPLETED,2026-08-15 18:37:54
ORD-3432,SEL-001,CUST-0442,PROD-082,1,2635.81,2635.81,COMPLETED,2026-08-15 18:46:40
ORD-3433,SEL-001,CUST-0399,PROD-030,1,3851.85,3851.85,COMPLETED,2026-08-15 18:54:49
ORD-3434,SEL-001,CUST-0393,PROD-014,1,1095.06,1095.06,COMPLETED,2026-08-15 19:03:25
ORD-3435,SEL-001,CUST-0293,PROD-042,1,3244.43,3244.43,COMPLETED,2026-08-15 19:11:53
ORD-3436,SEL-001,CUST-0088,PROD-079,1,2200.12,2200.12,COMPLETED,2026-08-15 19:20:44
ORD-3437,SEL-001,CUST-0243,PROD-054,1,1384.66,1384.66,COMPLETED,2026-08-15 19:29:07
ORD-3438,SEL-001,CUST-0135,PROD-039,1,2878.71,2878.71,COMPLETED,2026-08-15 19:37:52
ORD-3439,SEL-001,CUST-0182,PROD-041,1,2703.75,2703.75,COMPLETED,2026-08-15 19:46:18
ORD-3440,SEL-001,CUST-0391,PROD-098,2,4483.52,8967.04,COMPLETED,2026-08-15 19:54:39
ORD-3441,SEL-001,CUST-0182,PROD-018,2,1186.87,2373.74,COMPLETED,2026-08-15 20:03:12
ORD-3442,SEL-001,CUST-0420,PROD-027,1,1680.53,1680.53,COMPLETED,2026-08-15 20:11:31
ORD-3443,SEL-001,CUST-0192,P17,1,1100.0,1100.0,COMPLETED,2026-08-15 20:20:29
ORD-3444,SEL-001,CUST-0287,PROD-028,1,644.17,644.17,COMPLETED,2026-08-15 20:28:52
ORD-3445,SEL-001,CUST-0055,PROD-021,1,277.62,277.62,COMPLETED,2026-08-15 20:37:16
ORD-3446,SEL-001,CUST-0304,PROD-006,1,3125.97,3125.97,COMPLETED,2026-08-15 20:46:03
ORD-3447,SEL-001,CUST-0466,PROD-032,1,3680.3,3680.3,COMPLETED,2026-08-15 20:54:42
ORD-3448,SEL-001,CUST-0031,PROD-082,1,2635.81,2635.81,COMPLETED,2026-08-15 21:02:56
ORD-3449,SEL-001,CUST-0473,PROD-061,1,1862.69,1862.69,COMPLETED,2026-08-15 21:11:30
ORD-3450,SEL-001,CUST-0397,PROD-020,2,3690.08,7380.16,COMPLETED,2026-08-15 21:19:58
ORD-3451,SEL-001,CUST-0103,PROD-057,1,2838.81,2838.81,COMPLETED,2026-08-15 21:28:38
ORD-3452,SEL-001,CUST-0339,PROD-068,1,1223.45,1223.45,COMPLETED,2026-08-15 21:37:16
ORD-3453,SEL-001,CUST-0396,PROD-090,1,636.37,636.37,COMPLETED,2026-08-15 21:45:28
ORD-3454,SEL-001,CUST-0185,PROD-058,1,977.34,977.34,COMPLETED,2026-08-15 21:54:23
ORD-3455,SEL-001,CUST-0240,PROD-047,1,1239.36,1239.36,COMPLETED,2026-08-15 22:02:38
ORD-3456,SEL-001,CUST-0133,PROD-096,2,519.99,1039.98,COMPLETED,2026-08-15 22:11:22
ORD-3457,SEL-001,CUST-0211,PROD-063,1,2970.0,2970.0,COMPLETED,2026-08-15 22:19:52
ORD-3458,SEL-001,CUST-0468,PROD-048,1,679.26,679.26,COMPLETED,2026-08-15 22:28:05
ORD-3459,SEL-001,CUST-0492,PROD-042,1,3244.43,3244.43,COMPLETED,2026-08-15 22:36:37
ORD-3460,SEL-001,CUST-0171,PROD-095,1,2044.18,2044.18,COMPLETED,2026-08-15 22:45:26
ORD-3461,SEL-001,CUST-0400,PROD-021,1,277.62,277.62,COMPLETED,2026-08-15 22:53:57
ORD-3462,SEL-001,CUST-0294,PROD-079,1,2200.12,2200.12,COMPLETED,2026-08-15 23:02:14
ORD-3463,SEL-001,CUST-0393,PROD-036,1,1858.77,1858.77,COMPLETED,2026-08-15 23:10:46
ORD-3464,SEL-001,CUST-0078,PROD-010,1,376.64,376.64,COMPLETED,2026-08-15 23:19:39
ORD-3465,SEL-001,CUST-0271,PROD-095,1,2044.18,2044.18,COMPLETED,2026-08-15 23:28:02
ORD-3466,SEL-001,CUST-0206,PROD-001,1,2967.56,2967.56,COMPLETED,2026-08-15 23:36:21
ORD-3467,SEL-001,CUST-0116,PROD-020,1,3690.08,3690.08,COMPLETED,2026-08-15 23:44:53
ORD-3468,SEL-001,CUST-0394,PROD-059,1,3348.79,3348.79,COMPLETED,2026-08-15 23:53:46
ORD-3469,SEL-001,CUST-0295,PROD-092,2,716.01,1432.02,COMPLETED,2026-08-16 00:02:23
ORD-3470,SEL-001,CUST-0076,PROD-024,1,1696.06,1696.06,COMPLETED,2026-08-16 00:10:53
ORD-3471,SEL-001,CUST-0433,P17,1,1100.0,1100.0,COMPLETED,2026-08-16 00:19:31
ORD-3472,SEL-001,CUST-0168,PROD-030,1,3851.85,3851.85,COMPLETED,2026-08-16 00:27:35
ORD-3473,SEL-001,CUST-0218,PROD-030,2,3851.85,7703.7,COMPLETED,2026-08-16 00:36:10
ORD-3474,SEL-001,CUST-0014,PROD-057,1,2838.81,2838.81,COMPLETED,2026-08-16 00:44:48
ORD-3475,SEL-001,CUST-0228,PROD-095,1,2044.18,2044.18,COMPLETED,2026-08-16 00:53:09
ORD-3476,SEL-001,CUST-0205,PROD-099,1,2498.74,2498.74,COMPLETED,2026-08-16 01:01:55
ORD-3477,SEL-001,CUST-0497,PROD-075,1,1587.38,1587.38,COMPLETED,2026-08-16 01:10:15
ORD-3478,SEL-001,CUST-0108,PROD-063,1,2970.0,2970.0,COMPLETED,2026-08-16 01:19:09
ORD-3479,SEL-001,CUST-0213,PROD-012,1,2397.76,2397.76,COMPLETED,2026-08-16 01:27:27
ORD-3480,SEL-001,CUST-0261,PROD-059,1,3348.79,3348.79,COMPLETED,2026-08-16 01:35:57
ORD-3481,SEL-001,CUST-0205,PROD-013,1,362.78,362.78,COMPLETED,2026-08-16 01:44:34
ORD-3482,SEL-001,CUST-0034,PROD-084,1,2734.49,2734.49,COMPLETED,2026-08-16 01:53:19
ORD-3483,SEL-001,CUST-0334,PROD-050,2,2951.66,5903.32,COMPLETED,2026-08-16 02:01:27
ORD-3484,SEL-001,CUST-0166,PROD-032,1,3680.3,3680.3,COMPLETED,2026-08-16 02:10:25
ORD-3485,SEL-001,CUST-0241,PROD-008,1,619.49,619.49,COMPLETED,2026-08-16 02:18:51
ORD-3486,SEL-001,CUST-0339,PROD-080,1,1375.74,1375.74,COMPLETED,2026-08-16 02:27:24
ORD-3487,SEL-001,CUST-0090,PROD-020,1,3690.08,3690.08,COMPLETED,2026-08-16 02:35:38
ORD-3488,SEL-001,CUST-0187,PROD-015,1,3012.01,3012.01,COMPLETED,2026-08-16 02:44:11
ORD-3489,SEL-001,CUST-0157,PROD-048,2,679.26,1358.52,COMPLETED,2026-08-16 02:52:44
ORD-3490,SEL-001,CUST-0015,PROD-043,1,444.75,444.75,COMPLETED,2026-08-16 03:01:20
ORD-3491,SEL-001,CUST-0447,PROD-053,1,1140.4,1140.4,COMPLETED,2026-08-16 03:10:05
ORD-3492,SEL-001,CUST-0370,PROD-021,1,277.62,277.62,COMPLETED,2026-08-16 03:18:33
ORD-3493,SEL-001,CUST-0048,PROD-009,1,2043.17,2043.17,COMPLETED,2026-08-16 03:26:53
ORD-3494,SEL-001,CUST-0439,PROD-057,1,2838.81,2838.81,COMPLETED,2026-08-16 03:35:31
ORD-3495,SEL-001,CUST-0001,PROD-061,2,1862.69,3725.38,COMPLETED,2026-08-16 03:44:10
ORD-3496,SEL-001,CUST-0337,PROD-079,1,2200.12,2200.12,COMPLETED,2026-08-16 03:52:32
ORD-3497,SEL-001,CUST-0384,PROD-074,1,3974.56,3974.56,COMPLETED,2026-08-16 04:01:09
ORD-3498,SEL-001,CUST-0413,PROD-029,1,661.04,661.04,COMPLETED,2026-08-16 04:09:30
ORD-3499,SEL-001,CUST-0207,PROD-079,1,2200.12,2200.12,COMPLETED,2026-08-16 04:18:20
ORD-3500,SEL-001,CUST-0374,PROD-043,1,444.75,444.75,COMPLETED,2026-08-16 04:26:35
ORD-3501,SEL-001,CUST-0267,PROD-035,1,4385.74,4385.74,COMPLETED,2026-08-16 04:35:20
ORD-3502,SEL-001,CUST-0192,PROD-075,1,1587.38,1587.38,COMPLETED,2026-08-16 04:43:47
ORD-3503,SEL-001,CUST-0464,PROD-081,1,1298.17,1298.17,COMPLETED,2026-08-16 04:52:29
ORD-3504,SEL-001,CUST-0008,PROD-005,1,3380.0,3380.0,COMPLETED,2026-08-16 05:00:43
ORD-3505,SEL-001,CUST-0166,P17,1,1100.0,1100.0,COMPLETED,2026-08-16 05:09:22
ORD-3506,SEL-001,CUST-0322,PROD-074,1,3974.56,3974.56,COMPLETED,2026-08-16 05:17:48
ORD-3507,SEL-001,CUST-0319,PROD-057,1,2838.81,2838.81,COMPLETED,2026-08-16 05:26:28
ORD-3508,SEL-001,CUST-0264,PROD-044,2,1218.57,2437.14,COMPLETED,2026-08-16 05:35:10
ORD-3509,SEL-001,CUST-0414,PROD-099,1,2498.74,2498.74,COMPLETED,2026-08-16 05:43:29
ORD-3510,SEL-001,CUST-0439,PROD-067,1,3548.0,3548.0,COMPLETED,2026-08-16 05:52:12
ORD-3511,SEL-001,CUST-0329,P17,1,1100.0,1100.0,COMPLETED,2026-08-16 06:00:36
ORD-3512,SEL-001,CUST-0425,PROD-071,1,1387.9,1387.9,COMPLETED,2026-08-16 06:09:09
ORD-3513,SEL-001,CUST-0158,PROD-071,2,1387.9,2775.8,COMPLETED,2026-08-16 06:17:38
ORD-3514,SEL-001,CUST-0498,PROD-051,1,1800.54,1800.54,COMPLETED,2026-08-16 06:26:26
ORD-3515,SEL-001,CUST-0100,PROD-088,1,4489.53,4489.53,COMPLETED,2026-08-16 06:34:47
ORD-3516,SEL-001,CUST-0308,PROD-073,2,4257.37,8514.74,COMPLETED,2026-08-16 06:43:19
ORD-3517,SEL-001,CUST-0273,PROD-030,1,3851.85,3851.85,COMPLETED,2026-08-16 06:52:00
ORD-3518,SEL-001,CUST-0192,PROD-088,1,4489.53,4489.53,COMPLETED,2026-08-16 07:00:12
ORD-3519,SEL-001,CUST-0116,PROD-097,1,1871.88,1871.88,COMPLETED,2026-08-16 07:08:58
ORD-3520,SEL-001,CUST-0313,PROD-026,1,4318.16,4318.16,COMPLETED,2026-08-16 07:17:41
ORD-3521,SEL-001,CUST-0206,PROD-067,2,3548.0,7096.0,COMPLETED,2026-08-16 07:26:13
ORD-3522,SEL-001,CUST-0165,PROD-039,1,2878.71,2878.71,COMPLETED,2026-08-16 07:34:29
ORD-3523,SEL-001,CUST-0343,PROD-094,1,3616.34,3616.34,COMPLETED,2026-08-16 07:43:04
ORD-3524,SEL-001,CUST-0387,PROD-019,1,2754.38,2754.38,COMPLETED,2026-08-16 07:51:20
ORD-3525,SEL-001,CUST-0500,PROD-032,1,3680.3,3680.3,COMPLETED,2026-08-16 08:00:16
ORD-3526,SEL-001,CUST-0201,PROD-032,1,3680.3,3680.3,COMPLETED,2026-08-16 08:08:36
ORD-3527,SEL-001,CUST-0486,PROD-052,1,1823.27,1823.27,COMPLETED,2026-08-16 08:17:25
ORD-3528,SEL-001,CUST-0345,PROD-057,1,2838.81,2838.81,COMPLETED,2026-08-16 08:25:57
ORD-3529,SEL-001,CUST-0006,PROD-067,1,3548.0,3548.0,COMPLETED,2026-08-16 08:34:09
ORD-3530,SEL-001,CUST-0307,PROD-085,1,4065.75,4065.75,COMPLETED,2026-08-16 08:42:52
ORD-3531,SEL-001,CUST-0381,PROD-020,1,3690.08,3690.08,COMPLETED,2026-08-16 08:51:21
ORD-3532,SEL-001,CUST-0369,PROD-035,2,4385.74,8771.48,COMPLETED,2026-08-16 09:00:05
ORD-3533,SEL-001,CUST-0457,PROD-081,1,1298.17,1298.17,COMPLETED,2026-08-16 09:08:34
ORD-3534,SEL-001,CUST-0364,PROD-063,1,2970.0,2970.0,COMPLETED,2026-08-16 09:17:08
ORD-3535,SEL-001,CUST-0046,PROD-078,2,4136.83,8273.66,COMPLETED,2026-08-16 09:25:15
ORD-3536,SEL-001,CUST-0446,PROD-064,1,2617.04,2617.04,COMPLETED,2026-08-16 09:33:51
ORD-3537,SEL-001,CUST-0030,PROD-099,1,2498.74,2498.74,COMPLETED,2026-08-16 09:42:29
ORD-3538,SEL-001,CUST-0464,PROD-066,1,3832.12,3832.12,COMPLETED,2026-08-16 09:50:56
ORD-3539,SEL-001,CUST-0183,PROD-013,1,362.78,362.78,COMPLETED,2026-08-16 09:59:28
ORD-3540,SEL-001,CUST-0254,PROD-056,1,3004.15,3004.15,COMPLETED,2026-08-16 10:08:10
ORD-3541,SEL-001,CUST-0424,PROD-072,1,1146.68,1146.68,COMPLETED,2026-08-16 10:16:48
ORD-3542,SEL-001,CUST-0266,PROD-086,1,1947.45,1947.45,COMPLETED,2026-08-16 10:25:15
ORD-3543,SEL-001,CUST-0430,PROD-013,1,362.78,362.78,COMPLETED,2026-08-16 10:33:46
ORD-3544,SEL-001,CUST-0123,PROD-087,1,1182.11,1182.11,COMPLETED,2026-08-16 10:42:24
ORD-3545,SEL-001,CUST-0202,PROD-006,1,3125.97,3125.97,COMPLETED,2026-08-16 10:50:58
ORD-3546,SEL-001,CUST-0236,PROD-067,1,3548.0,3548.0,COMPLETED,2026-08-16 10:59:31
ORD-3547,SEL-001,CUST-0322,PROD-056,1,3004.15,3004.15,COMPLETED,2026-08-16 11:08:01
ORD-3548,SEL-001,CUST-0093,P17,2,1100.0,2200.0,COMPLETED,2026-08-16 11:16:26
ORD-3549,SEL-001,CUST-0212,PROD-094,1,3616.34,3616.34,COMPLETED,2026-08-16 11:25:09
ORD-3550,SEL-001,CUST-0420,PROD-046,2,589.12,1178.24,COMPLETED,2026-08-16 11:33:23
ORD-3551,SEL-001,CUST-0402,PROD-059,1,3348.79,3348.79,COMPLETED,2026-08-16 11:41:59
ORD-3552,SEL-001,CUST-0407,PROD-072,1,1146.68,1146.68,COMPLETED,2026-08-16 11:50:41
ORD-3553,SEL-001,CUST-0380,PROD-045,1,1479.9,1479.9,COMPLETED,2026-08-16 11:58:59
ORD-3554,SEL-001,CUST-0439,PROD-046,1,589.12,589.12,COMPLETED,2026-08-16 12:07:36
ORD-3555,SEL-001,CUST-0495,PROD-040,1,3912.25,3912.25,COMPLETED,2026-08-16 12:16:19
ORD-3556,SEL-001,CUST-0208,PROD-064,1,2617.04,2617.04,COMPLETED,2026-08-16 12:24:45
ORD-3557,SEL-001,CUST-0136,PROD-063,1,2970.0,2970.0,COMPLETED,2026-08-16 12:33:03
ORD-3558,SEL-001,CUST-0186,PROD-022,1,3674.73,3674.73,COMPLETED,2026-08-16 12:41:57
ORD-3559,SEL-001,CUST-0159,PROD-090,1,636.37,636.37,COMPLETED,2026-08-16 12:50:19
ORD-3560,SEL-001,CUST-0276,PROD-080,1,1375.74,1375.74,COMPLETED,2026-08-16 12:58:50
ORD-3561,SEL-001,CUST-0365,PROD-085,1,4065.75,4065.75,COMPLETED,2026-08-16 13:07:07
ORD-3562,SEL-001,CUST-0175,PROD-051,1,1800.54,1800.54,COMPLETED,2026-08-16 13:15:59
ORD-3563,SEL-001,CUST-0490,PROD-038,1,3774.97,3774.97,COMPLETED,2026-08-16 13:24:36
ORD-3564,SEL-001,CUST-0116,PROD-006,1,3125.97,3125.97,COMPLETED,2026-08-16 13:32:51
ORD-3565,SEL-001,CUST-0014,PROD-089,2,2415.49,4830.98,COMPLETED,2026-08-16 13:41:21
ORD-3566,SEL-001,CUST-0226,PROD-028,1,644.17,644.17,COMPLETED,2026-08-16 13:49:52
ORD-3567,SEL-001,CUST-0011,PROD-062,1,4455.47,4455.47,COMPLETED,2026-08-16 13:58:47
ORD-3568,SEL-001,CUST-0291,PROD-024,1,1696.06,1696.06,COMPLETED,2026-08-16 14:07:06
ORD-3569,SEL-001,CUST-0295,PROD-050,1,2951.66,2951.66,COMPLETED,2026-08-16 14:15:41
ORD-3570,SEL-001,CUST-0412,PROD-056,1,3004.15,3004.15,COMPLETED,2026-08-16 14:24:04
ORD-3571,SEL-001,CUST-0121,PROD-046,1,589.12,589.12,COMPLETED,2026-08-16 14:32:54
ORD-3572,SEL-001,CUST-0441,PROD-090,1,636.37,636.37,COMPLETED,2026-08-16 14:41:07
ORD-3573,SEL-001,CUST-0050,PROD-065,1,3159.61,3159.61,COMPLETED,2026-08-16 14:49:34
ORD-3574,SEL-001,CUST-0414,PROD-030,1,3851.85,3851.85,COMPLETED,2026-08-16 14:58:05
ORD-3575,SEL-001,CUST-0500,PROD-029,1,661.04,661.04,COMPLETED,2026-08-16 15:06:54
ORD-3576,SEL-001,CUST-0236,PROD-064,1,2617.04,2617.04,COMPLETED,2026-08-16 15:15:07
ORD-3577,SEL-001,CUST-0012,PROD-072,1,1146.68,1146.68,COMPLETED,2026-08-16 15:23:43
ORD-3578,SEL-001,CUST-0445,PROD-009,1,2043.17,2043.17,COMPLETED,2026-08-16 15:32:25
ORD-3579,SEL-001,CUST-0142,PROD-094,1,3616.34,3616.34,COMPLETED,2026-08-16 15:41:05
ORD-3580,SEL-001,CUST-0361,PROD-018,2,1186.87,2373.74,COMPLETED,2026-08-16 15:49:27
ORD-3581,SEL-001,CUST-0159,PROD-087,1,1182.11,1182.11,COMPLETED,2026-08-16 15:58:00
ORD-3582,SEL-001,CUST-0449,PROD-053,1,1140.4,1140.4,COMPLETED,2026-08-16 16:06:43
ORD-3583,SEL-001,CUST-0301,PROD-001,2,2967.56,5935.12,COMPLETED,2026-08-16 16:15:11
ORD-3584,SEL-001,CUST-0184,PROD-100,2,4377.08,8754.16,COMPLETED,2026-08-16 16:23:46
ORD-3585,SEL-001,CUST-0212,PROD-094,1,3616.34,3616.34,COMPLETED,2026-08-16 16:32:10
ORD-3586,SEL-001,CUST-0389,PROD-024,1,1696.06,1696.06,COMPLETED,2026-08-16 16:40:50
ORD-3587,SEL-001,CUST-0062,PROD-013,2,362.78,725.56,COMPLETED,2026-08-16 16:49:21
ORD-3588,SEL-001,CUST-0351,PROD-053,1,1140.4,1140.4,COMPLETED,2026-08-16 16:58:00
ORD-3589,SEL-001,CUST-0176,PROD-040,1,3912.25,3912.25,COMPLETED,2026-08-16 17:06:29
ORD-3590,SEL-001,CUST-0130,PROD-024,1,1696.06,1696.06,COMPLETED,2026-08-16 17:15:02
ORD-3591,SEL-001,CUST-0332,PROD-044,1,1218.57,1218.57,COMPLETED,2026-08-16 17:23:17
ORD-3592,SEL-001,CUST-0011,PROD-008,2,619.49,1238.98,COMPLETED,2026-08-16 17:31:46
ORD-3593,SEL-001,CUST-0049,PROD-068,1,1223.45,1223.45,COMPLETED,2026-08-16 17:40:21
ORD-3594,SEL-001,CUST-0015,PROD-073,1,4257.37,4257.37,COMPLETED,2026-08-16 17:48:52
ORD-3595,SEL-001,CUST-0089,PROD-080,1,1375.74,1375.74,COMPLETED,2026-08-16 17:57:45
ORD-3596,SEL-001,CUST-0050,PROD-020,1,3690.08,3690.08,COMPLETED,2026-08-16 18:05:58
ORD-3597,SEL-001,CUST-0226,PROD-099,1,2498.74,2498.74,COMPLETED,2026-08-16 18:14:47
ORD-3598,SEL-001,CUST-0228,P17,1,1100.0,1100.0,COMPLETED,2026-08-16 18:23:17
ORD-3599,SEL-001,CUST-0407,PROD-040,2,3912.25,7824.5,COMPLETED,2026-08-16 18:31:53
ORD-3600,SEL-001,CUST-0093,PROD-022,2,3674.73,7349.46,COMPLETED,2026-08-16 18:40:16
ORD-3601,SEL-001,CUST-0080,PROD-044,2,1218.57,2437.14,COMPLETED,2026-08-16 18:48:46
ORD-3602,SEL-001,CUST-0426,PROD-058,2,977.34,1954.68,COMPLETED,2026-08-16 18:57:16
ORD-3603,SEL-001,CUST-0174,PROD-019,1,2754.38,2754.38,COMPLETED,2026-08-16 19:05:33
ORD-3604,SEL-001,CUST-0407,PROD-046,1,589.12,589.12,COMPLETED,2026-08-16 19:14:09
ORD-3605,SEL-001,CUST-0416,PROD-085,1,4065.75,4065.75,COMPLETED,2026-08-16 19:22:50
ORD-3606,SEL-001,CUST-0435,PROD-085,1,4065.75,4065.75,COMPLETED,2026-08-16 19:31:10
ORD-3607,SEL-001,CUST-0295,PROD-067,1,3548.0,3548.0,COMPLETED,2026-08-16 19:39:57
ORD-3608,SEL-001,CUST-0145,PROD-058,1,977.34,977.34,COMPLETED,2026-08-16 19:48:17
ORD-3609,SEL-001,CUST-0219,PROD-049,1,1431.39,1431.39,COMPLETED,2026-08-16 19:57:03
ORD-3610,SEL-001,CUST-0165,PROD-079,1,2200.12,2200.12,COMPLETED,2026-08-16 20:05:18
ORD-3611,SEL-001,CUST-0395,PROD-088,1,4489.53,4489.53,COMPLETED,2026-08-16 20:14:12
ORD-3612,SEL-001,CUST-0097,PROD-040,2,3912.25,7824.5,COMPLETED,2026-08-16 20:22:20
ORD-3613,SEL-001,CUST-0278,PROD-041,1,2703.75,2703.75,COMPLETED,2026-08-16 20:31:09
ORD-3614,SEL-001,CUST-0495,PROD-025,1,910.79,910.79,COMPLETED,2026-08-16 20:39:24
ORD-3615,SEL-001,CUST-0423,PROD-056,1,3004.15,3004.15,COMPLETED,2026-08-16 20:48:22
ORD-3616,SEL-001,CUST-0261,PROD-090,1,636.37,636.37,COMPLETED,2026-08-16 20:56:33
ORD-3617,SEL-001,CUST-0487,PROD-029,1,661.04,661.04,COMPLETED,2026-08-16 21:05:14
ORD-3618,SEL-001,CUST-0254,PROD-082,1,2635.81,2635.81,COMPLETED,2026-08-16 21:13:38
ORD-3619,SEL-001,CUST-0106,PROD-015,2,3012.01,6024.02,COMPLETED,2026-08-16 21:22:16
ORD-3620,SEL-001,CUST-0426,PROD-023,2,3217.09,6434.18,COMPLETED,2026-08-16 21:31:05
ORD-3621,SEL-001,CUST-0470,PROD-006,1,3125.97,3125.97,COMPLETED,2026-08-16 21:39:19
ORD-3622,SEL-001,CUST-0343,PROD-055,1,4230.78,4230.78,COMPLETED,2026-08-16 21:47:59
ORD-3623,SEL-001,CUST-0321,PROD-084,1,2734.49,2734.49,COMPLETED,2026-08-16 21:56:40
ORD-3624,SEL-001,CUST-0006,PROD-053,1,1140.4,1140.4,COMPLETED,2026-08-16 22:05:06
ORD-3625,SEL-001,CUST-0419,PROD-033,1,3351.36,3351.36,COMPLETED,2026-08-16 22:13:22
ORD-3626,SEL-001,CUST-0022,PROD-058,1,977.34,977.34,COMPLETED,2026-08-16 22:22:00
ORD-3627,SEL-001,CUST-0327,PROD-021,2,277.62,555.24,COMPLETED,2026-08-16 22:30:22
ORD-3628,SEL-001,CUST-0275,PROD-095,1,2044.18,2044.18,COMPLETED,2026-08-16 22:38:57
ORD-3629,SEL-001,CUST-0356,PROD-069,1,386.43,386.43,COMPLETED,2026-08-16 22:47:53
ORD-3630,SEL-001,CUST-0056,PROD-051,1,1800.54,1800.54,COMPLETED,2026-08-16 22:56:04
ORD-3631,SEL-001,CUST-0045,PROD-064,1,2617.04,2617.04,COMPLETED,2026-08-16 23:04:58
ORD-3632,SEL-001,CUST-0241,PROD-015,1,3012.01,3012.01,COMPLETED,2026-08-16 23:13:01
ORD-3633,SEL-001,CUST-0043,PROD-009,1,2043.17,2043.17,COMPLETED,2026-08-16 23:21:37
ORD-3634,SEL-001,CUST-0379,PROD-077,1,1931.44,1931.44,COMPLETED,2026-08-16 23:30:18
ORD-3635,SEL-001,CUST-0393,PROD-099,1,2498.74,2498.74,COMPLETED,2026-08-16 23:38:52
ORD-3636,SEL-001,CUST-0008,PROD-044,2,1218.57,2437.14,COMPLETED,2026-08-16 23:47:27
ORD-3637,SEL-001,CUST-0180,PROD-083,1,1366.65,1366.65,COMPLETED,2026-08-16 23:55:46
ORD-3638,SEL-001,CUST-0150,PROD-029,1,661.04,661.04,COMPLETED,2026-08-17 00:04:43
ORD-3639,SEL-001,CUST-0370,PROD-057,1,2838.81,2838.81,COMPLETED,2026-08-17 00:13:06
ORD-3640,SEL-001,CUST-0148,PROD-019,1,2754.38,2754.38,COMPLETED,2026-08-17 00:21:33
ORD-3641,SEL-001,CUST-0351,PROD-067,1,3548.0,3548.0,COMPLETED,2026-08-17 00:29:52
ORD-3642,SEL-001,CUST-0371,PROD-048,1,679.26,679.26,COMPLETED,2026-08-17 00:38:26
ORD-3643,SEL-001,CUST-0120,P17,1,1100.0,1100.0,COMPLETED,2026-08-17 00:47:14
ORD-3644,SEL-001,CUST-0394,PROD-029,1,661.04,661.04,COMPLETED,2026-08-17 00:55:37
ORD-3645,SEL-001,CUST-0038,P17,1,1100.0,1100.0,COMPLETED,2026-08-17 01:04:14
ORD-3646,SEL-001,CUST-0331,PROD-088,1,4489.53,4489.53,COMPLETED,2026-08-17 01:12:47
ORD-3647,SEL-001,CUST-0122,PROD-079,1,2200.12,2200.12,COMPLETED,2026-08-17 01:21:24
ORD-3648,SEL-001,CUST-0233,PROD-020,1,3690.08,3690.08,COMPLETED,2026-08-17 01:29:53
ORD-3649,SEL-001,CUST-0074,PROD-094,1,3616.34,3616.34,COMPLETED,2026-08-17 01:38:12
ORD-3650,SEL-001,CUST-0452,PROD-095,1,2044.18,2044.18,COMPLETED,2026-08-17 01:46:45
ORD-3651,SEL-001,CUST-0022,PROD-091,2,450.24,900.48,COMPLETED,2026-08-17 01:55:13
ORD-3652,SEL-001,CUST-0065,PROD-046,1,589.12,589.12,COMPLETED,2026-08-17 02:03:53
ORD-3653,SEL-001,CUST-0214,PROD-058,1,977.34,977.34,COMPLETED,2026-08-17 02:12:41
ORD-3654,SEL-001,CUST-0173,PROD-052,1,1823.27,1823.27,COMPLETED,2026-08-17 02:20:56
ORD-3655,SEL-001,CUST-0112,PROD-073,1,4257.37,4257.37,COMPLETED,2026-08-17 02:29:24
ORD-3656,SEL-001,CUST-0402,PROD-060,1,944.46,944.46,COMPLETED,2026-08-17 02:38:10
ORD-3657,SEL-001,CUST-0192,PROD-028,1,644.17,644.17,COMPLETED,2026-08-17 02:46:34
ORD-3658,SEL-001,CUST-0334,PROD-100,2,4377.08,8754.16,COMPLETED,2026-08-17 02:55:11
ORD-3659,SEL-001,CUST-0112,PROD-021,1,277.62,277.62,COMPLETED,2026-08-17 03:03:32
ORD-3660,SEL-001,CUST-0093,PROD-004,1,1198.65,1198.65,COMPLETED,2026-08-17 03:12:11
ORD-3661,SEL-001,CUST-0089,PROD-096,1,519.99,519.99,COMPLETED,2026-08-17 03:20:51
ORD-3662,SEL-001,CUST-0206,PROD-026,1,4318.16,4318.16,COMPLETED,2026-08-17 03:29:22
ORD-3663,SEL-001,CUST-0445,PROD-098,2,4483.52,8967.04,COMPLETED,2026-08-17 03:37:41
ORD-3664,SEL-001,CUST-0391,PROD-095,1,2044.18,2044.18,COMPLETED,2026-08-17 03:46:35
ORD-3665,SEL-001,CUST-0403,PROD-003,1,1418.87,1418.87,COMPLETED,2026-08-17 03:54:41
ORD-3666,SEL-001,CUST-0170,PROD-041,2,2703.75,5407.5,COMPLETED,2026-08-17 04:03:11
ORD-3667,SEL-001,CUST-0078,PROD-040,1,3912.25,3912.25,COMPLETED,2026-08-17 04:12:05
ORD-3668,SEL-001,CUST-0162,PROD-058,1,977.34,977.34,COMPLETED,2026-08-17 04:20:43
ORD-3669,SEL-001,CUST-0156,PROD-072,1,1146.68,1146.68,COMPLETED,2026-08-17 04:28:55
ORD-3670,SEL-001,CUST-0213,PROD-080,1,1375.74,1375.74,COMPLETED,2026-08-17 04:37:23
ORD-3671,SEL-001,CUST-0241,PROD-036,1,1858.77,1858.77,COMPLETED,2026-08-17 04:46:10
ORD-3672,SEL-001,CUST-0340,PROD-057,1,2838.81,2838.81,COMPLETED,2026-08-17 04:54:25
ORD-3673,SEL-001,CUST-0196,PROD-062,1,4455.47,4455.47,COMPLETED,2026-08-17 05:03:22
ORD-3674,SEL-001,CUST-0477,PROD-074,1,3974.56,3974.56,COMPLETED,2026-08-17 05:11:37
ORD-3675,SEL-001,CUST-0485,PROD-045,2,1479.9,2959.8,COMPLETED,2026-08-17 05:20:13
ORD-3676,SEL-001,CUST-0190,PROD-018,1,1186.87,1186.87,COMPLETED,2026-08-17 05:28:58
ORD-3677,SEL-001,CUST-0077,PROD-086,1,1947.45,1947.45,COMPLETED,2026-08-17 05:37:31
ORD-3678,SEL-001,CUST-0365,PROD-011,1,1179.21,1179.21,COMPLETED,2026-08-17 05:45:43
ORD-3679,SEL-001,CUST-0009,PROD-076,1,3035.61,3035.61,COMPLETED,2026-08-17 05:54:22
ORD-3680,SEL-001,CUST-0130,PROD-036,2,1858.77,3717.54,COMPLETED,2026-08-17 06:03:06
ORD-3681,SEL-001,CUST-0251,PROD-022,1,3674.73,3674.73,COMPLETED,2026-08-17 06:11:11
ORD-3682,SEL-001,CUST-0135,PROD-056,1,3004.15,3004.15,COMPLETED,2026-08-17 06:19:52
ORD-3683,SEL-001,CUST-0337,PROD-011,1,1179.21,1179.21,COMPLETED,2026-08-17 06:28:39
ORD-3684,SEL-001,CUST-0475,PROD-095,1,2044.18,2044.18,COMPLETED,2026-08-17 06:37:14
ORD-3685,SEL-001,CUST-0464,PROD-050,1,2951.66,2951.66,COMPLETED,2026-08-17 06:45:25
ORD-3686,SEL-001,CUST-0193,PROD-066,2,3832.12,7664.24,COMPLETED,2026-08-17 06:54:13
ORD-3687,SEL-001,CUST-0363,PROD-045,1,1479.9,1479.9,COMPLETED,2026-08-17 07:02:36
ORD-3688,SEL-001,CUST-0145,PROD-058,2,977.34,1954.68,COMPLETED,2026-08-17 07:11:10
ORD-3689,SEL-001,CUST-0468,PROD-066,2,3832.12,7664.24,COMPLETED,2026-08-17 07:19:48
ORD-3690,SEL-001,CUST-0413,PROD-032,1,3680.3,3680.3,COMPLETED,2026-08-17 07:28:03
ORD-3691,SEL-001,CUST-0293,PROD-100,1,4377.08,4377.08,COMPLETED,2026-08-17 07:36:35
ORD-3692,SEL-001,CUST-0007,PROD-044,2,1218.57,2437.14,COMPLETED,2026-08-17 07:45:26
ORD-3693,SEL-001,CUST-0299,PROD-059,1,3348.79,3348.79,COMPLETED,2026-08-17 07:53:39
ORD-3694,SEL-001,CUST-0055,PROD-008,1,619.49,619.49,COMPLETED,2026-08-17 08:02:28
ORD-3695,SEL-001,CUST-0475,PROD-012,1,2397.76,2397.76,COMPLETED,2026-08-17 08:11:02
ORD-3696,SEL-001,CUST-0406,PROD-027,1,1680.53,1680.53,COMPLETED,2026-08-17 08:19:24
ORD-3697,SEL-001,CUST-0321,PROD-061,1,1862.69,1862.69,COMPLETED,2026-08-17 08:27:53
ORD-3698,SEL-001,CUST-0310,PROD-061,1,1862.69,1862.69,COMPLETED,2026-08-17 08:36:30
ORD-3699,SEL-001,CUST-0441,PROD-024,1,1696.06,1696.06,COMPLETED,2026-08-17 08:45:14
ORD-3700,SEL-001,CUST-0135,PROD-070,1,1590.68,1590.68,COMPLETED,2026-08-17 08:53:26
ORD-3701,SEL-001,CUST-0360,PROD-025,1,910.79,910.79,COMPLETED,2026-08-17 09:01:55
ORD-3702,SEL-001,CUST-0084,PROD-076,1,3035.61,3035.61,COMPLETED,2026-08-17 09:10:31
ORD-3703,SEL-001,CUST-0147,PROD-033,1,3351.36,3351.36,COMPLETED,2026-08-17 09:19:16
ORD-3704,SEL-001,CUST-0004,PROD-088,1,4489.53,4489.53,COMPLETED,2026-08-17 09:27:44
ORD-3705,SEL-001,CUST-0032,PROD-045,2,1479.9,2959.8,COMPLETED,2026-08-17 09:36:02
ORD-3706,SEL-001,CUST-0419,PROD-087,1,1182.11,1182.11,COMPLETED,2026-08-17 09:44:56
ORD-3707,SEL-001,CUST-0382,PROD-041,1,2703.75,2703.75,COMPLETED,2026-08-17 09:53:04
ORD-3708,SEL-001,CUST-0358,PROD-087,2,1182.11,2364.22,COMPLETED,2026-08-17 10:01:47
ORD-3709,SEL-001,CUST-0430,PROD-046,1,589.12,589.12,COMPLETED,2026-08-17 10:10:31
ORD-3710,SEL-001,CUST-0154,PROD-041,1,2703.75,2703.75,COMPLETED,2026-08-17 10:18:55
ORD-3711,SEL-001,CUST-0301,PROD-089,1,2415.49,2415.49,COMPLETED,2026-08-17 10:27:19
ORD-3712,SEL-001,CUST-0167,PROD-052,1,1823.27,1823.27,COMPLETED,2026-08-17 10:35:58
ORD-3713,SEL-001,CUST-0079,PROD-097,1,1871.88,1871.88,COMPLETED,2026-08-17 10:44:30
ORD-3714,SEL-001,CUST-0072,PROD-049,2,1431.39,2862.78,COMPLETED,2026-08-17 10:53:15
ORD-3715,SEL-001,CUST-0188,P17,1,1100.0,1100.0,COMPLETED,2026-08-17 11:01:32
ORD-3716,SEL-001,CUST-0078,PROD-024,1,1696.06,1696.06,COMPLETED,2026-08-17 11:09:57
ORD-3717,SEL-001,CUST-0102,P17,1,1100.0,1100.0,COMPLETED,2026-08-17 11:18:34
ORD-3718,SEL-001,CUST-0438,PROD-030,1,3851.85,3851.85,COMPLETED,2026-08-17 11:27:26
ORD-3719,SEL-001,CUST-0222,PROD-021,1,277.62,277.62,COMPLETED,2026-08-17 11:35:43
ORD-3720,SEL-001,CUST-0493,PROD-042,1,3244.43,3244.43,COMPLETED,2026-08-17 11:44:11
ORD-3721,SEL-001,CUST-0121,PROD-064,1,2617.04,2617.04,COMPLETED,2026-08-17 11:52:37
ORD-3722,SEL-001,CUST-0490,PROD-021,1,277.62,277.62,COMPLETED,2026-08-17 12:01:05
ORD-3723,SEL-001,CUST-0220,PROD-077,1,1931.44,1931.44,COMPLETED,2026-08-17 12:09:56
ORD-3724,SEL-001,CUST-0192,P17,1,1100.0,1100.0,COMPLETED,2026-08-17 12:18:32
ORD-3725,SEL-001,CUST-0010,PROD-054,1,1384.66,1384.66,COMPLETED,2026-08-17 12:26:43
ORD-3726,SEL-001,CUST-0120,PROD-041,1,2703.75,2703.75,COMPLETED,2026-08-17 12:35:35
ORD-3727,SEL-001,CUST-0403,PROD-044,1,1218.57,1218.57,COMPLETED,2026-08-17 12:44:00
ORD-3728,SEL-001,CUST-0462,PROD-042,1,3244.43,3244.43,COMPLETED,2026-08-17 12:52:23
ORD-3729,SEL-001,CUST-0118,PROD-079,1,2200.12,2200.12,COMPLETED,2026-08-17 13:01:18
ORD-3730,SEL-001,CUST-0289,PROD-003,1,1418.87,1418.87,COMPLETED,2026-08-17 13:09:36
ORD-3731,SEL-001,CUST-0385,PROD-042,1,3244.43,3244.43,COMPLETED,2026-08-17 13:18:05
ORD-3732,SEL-001,CUST-0462,PROD-094,1,3616.34,3616.34,COMPLETED,2026-08-17 13:26:44
ORD-3733,SEL-001,CUST-0099,PROD-036,1,1858.77,1858.77,COMPLETED,2026-08-17 13:35:21
ORD-3734,SEL-001,CUST-0031,PROD-029,1,661.04,661.04,COMPLETED,2026-08-17 13:43:53
ORD-3735,SEL-001,CUST-0318,PROD-019,1,2754.38,2754.38,COMPLETED,2026-08-17 13:52:27
ORD-3736,SEL-001,CUST-0161,PROD-069,1,386.43,386.43,COMPLETED,2026-08-17 14:00:48
ORD-3737,SEL-001,CUST-0491,PROD-078,1,4136.83,4136.83,COMPLETED,2026-08-17 14:09:11
ORD-3738,SEL-001,CUST-0454,PROD-065,1,3159.61,3159.61,COMPLETED,2026-08-17 14:18:00
ORD-3739,SEL-001,CUST-0359,PROD-002,1,356.3,356.3,COMPLETED,2026-08-17 14:26:22
ORD-3740,SEL-001,CUST-0013,P17,1,1100.0,1100.0,COMPLETED,2026-08-17 14:34:50
ORD-3741,SEL-001,CUST-0239,PROD-019,1,2754.38,2754.38,COMPLETED,2026-08-17 14:43:24
ORD-3742,SEL-001,CUST-0305,PROD-041,1,2703.75,2703.75,COMPLETED,2026-08-17 14:51:50
ORD-3743,SEL-001,CUST-0102,PROD-059,1,3348.79,3348.79,COMPLETED,2026-08-17 15:00:26
ORD-3744,SEL-001,CUST-0490,P17,1,1100.0,1100.0,COMPLETED,2026-08-17 15:09:00
ORD-3745,SEL-001,CUST-0189,PROD-093,1,2916.65,2916.65,COMPLETED,2026-08-17 15:17:37
ORD-3746,SEL-001,CUST-0331,PROD-023,1,3217.09,3217.09,COMPLETED,2026-08-17 15:26:07
ORD-3747,SEL-001,CUST-0330,PROD-073,1,4257.37,4257.37,COMPLETED,2026-08-17 15:34:27
ORD-3748,SEL-001,CUST-0029,PROD-092,1,716.01,716.01,COMPLETED,2026-08-17 15:43:14
ORD-3749,SEL-001,CUST-0072,PROD-067,1,3548.0,3548.0,COMPLETED,2026-08-17 15:51:32
ORD-3750,SEL-001,CUST-0387,PROD-046,1,589.12,589.12,COMPLETED,2026-08-17 16:00:04
ORD-3751,SEL-001,CUST-0036,PROD-070,1,1590.68,1590.68,COMPLETED,2026-08-17 16:08:58
ORD-3752,SEL-001,CUST-0203,PROD-071,1,1387.9,1387.9,COMPLETED,2026-08-17 16:17:31
ORD-3753,SEL-001,CUST-0082,PROD-034,1,2528.97,2528.97,COMPLETED,2026-08-17 16:25:52
ORD-3754,SEL-001,CUST-0286,P17,1,1100.0,1100.0,COMPLETED,2026-08-17 16:34:31
ORD-3755,SEL-001,CUST-0022,PROD-098,1,4483.52,4483.52,COMPLETED,2026-08-17 16:42:57
ORD-3756,SEL-001,CUST-0071,PROD-042,1,3244.43,3244.43,COMPLETED,2026-08-17 16:51:41
ORD-3757,SEL-001,CUST-0010,PROD-038,1,3774.97,3774.97,COMPLETED,2026-08-17 16:59:58
ORD-3758,SEL-001,CUST-0213,PROD-006,1,3125.97,3125.97,COMPLETED,2026-08-17 17:08:40
ORD-3759,SEL-001,CUST-0299,PROD-045,1,1479.9,1479.9,COMPLETED,2026-08-17 17:16:57
ORD-3760,SEL-001,CUST-0261,PROD-022,1,3674.73,3674.73,COMPLETED,2026-08-17 17:25:33
ORD-3761,SEL-001,CUST-0469,PROD-080,1,1375.74,1375.74,COMPLETED,2026-08-17 17:33:54
ORD-3762,SEL-001,CUST-0199,PROD-026,1,4318.16,4318.16,COMPLETED,2026-08-17 17:42:42
ORD-3763,SEL-001,CUST-0168,PROD-051,1,1800.54,1800.54,COMPLETED,2026-08-17 17:51:04
ORD-3764,SEL-001,CUST-0229,PROD-084,1,2734.49,2734.49,COMPLETED,2026-08-17 17:59:31
ORD-3765,SEL-001,CUST-0095,PROD-050,1,2951.66,2951.66,COMPLETED,2026-08-17 18:08:09
ORD-3766,SEL-001,CUST-0106,PROD-073,1,4257.37,4257.37,COMPLETED,2026-08-17 18:17:02
ORD-3767,SEL-001,CUST-0346,PROD-076,1,3035.61,3035.61,COMPLETED,2026-08-17 18:25:29
ORD-3768,SEL-001,CUST-0332,PROD-073,2,4257.37,8514.74,COMPLETED,2026-08-17 18:33:40
ORD-3769,SEL-001,CUST-0262,P17,1,1100.0,1100.0,COMPLETED,2026-08-17 18:42:17
ORD-3770,SEL-001,CUST-0171,PROD-093,1,2916.65,2916.65,COMPLETED,2026-08-17 18:51:10
ORD-3771,SEL-001,CUST-0309,PROD-063,1,2970.0,2970.0,COMPLETED,2026-08-17 18:59:27
ORD-3772,SEL-001,CUST-0342,PROD-032,1,3680.3,3680.3,COMPLETED,2026-08-17 19:08:12
ORD-3773,SEL-001,CUST-0437,P17,1,1100.0,1100.0,COMPLETED,2026-08-17 19:16:19
ORD-3774,SEL-001,CUST-0477,P17,1,1100.0,1100.0,COMPLETED,2026-08-17 19:24:59
ORD-3775,SEL-001,CUST-0082,PROD-048,1,679.26,679.26,COMPLETED,2026-08-17 19:33:53
ORD-3776,SEL-001,CUST-0380,PROD-010,1,376.64,376.64,COMPLETED,2026-08-17 19:42:08
ORD-3777,SEL-001,CUST-0395,P17,1,1100.0,1100.0,COMPLETED,2026-08-17 19:50:36
ORD-3778,SEL-001,CUST-0477,PROD-027,1,1680.53,1680.53,COMPLETED,2026-08-17 19:59:13
ORD-3779,SEL-001,CUST-0350,PROD-061,1,1862.69,1862.69,COMPLETED,2026-08-17 20:08:01
ORD-3780,SEL-001,CUST-0121,PROD-075,1,1587.38,1587.38,COMPLETED,2026-08-17 20:16:26
ORD-3781,SEL-001,CUST-0360,PROD-009,1,2043.17,2043.17,COMPLETED,2026-08-17 20:24:35
ORD-3782,SEL-001,CUST-0204,PROD-004,1,1198.65,1198.65,COMPLETED,2026-08-17 20:33:09
ORD-3783,SEL-001,CUST-0212,PROD-002,1,356.3,356.3,COMPLETED,2026-08-17 20:41:53
ORD-3784,SEL-001,CUST-0492,PROD-036,1,1858.77,1858.77,COMPLETED,2026-08-17 20:50:13
ORD-3785,SEL-001,CUST-0411,PROD-086,1,1947.45,1947.45,COMPLETED,2026-08-17 20:58:50
ORD-3786,SEL-001,CUST-0354,PROD-001,2,2967.56,5935.12,COMPLETED,2026-08-17 21:07:23
ORD-3787,SEL-001,CUST-0428,PROD-072,2,1146.68,2293.36,COMPLETED,2026-08-17 21:16:06
ORD-3788,SEL-001,CUST-0367,PROD-007,1,4041.76,4041.76,COMPLETED,2026-08-17 21:24:27
ORD-3789,SEL-001,CUST-0234,PROD-070,1,1590.68,1590.68,COMPLETED,2026-08-17 21:33:03
ORD-3790,SEL-001,CUST-0372,PROD-019,1,2754.38,2754.38,COMPLETED,2026-08-17 21:41:35
ORD-3791,SEL-001,CUST-0090,PROD-048,1,679.26,679.26,COMPLETED,2026-08-17 21:50:09
ORD-3792,SEL-001,CUST-0076,PROD-097,2,1871.88,3743.76,COMPLETED,2026-08-17 21:58:37
ORD-3793,SEL-001,CUST-0185,PROD-012,1,2397.76,2397.76,COMPLETED,2026-08-17 22:07:13
ORD-3794,SEL-001,CUST-0474,PROD-060,1,944.46,944.46,COMPLETED,2026-08-17 22:15:42
ORD-3795,SEL-001,CUST-0085,PROD-044,1,1218.57,1218.57,COMPLETED,2026-08-17 22:24:25
ORD-3796,SEL-001,CUST-0075,PROD-070,1,1590.68,1590.68,COMPLETED,2026-08-17 22:32:56
ORD-3797,SEL-001,CUST-0409,PROD-027,1,1680.53,1680.53,COMPLETED,2026-08-17 22:41:35
ORD-3798,SEL-001,CUST-0215,PROD-065,1,3159.61,3159.61,COMPLETED,2026-08-17 22:50:06
ORD-3799,SEL-001,CUST-0003,PROD-071,1,1387.9,1387.9,COMPLETED,2026-08-17 22:58:30
ORD-3800,SEL-001,CUST-0351,PROD-043,1,444.75,444.75,COMPLETED,2026-08-17 23:06:51
ORD-3801,SEL-001,CUST-0409,PROD-051,1,1800.54,1800.54,COMPLETED,2026-08-17 23:15:42
ORD-3802,SEL-001,CUST-0296,PROD-053,1,1140.4,1140.4,COMPLETED,2026-08-17 23:23:55
ORD-3803,SEL-001,CUST-0328,PROD-020,1,3690.08,3690.08,COMPLETED,2026-08-17 23:32:27
ORD-3804,SEL-001,CUST-0367,P17,1,1100.0,1100.0,COMPLETED,2026-08-17 23:40:58
ORD-3805,SEL-001,CUST-0254,PROD-010,1,376.64,376.64,COMPLETED,2026-08-17 23:49:27
ORD-3806,SEL-001,CUST-0208,PROD-027,1,1680.53,1680.53,COMPLETED,2026-08-17 23:58:20
ORD-3807,SEL-001,CUST-0098,P17,1,1100.0,1100.0,COMPLETED,2026-08-18 00:06:55
ORD-3808,SEL-001,CUST-0424,PROD-010,1,376.64,376.64,COMPLETED,2026-08-18 00:15:06
ORD-3809,SEL-001,CUST-0217,PROD-085,1,4065.75,4065.75,COMPLETED,2026-08-18 00:23:36
ORD-3810,SEL-001,CUST-0176,PROD-027,1,1680.53,1680.53,COMPLETED,2026-08-18 00:32:14
ORD-3811,SEL-001,CUST-0245,PROD-076,1,3035.61,3035.61,COMPLETED,2026-08-18 00:41:06
ORD-3812,SEL-001,CUST-0256,PROD-004,1,1198.65,1198.65,COMPLETED,2026-08-18 00:49:10
ORD-3813,SEL-001,CUST-0197,PROD-099,1,2498.74,2498.74,COMPLETED,2026-08-18 00:58:06
ORD-3814,SEL-001,CUST-0451,PROD-088,1,4489.53,4489.53,COMPLETED,2026-08-18 01:06:32
ORD-3815,SEL-001,CUST-0493,PROD-012,1,2397.76,2397.76,COMPLETED,2026-08-18 01:14:46
ORD-3816,SEL-001,CUST-0126,PROD-092,1,716.01,716.01,COMPLETED,2026-08-18 01:23:19
ORD-3817,SEL-001,CUST-0384,PROD-078,2,4136.83,8273.66,COMPLETED,2026-08-18 01:32:01
ORD-3818,SEL-001,CUST-0283,PROD-058,1,977.34,977.34,COMPLETED,2026-08-18 01:40:30
ORD-3819,SEL-001,CUST-0351,PROD-087,1,1182.11,1182.11,COMPLETED,2026-08-18 01:48:53
ORD-3820,SEL-001,CUST-0036,PROD-060,1,944.46,944.46,COMPLETED,2026-08-18 01:57:39
ORD-3821,SEL-001,CUST-0474,PROD-093,1,2916.65,2916.65,COMPLETED,2026-08-18 02:06:22
ORD-3822,SEL-001,CUST-0265,PROD-058,1,977.34,977.34,COMPLETED,2026-08-18 02:14:51
ORD-3823,SEL-001,CUST-0308,PROD-015,1,3012.01,3012.01,COMPLETED,2026-08-18 02:23:10
ORD-3824,SEL-001,CUST-0102,PROD-032,1,3680.3,3680.3,COMPLETED,2026-08-18 02:31:35
ORD-3825,SEL-001,CUST-0335,PROD-099,1,2498.74,2498.74,COMPLETED,2026-08-18 02:40:30
ORD-3826,SEL-001,CUST-0175,PROD-075,1,1587.38,1587.38,COMPLETED,2026-08-18 02:48:44
ORD-3827,SEL-001,CUST-0414,PROD-015,1,3012.01,3012.01,COMPLETED,2026-08-18 02:57:23
ORD-3828,SEL-001,CUST-0485,PROD-004,1,1198.65,1198.65,COMPLETED,2026-08-18 03:06:05
ORD-3829,SEL-001,CUST-0221,P17,1,1100.0,1100.0,COMPLETED,2026-08-18 03:14:36
ORD-3830,SEL-001,CUST-0279,PROD-061,1,1862.69,1862.69,COMPLETED,2026-08-18 03:23:06
ORD-3831,SEL-001,CUST-0217,PROD-012,1,2397.76,2397.76,COMPLETED,2026-08-18 03:31:40
ORD-3832,SEL-001,CUST-0244,PROD-032,2,3680.3,7360.6,COMPLETED,2026-08-18 03:40:01
ORD-3833,SEL-001,CUST-0013,PROD-074,1,3974.56,3974.56,COMPLETED,2026-08-18 03:48:25
ORD-3834,SEL-001,CUST-0280,PROD-034,1,2528.97,2528.97,COMPLETED,2026-08-18 03:57:15
ORD-3835,SEL-001,CUST-0095,PROD-015,1,3012.01,3012.01,COMPLETED,2026-08-18 04:05:47
ORD-3836,SEL-001,CUST-0154,PROD-090,1,636.37,636.37,COMPLETED,2026-08-18 04:14:02
ORD-3837,SEL-001,CUST-0404,P17,1,1100.0,1100.0,COMPLETED,2026-08-18 04:22:46
ORD-3838,SEL-001,CUST-0005,PROD-018,1,1186.87,1186.87,COMPLETED,2026-08-18 04:31:18
ORD-3839,SEL-001,CUST-0411,PROD-085,1,4065.75,4065.75,COMPLETED,2026-08-18 04:39:49
ORD-3840,SEL-001,CUST-0089,PROD-082,1,2635.81,2635.81,COMPLETED,2026-08-18 04:48:09
ORD-3841,SEL-001,CUST-0075,PROD-066,1,3832.12,3832.12,COMPLETED,2026-08-18 04:56:40
ORD-3842,SEL-001,CUST-0263,PROD-010,1,376.64,376.64,COMPLETED,2026-08-18 05:05:25
ORD-3843,SEL-001,CUST-0212,PROD-047,2,1239.36,2478.72,COMPLETED,2026-08-18 05:14:06
ORD-3844,SEL-001,CUST-0031,PROD-006,2,3125.97,6251.94,COMPLETED,2026-08-18 05:22:27
ORD-3845,SEL-001,CUST-0099,PROD-048,1,679.26,679.26,COMPLETED,2026-08-18 05:30:46
ORD-3846,SEL-001,CUST-0116,P17,1,1100.0,1100.0,COMPLETED,2026-08-18 05:39:45
ORD-3847,SEL-001,CUST-0456,PROD-097,1,1871.88,1871.88,COMPLETED,2026-08-18 05:48:06
ORD-3848,SEL-001,CUST-0148,PROD-010,1,376.64,376.64,COMPLETED,2026-08-18 05:56:38
ORD-3849,SEL-001,CUST-0288,PROD-100,1,4377.08,4377.08,COMPLETED,2026-08-18 06:04:57
ORD-3850,SEL-001,CUST-0143,PROD-060,1,944.46,944.46,COMPLETED,2026-08-18 06:13:38
ORD-3851,SEL-001,CUST-0156,PROD-078,1,4136.83,4136.83,COMPLETED,2026-08-18 06:22:09
ORD-3852,SEL-001,CUST-0241,PROD-050,1,2951.66,2951.66,COMPLETED,2026-08-18 06:31:01
ORD-3853,SEL-001,CUST-0356,PROD-088,1,4489.53,4489.53,COMPLETED,2026-08-18 06:39:21
ORD-3854,SEL-001,CUST-0071,PROD-012,1,2397.76,2397.76,COMPLETED,2026-08-18 06:47:53
ORD-3855,SEL-001,CUST-0265,PROD-009,1,2043.17,2043.17,COMPLETED,2026-08-18 06:56:24
ORD-3856,SEL-001,CUST-0448,PROD-066,1,3832.12,3832.12,COMPLETED,2026-08-18 07:04:47
ORD-3857,SEL-001,CUST-0465,PROD-025,1,910.79,910.79,COMPLETED,2026-08-18 07:13:21
ORD-3858,SEL-001,CUST-0172,PROD-053,1,1140.4,1140.4,COMPLETED,2026-08-18 07:22:09
ORD-3859,SEL-001,CUST-0338,PROD-079,2,2200.12,4400.24,COMPLETED,2026-08-18 07:30:36
ORD-3860,SEL-001,CUST-0353,PROD-088,1,4489.53,4489.53,COMPLETED,2026-08-18 07:39:11
ORD-3861,SEL-001,CUST-0165,PROD-060,1,944.46,944.46,COMPLETED,2026-08-18 07:47:36
ORD-3862,SEL-001,CUST-0371,PROD-082,1,2635.81,2635.81,COMPLETED,2026-08-18 07:56:14
ORD-3863,SEL-001,CUST-0426,PROD-083,1,1366.65,1366.65,COMPLETED,2026-08-18 08:04:43
ORD-3864,SEL-001,CUST-0248,PROD-073,1,4257.37,4257.37,COMPLETED,2026-08-18 08:13:07
ORD-3865,SEL-001,CUST-0311,PROD-016,2,2566.0,5132.0,COMPLETED,2026-08-18 08:21:35
ORD-3866,SEL-001,CUST-0002,PROD-033,2,3351.36,6702.72,COMPLETED,2026-08-18 08:30:11
ORD-3867,SEL-001,CUST-0299,PROD-066,1,3832.12,3832.12,COMPLETED,2026-08-18 08:38:48
ORD-3868,SEL-001,CUST-0219,PROD-063,1,2970.0,2970.0,COMPLETED,2026-08-18 08:47:04
ORD-3869,SEL-001,CUST-0161,PROD-024,1,1696.06,1696.06,COMPLETED,2026-08-18 08:55:47
ORD-3870,SEL-001,CUST-0022,PROD-036,1,1858.77,1858.77,COMPLETED,2026-08-18 09:04:09
ORD-3871,SEL-001,CUST-0402,PROD-096,1,519.99,519.99,COMPLETED,2026-08-18 09:12:44
ORD-3872,SEL-001,CUST-0339,PROD-002,1,356.3,356.3,COMPLETED,2026-08-18 09:21:40
ORD-3873,SEL-001,CUST-0142,PROD-031,1,2815.84,2815.84,COMPLETED,2026-08-18 09:30:07
ORD-3874,SEL-001,CUST-0385,PROD-071,1,1387.9,1387.9,COMPLETED,2026-08-18 09:38:34
ORD-3875,SEL-001,CUST-0284,PROD-098,1,4483.52,4483.52,COMPLETED,2026-08-18 09:46:48
ORD-3876,SEL-001,CUST-0197,PROD-079,1,2200.12,2200.12,COMPLETED,2026-08-18 09:55:46
ORD-3877,SEL-001,CUST-0380,PROD-035,1,4385.74,4385.74,COMPLETED,2026-08-18 10:04:10
ORD-3878,SEL-001,CUST-0433,PROD-031,1,2815.84,2815.84,COMPLETED,2026-08-18 10:12:31
ORD-3879,SEL-001,CUST-0470,PROD-014,1,1095.06,1095.06,COMPLETED,2026-08-18 10:21:01
ORD-3880,SEL-001,CUST-0297,PROD-050,1,2951.66,2951.66,COMPLETED,2026-08-18 10:29:41
ORD-3881,SEL-001,CUST-0042,PROD-057,1,2838.81,2838.81,COMPLETED,2026-08-18 10:38:27
ORD-3882,SEL-001,CUST-0436,PROD-049,1,1431.39,1431.39,COMPLETED,2026-08-18 10:46:44
ORD-3883,SEL-001,CUST-0452,PROD-056,1,3004.15,3004.15,COMPLETED,2026-08-18 10:55:10
ORD-3884,SEL-001,CUST-0011,PROD-079,1,2200.12,2200.12,COMPLETED,2026-08-18 11:03:46
ORD-3885,SEL-001,CUST-0191,PROD-010,1,376.64,376.64,COMPLETED,2026-08-18 11:12:14
ORD-3886,SEL-001,CUST-0087,PROD-027,1,1680.53,1680.53,COMPLETED,2026-08-18 11:20:52
ORD-3887,SEL-001,CUST-0128,PROD-030,1,3851.85,3851.85,COMPLETED,2026-08-18 11:29:20
ORD-3888,SEL-001,CUST-0013,PROD-073,1,4257.37,4257.37,COMPLETED,2026-08-18 11:38:14
ORD-3889,SEL-001,CUST-0366,PROD-050,1,2951.66,2951.66,COMPLETED,2026-08-18 11:46:30
ORD-3890,SEL-001,CUST-0252,PROD-058,2,977.34,1954.68,COMPLETED,2026-08-18 11:54:48
ORD-3891,SEL-001,CUST-0179,PROD-047,2,1239.36,2478.72,COMPLETED,2026-08-18 12:03:28
ORD-3892,SEL-001,CUST-0087,PROD-075,1,1587.38,1587.38,COMPLETED,2026-08-18 12:11:58
ORD-3893,SEL-001,CUST-0101,PROD-049,1,1431.39,1431.39,COMPLETED,2026-08-18 12:20:50
ORD-3894,SEL-001,CUST-0363,PROD-012,1,2397.76,2397.76,COMPLETED,2026-08-18 12:28:59
ORD-3895,SEL-001,CUST-0041,PROD-033,1,3351.36,3351.36,COMPLETED,2026-08-18 12:37:37
ORD-3896,SEL-001,CUST-0224,PROD-024,1,1696.06,1696.06,COMPLETED,2026-08-18 12:46:28
ORD-3897,SEL-001,CUST-0035,PROD-012,1,2397.76,2397.76,COMPLETED,2026-08-18 12:54:49
ORD-3898,SEL-001,CUST-0402,PROD-095,1,2044.18,2044.18,COMPLETED,2026-08-18 13:03:30
ORD-3899,SEL-001,CUST-0217,PROD-031,1,2815.84,2815.84,COMPLETED,2026-08-18 13:12:07
ORD-3900,SEL-001,CUST-0365,PROD-099,1,2498.74,2498.74,COMPLETED,2026-08-18 13:20:28
ORD-3901,SEL-001,CUST-0274,PROD-060,1,944.46,944.46,COMPLETED,2026-08-18 13:28:46
ORD-3902,SEL-001,CUST-0079,PROD-024,1,1696.06,1696.06,COMPLETED,2026-08-18 13:37:18
ORD-3903,SEL-001,CUST-0263,PROD-065,1,3159.61,3159.61,COMPLETED,2026-08-18 13:45:53
ORD-3904,SEL-001,CUST-0086,PROD-020,1,3690.08,3690.08,COMPLETED,2026-08-18 13:54:21
ORD-3905,SEL-001,CUST-0428,PROD-036,1,1858.77,1858.77,COMPLETED,2026-08-18 14:03:08
ORD-3906,SEL-001,CUST-0057,PROD-021,1,277.62,277.62,COMPLETED,2026-08-18 14:11:43
ORD-3907,SEL-001,CUST-0194,PROD-037,1,2596.17,2596.17,COMPLETED,2026-08-18 14:19:55
ORD-3908,SEL-001,CUST-0387,PROD-070,1,1590.68,1590.68,COMPLETED,2026-08-18 14:28:46
ORD-3909,SEL-001,CUST-0493,PROD-067,1,3548.0,3548.0,COMPLETED,2026-08-18 14:37:11
ORD-3910,SEL-001,CUST-0429,PROD-097,1,1871.88,1871.88,COMPLETED,2026-08-18 14:45:51
ORD-3911,SEL-001,CUST-0258,P17,1,1100.0,1100.0,COMPLETED,2026-08-18 14:54:06
ORD-3912,SEL-001,CUST-0189,PROD-015,1,3012.01,3012.01,COMPLETED,2026-08-18 15:02:52
ORD-3913,SEL-001,CUST-0154,PROD-041,1,2703.75,2703.75,COMPLETED,2026-08-18 15:11:18
ORD-3914,SEL-001,CUST-0223,PROD-097,1,1871.88,1871.88,COMPLETED,2026-08-18 15:19:44
ORD-3915,SEL-001,CUST-0389,PROD-084,1,2734.49,2734.49,COMPLETED,2026-08-18 15:28:35
ORD-3916,SEL-001,CUST-0009,PROD-057,1,2838.81,2838.81,COMPLETED,2026-08-18 15:36:46
ORD-3917,SEL-001,CUST-0239,PROD-027,1,1680.53,1680.53,COMPLETED,2026-08-18 15:45:36
ORD-3918,SEL-001,CUST-0126,PROD-082,2,2635.81,5271.62,COMPLETED,2026-08-18 15:53:47
ORD-3919,SEL-001,CUST-0180,PROD-050,2,2951.66,5903.32,COMPLETED,2026-08-18 16:02:19
ORD-3920,SEL-001,CUST-0307,PROD-066,1,3832.12,3832.12,COMPLETED,2026-08-18 16:10:52
ORD-3921,SEL-001,CUST-0434,PROD-046,1,589.12,589.12,COMPLETED,2026-08-18 16:19:49
ORD-3922,SEL-001,CUST-0085,P17,1,1100.0,1100.0,COMPLETED,2026-08-18 16:28:10
ORD-3923,SEL-001,CUST-0139,PROD-066,1,3832.12,3832.12,COMPLETED,2026-08-18 16:36:43
ORD-3924,SEL-001,CUST-0230,PROD-079,1,2200.12,2200.12,COMPLETED,2026-08-18 16:44:58
ORD-3925,SEL-001,CUST-0189,PROD-067,1,3548.0,3548.0,COMPLETED,2026-08-18 16:53:39
ORD-3926,SEL-001,CUST-0250,PROD-066,1,3832.12,3832.12,COMPLETED,2026-08-18 17:02:26
ORD-3927,SEL-001,CUST-0384,PROD-009,2,2043.17,4086.34,COMPLETED,2026-08-18 17:10:57
ORD-3928,SEL-001,CUST-0194,PROD-092,1,716.01,716.01,COMPLETED,2026-08-18 17:19:32
ORD-3929,SEL-001,CUST-0074,PROD-026,1,4318.16,4318.16,COMPLETED,2026-08-18 17:27:46
ORD-3930,SEL-001,CUST-0113,PROD-039,1,2878.71,2878.71,COMPLETED,2026-08-18 17:36:22
ORD-3931,SEL-001,CUST-0292,PROD-020,1,3690.08,3690.08,COMPLETED,2026-08-18 17:44:55
ORD-3932,SEL-001,CUST-0108,P17,1,1100.0,1100.0,COMPLETED,2026-08-18 17:53:43
ORD-3933,SEL-001,CUST-0373,PROD-009,1,2043.17,2043.17,COMPLETED,2026-08-18 18:01:54
ORD-3934,SEL-001,CUST-0474,PROD-015,1,3012.01,3012.01,COMPLETED,2026-08-18 18:10:24
ORD-3935,SEL-001,CUST-0176,PROD-048,2,679.26,1358.52,COMPLETED,2026-08-18 18:19:19
ORD-3936,SEL-001,CUST-0296,PROD-095,1,2044.18,2044.18,COMPLETED,2026-08-18 18:27:31
ORD-3937,SEL-001,CUST-0080,PROD-092,1,716.01,716.01,COMPLETED,2026-08-18 18:36:11
ORD-3938,SEL-001,CUST-0305,PROD-032,1,3680.3,3680.3,COMPLETED,2026-08-18 18:44:52
ORD-3939,SEL-001,CUST-0140,PROD-066,1,3832.12,3832.12,COMPLETED,2026-08-18 18:53:14
ORD-3940,SEL-001,CUST-0027,PROD-039,1,2878.71,2878.71,COMPLETED,2026-08-18 19:01:43
ORD-3941,SEL-001,CUST-0076,PROD-029,2,661.04,1322.08,COMPLETED,2026-08-18 19:10:29
ORD-3942,SEL-001,CUST-0079,PROD-090,1,636.37,636.37,COMPLETED,2026-08-18 19:19:03
ORD-3943,SEL-001,CUST-0205,PROD-043,1,444.75,444.75,COMPLETED,2026-08-18 19:27:30
ORD-3944,SEL-001,CUST-0247,PROD-085,1,4065.75,4065.75,COMPLETED,2026-08-18 19:35:58
ORD-3945,SEL-001,CUST-0030,PROD-056,1,3004.15,3004.15,COMPLETED,2026-08-18 19:44:39
ORD-3946,SEL-001,CUST-0171,PROD-016,1,2566.0,2566.0,COMPLETED,2026-08-18 19:52:43
ORD-3947,SEL-001,CUST-0476,PROD-076,1,3035.61,3035.61,COMPLETED,2026-08-18 20:01:30
ORD-3948,SEL-001,CUST-0147,PROD-022,1,3674.73,3674.73,COMPLETED,2026-08-18 20:09:54
ORD-3949,SEL-001,CUST-0193,PROD-013,1,362.78,362.78,COMPLETED,2026-08-18 20:18:37
ORD-3950,SEL-001,CUST-0077,PROD-064,2,2617.04,5234.08,COMPLETED,2026-08-18 20:26:51
ORD-3951,SEL-001,CUST-0414,PROD-020,2,3690.08,7380.16,COMPLETED,2026-08-18 20:35:48
ORD-3952,SEL-001,CUST-0432,PROD-088,2,4489.53,8979.06,COMPLETED,2026-08-18 20:44:04
ORD-3953,SEL-001,CUST-0293,PROD-022,2,3674.73,7349.46,COMPLETED,2026-08-18 20:52:48
ORD-3954,SEL-001,CUST-0299,PROD-006,1,3125.97,3125.97,COMPLETED,2026-08-18 21:01:00
ORD-3955,SEL-001,CUST-0405,PROD-051,1,1800.54,1800.54,COMPLETED,2026-08-18 21:09:38
ORD-3956,SEL-001,CUST-0304,PROD-068,1,1223.45,1223.45,COMPLETED,2026-08-18 21:18:12
ORD-3957,SEL-001,CUST-0034,PROD-034,1,2528.97,2528.97,COMPLETED,2026-08-18 21:26:40
ORD-3958,SEL-001,CUST-0050,PROD-029,1,661.04,661.04,COMPLETED,2026-08-18 21:35:24
ORD-3959,SEL-001,CUST-0174,PROD-089,1,2415.49,2415.49,COMPLETED,2026-08-18 21:44:07
ORD-3960,SEL-001,CUST-0261,PROD-084,1,2734.49,2734.49,COMPLETED,2026-08-18 21:52:42
ORD-3961,SEL-001,CUST-0477,PROD-040,1,3912.25,3912.25,COMPLETED,2026-08-18 22:01:09
ORD-3962,SEL-001,CUST-0077,PROD-005,1,3380.0,3380.0,COMPLETED,2026-08-18 22:09:30
ORD-3963,SEL-001,CUST-0076,PROD-058,1,977.34,977.34,COMPLETED,2026-08-18 22:17:51
ORD-3964,SEL-001,CUST-0395,PROD-041,1,2703.75,2703.75,COMPLETED,2026-08-18 22:26:29
ORD-3965,SEL-001,CUST-0210,PROD-083,1,1366.65,1366.65,COMPLETED,2026-08-18 22:35:05
ORD-3966,SEL-001,CUST-0301,PROD-091,1,450.24,450.24,COMPLETED,2026-08-18 22:43:47
ORD-3967,SEL-001,CUST-0187,PROD-025,1,910.79,910.79,COMPLETED,2026-08-18 22:51:57
ORD-3968,SEL-001,CUST-0437,PROD-050,1,2951.66,2951.66,COMPLETED,2026-08-18 23:00:54
ORD-3969,SEL-001,CUST-0495,PROD-091,2,450.24,900.48,COMPLETED,2026-08-18 23:09:21
ORD-3970,SEL-001,CUST-0168,PROD-091,1,450.24,450.24,COMPLETED,2026-08-18 23:17:58
ORD-3971,SEL-001,CUST-0385,PROD-090,1,636.37,636.37,COMPLETED,2026-08-18 23:26:33
ORD-3972,SEL-001,CUST-0489,PROD-012,1,2397.76,2397.76,COMPLETED,2026-08-18 23:34:41
ORD-3973,SEL-001,CUST-0022,PROD-031,1,2815.84,2815.84,COMPLETED,2026-08-18 23:43:12
ORD-3974,SEL-001,CUST-0465,PROD-024,1,1696.06,1696.06,COMPLETED,2026-08-18 23:51:48
ORD-3975,SEL-001,CUST-0185,PROD-079,1,2200.12,2200.12,COMPLETED,2026-08-19 00:00:32
ORD-3976,SEL-001,CUST-0104,PROD-043,1,444.75,444.75,COMPLETED,2026-08-19 00:09:00
ORD-3977,SEL-001,CUST-0259,PROD-051,2,1800.54,3601.08,COMPLETED,2026-08-19 00:17:40
ORD-3978,SEL-001,CUST-0475,PROD-056,1,3004.15,3004.15,COMPLETED,2026-08-19 00:26:08
ORD-3979,SEL-001,CUST-0233,PROD-076,1,3035.61,3035.61,COMPLETED,2026-08-19 00:34:22
ORD-3980,SEL-001,CUST-0234,PROD-043,1,444.75,444.75,COMPLETED,2026-08-19 00:43:17
ORD-3981,SEL-001,CUST-0406,PROD-054,2,1384.66,2769.32,COMPLETED,2026-08-19 00:51:55
ORD-3982,SEL-001,CUST-0293,PROD-041,1,2703.75,2703.75,COMPLETED,2026-08-19 01:00:16
ORD-3983,SEL-001,CUST-0154,PROD-005,1,3380.0,3380.0,COMPLETED,2026-08-19 01:08:37
ORD-3984,SEL-001,CUST-0131,PROD-001,1,2967.56,2967.56,COMPLETED,2026-08-19 01:17:19
ORD-3985,SEL-001,CUST-0421,PROD-051,1,1800.54,1800.54,COMPLETED,2026-08-19 01:26:03
ORD-3986,SEL-001,CUST-0411,PROD-069,1,386.43,386.43,COMPLETED,2026-08-19 01:34:07
ORD-3987,SEL-001,CUST-0009,PROD-094,1,3616.34,3616.34,COMPLETED,2026-08-19 01:42:50
ORD-3988,SEL-001,CUST-0394,PROD-007,1,4041.76,4041.76,COMPLETED,2026-08-19 01:51:18
ORD-3989,SEL-001,CUST-0339,PROD-100,1,4377.08,4377.08,COMPLETED,2026-08-19 01:59:58
ORD-3990,SEL-001,CUST-0288,PROD-023,1,3217.09,3217.09,COMPLETED,2026-08-19 02:08:25
ORD-3991,SEL-001,CUST-0220,PROD-083,1,1366.65,1366.65,COMPLETED,2026-08-19 02:17:06
ORD-3992,SEL-001,CUST-0067,PROD-094,1,3616.34,3616.34,COMPLETED,2026-08-19 02:25:20
ORD-3993,SEL-001,CUST-0132,PROD-055,1,4230.78,4230.78,COMPLETED,2026-08-19 02:34:10
ORD-3994,SEL-001,CUST-0392,PROD-040,2,3912.25,7824.5,COMPLETED,2026-08-19 02:42:24
ORD-3995,SEL-001,CUST-0036,PROD-020,2,3690.08,7380.16,COMPLETED,2026-08-19 02:51:13
ORD-3996,SEL-001,CUST-0489,PROD-100,1,4377.08,4377.08,COMPLETED,2026-08-19 02:59:25
ORD-3997,SEL-001,CUST-0495,PROD-098,1,4483.52,4483.52,COMPLETED,2026-08-19 03:08:05
ORD-3998,SEL-001,CUST-0428,PROD-060,1,944.46,944.46,COMPLETED,2026-08-19 03:16:54
ORD-3999,SEL-001,CUST-0143,PROD-046,1,589.12,589.12,COMPLETED,2026-08-19 03:25:21
ORD-4000,SEL-001,CUST-0413,PROD-033,1,3351.36,3351.36,COMPLETED,2026-08-19 03:33:46
ORD-4001,SEL-001,CUST-0412,PROD-099,1,2498.74,2498.74,COMPLETED,2026-08-19 03:42:25
ORD-4002,SEL-001,CUST-0176,PROD-089,1,2415.49,2415.49,COMPLETED,2026-08-19 03:50:42
ORD-4003,SEL-001,CUST-0388,PROD-004,1,1198.65,1198.65,COMPLETED,2026-08-19 03:59:39
ORD-4004,SEL-001,CUST-0222,PROD-066,1,3832.12,3832.12,COMPLETED,2026-08-19 04:08:06
ORD-4005,SEL-001,CUST-0098,PROD-062,1,4455.47,4455.47,COMPLETED,2026-08-19 04:16:19
ORD-4006,SEL-001,CUST-0500,PROD-030,1,3851.85,3851.85,COMPLETED,2026-08-19 04:24:48
ORD-4007,SEL-001,CUST-0254,PROD-059,1,3348.79,3348.79,COMPLETED,2026-08-19 04:33:42
ORD-4008,SEL-001,CUST-0461,PROD-058,1,977.34,977.34,COMPLETED,2026-08-19 04:41:56
ORD-4009,SEL-001,CUST-0341,PROD-084,1,2734.49,2734.49,COMPLETED,2026-08-19 04:50:22
ORD-4010,SEL-001,CUST-0497,PROD-060,1,944.46,944.46,COMPLETED,2026-08-19 04:58:54
ORD-4011,SEL-001,CUST-0267,PROD-015,1,3012.01,3012.01,COMPLETED,2026-08-19 05:07:45
ORD-4012,SEL-001,CUST-0283,PROD-044,1,1218.57,1218.57,COMPLETED,2026-08-19 05:16:15
ORD-4013,SEL-001,CUST-0428,PROD-032,1,3680.3,3680.3,COMPLETED,2026-08-19 05:24:55
ORD-4014,SEL-001,CUST-0020,PROD-008,2,619.49,1238.98,COMPLETED,2026-08-19 05:33:11
ORD-4015,SEL-001,CUST-0357,PROD-049,2,1431.39,2862.78,COMPLETED,2026-08-19 05:41:38
ORD-4016,SEL-001,CUST-0211,PROD-068,1,1223.45,1223.45,COMPLETED,2026-08-19 05:50:33
ORD-4017,SEL-001,CUST-0154,PROD-004,2,1198.65,2397.3,COMPLETED,2026-08-19 05:59:01
ORD-4018,SEL-001,CUST-0048,PROD-068,1,1223.45,1223.45,COMPLETED,2026-08-19 06:07:32
ORD-4019,SEL-001,CUST-0059,PROD-034,1,2528.97,2528.97,COMPLETED,2026-08-19 06:15:54
ORD-4020,SEL-001,CUST-0094,PROD-075,1,1587.38,1587.38,COMPLETED,2026-08-19 06:24:18
ORD-4021,SEL-001,CUST-0160,PROD-071,1,1387.9,1387.9,COMPLETED,2026-08-19 06:32:55
ORD-4022,SEL-001,CUST-0416,PROD-074,2,3974.56,7949.12,COMPLETED,2026-08-19 06:41:21
ORD-4023,SEL-001,CUST-0283,PROD-013,2,362.78,725.56,COMPLETED,2026-08-19 06:50:20
ORD-4024,SEL-001,CUST-0160,PROD-054,1,1384.66,1384.66,COMPLETED,2026-08-19 06:58:24
ORD-4025,SEL-001,CUST-0027,PROD-013,2,362.78,725.56,COMPLETED,2026-08-19 07:07:18
ORD-4026,SEL-001,CUST-0457,PROD-061,1,1862.69,1862.69,COMPLETED,2026-08-19 07:15:30
ORD-4027,SEL-001,CUST-0136,PROD-072,2,1146.68,2293.36,COMPLETED,2026-08-19 07:24:02
ORD-4028,SEL-001,CUST-0087,PROD-073,1,4257.37,4257.37,COMPLETED,2026-08-19 07:32:41
ORD-4029,SEL-001,CUST-0009,PROD-094,1,3616.34,3616.34,COMPLETED,2026-08-19 07:41:28
ORD-4030,SEL-001,CUST-0421,PROD-066,1,3832.12,3832.12,COMPLETED,2026-08-19 07:50:05
ORD-4031,SEL-001,CUST-0268,PROD-074,1,3974.56,3974.56,COMPLETED,2026-08-19 07:58:28
ORD-4032,SEL-001,CUST-0253,PROD-008,1,619.49,619.49,COMPLETED,2026-08-19 08:06:45
ORD-4033,SEL-001,CUST-0099,PROD-038,1,3774.97,3774.97,COMPLETED,2026-08-19 08:15:23
ORD-4034,SEL-001,CUST-0211,PROD-037,1,2596.17,2596.17,COMPLETED,2026-08-19 08:24:01
ORD-4035,SEL-001,CUST-0064,PROD-033,1,3351.36,3351.36,COMPLETED,2026-08-19 08:32:43
ORD-4036,SEL-001,CUST-0208,PROD-096,1,519.99,519.99,COMPLETED,2026-08-19 08:40:50
ORD-4037,SEL-001,CUST-0417,PROD-016,2,2566.0,5132.0,COMPLETED,2026-08-19 08:49:24
ORD-4038,SEL-001,CUST-0021,PROD-032,1,3680.3,3680.3,COMPLETED,2026-08-19 08:58:13
ORD-4039,SEL-001,CUST-0203,PROD-028,1,644.17,644.17,COMPLETED,2026-08-19 09:06:44
ORD-4040,SEL-001,CUST-0334,PROD-015,1,3012.01,3012.01,COMPLETED,2026-08-19 09:14:56
ORD-4041,SEL-001,CUST-0074,PROD-083,1,1366.65,1366.65,COMPLETED,2026-08-19 09:23:42
ORD-4042,SEL-001,CUST-0211,PROD-067,1,3548.0,3548.0,COMPLETED,2026-08-19 09:32:10
ORD-4043,SEL-001,CUST-0440,PROD-027,1,1680.53,1680.53,COMPLETED,2026-08-19 09:40:38
ORD-4044,SEL-001,CUST-0440,PROD-032,1,3680.3,3680.3,COMPLETED,2026-08-19 09:49:25
ORD-4045,SEL-001,CUST-0026,PROD-056,1,3004.15,3004.15,COMPLETED,2026-08-19 09:57:49
ORD-4046,SEL-001,CUST-0427,PROD-059,1,3348.79,3348.79,COMPLETED,2026-08-19 10:06:36
ORD-4047,SEL-001,CUST-0452,PROD-037,1,2596.17,2596.17,COMPLETED,2026-08-19 10:14:43
ORD-4048,SEL-001,CUST-0243,PROD-068,1,1223.45,1223.45,COMPLETED,2026-08-19 10:23:12
ORD-4049,SEL-001,CUST-0330,PROD-026,1,4318.16,4318.16,COMPLETED,2026-08-19 10:31:53
ORD-4050,SEL-001,CUST-0494,PROD-021,1,277.62,277.62,COMPLETED,2026-08-19 10:40:31
ORD-4051,SEL-001,CUST-0009,PROD-083,1,1366.65,1366.65,COMPLETED,2026-08-19 10:48:52
ORD-4052,SEL-001,CUST-0283,PROD-019,1,2754.38,2754.38,COMPLETED,2026-08-19 10:57:50
ORD-4053,SEL-001,CUST-0131,PROD-035,2,4385.74,8771.48,COMPLETED,2026-08-19 11:06:08
ORD-4054,SEL-001,CUST-0383,PROD-009,1,2043.17,2043.17,COMPLETED,2026-08-19 11:14:33
ORD-4055,SEL-001,CUST-0461,PROD-032,1,3680.3,3680.3,COMPLETED,2026-08-19 11:23:03
ORD-4056,SEL-001,CUST-0439,PROD-068,2,1223.45,2446.9,COMPLETED,2026-08-19 11:31:45
ORD-4057,SEL-001,CUST-0002,PROD-003,1,1418.87,1418.87,COMPLETED,2026-08-19 11:40:16
ORD-4058,SEL-001,CUST-0215,PROD-001,1,2967.56,2967.56,COMPLETED,2026-08-19 11:48:49
ORD-4059,SEL-001,CUST-0157,PROD-055,1,4230.78,4230.78,COMPLETED,2026-08-19 11:57:27
ORD-4060,SEL-001,CUST-0103,PROD-086,1,1947.45,1947.45,COMPLETED,2026-08-19 12:05:54
ORD-4061,SEL-001,CUST-0183,PROD-061,1,1862.69,1862.69,COMPLETED,2026-08-19 12:14:26
ORD-4062,SEL-001,CUST-0024,PROD-046,1,589.12,589.12,COMPLETED,2026-08-19 12:22:51
ORD-4063,SEL-001,CUST-0253,PROD-072,1,1146.68,1146.68,COMPLETED,2026-08-19 12:31:23
ORD-4064,SEL-001,CUST-0459,PROD-053,2,1140.4,2280.8,COMPLETED,2026-08-19 12:40:03
ORD-4065,SEL-001,CUST-0274,PROD-010,1,376.64,376.64,COMPLETED,2026-08-19 12:48:30
ORD-4066,SEL-001,CUST-0226,PROD-029,1,661.04,661.04,COMPLETED,2026-08-19 12:57:06
ORD-4067,SEL-001,CUST-0019,PROD-076,1,3035.61,3035.61,COMPLETED,2026-08-19 13:05:24
ORD-4068,SEL-001,CUST-0302,PROD-027,1,1680.53,1680.53,COMPLETED,2026-08-19 13:14:13
ORD-4069,SEL-001,CUST-0061,PROD-033,1,3351.36,3351.36,COMPLETED,2026-08-19 13:22:44
ORD-4070,SEL-001,CUST-0481,PROD-006,1,3125.97,3125.97,COMPLETED,2026-08-19 13:31:17
ORD-4071,SEL-001,CUST-0337,PROD-094,1,3616.34,3616.34,COMPLETED,2026-08-19 13:39:34
ORD-4072,SEL-001,CUST-0111,PROD-043,1,444.75,444.75,COMPLETED,2026-08-19 13:48:27
ORD-4073,SEL-001,CUST-0474,PROD-001,1,2967.56,2967.56,COMPLETED,2026-08-19 13:56:40
ORD-4074,SEL-001,CUST-0386,PROD-090,1,636.37,636.37,COMPLETED,2026-08-19 14:05:16
ORD-4075,SEL-001,CUST-0293,P17,1,1100.0,1100.0,COMPLETED,2026-08-19 14:13:57
ORD-4076,SEL-001,CUST-0120,PROD-094,1,3616.34,3616.34,COMPLETED,2026-08-19 14:22:14
ORD-4077,SEL-001,CUST-0068,PROD-008,1,619.49,619.49,COMPLETED,2026-08-19 14:30:47
ORD-4078,SEL-001,CUST-0017,PROD-093,1,2916.65,2916.65,COMPLETED,2026-08-19 14:39:17
ORD-4079,SEL-001,CUST-0390,PROD-088,1,4489.53,4489.53,COMPLETED,2026-08-19 14:48:13
ORD-4080,SEL-001,CUST-0462,PROD-049,1,1431.39,1431.39,COMPLETED,2026-08-19 14:56:43
ORD-4081,SEL-001,CUST-0090,PROD-054,1,1384.66,1384.66,COMPLETED,2026-08-19 15:05:06
ORD-4082,SEL-001,CUST-0038,PROD-014,1,1095.06,1095.06,COMPLETED,2026-08-19 15:13:27
ORD-4083,SEL-001,CUST-0137,PROD-092,1,716.01,716.01,COMPLETED,2026-08-19 15:21:59
ORD-4084,SEL-001,CUST-0462,PROD-075,2,1587.38,3174.76,COMPLETED,2026-08-19 15:30:56
ORD-4085,SEL-001,CUST-0425,PROD-069,1,386.43,386.43,COMPLETED,2026-08-19 15:39:03
ORD-4086,SEL-001,CUST-0218,PROD-057,1,2838.81,2838.81,COMPLETED,2026-08-19 15:47:44
ORD-4087,SEL-001,CUST-0475,PROD-099,1,2498.74,2498.74,COMPLETED,2026-08-19 15:56:08
ORD-4088,SEL-001,CUST-0193,PROD-060,2,944.46,1888.92,COMPLETED,2026-08-19 16:04:43
ORD-4089,SEL-001,CUST-0408,PROD-007,1,4041.76,4041.76,COMPLETED,2026-08-19 16:13:09
ORD-4090,SEL-001,CUST-0439,PROD-062,1,4455.47,4455.47,COMPLETED,2026-08-19 16:22:08
ORD-4091,SEL-001,CUST-0378,PROD-007,1,4041.76,4041.76,COMPLETED,2026-08-19 16:30:32
ORD-4092,SEL-001,CUST-0410,PROD-007,1,4041.76,4041.76,COMPLETED,2026-08-19 16:38:49
ORD-4093,SEL-001,CUST-0038,PROD-071,1,1387.9,1387.9,COMPLETED,2026-08-19 16:47:42
ORD-4094,SEL-001,CUST-0133,PROD-071,1,1387.9,1387.9,COMPLETED,2026-08-19 16:55:48
ORD-4095,SEL-001,CUST-0252,PROD-027,1,1680.53,1680.53,COMPLETED,2026-08-19 17:04:31
ORD-4096,SEL-001,CUST-0326,PROD-019,1,2754.38,2754.38,COMPLETED,2026-08-19 17:13:12
ORD-4097,SEL-001,CUST-0325,PROD-095,1,2044.18,2044.18,COMPLETED,2026-08-19 17:21:45
ORD-4098,SEL-001,CUST-0142,PROD-044,1,1218.57,1218.57,COMPLETED,2026-08-19 17:30:15
ORD-4099,SEL-001,CUST-0014,PROD-089,1,2415.49,2415.49,COMPLETED,2026-08-19 17:38:50
ORD-4100,SEL-001,CUST-0043,PROD-097,1,1871.88,1871.88,COMPLETED,2026-08-19 17:46:58
ORD-4101,SEL-001,CUST-0043,PROD-062,2,4455.47,8910.94,COMPLETED,2026-08-19 17:55:32
ORD-4102,SEL-001,CUST-0458,PROD-048,1,679.26,679.26,COMPLETED,2026-08-19 18:04:27
ORD-4103,SEL-001,CUST-0310,P17,1,1100.0,1100.0,COMPLETED,2026-08-19 18:13:04
ORD-4104,SEL-001,CUST-0345,PROD-065,1,3159.61,3159.61,COMPLETED,2026-08-19 18:21:19
ORD-4105,SEL-001,CUST-0082,PROD-019,1,2754.38,2754.38,COMPLETED,2026-08-19 18:29:47
ORD-4106,SEL-001,CUST-0148,PROD-099,1,2498.74,2498.74,COMPLETED,2026-08-19 18:38:26
ORD-4107,SEL-001,CUST-0148,PROD-006,1,3125.97,3125.97,COMPLETED,2026-08-19 18:47:07
ORD-4108,SEL-001,CUST-0223,PROD-006,1,3125.97,3125.97,COMPLETED,2026-08-19 18:55:31
ORD-4109,SEL-001,CUST-0177,PROD-012,1,2397.76,2397.76,COMPLETED,2026-08-19 19:03:59
ORD-4110,SEL-001,CUST-0077,PROD-073,1,4257.37,4257.37,COMPLETED,2026-08-19 19:12:35
ORD-4111,SEL-001,CUST-0138,PROD-042,1,3244.43,3244.43,COMPLETED,2026-08-19 19:21:16
ORD-4112,SEL-001,CUST-0421,PROD-074,1,3974.56,3974.56,COMPLETED,2026-08-19 19:29:32
ORD-4113,SEL-001,CUST-0021,PROD-007,1,4041.76,4041.76,COMPLETED,2026-08-19 19:38:17
ORD-4114,SEL-001,CUST-0439,PROD-059,1,3348.79,3348.79,COMPLETED,2026-08-19 19:46:46
ORD-4115,SEL-001,CUST-0396,PROD-082,2,2635.81,5271.62,COMPLETED,2026-08-19 19:54:59
ORD-4116,SEL-001,CUST-0095,PROD-008,1,619.49,619.49,COMPLETED,2026-08-19 20:03:47
ORD-4117,SEL-001,CUST-0444,PROD-068,1,1223.45,1223.45,COMPLETED,2026-08-19 20:12:06
ORD-4118,SEL-001,CUST-0379,P17,1,1100.0,1100.0,COMPLETED,2026-08-19 20:20:51
ORD-4119,SEL-001,CUST-0330,PROD-061,1,1862.69,1862.69,COMPLETED,2026-08-19 20:29:34
ORD-4120,SEL-001,CUST-0100,PROD-098,1,4483.52,4483.52,COMPLETED,2026-08-19 20:37:55
ORD-4121,SEL-001,CUST-0138,PROD-087,1,1182.11,1182.11,COMPLETED,2026-08-19 20:46:23
ORD-4122,SEL-001,CUST-0348,PROD-022,1,3674.73,3674.73,COMPLETED,2026-08-19 20:55:02
ORD-4123,SEL-001,CUST-0375,PROD-039,1,2878.71,2878.71,COMPLETED,2026-08-19 21:03:36
ORD-4124,SEL-001,CUST-0388,PROD-048,1,679.26,679.26,COMPLETED,2026-08-19 21:12:00
ORD-4125,SEL-001,CUST-0110,PROD-100,1,4377.08,4377.08,COMPLETED,2026-08-19 21:20:33
ORD-4126,SEL-001,CUST-0421,PROD-081,1,1298.17,1298.17,COMPLETED,2026-08-19 21:28:53
ORD-4127,SEL-001,CUST-0192,PROD-006,1,3125.97,3125.97,COMPLETED,2026-08-19 21:37:48
ORD-4128,SEL-001,CUST-0346,PROD-070,1,1590.68,1590.68,COMPLETED,2026-08-19 21:46:19
ORD-4129,SEL-001,CUST-0444,PROD-003,1,1418.87,1418.87,COMPLETED,2026-08-19 21:54:58
ORD-4130,SEL-001,CUST-0211,PROD-038,1,3774.97,3774.97,COMPLETED,2026-08-19 22:03:09
ORD-4131,SEL-001,CUST-0259,PROD-003,1,1418.87,1418.87,COMPLETED,2026-08-19 22:11:48
ORD-4132,SEL-001,CUST-0124,PROD-065,1,3159.61,3159.61,COMPLETED,2026-08-19 22:20:15
ORD-4133,SEL-001,CUST-0170,PROD-018,1,1186.87,1186.87,COMPLETED,2026-08-19 22:28:44
ORD-4134,SEL-001,CUST-0345,PROD-005,1,3380.0,3380.0,COMPLETED,2026-08-19 22:37:09
ORD-4135,SEL-001,CUST-0150,PROD-028,1,644.17,644.17,COMPLETED,2026-08-19 22:46:07
ORD-4136,SEL-001,CUST-0100,PROD-033,1,3351.36,3351.36,COMPLETED,2026-08-19 22:54:23
ORD-4137,SEL-001,CUST-0203,PROD-019,1,2754.38,2754.38,COMPLETED,2026-08-19 23:02:47
ORD-4138,SEL-001,CUST-0308,PROD-060,1,944.46,944.46,COMPLETED,2026-08-19 23:11:38
ORD-4139,SEL-001,CUST-0025,PROD-026,1,4318.16,4318.16,COMPLETED,2026-08-19 23:20:05
ORD-4140,SEL-001,CUST-0102,PROD-018,1,1186.87,1186.87,COMPLETED,2026-08-19 23:28:41
ORD-4141,SEL-001,CUST-0021,PROD-005,1,3380.0,3380.0,COMPLETED,2026-08-19 23:36:59
ORD-4142,SEL-001,CUST-0385,PROD-065,1,3159.61,3159.61,COMPLETED,2026-08-19 23:45:53
ORD-4143,SEL-001,CUST-0049,PROD-065,2,3159.61,6319.22,COMPLETED,2026-08-19 23:54:08
ORD-4144,SEL-001,CUST-0443,PROD-002,1,356.3,356.3,COMPLETED,2026-08-20 00:02:51
ORD-4145,SEL-001,CUST-0014,PROD-004,1,1198.65,1198.65,COMPLETED,2026-08-20 00:11:26
ORD-4146,SEL-001,CUST-0058,PROD-077,1,1931.44,1931.44,COMPLETED,2026-08-20 00:19:45
ORD-4147,SEL-001,CUST-0327,PROD-034,1,2528.97,2528.97,COMPLETED,2026-08-20 00:28:20
ORD-4148,SEL-001,CUST-0062,PROD-054,2,1384.66,2769.32,COMPLETED,2026-08-20 00:36:56
ORD-4149,SEL-001,CUST-0110,PROD-079,1,2200.12,2200.12,COMPLETED,2026-08-20 00:45:30
ORD-4150,SEL-001,CUST-0040,PROD-010,1,376.64,376.64,COMPLETED,2026-08-20 00:53:42
ORD-4151,SEL-001,CUST-0396,PROD-014,1,1095.06,1095.06,COMPLETED,2026-08-20 01:02:33
ORD-4152,SEL-001,CUST-0272,PROD-004,1,1198.65,1198.65,COMPLETED,2026-08-20 01:10:57
ORD-4153,SEL-001,CUST-0100,PROD-093,1,2916.65,2916.65,COMPLETED,2026-08-20 01:19:30
ORD-4154,SEL-001,CUST-0259,PROD-031,1,2815.84,2815.84,COMPLETED,2026-08-20 01:28:08
ORD-4155,SEL-001,CUST-0040,PROD-005,1,3380.0,3380.0,COMPLETED,2026-08-20 01:36:34
ORD-4156,SEL-001,CUST-0067,PROD-053,2,1140.4,2280.8,COMPLETED,2026-08-20 01:45:02
ORD-4157,SEL-001,CUST-0323,P17,1,1100.0,1100.0,COMPLETED,2026-08-20 01:53:36
ORD-4158,SEL-001,CUST-0203,PROD-096,1,519.99,519.99,COMPLETED,2026-08-20 02:02:26
ORD-4159,SEL-001,CUST-0383,PROD-100,1,4377.08,4377.08,COMPLETED,2026-08-20 02:10:32
ORD-4160,SEL-001,CUST-0099,PROD-008,1,619.49,619.49,COMPLETED,2026-08-20 02:19:31
ORD-4161,SEL-001,CUST-0204,PROD-012,1,2397.76,2397.76,COMPLETED,2026-08-20 02:27:45
ORD-4162,SEL-001,CUST-0079,PROD-010,1,376.64,376.64,COMPLETED,2026-08-20 02:36:17
ORD-4163,SEL-001,CUST-0488,PROD-028,1,644.17,644.17,COMPLETED,2026-08-20 02:44:40
ORD-4164,SEL-001,CUST-0419,PROD-071,1,1387.9,1387.9,COMPLETED,2026-08-20 02:53:10
ORD-4165,SEL-001,CUST-0321,PROD-055,1,4230.78,4230.78,COMPLETED,2026-08-20 03:01:56
ORD-4166,SEL-001,CUST-0319,PROD-068,1,1223.45,1223.45,COMPLETED,2026-08-20 03:10:17
ORD-4167,SEL-001,CUST-0021,PROD-039,2,2878.71,5757.42,COMPLETED,2026-08-20 03:19:15
ORD-4168,SEL-001,CUST-0100,PROD-031,1,2815.84,2815.84,COMPLETED,2026-08-20 03:27:42
ORD-4169,SEL-001,CUST-0378,PROD-018,1,1186.87,1186.87,COMPLETED,2026-08-20 03:36:07
ORD-4170,SEL-001,CUST-0192,PROD-016,1,2566.0,2566.0,COMPLETED,2026-08-20 03:44:42
ORD-4171,SEL-001,CUST-0354,PROD-078,1,4136.83,4136.83,COMPLETED,2026-08-20 03:53:08
ORD-4172,SEL-001,CUST-0298,PROD-038,1,3774.97,3774.97,COMPLETED,2026-08-20 04:01:44
ORD-4173,SEL-001,CUST-0366,PROD-033,1,3351.36,3351.36,COMPLETED,2026-08-20 04:09:58
ORD-4174,SEL-001,CUST-0307,PROD-080,2,1375.74,2751.48,COMPLETED,2026-08-20 04:18:54
ORD-4175,SEL-001,CUST-0294,PROD-100,1,4377.08,4377.08,COMPLETED,2026-08-20 04:27:21
ORD-4176,SEL-001,CUST-0310,PROD-096,1,519.99,519.99,COMPLETED,2026-08-20 04:35:54
ORD-4177,SEL-001,CUST-0234,PROD-067,1,3548.0,3548.0,COMPLETED,2026-08-20 04:44:33
ORD-4178,SEL-001,CUST-0297,PROD-073,1,4257.37,4257.37,COMPLETED,2026-08-20 04:52:49
ORD-4179,SEL-001,CUST-0151,P17,1,1100.0,1100.0,COMPLETED,2026-08-20 05:01:13
ORD-4180,SEL-001,CUST-0406,PROD-025,2,910.79,1821.58,COMPLETED,2026-08-20 05:10:01
ORD-4181,SEL-001,CUST-0095,PROD-029,1,661.04,661.04,COMPLETED,2026-08-20 05:18:17
ORD-4182,SEL-001,CUST-0207,PROD-008,1,619.49,619.49,COMPLETED,2026-08-20 05:26:59
ORD-4183,SEL-001,CUST-0243,PROD-082,1,2635.81,2635.81,COMPLETED,2026-08-20 05:35:35
ORD-4184,SEL-001,CUST-0016,PROD-023,1,3217.09,3217.09,COMPLETED,2026-08-20 05:44:18
ORD-4185,SEL-001,CUST-0371,PROD-078,1,4136.83,4136.83,COMPLETED,2026-08-20 05:52:52
ORD-4186,SEL-001,CUST-0465,PROD-032,2,3680.3,7360.6,COMPLETED,2026-08-20 06:01:13
ORD-4187,SEL-001,CUST-0460,PROD-003,1,1418.87,1418.87,COMPLETED,2026-08-20 06:09:47
ORD-4188,SEL-001,CUST-0002,PROD-053,2,1140.4,2280.8,COMPLETED,2026-08-20 06:18:24
ORD-4189,SEL-001,CUST-0462,PROD-079,1,2200.12,2200.12,COMPLETED,2026-08-20 06:26:35
ORD-4190,SEL-001,CUST-0435,PROD-052,1,1823.27,1823.27,COMPLETED,2026-08-20 06:35:28
ORD-4191,SEL-001,CUST-0076,PROD-035,1,4385.74,4385.74,COMPLETED,2026-08-20 06:43:56
ORD-4192,SEL-001,CUST-0194,PROD-081,1,1298.17,1298.17,COMPLETED,2026-08-20 06:52:25
ORD-4193,SEL-001,CUST-0288,PROD-055,1,4230.78,4230.78,COMPLETED,2026-08-20 07:00:39
ORD-4194,SEL-001,CUST-0075,PROD-068,1,1223.45,1223.45,COMPLETED,2026-08-20 07:09:39
ORD-4195,SEL-001,CUST-0385,PROD-025,1,910.79,910.79,COMPLETED,2026-08-20 07:18:12
ORD-4196,SEL-001,CUST-0124,PROD-099,1,2498.74,2498.74,COMPLETED,2026-08-20 07:26:19
ORD-4197,SEL-001,CUST-0461,PROD-004,1,1198.65,1198.65,COMPLETED,2026-08-20 07:35:07
ORD-4198,SEL-001,CUST-0115,P17,1,1100.0,1100.0,COMPLETED,2026-08-20 07:43:43
ORD-4199,SEL-001,CUST-0201,PROD-050,1,2951.66,2951.66,COMPLETED,2026-08-20 07:52:10
ORD-4200,SEL-001,CUST-0391,PROD-026,1,4318.16,4318.16,COMPLETED,2026-08-20 08:00:49
ORD-4201,SEL-001,CUST-0314,PROD-004,1,1198.65,1198.65,COMPLETED,2026-08-20 08:09:21
ORD-4202,SEL-001,CUST-0029,PROD-036,1,1858.77,1858.77,COMPLETED,2026-08-20 08:17:43
ORD-4203,SEL-001,CUST-0440,PROD-007,1,4041.76,4041.76,COMPLETED,2026-08-20 08:26:01
ORD-4204,SEL-001,CUST-0323,PROD-075,2,1587.38,3174.76,COMPLETED,2026-08-20 08:34:58
ORD-4205,SEL-001,CUST-0074,PROD-048,1,679.26,679.26,COMPLETED,2026-08-20 08:43:23
ORD-4206,SEL-001,CUST-0459,PROD-057,1,2838.81,2838.81,COMPLETED,2026-08-20 08:51:35
ORD-4207,SEL-001,CUST-0366,PROD-018,1,1186.87,1186.87,COMPLETED,2026-08-20 09:00:08
ORD-4208,SEL-001,CUST-0344,PROD-018,1,1186.87,1186.87,COMPLETED,2026-08-20 09:08:52
ORD-4209,SEL-001,CUST-0382,PROD-093,1,2916.65,2916.65,COMPLETED,2026-08-20 09:17:13
ORD-4210,SEL-001,CUST-0473,PROD-021,1,277.62,277.62,COMPLETED,2026-08-20 09:25:56
ORD-4211,SEL-001,CUST-0394,PROD-003,1,1418.87,1418.87,COMPLETED,2026-08-20 09:34:18
ORD-4212,SEL-001,CUST-0135,PROD-025,1,910.79,910.79,COMPLETED,2026-08-20 09:43:05
ORD-4213,SEL-001,CUST-0480,PROD-041,1,2703.75,2703.75,COMPLETED,2026-08-20 09:51:22
ORD-4214,SEL-001,CUST-0177,PROD-052,1,1823.27,1823.27,COMPLETED,2026-08-20 09:59:58
ORD-4215,SEL-001,CUST-0238,P17,1,1100.0,1100.0,COMPLETED,2026-08-20 10:08:26
ORD-4216,SEL-001,CUST-0348,PROD-078,1,4136.83,4136.83,COMPLETED,2026-08-20 10:17:01
ORD-4217,SEL-001,CUST-0385,PROD-066,2,3832.12,7664.24,COMPLETED,2026-08-20 10:25:35
ORD-4218,SEL-001,CUST-0254,PROD-045,1,1479.9,1479.9,COMPLETED,2026-08-20 10:34:14
ORD-4219,SEL-001,CUST-0039,PROD-070,1,1590.68,1590.68,COMPLETED,2026-08-20 10:42:46
ORD-4220,SEL-001,CUST-0372,PROD-075,1,1587.38,1587.38,COMPLETED,2026-08-20 10:51:05
ORD-4221,SEL-001,CUST-0151,PROD-013,1,362.78,362.78,COMPLETED,2026-08-20 10:59:48
ORD-4222,SEL-001,CUST-0122,PROD-088,1,4489.53,4489.53,COMPLETED,2026-08-20 11:08:09
ORD-4223,SEL-001,CUST-0274,PROD-019,2,2754.38,5508.76,COMPLETED,2026-08-20 11:16:55
ORD-4224,SEL-001,CUST-0342,PROD-024,1,1696.06,1696.06,COMPLETED,2026-08-20 11:25:27
ORD-4225,SEL-001,CUST-0048,PROD-076,1,3035.61,3035.61,COMPLETED,2026-08-20 11:34:04
ORD-4226,SEL-001,CUST-0100,PROD-054,1,1384.66,1384.66,COMPLETED,2026-08-20 11:42:36
ORD-4227,SEL-001,CUST-0425,PROD-094,1,3616.34,3616.34,COMPLETED,2026-08-20 11:51:11
ORD-4228,SEL-001,CUST-0219,PROD-030,2,3851.85,7703.7,COMPLETED,2026-08-20 11:59:44
ORD-4229,SEL-001,CUST-0059,PROD-023,1,3217.09,3217.09,COMPLETED,2026-08-20 12:08:20
ORD-4230,SEL-001,CUST-0015,PROD-074,1,3974.56,3974.56,COMPLETED,2026-08-20 12:16:37
ORD-4231,SEL-001,CUST-0253,PROD-076,1,3035.61,3035.61,COMPLETED,2026-08-20 12:24:56
ORD-4232,SEL-001,CUST-0349,PROD-016,1,2566.0,2566.0,COMPLETED,2026-08-20 12:33:41
ORD-4233,SEL-001,CUST-0441,PROD-031,2,2815.84,5631.68,COMPLETED,2026-08-20 12:42:13
ORD-4234,SEL-001,CUST-0076,PROD-002,1,356.3,356.3,COMPLETED,2026-08-20 12:50:58
ORD-4235,SEL-001,CUST-0431,PROD-029,1,661.04,661.04,COMPLETED,2026-08-20 12:59:26
ORD-4236,SEL-001,CUST-0045,PROD-087,2,1182.11,2364.22,COMPLETED,2026-08-20 13:07:42
ORD-4237,SEL-001,CUST-0172,PROD-058,2,977.34,1954.68,COMPLETED,2026-08-20 13:16:33
ORD-4238,SEL-001,CUST-0292,PROD-010,1,376.64,376.64,COMPLETED,2026-08-20 13:24:53
ORD-4239,SEL-001,CUST-0038,PROD-018,1,1186.87,1186.87,COMPLETED,2026-08-20 13:33:18
ORD-4240,SEL-001,CUST-0387,PROD-006,1,3125.97,3125.97,COMPLETED,2026-08-20 13:41:59
ORD-4241,SEL-001,CUST-0138,PROD-080,1,1375.74,1375.74,COMPLETED,2026-08-20 13:50:38
ORD-4242,SEL-001,CUST-0445,P17,1,1100.0,1100.0,COMPLETED,2026-08-20 13:59:06
ORD-4243,SEL-001,CUST-0436,PROD-005,2,3380.0,6760.0,COMPLETED,2026-08-20 14:07:22
ORD-4244,SEL-001,CUST-0340,PROD-056,2,3004.15,6008.3,COMPLETED,2026-08-20 14:16:00
ORD-4245,SEL-001,CUST-0129,PROD-038,1,3774.97,3774.97,COMPLETED,2026-08-20 14:24:47
ORD-4246,SEL-001,CUST-0173,PROD-079,1,2200.12,2200.12,COMPLETED,2026-08-20 14:33:16
ORD-4247,SEL-001,CUST-0044,PROD-058,1,977.34,977.34,COMPLETED,2026-08-20 14:41:49
ORD-4248,SEL-001,CUST-0415,PROD-005,1,3380.0,3380.0,COMPLETED,2026-08-20 14:50:31
ORD-4249,SEL-001,CUST-0473,PROD-070,1,1590.68,1590.68,COMPLETED,2026-08-20 14:58:44
ORD-4250,SEL-001,CUST-0277,PROD-085,1,4065.75,4065.75,COMPLETED,2026-08-20 15:07:11
ORD-4251,SEL-001,CUST-0141,PROD-010,2,376.64,753.28,COMPLETED,2026-08-20 15:15:51
ORD-4252,SEL-001,CUST-0340,PROD-064,1,2617.04,2617.04,COMPLETED,2026-08-20 15:24:29
ORD-4253,SEL-001,CUST-0077,PROD-074,2,3974.56,7949.12,COMPLETED,2026-08-20 15:32:59
ORD-4254,SEL-001,CUST-0433,P17,1,1100.0,1100.0,COMPLETED,2026-08-20 15:41:36
ORD-4255,SEL-001,CUST-0384,P17,1,1100.0,1100.0,COMPLETED,2026-08-20 15:50:01
ORD-4256,SEL-001,CUST-0001,PROD-024,1,1696.06,1696.06,COMPLETED,2026-08-20 15:58:34
ORD-4257,SEL-001,CUST-0027,PROD-004,1,1198.65,1198.65,COMPLETED,2026-08-20 16:07:01
ORD-4258,SEL-001,CUST-0200,PROD-080,1,1375.74,1375.74,COMPLETED,2026-08-20 16:15:46
ORD-4259,SEL-001,CUST-0016,PROD-022,1,3674.73,3674.73,COMPLETED,2026-08-20 16:23:55
ORD-4260,SEL-001,CUST-0383,PROD-048,1,679.26,679.26,COMPLETED,2026-08-20 16:32:50
ORD-4261,SEL-001,CUST-0202,PROD-051,1,1800.54,1800.54,COMPLETED,2026-08-20 16:41:14
ORD-4262,SEL-001,CUST-0314,PROD-082,1,2635.81,2635.81,COMPLETED,2026-08-20 16:49:56
ORD-4263,SEL-001,CUST-0273,PROD-035,1,4385.74,4385.74,COMPLETED,2026-08-20 16:58:23
ORD-4264,SEL-001,CUST-0444,PROD-070,2,1590.68,3181.36,COMPLETED,2026-08-20 17:06:41
ORD-4265,SEL-001,CUST-0053,PROD-022,1,3674.73,3674.73,COMPLETED,2026-08-20 17:15:35
ORD-4266,SEL-001,CUST-0168,PROD-098,1,4483.52,4483.52,COMPLETED,2026-08-20 17:24:07
ORD-4267,SEL-001,CUST-0092,PROD-044,1,1218.57,1218.57,COMPLETED,2026-08-20 17:32:25
ORD-4268,SEL-001,CUST-0207,PROD-029,2,661.04,1322.08,COMPLETED,2026-08-20 17:40:47
ORD-4269,SEL-001,CUST-0312,PROD-048,1,679.26,679.26,COMPLETED,2026-08-20 17:49:30
ORD-4270,SEL-001,CUST-0259,PROD-091,1,450.24,450.24,COMPLETED,2026-08-20 17:58:16
ORD-4271,SEL-001,CUST-0331,PROD-034,2,2528.97,5057.94,COMPLETED,2026-08-20 18:06:48
ORD-4272,SEL-001,CUST-0167,P17,1,1100.0,1100.0,COMPLETED,2026-08-20 18:15:07
ORD-4273,SEL-001,CUST-0148,PROD-029,1,661.04,661.04,COMPLETED,2026-08-20 18:23:43
ORD-4274,SEL-001,CUST-0062,PROD-066,1,3832.12,3832.12,COMPLETED,2026-08-20 18:32:14
ORD-4275,SEL-001,CUST-0058,PROD-077,1,1931.44,1931.44,COMPLETED,2026-08-20 18:40:53
ORD-4276,SEL-001,CUST-0427,PROD-075,1,1587.38,1587.38,COMPLETED,2026-08-20 18:49:15
ORD-4277,SEL-001,CUST-0430,PROD-051,1,1800.54,1800.54,COMPLETED,2026-08-20 18:57:33
ORD-4278,SEL-001,CUST-0056,PROD-042,1,3244.43,3244.43,COMPLETED,2026-08-20 19:06:17
ORD-4279,SEL-001,CUST-0188,PROD-028,1,644.17,644.17,COMPLETED,2026-08-20 19:14:40
ORD-4280,SEL-001,CUST-0487,PROD-031,1,2815.84,2815.84,COMPLETED,2026-08-20 19:23:34
ORD-4281,SEL-001,CUST-0024,P17,1,1100.0,1100.0,COMPLETED,2026-08-20 19:31:49
ORD-4282,SEL-001,CUST-0357,PROD-014,1,1095.06,1095.06,COMPLETED,2026-08-20 19:40:15
ORD-4283,SEL-001,CUST-0019,PROD-023,1,3217.09,3217.09,COMPLETED,2026-08-20 19:48:45
ORD-4284,SEL-001,CUST-0063,PROD-068,1,1223.45,1223.45,COMPLETED,2026-08-20 19:57:45
ORD-4285,SEL-001,CUST-0428,PROD-062,1,4455.47,4455.47,COMPLETED,2026-08-20 20:06:10
ORD-4286,SEL-001,CUST-0433,PROD-072,2,1146.68,2293.36,COMPLETED,2026-08-20 20:14:26
ORD-4287,SEL-001,CUST-0456,PROD-043,1,444.75,444.75,COMPLETED,2026-08-20 20:22:56
ORD-4288,SEL-001,CUST-0220,PROD-042,2,3244.43,6488.86,COMPLETED,2026-08-20 20:31:47
ORD-4289,SEL-001,CUST-0406,PROD-069,1,386.43,386.43,COMPLETED,2026-08-20 20:40:08
ORD-4290,SEL-001,CUST-0071,PROD-044,1,1218.57,1218.57,COMPLETED,2026-08-20 20:48:32
ORD-4291,SEL-001,CUST-0343,PROD-081,1,1298.17,1298.17,COMPLETED,2026-08-20 20:57:27
ORD-4292,SEL-001,CUST-0187,PROD-041,1,2703.75,2703.75,COMPLETED,2026-08-20 21:06:01
ORD-4293,SEL-001,CUST-0092,PROD-039,2,2878.71,5757.42,COMPLETED,2026-08-20 21:14:12
ORD-4294,SEL-001,CUST-0043,PROD-055,2,4230.78,8461.56,COMPLETED,2026-08-20 21:23:05
ORD-4295,SEL-001,CUST-0436,P17,1,1100.0,1100.0,COMPLETED,2026-08-20 21:31:37
ORD-4296,SEL-001,CUST-0191,PROD-076,1,3035.61,3035.61,COMPLETED,2026-08-20 21:39:49
ORD-4297,SEL-001,CUST-0122,PROD-015,1,3012.01,3012.01,COMPLETED,2026-08-20 21:48:42
ORD-4298,SEL-001,CUST-0107,P17,1,1100.0,1100.0,COMPLETED,2026-08-20 21:56:46
ORD-4299,SEL-001,CUST-0325,PROD-072,1,1146.68,1146.68,COMPLETED,2026-08-20 22:05:22
ORD-4300,SEL-001,CUST-0156,PROD-067,1,3548.0,3548.0,COMPLETED,2026-08-20 22:13:57
ORD-4301,SEL-001,CUST-0318,PROD-063,1,2970.0,2970.0,COMPLETED,2026-08-20 22:22:38
ORD-4302,SEL-001,CUST-0480,PROD-058,2,977.34,1954.68,COMPLETED,2026-08-20 22:31:14
ORD-4303,SEL-001,CUST-0487,PROD-053,1,1140.4,1140.4,COMPLETED,2026-08-20 22:39:47
ORD-4304,SEL-001,CUST-0361,PROD-048,1,679.26,679.26,COMPLETED,2026-08-20 22:48:19
ORD-4305,SEL-001,CUST-0270,PROD-023,1,3217.09,3217.09,COMPLETED,2026-08-20 22:56:30
ORD-4306,SEL-001,CUST-0378,PROD-009,1,2043.17,2043.17,COMPLETED,2026-08-20 23:05:03
ORD-4307,SEL-001,CUST-0431,PROD-081,1,1298.17,1298.17,COMPLETED,2026-08-20 23:14:00
ORD-4308,SEL-001,CUST-0379,P17,1,1100.0,1100.0,COMPLETED,2026-08-20 23:22:16
ORD-4309,SEL-001,CUST-0251,PROD-092,1,716.01,716.01,COMPLETED,2026-08-20 23:30:44
ORD-4310,SEL-001,CUST-0085,PROD-052,1,1823.27,1823.27,COMPLETED,2026-08-20 23:39:25
ORD-4311,SEL-001,CUST-0091,PROD-045,1,1479.9,1479.9,COMPLETED,2026-08-20 23:47:54
ORD-4312,SEL-001,CUST-0499,PROD-081,1,1298.17,1298.17,COMPLETED,2026-08-20 23:56:35
ORD-4313,SEL-001,CUST-0442,PROD-005,1,3380.0,3380.0,COMPLETED,2026-08-21 00:04:48
ORD-4314,SEL-001,CUST-0419,PROD-086,1,1947.45,1947.45,COMPLETED,2026-08-21 00:13:32
ORD-4315,SEL-001,CUST-0284,PROD-014,1,1095.06,1095.06,COMPLETED,2026-08-21 00:22:09
ORD-4316,SEL-001,CUST-0368,PROD-016,1,2566.0,2566.0,COMPLETED,2026-08-21 00:30:25
ORD-4317,SEL-001,CUST-0352,PROD-057,1,2838.81,2838.81,COMPLETED,2026-08-21 00:39:07
ORD-4318,SEL-001,CUST-0290,PROD-024,2,1696.06,3392.12,COMPLETED,2026-08-21 00:47:54
ORD-4319,SEL-001,CUST-0094,PROD-074,2,3974.56,7949.12,COMPLETED,2026-08-21 00:56:07
ORD-4320,SEL-001,CUST-0380,PROD-022,2,3674.73,7349.46,COMPLETED,2026-08-21 01:04:35
ORD-4321,SEL-001,CUST-0168,PROD-075,1,1587.38,1587.38,COMPLETED,2026-08-21 01:13:26
ORD-4322,SEL-001,CUST-0282,PROD-022,1,3674.73,3674.73,COMPLETED,2026-08-21 01:21:50
ORD-4323,SEL-001,CUST-0126,PROD-070,1,1590.68,1590.68,COMPLETED,2026-08-21 01:30:35
ORD-4324,SEL-001,CUST-0137,PROD-063,1,2970.0,2970.0,COMPLETED,2026-08-21 01:38:46
ORD-4325,SEL-001,CUST-0452,PROD-021,1,277.62,277.62,COMPLETED,2026-08-21 01:47:32
ORD-4326,SEL-001,CUST-0011,PROD-034,2,2528.97,5057.94,COMPLETED,2026-08-21 01:56:11
ORD-4327,SEL-001,CUST-0397,PROD-092,1,716.01,716.01,COMPLETED,2026-08-21 02:04:43
ORD-4328,SEL-001,CUST-0310,PROD-075,1,1587.38,1587.38,COMPLETED,2026-08-21 02:12:59
ORD-4329,SEL-001,CUST-0226,PROD-008,1,619.49,619.49,COMPLETED,2026-08-21 02:21:22
ORD-4330,SEL-001,CUST-0240,PROD-064,1,2617.04,2617.04,COMPLETED,2026-08-21 02:30:08
ORD-4331,SEL-001,CUST-0459,PROD-018,1,1186.87,1186.87,COMPLETED,2026-08-21 02:38:43
ORD-4332,SEL-001,CUST-0266,PROD-020,1,3690.08,3690.08,COMPLETED,2026-08-21 02:47:22
ORD-4333,SEL-001,CUST-0069,PROD-051,1,1800.54,1800.54,COMPLETED,2026-08-21 02:55:28
ORD-4334,SEL-001,CUST-0281,PROD-005,2,3380.0,6760.0,COMPLETED,2026-08-21 03:03:58
ORD-4335,SEL-001,CUST-0251,PROD-088,2,4489.53,8979.06,COMPLETED,2026-08-21 03:12:46
ORD-4336,SEL-001,CUST-0443,PROD-045,1,1479.9,1479.9,COMPLETED,2026-08-21 03:21:17
ORD-4337,SEL-001,CUST-0361,PROD-086,1,1947.45,1947.45,COMPLETED,2026-08-21 03:29:56
ORD-4338,SEL-001,CUST-0274,PROD-008,1,619.49,619.49,COMPLETED,2026-08-21 03:38:26
ORD-4339,SEL-001,CUST-0417,PROD-026,1,4318.16,4318.16,COMPLETED,2026-08-21 03:47:03
ORD-4340,SEL-001,CUST-0473,PROD-011,1,1179.21,1179.21,COMPLETED,2026-08-21 03:55:17
ORD-4341,SEL-001,CUST-0165,PROD-009,1,2043.17,2043.17,COMPLETED,2026-08-21 04:04:00
ORD-4342,SEL-001,CUST-0108,PROD-074,2,3974.56,7949.12,COMPLETED,2026-08-21 04:12:44
ORD-4343,SEL-001,CUST-0399,PROD-074,1,3974.56,3974.56,COMPLETED,2026-08-21 04:20:46
ORD-4344,SEL-001,CUST-0301,PROD-085,1,4065.75,4065.75,COMPLETED,2026-08-21 04:29:48
ORD-4345,SEL-001,CUST-0142,PROD-095,1,2044.18,2044.18,COMPLETED,2026-08-21 04:38:05
ORD-4346,SEL-001,CUST-0101,PROD-074,1,3974.56,3974.56,COMPLETED,2026-08-21 04:46:48
ORD-4347,SEL-001,CUST-0352,PROD-012,1,2397.76,2397.76,COMPLETED,2026-08-21 04:55:00
ORD-4348,SEL-001,CUST-0025,PROD-094,1,3616.34,3616.34,COMPLETED,2026-08-21 05:03:38
ORD-4349,SEL-001,CUST-0444,PROD-090,2,636.37,1272.74,COMPLETED,2026-08-21 05:12:01
ORD-4350,SEL-001,CUST-0339,PROD-015,1,3012.01,3012.01,COMPLETED,2026-08-21 05:20:54
ORD-4351,SEL-001,CUST-0060,PROD-052,1,1823.27,1823.27,COMPLETED,2026-08-21 05:29:04
ORD-4352,SEL-001,CUST-0062,PROD-005,1,3380.0,3380.0,COMPLETED,2026-08-21 05:37:35
ORD-4353,SEL-001,CUST-0381,PROD-098,1,4483.52,4483.52,COMPLETED,2026-08-21 05:46:27
ORD-4354,SEL-001,CUST-0319,PROD-028,1,644.17,644.17,COMPLETED,2026-08-21 05:55:07
ORD-4355,SEL-001,CUST-0195,PROD-069,1,386.43,386.43,COMPLETED,2026-08-21 06:03:23
ORD-4356,SEL-001,CUST-0449,PROD-039,1,2878.71,2878.71,COMPLETED,2026-08-21 06:12:02
ORD-4357,SEL-001,CUST-0402,PROD-013,1,362.78,362.78,COMPLETED,2026-08-21 06:20:38
ORD-4358,SEL-001,CUST-0350,PROD-068,1,1223.45,1223.45,COMPLETED,2026-08-21 06:29:03
ORD-4359,SEL-001,CUST-0296,PROD-018,1,1186.87,1186.87,COMPLETED,2026-08-21 06:37:19
ORD-4360,SEL-001,CUST-0009,PROD-076,1,3035.61,3035.61,COMPLETED,2026-08-21 06:45:55
ORD-4361,SEL-001,CUST-0180,PROD-009,1,2043.17,2043.17,COMPLETED,2026-08-21 06:54:53
ORD-4362,SEL-001,CUST-0413,PROD-092,1,716.01,716.01,COMPLETED,2026-08-21 07:02:55
ORD-4363,SEL-001,CUST-0399,PROD-064,1,2617.04,2617.04,COMPLETED,2026-08-21 07:11:31
ORD-4364,SEL-001,CUST-0497,PROD-019,1,2754.38,2754.38,COMPLETED,2026-08-21 07:20:06
ORD-4365,SEL-001,CUST-0282,PROD-047,1,1239.36,1239.36,COMPLETED,2026-08-21 07:28:42
ORD-4366,SEL-001,CUST-0109,PROD-034,2,2528.97,5057.94,COMPLETED,2026-08-21 07:37:07
ORD-4367,SEL-001,CUST-0080,P17,2,1100.0,2200.0,COMPLETED,2026-08-21 07:45:59
ORD-4368,SEL-001,CUST-0064,PROD-021,1,277.62,277.62,COMPLETED,2026-08-21 07:54:20
ORD-4369,SEL-001,CUST-0031,PROD-080,1,1375.74,1375.74,COMPLETED,2026-08-21 08:02:47
ORD-4370,SEL-001,CUST-0044,PROD-076,1,3035.61,3035.61,COMPLETED,2026-08-21 08:11:41
ORD-4371,SEL-001,CUST-0441,PROD-084,2,2734.49,5468.98,COMPLETED,2026-08-21 08:19:47
ORD-4372,SEL-001,CUST-0134,PROD-021,1,277.62,277.62,COMPLETED,2026-08-21 08:28:25
ORD-4373,SEL-001,CUST-0004,PROD-091,2,450.24,900.48,COMPLETED,2026-08-21 08:37:07
ORD-4374,SEL-001,CUST-0064,P17,1,1100.0,1100.0,COMPLETED,2026-08-21 08:45:20
ORD-4375,SEL-001,CUST-0255,PROD-099,1,2498.74,2498.74,COMPLETED,2026-08-21 08:54:21
ORD-4376,SEL-001,CUST-0403,PROD-009,1,2043.17,2043.17,COMPLETED,2026-08-21 09:02:51
ORD-4377,SEL-001,CUST-0179,PROD-055,1,4230.78,4230.78,COMPLETED,2026-08-21 09:11:19
ORD-4378,SEL-001,CUST-0246,PROD-018,1,1186.87,1186.87,COMPLETED,2026-08-21 09:19:35
ORD-4379,SEL-001,CUST-0002,PROD-072,1,1146.68,1146.68,COMPLETED,2026-08-21 09:28:12
ORD-4380,SEL-001,CUST-0264,PROD-027,1,1680.53,1680.53,COMPLETED,2026-08-21 09:36:57
ORD-4381,SEL-001,CUST-0212,PROD-013,1,362.78,362.78,COMPLETED,2026-08-21 09:45:29
ORD-4382,SEL-001,CUST-0047,PROD-055,1,4230.78,4230.78,COMPLETED,2026-08-21 09:54:06
ORD-4383,SEL-001,CUST-0050,PROD-086,1,1947.45,1947.45,COMPLETED,2026-08-21 10:02:24
ORD-4384,SEL-001,CUST-0016,PROD-014,2,1095.06,2190.12,COMPLETED,2026-08-21 10:10:58
ORD-4385,SEL-001,CUST-0044,PROD-006,1,3125.97,3125.97,COMPLETED,2026-08-21 10:19:26
ORD-4386,SEL-001,CUST-0237,PROD-043,1,444.75,444.75,COMPLETED,2026-08-21 10:27:45
ORD-4387,SEL-001,CUST-0148,PROD-068,2,1223.45,2446.9,COMPLETED,2026-08-21 10:36:43
ORD-4388,SEL-001,CUST-0411,PROD-015,1,3012.01,3012.01,COMPLETED,2026-08-21 10:44:54
ORD-4389,SEL-001,CUST-0223,PROD-069,2,386.43,772.86,COMPLETED,2026-08-21 10:53:38
ORD-4390,SEL-001,CUST-0219,PROD-077,1,1931.44,1931.44,COMPLETED,2026-08-21 11:02:06
ORD-4391,SEL-001,CUST-0288,P17,1,1100.0,1100.0,COMPLETED,2026-08-21 11:10:27
ORD-4392,SEL-001,CUST-0398,PROD-052,1,1823.27,1823.27,COMPLETED,2026-08-21 11:19:23
ORD-4393,SEL-001,CUST-0226,PROD-056,2,3004.15,6008.3,COMPLETED,2026-08-21 11:27:58
ORD-4394,SEL-001,CUST-0041,PROD-009,1,2043.17,2043.17,COMPLETED,2026-08-21 11:36:04
ORD-4395,SEL-001,CUST-0438,PROD-005,1,3380.0,3380.0,COMPLETED,2026-08-21 11:44:54
ORD-4396,SEL-001,CUST-0218,PROD-043,1,444.75,444.75,COMPLETED,2026-08-21 11:53:17
ORD-4397,SEL-001,CUST-0408,PROD-058,1,977.34,977.34,COMPLETED,2026-08-21 12:01:38
ORD-4398,SEL-001,CUST-0468,PROD-003,1,1418.87,1418.87,COMPLETED,2026-08-21 12:10:11
ORD-4399,SEL-001,CUST-0279,PROD-071,1,1387.9,1387.9,COMPLETED,2026-08-21 12:18:47
ORD-4400,SEL-001,CUST-0359,PROD-081,1,1298.17,1298.17,COMPLETED,2026-08-21 12:27:36
ORD-4401,SEL-001,CUST-0128,PROD-091,1,450.24,450.24,COMPLETED,2026-08-21 12:35:54
ORD-4402,SEL-001,CUST-0131,PROD-065,1,3159.61,3159.61,COMPLETED,2026-08-21 12:44:18
ORD-4403,SEL-001,CUST-0426,PROD-064,2,2617.04,5234.08,COMPLETED,2026-08-21 12:53:09
ORD-4404,SEL-001,CUST-0271,PROD-082,1,2635.81,2635.81,COMPLETED,2026-08-21 13:01:40
ORD-4405,SEL-001,CUST-0303,PROD-016,1,2566.0,2566.0,COMPLETED,2026-08-21 13:10:07
ORD-4406,SEL-001,CUST-0384,PROD-053,2,1140.4,2280.8,COMPLETED,2026-08-21 13:18:42
ORD-4407,SEL-001,CUST-0111,PROD-007,1,4041.76,4041.76,COMPLETED,2026-08-21 13:27:01
ORD-4408,SEL-001,CUST-0120,PROD-098,1,4483.52,4483.52,COMPLETED,2026-08-21 13:35:36
ORD-4409,SEL-001,CUST-0353,PROD-086,1,1947.45,1947.45,COMPLETED,2026-08-21 13:44:24
ORD-4410,SEL-001,CUST-0467,PROD-079,1,2200.12,2200.12,COMPLETED,2026-08-21 13:52:51
ORD-4411,SEL-001,CUST-0085,PROD-085,1,4065.75,4065.75,COMPLETED,2026-08-21 14:01:13
ORD-4412,SEL-001,CUST-0264,PROD-070,1,1590.68,1590.68,COMPLETED,2026-08-21 14:09:38
ORD-4413,SEL-001,CUST-0029,PROD-085,1,4065.75,4065.75,COMPLETED,2026-08-21 14:18:22
ORD-4414,SEL-001,CUST-0339,PROD-013,1,362.78,362.78,COMPLETED,2026-08-21 14:27:06
ORD-4415,SEL-001,CUST-0484,PROD-011,1,1179.21,1179.21,COMPLETED,2026-08-21 14:35:30
ORD-4416,SEL-001,CUST-0315,PROD-077,1,1931.44,1931.44,COMPLETED,2026-08-21 14:44:09
ORD-4417,SEL-001,CUST-0230,PROD-015,1,3012.01,3012.01,COMPLETED,2026-08-21 14:52:35
ORD-4418,SEL-001,CUST-0375,PROD-065,1,3159.61,3159.61,COMPLETED,2026-08-21 15:00:49
ORD-4419,SEL-001,CUST-0339,PROD-010,2,376.64,753.28,COMPLETED,2026-08-21 15:09:50
ORD-4420,SEL-001,CUST-0134,PROD-018,1,1186.87,1186.87,COMPLETED,2026-08-21 15:18:21
ORD-4421,SEL-001,CUST-0451,PROD-067,1,3548.0,3548.0,COMPLETED,2026-08-21 15:26:55
ORD-4422,SEL-001,CUST-0226,PROD-048,1,679.26,679.26,COMPLETED,2026-08-21 15:35:15
ORD-4423,SEL-001,CUST-0133,PROD-054,1,1384.66,1384.66,COMPLETED,2026-08-21 15:43:30
ORD-4424,SEL-001,CUST-0425,PROD-025,1,910.79,910.79,COMPLETED,2026-08-21 15:52:04
ORD-4425,SEL-001,CUST-0207,PROD-083,1,1366.65,1366.65,COMPLETED,2026-08-21 16:00:53
ORD-4426,SEL-001,CUST-0457,PROD-076,1,3035.61,3035.61,COMPLETED,2026-08-21 16:09:22
ORD-4427,SEL-001,CUST-0217,PROD-065,1,3159.61,3159.61,COMPLETED,2026-08-21 16:17:59
ORD-4428,SEL-001,CUST-0297,PROD-086,2,1947.45,3894.9,COMPLETED,2026-08-21 16:26:22
ORD-4429,SEL-001,CUST-0026,PROD-076,1,3035.61,3035.61,COMPLETED,2026-08-21 16:35:02
ORD-4430,SEL-001,CUST-0464,PROD-075,1,1587.38,1587.38,COMPLETED,2026-08-21 16:43:22
ORD-4431,SEL-001,CUST-0254,PROD-083,1,1366.65,1366.65,COMPLETED,2026-08-21 16:51:47
ORD-4432,SEL-001,CUST-0458,PROD-071,1,1387.9,1387.9,COMPLETED,2026-08-21 17:00:39
ORD-4433,SEL-001,CUST-0182,PROD-059,1,3348.79,3348.79,COMPLETED,2026-08-21 17:09:02
ORD-4434,SEL-001,CUST-0344,PROD-024,1,1696.06,1696.06,COMPLETED,2026-08-21 17:17:43
ORD-4435,SEL-001,CUST-0475,PROD-082,1,2635.81,2635.81,COMPLETED,2026-08-21 17:26:13
ORD-4436,SEL-001,CUST-0280,PROD-034,2,2528.97,5057.94,COMPLETED,2026-08-21 17:34:38
ORD-4437,SEL-001,CUST-0232,PROD-020,1,3690.08,3690.08,COMPLETED,2026-08-21 17:43:06
ORD-4438,SEL-001,CUST-0073,PROD-046,1,589.12,589.12,COMPLETED,2026-08-21 17:51:42
ORD-4439,SEL-001,CUST-0209,PROD-070,1,1590.68,1590.68,COMPLETED,2026-08-21 18:00:22
ORD-4440,SEL-001,CUST-0492,PROD-029,1,661.04,661.04,COMPLETED,2026-08-21 18:08:52
ORD-4441,SEL-001,CUST-0257,PROD-006,2,3125.97,6251.94,COMPLETED,2026-08-21 18:17:28
ORD-4442,SEL-001,CUST-0203,PROD-097,1,1871.88,1871.88,COMPLETED,2026-08-21 18:25:46
ORD-4443,SEL-001,CUST-0218,P17,1,1100.0,1100.0,COMPLETED,2026-08-21 18:34:12
ORD-4444,SEL-001,CUST-0110,PROD-015,1,3012.01,3012.01,COMPLETED,2026-08-21 18:42:45
ORD-4445,SEL-001,CUST-0128,PROD-097,2,1871.88,3743.76,COMPLETED,2026-08-21 18:51:38
ORD-4446,SEL-001,CUST-0421,PROD-092,1,716.01,716.01,COMPLETED,2026-08-21 18:59:52
ORD-4447,SEL-001,CUST-0369,PROD-001,1,2967.56,2967.56,COMPLETED,2026-08-21 19:08:34
ORD-4448,SEL-001,CUST-0471,PROD-072,1,1146.68,1146.68,COMPLETED,2026-08-21 19:16:52
ORD-4449,SEL-001,CUST-0425,PROD-022,1,3674.73,3674.73,COMPLETED,2026-08-21 19:25:47
ORD-4450,SEL-001,CUST-0155,PROD-034,1,2528.97,2528.97,COMPLETED,2026-08-21 19:34:19
ORD-4451,SEL-001,CUST-0333,P17,1,1100.0,1100.0,COMPLETED,2026-08-21 19:42:37
ORD-4452,SEL-001,CUST-0404,PROD-052,1,1823.27,1823.27,COMPLETED,2026-08-21 19:50:59
ORD-4453,SEL-001,CUST-0248,PROD-096,1,519.99,519.99,COMPLETED,2026-08-21 19:59:54
ORD-4454,SEL-001,CUST-0133,PROD-074,1,3974.56,3974.56,COMPLETED,2026-08-21 20:08:25
ORD-4455,SEL-001,CUST-0278,PROD-094,1,3616.34,3616.34,COMPLETED,2026-08-21 20:16:52
ORD-4456,SEL-001,CUST-0283,PROD-035,1,4385.74,4385.74,COMPLETED,2026-08-21 20:25:33
ORD-4457,SEL-001,CUST-0435,PROD-029,1,661.04,661.04,COMPLETED,2026-08-21 20:33:55
ORD-4458,SEL-001,CUST-0202,PROD-034,1,2528.97,2528.97,COMPLETED,2026-08-21 20:42:40
ORD-4459,SEL-001,CUST-0317,PROD-032,1,3680.3,3680.3,COMPLETED,2026-08-21 20:51:00
ORD-4460,SEL-001,CUST-0317,PROD-040,2,3912.25,7824.5,COMPLETED,2026-08-21 20:59:37
ORD-4461,SEL-001,CUST-0353,PROD-012,1,2397.76,2397.76,COMPLETED,2026-08-21 21:07:56
ORD-4462,SEL-001,CUST-0412,PROD-015,1,3012.01,3012.01,COMPLETED,2026-08-21 21:16:29
ORD-4463,SEL-001,CUST-0348,PROD-088,1,4489.53,4489.53,COMPLETED,2026-08-21 21:25:10
ORD-4464,SEL-001,CUST-0357,PROD-089,1,2415.49,2415.49,COMPLETED,2026-08-21 21:33:30
ORD-4465,SEL-001,CUST-0041,PROD-094,1,3616.34,3616.34,COMPLETED,2026-08-21 21:42:11
ORD-4466,SEL-001,CUST-0386,PROD-051,1,1800.54,1800.54,COMPLETED,2026-08-21 21:50:45
ORD-4467,SEL-001,CUST-0500,P17,1,1100.0,1100.0,COMPLETED,2026-08-21 21:59:13
ORD-4468,SEL-001,CUST-0191,PROD-049,1,1431.39,1431.39,COMPLETED,2026-08-21 22:07:42
ORD-4469,SEL-001,CUST-0336,PROD-039,1,2878.71,2878.71,COMPLETED,2026-08-21 22:16:23
ORD-4470,SEL-001,CUST-0129,PROD-038,2,3774.97,7549.94,COMPLETED,2026-08-21 22:24:54
ORD-4471,SEL-001,CUST-0443,PROD-095,2,2044.18,4088.36,COMPLETED,2026-08-21 22:33:29
ORD-4472,SEL-001,CUST-0255,PROD-042,1,3244.43,3244.43,COMPLETED,2026-08-21 22:41:53
ORD-4473,SEL-001,CUST-0420,PROD-040,1,3912.25,3912.25,COMPLETED,2026-08-21 22:50:12
ORD-4474,SEL-001,CUST-0388,PROD-069,2,386.43,772.86,COMPLETED,2026-08-21 22:58:59
ORD-4475,SEL-001,CUST-0488,PROD-041,2,2703.75,5407.5,COMPLETED,2026-08-21 23:07:41
ORD-4476,SEL-001,CUST-0413,PROD-055,1,4230.78,4230.78,COMPLETED,2026-08-21 23:16:04
ORD-4477,SEL-001,CUST-0133,PROD-049,1,1431.39,1431.39,COMPLETED,2026-08-21 23:24:31
ORD-4478,SEL-001,CUST-0395,PROD-090,1,636.37,636.37,COMPLETED,2026-08-21 23:32:57
ORD-4479,SEL-001,CUST-0172,PROD-045,1,1479.9,1479.9,COMPLETED,2026-08-21 23:41:44
ORD-4480,SEL-001,CUST-0478,PROD-021,2,277.62,555.24,COMPLETED,2026-08-21 23:50:18
ORD-4481,SEL-001,CUST-0151,PROD-098,1,4483.52,4483.52,COMPLETED,2026-08-21 23:58:32
ORD-4482,SEL-001,CUST-0245,PROD-061,1,1862.69,1862.69,COMPLETED,2026-08-22 00:07:28
ORD-4483,SEL-001,CUST-0314,PROD-004,1,1198.65,1198.65,COMPLETED,2026-08-22 00:15:42
ORD-4484,SEL-001,CUST-0052,PROD-065,1,3159.61,3159.61,COMPLETED,2026-08-22 00:24:26
ORD-4485,SEL-001,CUST-0265,PROD-008,1,619.49,619.49,COMPLETED,2026-08-22 00:33:01
ORD-4486,SEL-001,CUST-0008,PROD-076,1,3035.61,3035.61,COMPLETED,2026-08-22 00:41:25
ORD-4487,SEL-001,CUST-0254,P17,1,1100.0,1100.0,COMPLETED,2026-08-22 00:50:03
ORD-4488,SEL-001,CUST-0305,PROD-046,1,589.12,589.12,COMPLETED,2026-08-22 00:58:31
ORD-4489,SEL-001,CUST-0477,PROD-058,1,977.34,977.34,COMPLETED,2026-08-22 01:06:45
ORD-4490,SEL-001,CUST-0135,PROD-082,1,2635.81,2635.81,COMPLETED,2026-08-22 01:15:42
ORD-4491,SEL-001,CUST-0057,PROD-007,1,4041.76,4041.76,COMPLETED,2026-08-22 01:24:12
ORD-4492,SEL-001,CUST-0389,PROD-044,1,1218.57,1218.57,COMPLETED,2026-08-22 01:32:44
ORD-4493,SEL-001,CUST-0374,PROD-097,1,1871.88,1871.88,COMPLETED,2026-08-22 01:41:11
ORD-4494,SEL-001,CUST-0499,PROD-022,1,3674.73,3674.73,COMPLETED,2026-08-22 01:49:36
ORD-4495,SEL-001,CUST-0090,PROD-016,1,2566.0,2566.0,COMPLETED,2026-08-22 01:58:13
ORD-4496,SEL-001,CUST-0258,PROD-033,1,3351.36,3351.36,COMPLETED,2026-08-22 02:06:36
ORD-4497,SEL-001,CUST-0138,PROD-087,2,1182.11,2364.22,COMPLETED,2026-08-22 02:15:31
ORD-4498,SEL-001,CUST-0189,PROD-060,1,944.46,944.46,COMPLETED,2026-08-22 02:23:53
ORD-4499,SEL-001,CUST-0433,PROD-015,1,3012.01,3012.01,COMPLETED,2026-08-22 02:32:11
ORD-4500,SEL-001,CUST-0366,PROD-037,1,2596.17,2596.17,COMPLETED,2026-08-22 02:41:06
ORD-4501,SEL-001,CUST-0375,PROD-088,2,4489.53,8979.06,COMPLETED,2026-08-22 02:49:32
ORD-4502,SEL-001,CUST-0231,PROD-100,1,4377.08,4377.08,COMPLETED,2026-08-22 02:57:43
ORD-4503,SEL-001,CUST-0151,PROD-087,1,1182.11,1182.11,COMPLETED,2026-08-22 03:06:34
ORD-4504,SEL-001,CUST-0099,PROD-072,1,1146.68,1146.68,COMPLETED,2026-08-22 03:14:45
ORD-4505,SEL-001,CUST-0038,PROD-046,1,589.12,589.12,COMPLETED,2026-08-22 03:23:43
ORD-4506,SEL-001,CUST-0411,PROD-078,1,4136.83,4136.83,COMPLETED,2026-08-22 03:31:50
ORD-4507,SEL-001,CUST-0022,PROD-092,1,716.01,716.01,COMPLETED,2026-08-22 03:40:47
ORD-4508,SEL-001,CUST-0406,PROD-042,1,3244.43,3244.43,COMPLETED,2026-08-22 03:49:13
ORD-4509,SEL-001,CUST-0137,PROD-030,1,3851.85,3851.85,COMPLETED,2026-08-22 03:57:30
ORD-4510,SEL-001,CUST-0007,P17,2,1100.0,2200.0,COMPLETED,2026-08-22 04:06:07
ORD-4511,SEL-001,CUST-0380,PROD-009,1,2043.17,2043.17,COMPLETED,2026-08-22 04:14:50
ORD-4512,SEL-001,CUST-0259,PROD-009,1,2043.17,2043.17,COMPLETED,2026-08-22 04:23:17
ORD-4513,SEL-001,CUST-0143,PROD-086,2,1947.45,3894.9,COMPLETED,2026-08-22 04:31:39
ORD-4514,SEL-001,CUST-0028,PROD-027,1,1680.53,1680.53,COMPLETED,2026-08-22 04:40:19
ORD-4515,SEL-001,CUST-0034,PROD-080,1,1375.74,1375.74,COMPLETED,2026-08-22 04:49:00
ORD-4516,SEL-001,CUST-0055,P17,1,1100.0,1100.0,COMPLETED,2026-08-22 04:57:27
ORD-4517,SEL-001,CUST-0372,PROD-031,1,2815.84,2815.84,COMPLETED,2026-08-22 05:06:07
ORD-4518,SEL-001,CUST-0234,PROD-066,1,3832.12,3832.12,COMPLETED,2026-08-22 05:14:31
ORD-4519,SEL-001,CUST-0198,PROD-073,1,4257.37,4257.37,COMPLETED,2026-08-22 05:23:09
ORD-4520,SEL-001,CUST-0264,PROD-098,1,4483.52,4483.52,COMPLETED,2026-08-22 05:31:34
ORD-4521,SEL-001,CUST-0247,PROD-018,1,1186.87,1186.87,COMPLETED,2026-08-22 05:40:00
ORD-4522,SEL-001,CUST-0231,PROD-033,1,3351.36,3351.36,COMPLETED,2026-08-22 05:48:48
ORD-4523,SEL-001,CUST-0442,PROD-077,1,1931.44,1931.44,COMPLETED,2026-08-22 05:56:56
ORD-4524,SEL-001,CUST-0130,P17,2,1100.0,2200.0,COMPLETED,2026-08-22 06:05:48
ORD-4525,SEL-001,CUST-0116,PROD-021,1,277.62,277.62,COMPLETED,2026-08-22 06:14:18
ORD-4526,SEL-001,CUST-0053,PROD-015,2,3012.01,6024.02,COMPLETED,2026-08-22 06:22:55
ORD-4527,SEL-001,CUST-0016,PROD-021,2,277.62,555.24,COMPLETED,2026-08-22 06:31:17
ORD-4528,SEL-001,CUST-0265,PROD-007,1,4041.76,4041.76,COMPLETED,2026-08-22 06:39:39
ORD-4529,SEL-001,CUST-0086,PROD-006,1,3125.97,3125.97,COMPLETED,2026-08-22 06:48:13
ORD-4530,SEL-001,CUST-0009,PROD-067,1,3548.0,3548.0,COMPLETED,2026-08-22 06:56:39
ORD-4531,SEL-001,CUST-0024,PROD-066,1,3832.12,3832.12,COMPLETED,2026-08-22 07:05:14
ORD-4532,SEL-001,CUST-0286,PROD-087,1,1182.11,1182.11,COMPLETED,2026-08-22 07:14:10
ORD-4533,SEL-001,CUST-0281,PROD-038,1,3774.97,3774.97,COMPLETED,2026-08-22 07:22:15
ORD-4534,SEL-001,CUST-0148,PROD-093,1,2916.65,2916.65,COMPLETED,2026-08-22 07:30:49
ORD-4535,SEL-001,CUST-0164,PROD-083,2,1366.65,2733.3,COMPLETED,2026-08-22 07:39:48
ORD-4536,SEL-001,CUST-0025,PROD-036,1,1858.77,1858.77,COMPLETED,2026-08-22 07:48:15
ORD-4537,SEL-001,CUST-0282,PROD-025,1,910.79,910.79,COMPLETED,2026-08-22 07:56:50
ORD-4538,SEL-001,CUST-0162,PROD-013,1,362.78,362.78,COMPLETED,2026-08-22 08:05:13
ORD-4539,SEL-001,CUST-0009,PROD-097,1,1871.88,1871.88,COMPLETED,2026-08-22 08:13:51
ORD-4540,SEL-001,CUST-0419,PROD-043,2,444.75,889.5,COMPLETED,2026-08-22 08:22:10
ORD-4541,SEL-001,CUST-0428,PROD-003,2,1418.87,2837.74,COMPLETED,2026-08-22 08:30:45
ORD-4542,SEL-001,CUST-0498,PROD-050,1,2951.66,2951.66,COMPLETED,2026-08-22 08:39:16
ORD-4543,SEL-001,CUST-0464,PROD-048,1,679.26,679.26,COMPLETED,2026-08-22 08:47:35
ORD-4544,SEL-001,CUST-0361,PROD-029,2,661.04,1322.08,COMPLETED,2026-08-22 08:56:09
ORD-4545,SEL-001,CUST-0205,PROD-076,1,3035.61,3035.61,COMPLETED,2026-08-22 09:04:42
ORD-4546,SEL-001,CUST-0268,PROD-048,1,679.26,679.26,COMPLETED,2026-08-22 09:13:12
ORD-4547,SEL-001,CUST-0215,PROD-038,1,3774.97,3774.97,COMPLETED,2026-08-22 09:21:56
ORD-4548,SEL-001,CUST-0291,PROD-052,1,1823.27,1823.27,COMPLETED,2026-08-22 09:30:38
ORD-4549,SEL-001,CUST-0008,PROD-070,1,1590.68,1590.68,COMPLETED,2026-08-22 09:39:12
ORD-4550,SEL-001,CUST-0326,PROD-061,1,1862.69,1862.69,COMPLETED,2026-08-22 09:47:48
ORD-4551,SEL-001,CUST-0249,PROD-010,1,376.64,376.64,COMPLETED,2026-08-22 09:56:12
ORD-4552,SEL-001,CUST-0220,PROD-059,1,3348.79,3348.79,COMPLETED,2026-08-22 10:04:42
ORD-4553,SEL-001,CUST-0194,P17,1,1100.0,1100.0,COMPLETED,2026-08-22 10:13:24
ORD-4554,SEL-001,CUST-0045,PROD-090,1,636.37,636.37,COMPLETED,2026-08-22 10:21:58
ORD-4555,SEL-001,CUST-0494,PROD-074,1,3974.56,3974.56,COMPLETED,2026-08-22 10:30:27
ORD-4556,SEL-001,CUST-0008,PROD-011,1,1179.21,1179.21,COMPLETED,2026-08-22 10:38:44
ORD-4557,SEL-001,CUST-0189,PROD-010,1,376.64,376.64,COMPLETED,2026-08-22 10:47:22
ORD-4558,SEL-001,CUST-0161,PROD-016,1,2566.0,2566.0,COMPLETED,2026-08-22 10:55:52
ORD-4559,SEL-001,CUST-0047,PROD-018,1,1186.87,1186.87,COMPLETED,2026-08-22 11:04:30
ORD-4560,SEL-001,CUST-0402,PROD-070,1,1590.68,1590.68,COMPLETED,2026-08-22 11:12:45
ORD-4561,SEL-001,CUST-0075,PROD-078,1,4136.83,4136.83,COMPLETED,2026-08-22 11:21:29
ORD-4562,SEL-001,CUST-0224,PROD-021,1,277.62,277.62,COMPLETED,2026-08-22 11:29:48
ORD-4563,SEL-001,CUST-0263,PROD-058,1,977.34,977.34,COMPLETED,2026-08-22 11:38:26
ORD-4564,SEL-001,CUST-0453,PROD-094,1,3616.34,3616.34,COMPLETED,2026-08-22 11:47:17
ORD-4565,SEL-001,CUST-0422,PROD-088,1,4489.53,4489.53,COMPLETED,2026-08-22 11:55:23
ORD-4566,SEL-001,CUST-0024,PROD-100,1,4377.08,4377.08,COMPLETED,2026-08-22 12:04:18
ORD-4567,SEL-001,CUST-0446,PROD-001,1,2967.56,2967.56,COMPLETED,2026-08-22 12:12:51
ORD-4568,SEL-001,CUST-0205,PROD-091,2,450.24,900.48,COMPLETED,2026-08-22 12:21:16
ORD-4569,SEL-001,CUST-0028,PROD-028,1,644.17,644.17,COMPLETED,2026-08-22 12:29:58
ORD-4570,SEL-001,CUST-0241,PROD-065,1,3159.61,3159.61,COMPLETED,2026-08-22 12:38:27
ORD-4571,SEL-001,CUST-0455,PROD-036,1,1858.77,1858.77,COMPLETED,2026-08-22 12:46:42
ORD-4572,SEL-001,CUST-0334,PROD-067,1,3548.0,3548.0,COMPLETED,2026-08-22 12:55:21
ORD-4573,SEL-001,CUST-0232,PROD-018,2,1186.87,2373.74,COMPLETED,2026-08-22 13:03:59
ORD-4574,SEL-001,CUST-0479,PROD-099,1,2498.74,2498.74,COMPLETED,2026-08-22 13:12:39
ORD-4575,SEL-001,CUST-0403,PROD-072,1,1146.68,1146.68,COMPLETED,2026-08-22 13:20:42
ORD-4576,SEL-001,CUST-0047,PROD-048,2,679.26,1358.52,COMPLETED,2026-08-22 13:29:14
ORD-4577,SEL-001,CUST-0238,PROD-014,2,1095.06,2190.12,COMPLETED,2026-08-22 13:38:12
ORD-4578,SEL-001,CUST-0096,PROD-096,2,519.99,1039.98,COMPLETED,2026-08-22 13:46:27
ORD-4579,SEL-001,CUST-0485,PROD-057,1,2838.81,2838.81,COMPLETED,2026-08-22 13:54:56
ORD-4580,SEL-001,CUST-0023,P17,1,1100.0,1100.0,COMPLETED,2026-08-22 14:03:27
ORD-4581,SEL-001,CUST-0349,P17,2,1100.0,2200.0,COMPLETED,2026-08-22 14:12:03
ORD-4582,SEL-001,CUST-0425,PROD-012,2,2397.76,4795.52,COMPLETED,2026-08-22 14:20:47
ORD-4583,SEL-001,CUST-0288,PROD-090,1,636.37,636.37,COMPLETED,2026-08-22 14:29:06
ORD-4584,SEL-001,CUST-0409,PROD-060,1,944.46,944.46,COMPLETED,2026-08-22 14:37:33
ORD-4585,SEL-001,CUST-0443,PROD-045,1,1479.9,1479.9,COMPLETED,2026-08-22 14:46:07
ORD-4586,SEL-001,CUST-0242,PROD-053,1,1140.4,1140.4,COMPLETED,2026-08-22 14:55:03
ORD-4587,SEL-001,CUST-0407,PROD-019,2,2754.38,5508.76,COMPLETED,2026-08-22 15:03:24
ORD-4588,SEL-001,CUST-0416,PROD-028,2,644.17,1288.34,COMPLETED,2026-08-22 15:11:46
ORD-4589,SEL-001,CUST-0019,PROD-006,1,3125.97,3125.97,COMPLETED,2026-08-22 15:20:11
ORD-4590,SEL-001,CUST-0313,PROD-088,1,4489.53,4489.53,COMPLETED,2026-08-22 15:29:02
ORD-4591,SEL-001,CUST-0110,PROD-094,1,3616.34,3616.34,COMPLETED,2026-08-22 15:37:22
ORD-4592,SEL-001,CUST-0452,PROD-044,2,1218.57,2437.14,COMPLETED,2026-08-22 15:46:09
ORD-4593,SEL-001,CUST-0031,PROD-035,2,4385.74,8771.48,COMPLETED,2026-08-22 15:54:34
ORD-4594,SEL-001,CUST-0220,PROD-076,1,3035.61,3035.61,COMPLETED,2026-08-22 16:03:13
ORD-4595,SEL-001,CUST-0457,PROD-070,1,1590.68,1590.68,COMPLETED,2026-08-22 16:11:30
ORD-4596,SEL-001,CUST-0091,PROD-030,1,3851.85,3851.85,COMPLETED,2026-08-22 16:20:24
ORD-4597,SEL-001,CUST-0323,PROD-039,1,2878.71,2878.71,COMPLETED,2026-08-22 16:28:55
ORD-4598,SEL-001,CUST-0170,PROD-058,1,977.34,977.34,COMPLETED,2026-08-22 16:36:59
ORD-4599,SEL-001,CUST-0026,PROD-058,1,977.34,977.34,COMPLETED,2026-08-22 16:45:52
ORD-4600,SEL-001,CUST-0492,PROD-027,1,1680.53,1680.53,COMPLETED,2026-08-22 16:54:13
ORD-4601,SEL-001,CUST-0305,P17,2,1100.0,2200.0,COMPLETED,2026-08-22 17:02:34
ORD-4602,SEL-001,CUST-0055,PROD-081,1,1298.17,1298.17,COMPLETED,2026-08-22 17:11:16
ORD-4603,SEL-001,CUST-0308,PROD-030,1,3851.85,3851.85,COMPLETED,2026-08-22 17:19:59
ORD-4604,SEL-001,CUST-0237,PROD-050,1,2951.66,2951.66,COMPLETED,2026-08-22 17:28:13
ORD-4605,SEL-001,CUST-0073,PROD-038,1,3774.97,3774.97,COMPLETED,2026-08-22 17:36:42
ORD-4606,SEL-001,CUST-0028,PROD-023,1,3217.09,3217.09,COMPLETED,2026-08-22 17:45:26
ORD-4607,SEL-001,CUST-0318,PROD-030,1,3851.85,3851.85,COMPLETED,2026-08-22 17:54:08
ORD-4608,SEL-001,CUST-0358,PROD-088,1,4489.53,4489.53,COMPLETED,2026-08-22 18:02:26
ORD-4609,SEL-001,CUST-0225,PROD-073,1,4257.37,4257.37,COMPLETED,2026-08-22 18:10:55
ORD-4610,SEL-001,CUST-0081,PROD-098,1,4483.52,4483.52,COMPLETED,2026-08-22 18:19:22
ORD-4611,SEL-001,CUST-0164,PROD-028,2,644.17,1288.34,COMPLETED,2026-08-22 18:27:56
ORD-4612,SEL-001,CUST-0450,PROD-084,1,2734.49,2734.49,COMPLETED,2026-08-22 18:36:55
ORD-4613,SEL-001,CUST-0325,PROD-044,1,1218.57,1218.57,COMPLETED,2026-08-22 18:45:12
ORD-4614,SEL-001,CUST-0428,PROD-098,1,4483.52,4483.52,COMPLETED,2026-08-22 18:54:01
ORD-4615,SEL-001,CUST-0238,PROD-007,2,4041.76,8083.52,COMPLETED,2026-08-22 19:02:07
ORD-4616,SEL-001,CUST-0346,PROD-004,2,1198.65,2397.3,COMPLETED,2026-08-22 19:10:53
ORD-4617,SEL-001,CUST-0034,PROD-051,1,1800.54,1800.54,COMPLETED,2026-08-22 19:19:33
ORD-4618,SEL-001,CUST-0497,PROD-093,1,2916.65,2916.65,COMPLETED,2026-08-22 19:27:45
ORD-4619,SEL-001,CUST-0061,P17,1,1100.0,1100.0,COMPLETED,2026-08-22 19:36:29
ORD-4620,SEL-001,CUST-0110,PROD-065,1,3159.61,3159.61,COMPLETED,2026-08-22 19:45:11
ORD-4621,SEL-001,CUST-0033,PROD-039,1,2878.71,2878.71,COMPLETED,2026-08-22 19:53:24
ORD-4622,SEL-001,CUST-0114,PROD-044,2,1218.57,2437.14,COMPLETED,2026-08-22 20:02:17
ORD-4623,SEL-001,CUST-0492,PROD-045,1,1479.9,1479.9,COMPLETED,2026-08-22 20:10:24
ORD-4624,SEL-001,CUST-0352,PROD-019,1,2754.38,2754.38,COMPLETED,2026-08-22 20:19:02
ORD-4625,SEL-001,CUST-0031,PROD-063,1,2970.0,2970.0,COMPLETED,2026-08-22 20:27:24
ORD-4626,SEL-001,CUST-0010,PROD-055,2,4230.78,8461.56,COMPLETED,2026-08-22 20:36:15
ORD-4627,SEL-001,CUST-0031,PROD-050,1,2951.66,2951.66,COMPLETED,2026-08-22 20:44:44
ORD-4628,SEL-001,CUST-0399,PROD-031,2,2815.84,5631.68,COMPLETED,2026-08-22 20:53:00
ORD-4629,SEL-001,CUST-0349,PROD-028,1,644.17,644.17,COMPLETED,2026-08-22 21:01:53
ORD-4630,SEL-001,CUST-0158,PROD-048,2,679.26,1358.52,COMPLETED,2026-08-22 21:10:12
ORD-4631,SEL-001,CUST-0389,PROD-021,1,277.62,277.62,COMPLETED,2026-08-22 21:18:47
ORD-4632,SEL-001,CUST-0006,PROD-028,2,644.17,1288.34,COMPLETED,2026-08-22 21:27:33
ORD-4633,SEL-001,CUST-0461,PROD-037,1,2596.17,2596.17,COMPLETED,2026-08-22 21:35:43
ORD-4634,SEL-001,CUST-0299,PROD-024,1,1696.06,1696.06,COMPLETED,2026-08-22 21:44:16
ORD-4635,SEL-001,CUST-0077,PROD-029,1,661.04,661.04,COMPLETED,2026-08-22 21:53:08
ORD-4636,SEL-001,CUST-0008,PROD-005,1,3380.0,3380.0,COMPLETED,2026-08-22 22:01:18
ORD-4637,SEL-001,CUST-0216,PROD-006,1,3125.97,3125.97,COMPLETED,2026-08-22 22:10:16
ORD-4638,SEL-001,CUST-0468,PROD-033,1,3351.36,3351.36,COMPLETED,2026-08-22 22:18:37
ORD-4639,SEL-001,CUST-0060,PROD-051,1,1800.54,1800.54,COMPLETED,2026-08-22 22:27:20
ORD-4640,SEL-001,CUST-0475,P17,2,1100.0,2200.0,COMPLETED,2026-08-22 22:35:43
ORD-4641,SEL-001,CUST-0467,PROD-097,2,1871.88,3743.76,COMPLETED,2026-08-22 22:44:25
ORD-4642,SEL-001,CUST-0279,PROD-073,2,4257.37,8514.74,COMPLETED,2026-08-22 22:52:53
ORD-4643,SEL-001,CUST-0378,PROD-055,1,4230.78,4230.78,COMPLETED,2026-08-22 23:01:18
ORD-4644,SEL-001,CUST-0489,PROD-054,1,1384.66,1384.66,COMPLETED,2026-08-22 23:09:39
ORD-4645,SEL-001,CUST-0005,PROD-019,1,2754.38,2754.38,COMPLETED,2026-08-22 23:18:29
ORD-4646,SEL-001,CUST-0040,PROD-060,2,944.46,1888.92,COMPLETED,2026-08-22 23:26:41
ORD-4647,SEL-001,CUST-0001,PROD-015,1,3012.01,3012.01,COMPLETED,2026-08-22 23:35:12
ORD-4648,SEL-001,CUST-0116,PROD-071,1,1387.9,1387.9,COMPLETED,2026-08-22 23:43:45
ORD-4649,SEL-001,CUST-0491,PROD-083,1,1366.65,1366.65,COMPLETED,2026-08-22 23:52:34
ORD-4650,SEL-001,CUST-0035,PROD-068,1,1223.45,1223.45,COMPLETED,2026-08-23 00:00:49
ORD-4651,SEL-001,CUST-0251,PROD-088,1,4489.53,4489.53,COMPLETED,2026-08-23 00:09:45
ORD-4652,SEL-001,CUST-0396,PROD-056,1,3004.15,3004.15,COMPLETED,2026-08-23 00:17:51
ORD-4653,SEL-001,CUST-0282,PROD-076,2,3035.61,6071.22,COMPLETED,2026-08-23 00:26:37
ORD-4654,SEL-001,CUST-0354,PROD-022,1,3674.73,3674.73,COMPLETED,2026-08-23 00:35:06
ORD-4655,SEL-001,CUST-0265,PROD-007,1,4041.76,4041.76,COMPLETED,2026-08-23 00:43:41
ORD-4656,SEL-001,CUST-0122,PROD-098,1,4483.52,4483.52,COMPLETED,2026-08-23 00:52:25
ORD-4657,SEL-001,CUST-0035,PROD-049,1,1431.39,1431.39,COMPLETED,2026-08-23 01:00:35
ORD-4658,SEL-001,CUST-0298,PROD-023,1,3217.09,3217.09,COMPLETED,2026-08-23 01:09:30
ORD-4659,SEL-001,CUST-0452,PROD-007,1,4041.76,4041.76,COMPLETED,2026-08-23 01:18:03
ORD-4660,SEL-001,CUST-0087,PROD-062,1,4455.47,4455.47,COMPLETED,2026-08-23 01:26:09
ORD-4661,SEL-001,CUST-0110,PROD-069,1,386.43,386.43,COMPLETED,2026-08-23 01:34:54
ORD-4662,SEL-001,CUST-0070,PROD-020,1,3690.08,3690.08,COMPLETED,2026-08-23 01:43:16
ORD-4663,SEL-001,CUST-0250,PROD-084,1,2734.49,2734.49,COMPLETED,2026-08-23 01:51:49
ORD-4664,SEL-001,CUST-0441,PROD-015,1,3012.01,3012.01,COMPLETED,2026-08-23 02:00:36
ORD-4665,SEL-001,CUST-0185,PROD-091,1,450.24,450.24,COMPLETED,2026-08-23 02:09:15
ORD-4666,SEL-001,CUST-0007,PROD-082,1,2635.81,2635.81,COMPLETED,2026-08-23 02:17:40
ORD-4667,SEL-001,CUST-0366,PROD-029,2,661.04,1322.08,COMPLETED,2026-08-23 02:26:18
ORD-4668,SEL-001,CUST-0255,P17,1,1100.0,1100.0,COMPLETED,2026-08-23 02:34:35
ORD-4669,SEL-001,CUST-0368,PROD-100,1,4377.08,4377.08,COMPLETED,2026-08-23 02:43:04
ORD-4670,SEL-001,CUST-0172,PROD-053,1,1140.4,1140.4,COMPLETED,2026-08-23 02:51:38
ORD-4671,SEL-001,CUST-0423,PROD-092,1,716.01,716.01,COMPLETED,2026-08-23 03:00:18
ORD-4672,SEL-001,CUST-0226,PROD-046,1,589.12,589.12,COMPLETED,2026-08-23 03:08:55
ORD-4673,SEL-001,CUST-0276,PROD-099,1,2498.74,2498.74,COMPLETED,2026-08-23 03:17:20
ORD-4674,SEL-001,CUST-0307,PROD-088,2,4489.53,8979.06,COMPLETED,2026-08-23 03:25:38
ORD-4675,SEL-001,CUST-0038,PROD-049,2,1431.39,2862.78,COMPLETED,2026-08-23 03:34:28
ORD-4676,SEL-001,CUST-0082,PROD-068,1,1223.45,1223.45,COMPLETED,2026-08-23 03:43:07
ORD-4677,SEL-001,CUST-0135,PROD-095,1,2044.18,2044.18,COMPLETED,2026-08-23 03:51:09
ORD-4678,SEL-001,CUST-0199,PROD-020,1,3690.08,3690.08,COMPLETED,2026-08-23 04:00:01
ORD-4679,SEL-001,CUST-0481,PROD-063,1,2970.0,2970.0,COMPLETED,2026-08-23 04:08:20
ORD-4680,SEL-001,CUST-0286,PROD-054,1,1384.66,1384.66,COMPLETED,2026-08-23 04:16:58
ORD-4681,SEL-001,CUST-0489,PROD-006,1,3125.97,3125.97,COMPLETED,2026-08-23 04:25:32
ORD-4682,SEL-001,CUST-0079,PROD-066,1,3832.12,3832.12,COMPLETED,2026-08-23 04:34:19
ORD-4683,SEL-001,CUST-0156,PROD-100,1,4377.08,4377.08,COMPLETED,2026-08-23 04:42:23
ORD-4684,SEL-001,CUST-0019,PROD-056,1,3004.15,3004.15,COMPLETED,2026-08-23 04:51:14
ORD-4685,SEL-001,CUST-0310,PROD-092,1,716.01,716.01,COMPLETED,2026-08-23 04:59:35
ORD-4686,SEL-001,CUST-0155,PROD-049,1,1431.39,1431.39,COMPLETED,2026-08-23 05:07:58
ORD-4687,SEL-001,CUST-0087,PROD-056,2,3004.15,6008.3,COMPLETED,2026-08-23 05:16:57
ORD-4688,SEL-001,CUST-0496,PROD-028,1,644.17,644.17,COMPLETED,2026-08-23 05:25:11
ORD-4689,SEL-001,CUST-0425,PROD-084,1,2734.49,2734.49,COMPLETED,2026-08-23 05:34:03
ORD-4690,SEL-001,CUST-0078,PROD-066,2,3832.12,7664.24,COMPLETED,2026-08-23 05:42:27
ORD-4691,SEL-001,CUST-0021,PROD-064,2,2617.04,5234.08,COMPLETED,2026-08-23 05:51:08
ORD-4692,SEL-001,CUST-0317,PROD-080,2,1375.74,2751.48,COMPLETED,2026-08-23 05:59:31
ORD-4693,SEL-001,CUST-0371,PROD-092,1,716.01,716.01,COMPLETED,2026-08-23 06:07:49
ORD-4694,SEL-001,CUST-0195,PROD-026,1,4318.16,4318.16,COMPLETED,2026-08-23 06:16:35
ORD-4695,SEL-001,CUST-0069,PROD-037,2,2596.17,5192.34,COMPLETED,2026-08-23 06:25:14
ORD-4696,SEL-001,CUST-0456,PROD-008,1,619.49,619.49,COMPLETED,2026-08-23 06:33:23
ORD-4697,SEL-001,CUST-0134,PROD-005,1,3380.0,3380.0,COMPLETED,2026-08-23 06:41:57
ORD-4698,SEL-001,CUST-0362,PROD-086,1,1947.45,1947.45,COMPLETED,2026-08-23 06:50:24
ORD-4699,SEL-001,CUST-0369,PROD-060,1,944.46,944.46,COMPLETED,2026-08-23 06:59:06
ORD-4700,SEL-001,CUST-0289,PROD-064,1,2617.04,2617.04,COMPLETED,2026-08-23 07:07:49
ORD-4701,SEL-001,CUST-0365,PROD-035,1,4385.74,4385.74,COMPLETED,2026-08-23 07:16:17
ORD-4702,SEL-001,CUST-0326,PROD-026,1,4318.16,4318.16,COMPLETED,2026-08-23 07:25:00
ORD-4703,SEL-001,CUST-0289,PROD-035,1,4385.74,4385.74,COMPLETED,2026-08-23 07:33:14
ORD-4704,SEL-001,CUST-0398,PROD-009,1,2043.17,2043.17,COMPLETED,2026-08-23 07:41:54
ORD-4705,SEL-001,CUST-0041,PROD-037,1,2596.17,2596.17,COMPLETED,2026-08-23 07:50:11
ORD-4706,SEL-001,CUST-0005,PROD-080,2,1375.74,2751.48,COMPLETED,2026-08-23 07:59:08
ORD-4707,SEL-001,CUST-0418,PROD-098,1,4483.52,4483.52,COMPLETED,2026-08-23 08:07:13
ORD-4708,SEL-001,CUST-0482,PROD-049,1,1431.39,1431.39,COMPLETED,2026-08-23 08:16:08
ORD-4709,SEL-001,CUST-0058,PROD-031,1,2815.84,2815.84,COMPLETED,2026-08-23 08:24:20
ORD-4710,SEL-001,CUST-0070,PROD-100,1,4377.08,4377.08,COMPLETED,2026-08-23 08:32:55
ORD-4711,SEL-001,CUST-0093,PROD-037,1,2596.17,2596.17,COMPLETED,2026-08-23 08:41:27
ORD-4712,SEL-001,CUST-0334,PROD-026,1,4318.16,4318.16,COMPLETED,2026-08-23 08:49:59
ORD-4713,SEL-001,CUST-0213,PROD-039,1,2878.71,2878.71,COMPLETED,2026-08-23 08:58:53
ORD-4714,SEL-001,CUST-0368,PROD-058,1,977.34,977.34,COMPLETED,2026-08-23 09:07:01
ORD-4715,SEL-001,CUST-0235,PROD-088,2,4489.53,8979.06,COMPLETED,2026-08-23 09:15:51
ORD-4716,SEL-001,CUST-0352,PROD-064,2,2617.04,5234.08,COMPLETED,2026-08-23 09:24:19
ORD-4717,SEL-001,CUST-0086,PROD-016,1,2566.0,2566.0,COMPLETED,2026-08-23 09:33:00
ORD-4718,SEL-001,CUST-0048,PROD-072,1,1146.68,1146.68,COMPLETED,2026-08-23 09:41:17
ORD-4719,SEL-001,CUST-0418,PROD-036,1,1858.77,1858.77,COMPLETED,2026-08-23 09:49:46
ORD-4720,SEL-001,CUST-0464,PROD-059,1,3348.79,3348.79,COMPLETED,2026-08-23 09:58:36
ORD-4721,SEL-001,CUST-0456,PROD-007,1,4041.76,4041.76,COMPLETED,2026-08-23 10:07:00
ORD-4722,SEL-001,CUST-0084,PROD-087,1,1182.11,1182.11,COMPLETED,2026-08-23 10:15:42
ORD-4723,SEL-001,CUST-0175,PROD-019,1,2754.38,2754.38,COMPLETED,2026-08-23 10:24:09
ORD-4724,SEL-001,CUST-0068,PROD-052,1,1823.27,1823.27,COMPLETED,2026-08-23 10:32:30
ORD-4725,SEL-001,CUST-0240,P17,1,1100.0,1100.0,COMPLETED,2026-08-23 10:40:54
ORD-4726,SEL-001,CUST-0024,PROD-081,1,1298.17,1298.17,COMPLETED,2026-08-23 10:49:46
ORD-4727,SEL-001,CUST-0225,PROD-009,1,2043.17,2043.17,COMPLETED,2026-08-23 10:58:18
ORD-4728,SEL-001,CUST-0333,PROD-006,1,3125.97,3125.97,COMPLETED,2026-08-23 11:06:34
ORD-4729,SEL-001,CUST-0439,PROD-094,1,3616.34,3616.34,COMPLETED,2026-08-23 11:15:11
ORD-4730,SEL-001,CUST-0238,PROD-025,1,910.79,910.79,COMPLETED,2026-08-23 11:23:38
ORD-4731,SEL-001,CUST-0117,PROD-089,1,2415.49,2415.49,COMPLETED,2026-08-23 11:32:09
ORD-4732,SEL-001,CUST-0391,PROD-081,1,1298.17,1298.17,COMPLETED,2026-08-23 11:40:38
ORD-4733,SEL-001,CUST-0466,P17,1,1100.0,1100.0,COMPLETED,2026-08-23 11:49:09
ORD-4734,SEL-001,CUST-0180,PROD-067,1,3548.0,3548.0,COMPLETED,2026-08-23 11:57:47
ORD-4735,SEL-001,CUST-0014,PROD-024,1,1696.06,1696.06,COMPLETED,2026-08-23 12:06:31
ORD-4736,SEL-001,CUST-0402,P17,1,1100.0,1100.0,COMPLETED,2026-08-23 12:14:55
ORD-4737,SEL-001,CUST-0424,PROD-085,1,4065.75,4065.75,COMPLETED,2026-08-23 12:23:23
ORD-4738,SEL-001,CUST-0087,PROD-089,1,2415.49,2415.49,COMPLETED,2026-08-23 12:31:48
ORD-4739,SEL-001,CUST-0316,PROD-067,1,3548.0,3548.0,COMPLETED,2026-08-23 12:40:38
ORD-4740,SEL-001,CUST-0187,PROD-089,1,2415.49,2415.49,COMPLETED,2026-08-23 12:48:57
ORD-4741,SEL-001,CUST-0114,PROD-029,1,661.04,661.04,COMPLETED,2026-08-23 12:57:46
ORD-4742,SEL-001,CUST-0260,PROD-005,1,3380.0,3380.0,COMPLETED,2026-08-23 13:05:55
ORD-4743,SEL-001,CUST-0283,PROD-006,1,3125.97,3125.97,COMPLETED,2026-08-23 13:14:26
ORD-4744,SEL-001,CUST-0404,PROD-098,1,4483.52,4483.52,COMPLETED,2026-08-23 13:23:12
ORD-4745,SEL-001,CUST-0103,PROD-013,1,362.78,362.78,COMPLETED,2026-08-23 13:31:56
ORD-4746,SEL-001,CUST-0052,PROD-071,1,1387.9,1387.9,COMPLETED,2026-08-23 13:40:13
ORD-4747,SEL-001,CUST-0287,PROD-024,1,1696.06,1696.06,COMPLETED,2026-08-23 13:48:54
ORD-4748,SEL-001,CUST-0342,PROD-081,1,1298.17,1298.17,COMPLETED,2026-08-23 13:57:20
ORD-4749,SEL-001,CUST-0274,PROD-100,1,4377.08,4377.08,COMPLETED,2026-08-23 14:05:45
ORD-4750,SEL-001,CUST-0386,PROD-019,1,2754.38,2754.38,COMPLETED,2026-08-23 14:14:23
ORD-4751,SEL-001,CUST-0354,PROD-019,2,2754.38,5508.76,COMPLETED,2026-08-23 14:22:47
ORD-4752,SEL-001,CUST-0009,PROD-097,1,1871.88,1871.88,COMPLETED,2026-08-23 14:31:29
ORD-4753,SEL-001,CUST-0178,PROD-086,2,1947.45,3894.9,COMPLETED,2026-08-23 14:39:49
ORD-4754,SEL-001,CUST-0418,PROD-088,1,4489.53,4489.53,COMPLETED,2026-08-23 14:48:39
ORD-4755,SEL-001,CUST-0491,PROD-008,1,619.49,619.49,COMPLETED,2026-08-23 14:57:12
ORD-4756,SEL-001,CUST-0173,PROD-084,1,2734.49,2734.49,COMPLETED,2026-08-23 15:05:40
ORD-4757,SEL-001,CUST-0460,PROD-093,1,2916.65,2916.65,COMPLETED,2026-08-23 15:14:19
ORD-4758,SEL-001,CUST-0438,PROD-069,1,386.43,386.43,COMPLETED,2026-08-23 15:22:27
ORD-4759,SEL-001,CUST-0252,PROD-031,1,2815.84,2815.84,COMPLETED,2026-08-23 15:31:22
ORD-4760,SEL-001,CUST-0439,PROD-040,1,3912.25,3912.25,COMPLETED,2026-08-23 15:39:36
ORD-4761,SEL-001,CUST-0077,P17,1,1100.0,1100.0,COMPLETED,2026-08-23 15:48:11
ORD-4762,SEL-001,CUST-0090,PROD-008,1,619.49,619.49,COMPLETED,2026-08-23 15:56:45
ORD-4763,SEL-001,CUST-0118,PROD-093,1,2916.65,2916.65,COMPLETED,2026-08-23 16:05:18
ORD-4764,SEL-001,CUST-0161,PROD-061,1,1862.69,1862.69,COMPLETED,2026-08-23 16:13:40
ORD-4765,SEL-001,CUST-0038,PROD-081,1,1298.17,1298.17,COMPLETED,2026-08-23 16:22:28
ORD-4766,SEL-001,CUST-0369,PROD-010,1,376.64,376.64,COMPLETED,2026-08-23 16:30:55
ORD-4767,SEL-001,CUST-0169,PROD-003,1,1418.87,1418.87,COMPLETED,2026-08-23 16:39:24
ORD-4768,SEL-001,CUST-0370,PROD-028,1,644.17,644.17,COMPLETED,2026-08-23 16:48:04
ORD-4769,SEL-001,CUST-0184,PROD-008,1,619.49,619.49,COMPLETED,2026-08-23 16:56:33
ORD-4770,SEL-001,CUST-0223,PROD-086,1,1947.45,1947.45,COMPLETED,2026-08-23 17:04:55
ORD-4771,SEL-001,CUST-0255,PROD-094,1,3616.34,3616.34,COMPLETED,2026-08-23 17:13:42
ORD-4772,SEL-001,CUST-0482,PROD-032,1,3680.3,3680.3,COMPLETED,2026-08-23 17:21:56
ORD-4773,SEL-001,CUST-0318,PROD-069,1,386.43,386.43,COMPLETED,2026-08-23 17:30:56
ORD-4774,SEL-001,CUST-0290,PROD-061,1,1862.69,1862.69,COMPLETED,2026-08-23 17:38:59
ORD-4775,SEL-001,CUST-0458,PROD-011,1,1179.21,1179.21,COMPLETED,2026-08-23 17:47:45
ORD-4776,SEL-001,CUST-0068,PROD-050,1,2951.66,2951.66,COMPLETED,2026-08-23 17:56:07
ORD-4777,SEL-001,CUST-0174,PROD-068,1,1223.45,1223.45,COMPLETED,2026-08-23 18:05:04
ORD-4778,SEL-001,CUST-0216,PROD-082,2,2635.81,5271.62,COMPLETED,2026-08-23 18:13:23
ORD-4779,SEL-001,CUST-0293,PROD-090,1,636.37,636.37,COMPLETED,2026-08-23 18:21:59
ORD-4780,SEL-001,CUST-0047,PROD-049,1,1431.39,1431.39,COMPLETED,2026-08-23 18:30:29
ORD-4781,SEL-001,CUST-0263,PROD-075,1,1587.38,1587.38,COMPLETED,2026-08-23 18:39:12
ORD-4782,SEL-001,CUST-0075,PROD-016,1,2566.0,2566.0,COMPLETED,2026-08-23 18:47:17
ORD-4783,SEL-001,CUST-0397,PROD-049,1,1431.39,1431.39,COMPLETED,2026-08-23 18:55:46
ORD-4784,SEL-001,CUST-0234,PROD-037,1,2596.17,2596.17,COMPLETED,2026-08-23 19:04:39
ORD-4785,SEL-001,CUST-0072,PROD-072,1,1146.68,1146.68,COMPLETED,2026-08-23 19:12:51
ORD-4786,SEL-001,CUST-0341,PROD-064,1,2617.04,2617.04,COMPLETED,2026-08-23 19:21:40
ORD-4787,SEL-001,CUST-0231,PROD-012,1,2397.76,2397.76,COMPLETED,2026-08-23 19:30:13
ORD-4788,SEL-001,CUST-0178,PROD-005,1,3380.0,3380.0,COMPLETED,2026-08-23 19:38:55
ORD-4789,SEL-001,CUST-0209,PROD-041,1,2703.75,2703.75,COMPLETED,2026-08-23 19:46:59
ORD-4790,SEL-001,CUST-0302,PROD-035,1,4385.74,4385.74,COMPLETED,2026-08-23 19:55:32
ORD-4791,SEL-001,CUST-0238,PROD-015,2,3012.01,6024.02,COMPLETED,2026-08-23 20:04:33
ORD-4792,SEL-001,CUST-0071,PROD-049,1,1431.39,1431.39,COMPLETED,2026-08-23 20:12:46
ORD-4793,SEL-001,CUST-0190,PROD-093,1,2916.65,2916.65,COMPLETED,2026-08-23 20:21:29
ORD-4794,SEL-001,CUST-0083,PROD-060,1,944.46,944.46,COMPLETED,2026-08-23 20:29:42
ORD-4795,SEL-001,CUST-0121,PROD-041,1,2703.75,2703.75,COMPLETED,2026-08-23 20:38:20
ORD-4796,SEL-001,CUST-0436,PROD-073,1,4257.37,4257.37,COMPLETED,2026-08-23 20:47:02
ORD-4797,SEL-001,CUST-0473,PROD-085,1,4065.75,4065.75,COMPLETED,2026-08-23 20:55:26
ORD-4798,SEL-001,CUST-0386,PROD-038,1,3774.97,3774.97,COMPLETED,2026-08-23 21:03:57
ORD-4799,SEL-001,CUST-0403,PROD-040,1,3912.25,3912.25,COMPLETED,2026-08-23 21:12:27
ORD-4800,SEL-001,CUST-0309,PROD-097,1,1871.88,1871.88,COMPLETED,2026-08-23 21:21:20
ORD-4801,SEL-001,CUST-0440,PROD-075,1,1587.38,1587.38,COMPLETED,2026-08-23 21:29:53
ORD-4802,SEL-001,CUST-0139,PROD-034,1,2528.97,2528.97,COMPLETED,2026-08-23 21:38:23
ORD-4803,SEL-001,CUST-0337,PROD-022,1,3674.73,3674.73,COMPLETED,2026-08-23 21:46:53
ORD-4804,SEL-001,CUST-0257,PROD-078,1,4136.83,4136.83,COMPLETED,2026-08-23 21:55:09
ORD-4805,SEL-001,CUST-0295,PROD-069,1,386.43,386.43,COMPLETED,2026-08-23 22:03:38
ORD-4806,SEL-001,CUST-0440,PROD-013,1,362.78,362.78,COMPLETED,2026-08-23 22:12:22
ORD-4807,SEL-001,CUST-0458,PROD-058,1,977.34,977.34,COMPLETED,2026-08-23 22:20:36
ORD-4808,SEL-001,CUST-0441,PROD-006,1,3125.97,3125.97,COMPLETED,2026-08-23 22:29:11
ORD-4809,SEL-001,CUST-0266,PROD-037,1,2596.17,2596.17,COMPLETED,2026-08-23 22:38:07
ORD-4810,SEL-001,CUST-0173,PROD-075,1,1587.38,1587.38,COMPLETED,2026-08-23 22:46:23
ORD-4811,SEL-001,CUST-0126,P17,1,1100.0,1100.0,COMPLETED,2026-08-23 22:54:45
ORD-4812,SEL-001,CUST-0156,PROD-009,1,2043.17,2043.17,COMPLETED,2026-08-23 23:03:43
ORD-4813,SEL-001,CUST-0028,PROD-019,2,2754.38,5508.76,COMPLETED,2026-08-23 23:12:06
ORD-4814,SEL-001,CUST-0070,PROD-027,1,1680.53,1680.53,COMPLETED,2026-08-23 23:20:23
ORD-4815,SEL-001,CUST-0202,PROD-068,1,1223.45,1223.45,COMPLETED,2026-08-23 23:29:19
ORD-4816,SEL-001,CUST-0299,PROD-087,1,1182.11,1182.11,COMPLETED,2026-08-23 23:37:34
ORD-4817,SEL-001,CUST-0482,PROD-011,2,1179.21,2358.42,COMPLETED,2026-08-23 23:46:13
ORD-4818,SEL-001,CUST-0036,PROD-047,1,1239.36,1239.36,COMPLETED,2026-08-23 23:54:58
ORD-4819,SEL-001,CUST-0168,PROD-029,1,661.04,661.04,COMPLETED,2026-08-24 00:03:22
ORD-4820,SEL-001,CUST-0282,PROD-027,1,1680.53,1680.53,COMPLETED,2026-08-24 00:11:49
ORD-4821,SEL-001,CUST-0209,PROD-086,1,1947.45,1947.45,COMPLETED,2026-08-24 00:20:30
ORD-4822,SEL-001,CUST-0100,PROD-038,1,3774.97,3774.97,COMPLETED,2026-08-24 00:28:43
ORD-4823,SEL-001,CUST-0056,P17,1,1100.0,1100.0,COMPLETED,2026-08-24 00:37:28
ORD-4824,SEL-001,CUST-0213,PROD-089,1,2415.49,2415.49,COMPLETED,2026-08-24 00:45:58
ORD-4825,SEL-001,CUST-0421,PROD-004,1,1198.65,1198.65,COMPLETED,2026-08-24 00:54:37
ORD-4826,SEL-001,CUST-0334,PROD-091,2,450.24,900.48,COMPLETED,2026-08-24 01:03:14
ORD-4827,SEL-001,CUST-0196,PROD-007,1,4041.76,4041.76,COMPLETED,2026-08-24 01:11:25
ORD-4828,SEL-001,CUST-0332,PROD-063,1,2970.0,2970.0,COMPLETED,2026-08-24 01:19:51
ORD-4829,SEL-001,CUST-0135,PROD-005,1,3380.0,3380.0,COMPLETED,2026-08-24 01:28:35
ORD-4830,SEL-001,CUST-0080,PROD-047,2,1239.36,2478.72,COMPLETED,2026-08-24 01:36:54
ORD-4831,SEL-001,CUST-0287,PROD-036,1,1858.77,1858.77,COMPLETED,2026-08-24 01:45:51
ORD-4832,SEL-001,CUST-0385,PROD-097,2,1871.88,3743.76,COMPLETED,2026-08-24 01:54:11
ORD-4833,SEL-001,CUST-0069,PROD-020,1,3690.08,3690.08,COMPLETED,2026-08-24 02:02:35
ORD-4834,SEL-001,CUST-0009,PROD-052,1,1823.27,1823.27,COMPLETED,2026-08-24 02:11:05
ORD-4835,SEL-001,CUST-0450,P17,1,1100.0,1100.0,COMPLETED,2026-08-24 02:19:39
ORD-4836,SEL-001,CUST-0240,PROD-094,1,3616.34,3616.34,COMPLETED,2026-08-24 02:28:18
ORD-4837,SEL-001,CUST-0402,PROD-002,1,356.3,356.3,COMPLETED,2026-08-24 02:36:50
ORD-4838,SEL-001,CUST-0245,PROD-045,1,1479.9,1479.9,COMPLETED,2026-08-24 02:45:33
ORD-4839,SEL-001,CUST-0384,PROD-036,1,1858.77,1858.77,COMPLETED,2026-08-24 02:54:09
ORD-4840,SEL-001,CUST-0483,PROD-030,1,3851.85,3851.85,COMPLETED,2026-08-24 03:02:15
ORD-4841,SEL-001,CUST-0418,PROD-031,1,2815.84,2815.84,COMPLETED,2026-08-24 03:10:53
ORD-4842,SEL-001,CUST-0487,PROD-006,1,3125.97,3125.97,COMPLETED,2026-08-24 03:19:46
ORD-4843,SEL-001,CUST-0485,PROD-075,1,1587.38,1587.38,COMPLETED,2026-08-24 03:27:51
ORD-4844,SEL-001,CUST-0395,P17,1,1100.0,1100.0,COMPLETED,2026-08-24 03:36:50
ORD-4845,SEL-001,CUST-0339,PROD-038,1,3774.97,3774.97,COMPLETED,2026-08-24 03:44:58
ORD-4846,SEL-001,CUST-0417,PROD-053,2,1140.4,2280.8,COMPLETED,2026-08-24 03:53:39
ORD-4847,SEL-001,CUST-0280,PROD-100,2,4377.08,8754.16,COMPLETED,2026-08-24 04:02:25
ORD-4848,SEL-001,CUST-0329,PROD-064,1,2617.04,2617.04,COMPLETED,2026-08-24 04:10:45
ORD-4849,SEL-001,CUST-0319,PROD-077,2,1931.44,3862.88,COMPLETED,2026-08-24 04:19:05
ORD-4850,SEL-001,CUST-0026,PROD-082,1,2635.81,2635.81,COMPLETED,2026-08-24 04:27:42
ORD-4851,SEL-001,CUST-0226,PROD-087,1,1182.11,1182.11,COMPLETED,2026-08-24 04:36:35
ORD-4852,SEL-001,CUST-0447,PROD-024,1,1696.06,1696.06,COMPLETED,2026-08-24 04:44:54
ORD-4853,SEL-001,CUST-0490,PROD-089,1,2415.49,2415.49,COMPLETED,2026-08-24 04:53:35
ORD-4854,SEL-001,CUST-0145,PROD-065,1,3159.61,3159.61,COMPLETED,2026-08-24 05:01:59
ORD-4855,SEL-001,CUST-0249,PROD-025,1,910.79,910.79,COMPLETED,2026-08-24 05:10:21
ORD-4856,SEL-001,CUST-0407,P17,1,1100.0,1100.0,COMPLETED,2026-08-24 05:18:48
ORD-4857,SEL-001,CUST-0272,PROD-066,1,3832.12,3832.12,COMPLETED,2026-08-24 05:27:21
ORD-4858,SEL-001,CUST-0284,PROD-096,1,519.99,519.99,COMPLETED,2026-08-24 05:36:12
ORD-4859,SEL-001,CUST-0500,PROD-059,2,3348.79,6697.58,COMPLETED,2026-08-24 05:44:50
ORD-4860,SEL-001,CUST-0150,PROD-081,2,1298.17,2596.34,COMPLETED,2026-08-24 05:53:09
ORD-4861,SEL-001,CUST-0054,PROD-080,1,1375.74,1375.74,COMPLETED,2026-08-24 06:01:37
ORD-4862,SEL-001,CUST-0307,PROD-098,1,4483.52,4483.52,COMPLETED,2026-08-24 06:10:03
ORD-4863,SEL-001,CUST-0073,PROD-050,1,2951.66,2951.66,COMPLETED,2026-08-24 06:18:35
ORD-4864,SEL-001,CUST-0233,PROD-003,1,1418.87,1418.87,COMPLETED,2026-08-24 06:27:19
ORD-4865,SEL-001,CUST-0058,PROD-049,1,1431.39,1431.39,COMPLETED,2026-08-24 06:35:38
ORD-4866,SEL-001,CUST-0303,PROD-049,1,1431.39,1431.39,COMPLETED,2026-08-24 06:44:14
ORD-4867,SEL-001,CUST-0379,PROD-089,1,2415.49,2415.49,COMPLETED,2026-08-24 06:52:44
ORD-4868,SEL-001,CUST-0151,PROD-003,1,1418.87,1418.87,COMPLETED,2026-08-24 07:01:19
ORD-4869,SEL-001,CUST-0261,PROD-043,1,444.75,444.75,COMPLETED,2026-08-24 07:09:58
ORD-4870,SEL-001,CUST-0086,P17,1,1100.0,1100.0,COMPLETED,2026-08-24 07:18:40
ORD-4871,SEL-001,CUST-0260,PROD-010,1,376.64,376.64,COMPLETED,2026-08-24 07:27:11
ORD-4872,SEL-001,CUST-0404,PROD-064,1,2617.04,2617.04,COMPLETED,2026-08-24 07:35:25
ORD-4873,SEL-001,CUST-0204,PROD-085,1,4065.75,4065.75,COMPLETED,2026-08-24 07:43:56
ORD-4874,SEL-001,CUST-0380,PROD-030,1,3851.85,3851.85,COMPLETED,2026-08-24 07:52:42
ORD-4875,SEL-001,CUST-0243,PROD-022,1,3674.73,3674.73,COMPLETED,2026-08-24 08:01:10
ORD-4876,SEL-001,CUST-0009,PROD-052,1,1823.27,1823.27,COMPLETED,2026-08-24 08:09:31
ORD-4877,SEL-001,CUST-0310,PROD-084,1,2734.49,2734.49,COMPLETED,2026-08-24 08:18:24
ORD-4878,SEL-001,CUST-0078,PROD-015,1,3012.01,3012.01,COMPLETED,2026-08-24 08:26:36
ORD-4879,SEL-001,CUST-0476,PROD-028,1,644.17,644.17,COMPLETED,2026-08-24 08:35:33
ORD-4880,SEL-001,CUST-0388,PROD-075,1,1587.38,1587.38,COMPLETED,2026-08-24 08:43:45
ORD-4881,SEL-001,CUST-0343,PROD-020,1,3690.08,3690.08,COMPLETED,2026-08-24 08:52:21
ORD-4882,SEL-001,CUST-0371,PROD-098,2,4483.52,8967.04,COMPLETED,2026-08-24 09:00:58
ORD-4883,SEL-001,CUST-0039,PROD-034,1,2528.97,2528.97,COMPLETED,2026-08-24 09:09:23
ORD-4884,SEL-001,CUST-0283,PROD-025,1,910.79,910.79,COMPLETED,2026-08-24 09:18:04
ORD-4885,SEL-001,CUST-0276,PROD-006,1,3125.97,3125.97,COMPLETED,2026-08-24 09:26:35
ORD-4886,SEL-001,CUST-0436,PROD-021,1,277.62,277.62,COMPLETED,2026-08-24 09:35:14
ORD-4887,SEL-001,CUST-0436,PROD-023,1,3217.09,3217.09,COMPLETED,2026-08-24 09:43:24
ORD-4888,SEL-001,CUST-0262,PROD-015,1,3012.01,3012.01,COMPLETED,2026-08-24 09:52:00
ORD-4889,SEL-001,CUST-0223,PROD-069,1,386.43,386.43,COMPLETED,2026-08-24 10:00:50
ORD-4890,SEL-001,CUST-0005,PROD-075,1,1587.38,1587.38,COMPLETED,2026-08-24 10:09:24
ORD-4891,SEL-001,CUST-0276,PROD-040,2,3912.25,7824.5,COMPLETED,2026-08-24 10:17:45
ORD-4892,SEL-001,CUST-0429,PROD-006,1,3125.97,3125.97,COMPLETED,2026-08-24 10:26:26
ORD-4893,SEL-001,CUST-0258,PROD-064,1,2617.04,2617.04,COMPLETED,2026-08-24 10:35:01
ORD-4894,SEL-001,CUST-0426,PROD-042,1,3244.43,3244.43,COMPLETED,2026-08-24 10:43:11
ORD-4895,SEL-001,CUST-0206,PROD-052,1,1823.27,1823.27,COMPLETED,2026-08-24 10:51:56
ORD-4896,SEL-001,CUST-0306,P17,1,1100.0,1100.0,COMPLETED,2026-08-24 11:00:11
ORD-4897,SEL-001,CUST-0313,PROD-056,1,3004.15,3004.15,COMPLETED,2026-08-24 11:08:43
ORD-4898,SEL-001,CUST-0094,P17,1,1100.0,1100.0,COMPLETED,2026-08-24 11:17:18
ORD-4899,SEL-001,CUST-0314,PROD-028,1,644.17,644.17,COMPLETED,2026-08-24 11:25:49
ORD-4900,SEL-001,CUST-0249,PROD-073,1,4257.37,4257.37,COMPLETED,2026-08-24 11:34:39
ORD-4901,SEL-001,CUST-0047,PROD-079,1,2200.12,2200.12,COMPLETED,2026-08-24 11:42:51
ORD-4902,SEL-001,CUST-0302,PROD-079,1,2200.12,2200.12,COMPLETED,2026-08-24 11:51:33
ORD-4903,SEL-001,CUST-0334,PROD-090,1,636.37,636.37,COMPLETED,2026-08-24 11:59:55
ORD-4904,SEL-001,CUST-0030,PROD-056,1,3004.15,3004.15,COMPLETED,2026-08-24 12:08:24
ORD-4905,SEL-001,CUST-0002,PROD-045,2,1479.9,2959.8,COMPLETED,2026-08-24 12:17:18
ORD-4906,SEL-001,CUST-0173,PROD-051,1,1800.54,1800.54,COMPLETED,2026-08-24 12:25:45
ORD-4907,SEL-001,CUST-0324,PROD-023,1,3217.09,3217.09,COMPLETED,2026-08-24 12:34:10
ORD-4908,SEL-001,CUST-0121,PROD-001,2,2967.56,5935.12,COMPLETED,2026-08-24 12:43:00
ORD-4909,SEL-001,CUST-0474,PROD-079,1,2200.12,2200.12,COMPLETED,2026-08-24 12:51:09
ORD-4910,SEL-001,CUST-0314,PROD-058,1,977.34,977.34,COMPLETED,2026-08-24 13:00:00
ORD-4911,SEL-001,CUST-0422,PROD-056,2,3004.15,6008.3,COMPLETED,2026-08-24 13:08:13
ORD-4912,SEL-001,CUST-0433,PROD-027,2,1680.53,3361.06,COMPLETED,2026-08-24 13:16:46
ORD-4913,SEL-001,CUST-0198,PROD-027,1,1680.53,1680.53,COMPLETED,2026-08-24 13:25:41
ORD-4914,SEL-001,CUST-0383,PROD-044,1,1218.57,1218.57,COMPLETED,2026-08-24 13:34:13
ORD-4915,SEL-001,CUST-0278,PROD-097,1,1871.88,1871.88,COMPLETED,2026-08-24 13:42:47
ORD-4916,SEL-001,CUST-0233,PROD-056,1,3004.15,3004.15,COMPLETED,2026-08-24 13:51:01
ORD-4917,SEL-001,CUST-0001,PROD-025,1,910.79,910.79,COMPLETED,2026-08-24 13:59:24
ORD-4918,SEL-001,CUST-0103,PROD-092,1,716.01,716.01,COMPLETED,2026-08-24 14:07:58
ORD-4919,SEL-001,CUST-0435,PROD-029,1,661.04,661.04,COMPLETED,2026-08-24 14:16:42
ORD-4920,SEL-001,CUST-0308,PROD-009,1,2043.17,2043.17,COMPLETED,2026-08-24 14:25:20
ORD-4921,SEL-001,CUST-0392,PROD-090,1,636.37,636.37,COMPLETED,2026-08-24 14:33:59
ORD-4922,SEL-001,CUST-0253,PROD-084,1,2734.49,2734.49,COMPLETED,2026-08-24 14:42:16
ORD-4923,SEL-001,CUST-0190,PROD-022,1,3674.73,3674.73,COMPLETED,2026-08-24 14:50:56
ORD-4924,SEL-001,CUST-0268,PROD-084,1,2734.49,2734.49,COMPLETED,2026-08-24 14:59:22
ORD-4925,SEL-001,CUST-0319,PROD-078,1,4136.83,4136.83,COMPLETED,2026-08-24 15:07:39
ORD-4926,SEL-001,CUST-0471,PROD-015,1,3012.01,3012.01,COMPLETED,2026-08-24 15:16:23
ORD-4927,SEL-001,CUST-0437,PROD-032,1,3680.3,3680.3,COMPLETED,2026-08-24 15:24:59
ORD-4928,SEL-001,CUST-0255,PROD-087,1,1182.11,1182.11,COMPLETED,2026-08-24 15:33:34
ORD-4929,SEL-001,CUST-0078,PROD-049,1,1431.39,1431.39,COMPLETED,2026-08-24 15:42:08
ORD-4930,SEL-001,CUST-0274,PROD-022,1,3674.73,3674.73,COMPLETED,2026-08-24 15:50:29
ORD-4931,SEL-001,CUST-0049,PROD-058,1,977.34,977.34,COMPLETED,2026-08-24 15:59:15
ORD-4932,SEL-001,CUST-0290,PROD-021,1,277.62,277.62,COMPLETED,2026-08-24 16:07:39
ORD-4933,SEL-001,CUST-0344,PROD-082,1,2635.81,2635.81,COMPLETED,2026-08-24 16:16:02
ORD-4934,SEL-001,CUST-0454,PROD-078,1,4136.83,4136.83,COMPLETED,2026-08-24 16:24:35
ORD-4935,SEL-001,CUST-0074,PROD-053,1,1140.4,1140.4,COMPLETED,2026-08-24 16:33:13
ORD-4936,SEL-001,CUST-0033,PROD-074,1,3974.56,3974.56,COMPLETED,2026-08-24 16:41:39
ORD-4937,SEL-001,CUST-0002,PROD-077,1,1931.44,1931.44,COMPLETED,2026-08-24 16:50:19
ORD-4938,SEL-001,CUST-0131,PROD-088,1,4489.53,4489.53,COMPLETED,2026-08-24 16:58:49
ORD-4939,SEL-001,CUST-0142,PROD-066,1,3832.12,3832.12,COMPLETED,2026-08-24 17:07:18
ORD-4940,SEL-001,CUST-0434,PROD-053,1,1140.4,1140.4,COMPLETED,2026-08-24 17:15:54
ORD-4941,SEL-001,CUST-0266,PROD-044,1,1218.57,1218.57,COMPLETED,2026-08-24 17:24:24
ORD-4942,SEL-001,CUST-0414,PROD-049,1,1431.39,1431.39,COMPLETED,2026-08-24 17:32:59
ORD-4943,SEL-001,CUST-0136,PROD-002,1,356.3,356.3,COMPLETED,2026-08-24 17:41:14
ORD-4944,SEL-001,CUST-0264,PROD-002,1,356.3,356.3,COMPLETED,2026-08-24 17:50:06
ORD-4945,SEL-001,CUST-0455,PROD-021,1,277.62,277.62,COMPLETED,2026-08-24 17:58:44
ORD-4946,SEL-001,CUST-0204,PROD-071,1,1387.9,1387.9,COMPLETED,2026-08-24 18:06:51
ORD-4947,SEL-001,CUST-0279,PROD-069,1,386.43,386.43,COMPLETED,2026-08-24 18:15:48
ORD-4948,SEL-001,CUST-0395,PROD-072,2,1146.68,2293.36,COMPLETED,2026-08-24 18:23:57
ORD-4949,SEL-001,CUST-0448,PROD-006,1,3125.97,3125.97,COMPLETED,2026-08-24 18:32:32
ORD-4950,SEL-001,CUST-0277,PROD-080,1,1375.74,1375.74,COMPLETED,2026-08-24 18:41:24
ORD-4951,SEL-001,CUST-0438,PROD-014,1,1095.06,1095.06,COMPLETED,2026-08-24 18:49:56
ORD-4952,SEL-001,CUST-0122,P17,2,1100.0,2200.0,COMPLETED,2026-08-24 18:58:29
ORD-4953,SEL-001,CUST-0469,P17,1,1100.0,1100.0,COMPLETED,2026-08-24 19:06:45
ORD-4954,SEL-001,CUST-0369,PROD-087,1,1182.11,1182.11,COMPLETED,2026-08-24 19:15:18
ORD-4955,SEL-001,CUST-0399,PROD-083,1,1366.65,1366.65,COMPLETED,2026-08-24 19:24:06
ORD-4956,SEL-001,CUST-0184,PROD-013,1,362.78,362.78,COMPLETED,2026-08-24 19:32:41
ORD-4957,SEL-001,CUST-0423,PROD-070,1,1590.68,1590.68,COMPLETED,2026-08-24 19:40:49
ORD-4958,SEL-001,CUST-0222,PROD-007,1,4041.76,4041.76,COMPLETED,2026-08-24 19:49:24
ORD-4959,SEL-001,CUST-0468,P17,1,1100.0,1100.0,COMPLETED,2026-08-24 19:58:10
ORD-4960,SEL-001,CUST-0450,PROD-005,1,3380.0,3380.0,COMPLETED,2026-08-24 20:06:32
ORD-4961,SEL-001,CUST-0219,PROD-089,1,2415.49,2415.49,COMPLETED,2026-08-24 20:14:57
ORD-4962,SEL-001,CUST-0152,PROD-033,1,3351.36,3351.36,COMPLETED,2026-08-24 20:23:52
ORD-4963,SEL-001,CUST-0202,PROD-086,1,1947.45,1947.45,COMPLETED,2026-08-24 20:31:56
ORD-4964,SEL-001,CUST-0476,PROD-048,1,679.26,679.26,COMPLETED,2026-08-24 20:40:55
ORD-4965,SEL-001,CUST-0073,P17,1,1100.0,1100.0,COMPLETED,2026-08-24 20:49:11
ORD-4966,SEL-001,CUST-0306,PROD-062,1,4455.47,4455.47,COMPLETED,2026-08-24 20:57:50
ORD-4967,SEL-001,CUST-0092,PROD-024,1,1696.06,1696.06,COMPLETED,2026-08-24 21:06:27
ORD-4968,SEL-001,CUST-0332,PROD-057,1,2838.81,2838.81,COMPLETED,2026-08-24 21:14:55
ORD-4969,SEL-001,CUST-0246,PROD-039,1,2878.71,2878.71,COMPLETED,2026-08-24 21:23:16
ORD-4970,SEL-001,CUST-0191,PROD-077,1,1931.44,1931.44,COMPLETED,2026-08-24 21:31:49
ORD-4971,SEL-001,CUST-0422,PROD-069,1,386.43,386.43,COMPLETED,2026-08-24 21:40:38
ORD-4972,SEL-001,CUST-0148,PROD-045,1,1479.9,1479.9,COMPLETED,2026-08-24 21:48:47
ORD-4973,SEL-001,CUST-0442,PROD-008,1,619.49,619.49,COMPLETED,2026-08-24 21:57:41
ORD-4974,SEL-001,CUST-0338,PROD-012,2,2397.76,4795.52,COMPLETED,2026-08-24 22:05:51
ORD-4975,SEL-001,CUST-0399,PROD-100,1,4377.08,4377.08,COMPLETED,2026-08-24 22:14:42
ORD-4976,SEL-001,CUST-0254,PROD-099,1,2498.74,2498.74,COMPLETED,2026-08-24 22:23:06
ORD-4977,SEL-001,CUST-0127,PROD-072,1,1146.68,1146.68,COMPLETED,2026-08-24 22:31:47
ORD-4978,SEL-001,CUST-0167,PROD-075,1,1587.38,1587.38,COMPLETED,2026-08-24 22:40:13
ORD-4979,SEL-001,CUST-0178,PROD-041,1,2703.75,2703.75,COMPLETED,2026-08-24 22:48:54
ORD-4980,SEL-001,CUST-0168,PROD-079,1,2200.12,2200.12,COMPLETED,2026-08-24 22:57:16
ORD-4981,SEL-001,CUST-0470,PROD-082,1,2635.81,2635.81,COMPLETED,2026-08-24 23:05:42
ORD-4982,SEL-001,CUST-0133,PROD-040,1,3912.25,3912.25,COMPLETED,2026-08-24 23:14:06
ORD-4983,SEL-001,CUST-0327,PROD-099,1,2498.74,2498.74,COMPLETED,2026-08-24 23:22:47
ORD-4984,SEL-001,CUST-0375,PROD-094,1,3616.34,3616.34,COMPLETED,2026-08-24 23:31:24
ORD-4985,SEL-001,CUST-0237,PROD-075,1,1587.38,1587.38,COMPLETED,2026-08-24 23:40:07
ORD-4986,SEL-001,CUST-0236,PROD-038,1,3774.97,3774.97,COMPLETED,2026-08-24 23:48:30
ORD-4987,SEL-001,CUST-0171,PROD-066,1,3832.12,3832.12,COMPLETED,2026-08-24 23:56:45
ORD-4988,SEL-001,CUST-0272,PROD-011,2,1179.21,2358.42,COMPLETED,2026-08-25 00:05:19
ORD-4989,SEL-001,CUST-0123,PROD-067,2,3548.0,7096.0,COMPLETED,2026-08-25 00:13:54
ORD-4990,SEL-001,CUST-0480,P17,1,1100.0,1100.0,COMPLETED,2026-08-25 00:22:33
ORD-4991,SEL-001,CUST-0416,PROD-009,1,2043.17,2043.17,COMPLETED,2026-08-25 00:30:57
ORD-4992,SEL-001,CUST-0244,PROD-037,1,2596.17,2596.17,COMPLETED,2026-08-25 00:39:41
ORD-4993,SEL-001,CUST-0351,PROD-024,1,1696.06,1696.06,COMPLETED,2026-08-25 00:48:06
ORD-4994,SEL-001,CUST-0168,PROD-028,2,644.17,1288.34,COMPLETED,2026-08-25 00:56:41
ORD-4995,SEL-001,CUST-0416,PROD-066,1,3832.12,3832.12,COMPLETED,2026-08-25 01:05:15
ORD-4996,SEL-001,CUST-0055,PROD-088,1,4489.53,4489.53,COMPLETED,2026-08-25 01:13:59
ORD-4997,SEL-001,CUST-0196,PROD-095,1,2044.18,2044.18,COMPLETED,2026-08-25 01:22:32
ORD-4998,SEL-001,CUST-0084,PROD-051,1,1800.54,1800.54,COMPLETED,2026-08-25 01:31:06
ORD-4999,SEL-001,CUST-0115,PROD-051,1,1800.54,1800.54,COMPLETED,2026-08-25 01:39:18
ORD-5000,SEL-001,CUST-0455,PROD-056,1,3004.15,3004.15,COMPLETED,2026-08-25 01:47:49
ORD-5001,SEL-001,CUST-0313,PROD-075,1,1587.38,1587.38,COMPLETED,2026-08-25 01:56:14
ORD-5002,SEL-001,CUST-0025,PROD-071,1,1387.9,1387.9,COMPLETED,2026-08-25 02:04:48
ORD-5003,SEL-001,CUST-0273,PROD-088,1,4489.53,4489.53,COMPLETED,2026-08-25 02:13:17
ORD-5004,SEL-001,CUST-0044,PROD-053,1,1140.4,1140.4,COMPLETED,2026-08-25 02:22:11
ORD-5005,SEL-001,CUST-0088,PROD-050,1,2951.66,2951.66,COMPLETED,2026-08-25 02:30:30
ORD-5006,SEL-001,CUST-0265,PROD-097,2,1871.88,3743.76,COMPLETED,2026-08-25 02:39:17
ORD-5007,SEL-001,CUST-0371,PROD-048,1,679.26,679.26,COMPLETED,2026-08-25 02:47:44
ORD-5008,SEL-001,CUST-0190,PROD-063,1,2970.0,2970.0,COMPLETED,2026-08-25 02:56:25
ORD-5009,SEL-001,CUST-0387,PROD-067,1,3548.0,3548.0,COMPLETED,2026-08-25 03:04:40
ORD-5010,SEL-001,CUST-0092,PROD-057,1,2838.81,2838.81,COMPLETED,2026-08-25 03:13:02
ORD-5011,SEL-001,CUST-0312,PROD-085,1,4065.75,4065.75,COMPLETED,2026-08-25 03:21:50
ORD-5012,SEL-001,CUST-0071,PROD-070,1,1590.68,1590.68,COMPLETED,2026-08-25 03:30:31
ORD-5013,SEL-001,CUST-0232,PROD-060,1,944.46,944.46,COMPLETED,2026-08-25 03:39:04
ORD-5014,SEL-001,CUST-0271,PROD-034,2,2528.97,5057.94,COMPLETED,2026-08-25 03:47:27
ORD-5015,SEL-001,CUST-0137,PROD-027,1,1680.53,1680.53,COMPLETED,2026-08-25 03:56:06
ORD-5016,SEL-001,CUST-0268,PROD-067,1,3548.0,3548.0,COMPLETED,2026-08-25 04:04:18
ORD-5017,SEL-001,CUST-0327,P17,1,1100.0,1100.0,COMPLETED,2026-08-25 04:12:51
ORD-5018,SEL-001,CUST-0435,PROD-100,1,4377.08,4377.08,COMPLETED,2026-08-25 04:21:31
ORD-5019,SEL-001,CUST-0428,PROD-036,2,1858.77,3717.54,COMPLETED,2026-08-25 04:30:05
ORD-5020,SEL-001,CUST-0455,PROD-095,1,2044.18,2044.18,COMPLETED,2026-08-25 04:38:22
ORD-5021,SEL-001,CUST-0495,PROD-074,1,3974.56,3974.56,COMPLETED,2026-08-25 04:47:21
ORD-5022,SEL-001,CUST-0228,PROD-007,1,4041.76,4041.76,COMPLETED,2026-08-25 04:55:29
ORD-5023,SEL-001,CUST-0218,PROD-075,1,1587.38,1587.38,COMPLETED,2026-08-25 05:04:25
ORD-5024,SEL-001,CUST-0046,PROD-085,1,4065.75,4065.75,COMPLETED,2026-08-25 05:12:41
ORD-5025,SEL-001,CUST-0011,PROD-060,2,944.46,1888.92,COMPLETED,2026-08-25 05:21:26
ORD-5026,SEL-001,CUST-0065,PROD-003,1,1418.87,1418.87,COMPLETED,2026-08-25 05:29:40
ORD-5027,SEL-001,CUST-0124,PROD-011,1,1179.21,1179.21,COMPLETED,2026-08-25 05:38:24
ORD-5028,SEL-001,CUST-0065,PROD-061,1,1862.69,1862.69,COMPLETED,2026-08-25 05:46:55
ORD-5029,SEL-001,CUST-0179,PROD-093,1,2916.65,2916.65,COMPLETED,2026-08-25 05:55:20
ORD-5030,SEL-001,CUST-0272,PROD-069,1,386.43,386.43,COMPLETED,2026-08-25 06:04:04
ORD-5031,SEL-001,CUST-0063,PROD-042,1,3244.43,3244.43,COMPLETED,2026-08-25 06:12:36
ORD-5032,SEL-001,CUST-0366,PROD-052,1,1823.27,1823.27,COMPLETED,2026-08-25 06:20:52
ORD-5033,SEL-001,CUST-0408,PROD-064,1,2617.04,2617.04,COMPLETED,2026-08-25 06:29:40
ORD-5034,SEL-001,CUST-0469,PROD-028,1,644.17,644.17,COMPLETED,2026-08-25 06:37:54
ORD-5035,SEL-001,CUST-0206,PROD-027,1,1680.53,1680.53,COMPLETED,2026-08-25 06:46:41
ORD-5036,SEL-001,CUST-0361,P17,1,1100.0,1100.0,COMPLETED,2026-08-25 06:54:55
ORD-5037,SEL-001,CUST-0385,PROD-056,1,3004.15,3004.15,COMPLETED,2026-08-25 07:03:53
ORD-5038,SEL-001,CUST-0231,PROD-012,1,2397.76,2397.76,COMPLETED,2026-08-25 07:12:07
ORD-5039,SEL-001,CUST-0193,PROD-063,1,2970.0,2970.0,COMPLETED,2026-08-25 07:20:57
ORD-5040,SEL-001,CUST-0450,PROD-049,1,1431.39,1431.39,COMPLETED,2026-08-25 07:29:28
ORD-5041,SEL-001,CUST-0315,PROD-018,1,1186.87,1186.87,COMPLETED,2026-08-25 07:37:56
ORD-5042,SEL-001,CUST-0249,PROD-004,2,1198.65,2397.3,COMPLETED,2026-08-25 07:46:22
ORD-5043,SEL-001,CUST-0393,PROD-053,1,1140.4,1140.4,COMPLETED,2026-08-25 07:54:52
ORD-5044,SEL-001,CUST-0091,PROD-049,1,1431.39,1431.39,COMPLETED,2026-08-25 08:03:20
ORD-5045,SEL-001,CUST-0361,PROD-010,1,376.64,376.64,COMPLETED,2026-08-25 08:12:09
ORD-5046,SEL-001,CUST-0237,PROD-042,1,3244.43,3244.43,COMPLETED,2026-08-25 08:20:37
ORD-5047,SEL-001,CUST-0447,PROD-039,1,2878.71,2878.71,COMPLETED,2026-08-25 08:29:04
ORD-5048,SEL-001,CUST-0494,PROD-025,1,910.79,910.79,COMPLETED,2026-08-25 08:37:30
ORD-5049,SEL-001,CUST-0252,PROD-002,1,356.3,356.3,COMPLETED,2026-08-25 08:45:55
ORD-5050,SEL-001,CUST-0217,PROD-066,2,3832.12,7664.24,COMPLETED,2026-08-25 08:54:29
ORD-5051,SEL-001,CUST-0347,PROD-015,1,3012.01,3012.01,COMPLETED,2026-08-25 09:03:03
ORD-5052,SEL-001,CUST-0163,PROD-003,1,1418.87,1418.87,COMPLETED,2026-08-25 09:11:45
ORD-5053,SEL-001,CUST-0215,PROD-034,1,2528.97,2528.97,COMPLETED,2026-08-25 09:20:00
ORD-5054,SEL-001,CUST-0441,PROD-089,2,2415.49,4830.98,COMPLETED,2026-08-25 09:28:52
ORD-5055,SEL-001,CUST-0259,PROD-036,2,1858.77,3717.54,COMPLETED,2026-08-25 09:37:08
ORD-5056,SEL-001,CUST-0139,PROD-097,2,1871.88,3743.76,COMPLETED,2026-08-25 09:45:59
ORD-5057,SEL-001,CUST-0122,PROD-099,1,2498.74,2498.74,COMPLETED,2026-08-25 09:54:29
ORD-5058,SEL-001,CUST-0070,PROD-016,1,2566.0,2566.0,COMPLETED,2026-08-25 10:02:53
ORD-5059,SEL-001,CUST-0329,PROD-071,2,1387.9,2775.8,COMPLETED,2026-08-25 10:11:11
ORD-5060,SEL-001,CUST-0055,PROD-035,1,4385.74,4385.74,COMPLETED,2026-08-25 10:20:09
ORD-5061,SEL-001,CUST-0104,PROD-027,1,1680.53,1680.53,COMPLETED,2026-08-25 10:28:17
ORD-5062,SEL-001,CUST-0034,PROD-027,1,1680.53,1680.53,COMPLETED,2026-08-25 10:37:16
ORD-5063,SEL-001,CUST-0184,PROD-029,1,661.04,661.04,COMPLETED,2026-08-25 10:45:43
ORD-5064,SEL-001,CUST-0390,PROD-002,1,356.3,356.3,COMPLETED,2026-08-25 10:54:01
ORD-5065,SEL-001,CUST-0005,PROD-080,2,1375.74,2751.48,COMPLETED,2026-08-25 11:02:46
ORD-5066,SEL-001,CUST-0099,PROD-082,2,2635.81,5271.62,COMPLETED,2026-08-25 11:11:07
ORD-5067,SEL-001,CUST-0280,PROD-018,1,1186.87,1186.87,COMPLETED,2026-08-25 11:19:33
ORD-5068,SEL-001,CUST-0474,PROD-084,1,2734.49,2734.49,COMPLETED,2026-08-25 11:28:01
ORD-5069,SEL-001,CUST-0458,PROD-005,1,3380.0,3380.0,COMPLETED,2026-08-25 11:36:39
ORD-5070,SEL-001,CUST-0069,P17,1,1100.0,1100.0,COMPLETED,2026-08-25 11:45:18
ORD-5071,SEL-001,CUST-0363,PROD-089,1,2415.49,2415.49,COMPLETED,2026-08-25 11:53:37
ORD-5072,SEL-001,CUST-0290,PROD-035,1,4385.74,4385.74,COMPLETED,2026-08-25 12:02:11
ORD-5073,SEL-001,CUST-0283,PROD-008,1,619.49,619.49,COMPLETED,2026-08-25 12:11:06
ORD-5074,SEL-001,CUST-0051,PROD-019,1,2754.38,2754.38,COMPLETED,2026-08-25 12:19:21
ORD-5075,SEL-001,CUST-0239,P17,1,1100.0,1100.0,COMPLETED,2026-08-25 12:28:14
ORD-5076,SEL-001,CUST-0382,PROD-033,2,3351.36,6702.72,COMPLETED,2026-08-25 12:36:20
ORD-5077,SEL-001,CUST-0094,PROD-011,2,1179.21,2358.42,COMPLETED,2026-08-25 12:44:54
ORD-5078,SEL-001,CUST-0074,PROD-002,1,356.3,356.3,COMPLETED,2026-08-25 12:53:45
ORD-5079,SEL-001,CUST-0345,PROD-054,1,1384.66,1384.66,COMPLETED,2026-08-25 13:02:12
ORD-5080,SEL-001,CUST-0027,P17,1,1100.0,1100.0,COMPLETED,2026-08-25 13:10:43
ORD-5081,SEL-001,CUST-0353,PROD-007,1,4041.76,4041.76,COMPLETED,2026-08-25 13:18:59
ORD-5082,SEL-001,CUST-0230,PROD-022,1,3674.73,3674.73,COMPLETED,2026-08-25 13:27:41
ORD-5083,SEL-001,CUST-0018,P17,1,1100.0,1100.0,COMPLETED,2026-08-25 13:36:25
ORD-5084,SEL-001,CUST-0458,PROD-093,1,2916.65,2916.65,COMPLETED,2026-08-25 13:44:45
ORD-5085,SEL-001,CUST-0210,PROD-075,1,1587.38,1587.38,COMPLETED,2026-08-25 13:53:11
ORD-5086,SEL-001,CUST-0310,PROD-008,1,619.49,619.49,COMPLETED,2026-08-25 14:01:52
ORD-5087,SEL-001,CUST-0490,PROD-002,1,356.3,356.3,COMPLETED,2026-08-25 14:10:19
ORD-5088,SEL-001,CUST-0237,PROD-097,1,1871.88,1871.88,COMPLETED,2026-08-25 14:19:00
ORD-5089,SEL-001,CUST-0083,PROD-027,1,1680.53,1680.53,COMPLETED,2026-08-25 14:27:18
ORD-5090,SEL-001,CUST-0381,PROD-010,1,376.64,376.64,COMPLETED,2026-08-25 14:35:46
ORD-5091,SEL-001,CUST-0062,P17,1,1100.0,1100.0,COMPLETED,2026-08-25 14:44:22
ORD-5092,SEL-001,CUST-0364,PROD-096,1,519.99,519.99,COMPLETED,2026-08-25 14:53:18
ORD-5093,SEL-001,CUST-0057,PROD-071,1,1387.9,1387.9,COMPLETED,2026-08-25 15:01:36
ORD-5094,SEL-001,CUST-0428,P17,1,1100.0,1100.0,COMPLETED,2026-08-25 15:10:08
ORD-5095,SEL-001,CUST-0075,PROD-098,1,4483.52,4483.52,COMPLETED,2026-08-25 15:18:26
ORD-5096,SEL-001,CUST-0463,PROD-047,1,1239.36,1239.36,COMPLETED,2026-08-25 15:27:26
ORD-5097,SEL-001,CUST-0074,PROD-028,2,644.17,1288.34,COMPLETED,2026-08-25 15:35:29
ORD-5098,SEL-001,CUST-0073,PROD-086,1,1947.45,1947.45,COMPLETED,2026-08-25 15:44:03
ORD-5099,SEL-001,CUST-0380,PROD-061,2,1862.69,3725.38,COMPLETED,2026-08-25 15:52:42
ORD-5100,SEL-001,CUST-0107,PROD-054,1,1384.66,1384.66,COMPLETED,2026-08-25 16:01:05
ORD-5101,SEL-001,CUST-0116,PROD-061,1,1862.69,1862.69,COMPLETED,2026-08-25 16:09:40
ORD-5102,SEL-001,CUST-0419,PROD-072,1,1146.68,1146.68,COMPLETED,2026-08-25 16:18:28
ORD-5103,SEL-001,CUST-0139,PROD-089,1,2415.49,2415.49,COMPLETED,2026-08-25 16:26:46
ORD-5104,SEL-001,CUST-0196,P17,1,1100.0,1100.0,COMPLETED,2026-08-25 16:35:17
ORD-5105,SEL-001,CUST-0164,PROD-069,1,386.43,386.43,COMPLETED,2026-08-25 16:43:49
ORD-5106,SEL-001,CUST-0413,PROD-052,2,1823.27,3646.54,COMPLETED,2026-08-25 16:52:23
ORD-5107,SEL-001,CUST-0311,PROD-053,1,1140.4,1140.4,COMPLETED,2026-08-25 17:01:13
ORD-5108,SEL-001,CUST-0450,PROD-066,1,3832.12,3832.12,COMPLETED,2026-08-25 17:09:47
ORD-5109,SEL-001,CUST-0195,PROD-002,1,356.3,356.3,COMPLETED,2026-08-25 17:18:08
ORD-5110,SEL-001,CUST-0133,P17,1,1100.0,1100.0,COMPLETED,2026-08-25 17:26:40
ORD-5111,SEL-001,CUST-0286,PROD-073,1,4257.37,4257.37,COMPLETED,2026-08-25 17:35:19
ORD-5112,SEL-001,CUST-0318,P17,1,1100.0,1100.0,COMPLETED,2026-08-25 17:43:39
ORD-5113,SEL-001,CUST-0207,PROD-093,1,2916.65,2916.65,COMPLETED,2026-08-25 17:52:03
ORD-5114,SEL-001,CUST-0458,PROD-026,1,4318.16,4318.16,COMPLETED,2026-08-25 18:00:58
ORD-5115,SEL-001,CUST-0066,PROD-042,2,3244.43,6488.86,COMPLETED,2026-08-25 18:09:26
ORD-5116,SEL-001,CUST-0262,PROD-058,2,977.34,1954.68,COMPLETED,2026-08-25 18:17:46
ORD-5117,SEL-001,CUST-0061,PROD-068,1,1223.45,1223.45,COMPLETED,2026-08-25 18:26:15
ORD-5118,SEL-001,CUST-0076,PROD-002,1,356.3,356.3,COMPLETED,2026-08-25 18:34:47
ORD-5119,SEL-001,CUST-0381,PROD-088,2,4489.53,8979.06,COMPLETED,2026-08-25 18:43:20
ORD-5120,SEL-001,CUST-0184,PROD-001,2,2967.56,5935.12,COMPLETED,2026-08-25 18:51:46
ORD-5121,SEL-001,CUST-0032,P17,1,1100.0,1100.0,COMPLETED,2026-08-25 19:00:18
ORD-5122,SEL-001,CUST-0150,PROD-052,1,1823.27,1823.27,COMPLETED,2026-08-25 19:09:15
ORD-5123,SEL-001,CUST-0003,P17,1,1100.0,1100.0,COMPLETED,2026-08-25 19:17:41
ORD-5124,SEL-001,CUST-0047,PROD-016,1,2566.0,2566.0,COMPLETED,2026-08-25 19:26:13
ORD-5125,SEL-001,CUST-0048,PROD-097,1,1871.88,1871.88,COMPLETED,2026-08-25 19:34:54
ORD-5126,SEL-001,CUST-0072,PROD-026,2,4318.16,8636.32,COMPLETED,2026-08-25 19:43:06
ORD-5127,SEL-001,CUST-0345,PROD-099,1,2498.74,2498.74,COMPLETED,2026-08-25 19:51:49
ORD-5128,SEL-001,CUST-0317,PROD-002,1,356.3,356.3,COMPLETED,2026-08-25 20:00:25
ORD-5129,SEL-001,CUST-0279,PROD-011,2,1179.21,2358.42,COMPLETED,2026-08-25 20:08:44
ORD-5130,SEL-001,CUST-0218,PROD-034,1,2528.97,2528.97,COMPLETED,2026-08-25 20:17:24
ORD-5131,SEL-001,CUST-0472,PROD-076,1,3035.61,3035.61,COMPLETED,2026-08-25 20:25:39
ORD-5132,SEL-001,CUST-0223,PROD-013,1,362.78,362.78,COMPLETED,2026-08-25 20:34:18
ORD-5133,SEL-001,CUST-0043,PROD-067,2,3548.0,7096.0,COMPLETED,2026-08-25 20:42:57
ORD-5134,SEL-001,CUST-0310,PROD-048,1,679.26,679.26,COMPLETED,2026-08-25 20:51:36
ORD-5135,SEL-001,CUST-0389,PROD-040,1,3912.25,3912.25,COMPLETED,2026-08-25 20:59:51
ORD-5136,SEL-001,CUST-0341,P17,1,1100.0,1100.0,COMPLETED,2026-08-25 21:08:46
ORD-5137,SEL-001,CUST-0143,PROD-004,1,1198.65,1198.65,COMPLETED,2026-08-25 21:16:58
ORD-5138,SEL-001,CUST-0311,PROD-037,1,2596.17,2596.17,COMPLETED,2026-08-25 21:25:41
ORD-5139,SEL-001,CUST-0208,PROD-019,1,2754.38,2754.38,COMPLETED,2026-08-25 21:34:22
ORD-5140,SEL-001,CUST-0071,PROD-083,1,1366.65,1366.65,COMPLETED,2026-08-25 21:42:44
ORD-5141,SEL-001,CUST-0395,PROD-012,1,2397.76,2397.76,COMPLETED,2026-08-25 21:51:21
ORD-5142,SEL-001,CUST-0335,PROD-058,1,977.34,977.34,COMPLETED,2026-08-25 21:59:35
ORD-5143,SEL-001,CUST-0001,PROD-051,1,1800.54,1800.54,COMPLETED,2026-08-25 22:08:33
ORD-5144,SEL-001,CUST-0455,PROD-034,1,2528.97,2528.97,COMPLETED,2026-08-25 22:16:51
ORD-5145,SEL-001,CUST-0117,PROD-046,1,589.12,589.12,COMPLETED,2026-08-25 22:25:22
ORD-5146,SEL-001,CUST-0082,PROD-029,1,661.04,661.04,COMPLETED,2026-08-25 22:33:49
ORD-5147,SEL-001,CUST-0151,PROD-080,1,1375.74,1375.74,COMPLETED,2026-08-25 22:42:12
ORD-5148,SEL-001,CUST-0072,PROD-043,1,444.75,444.75,COMPLETED,2026-08-25 22:51:14
ORD-5149,SEL-001,CUST-0481,PROD-023,1,3217.09,3217.09,COMPLETED,2026-08-25 22:59:29
ORD-5150,SEL-001,CUST-0290,P17,1,1100.0,1100.0,COMPLETED,2026-08-25 23:07:59
ORD-5151,SEL-001,CUST-0453,P17,1,1100.0,1100.0,COMPLETED,2026-08-25 23:16:23
ORD-5152,SEL-001,CUST-0136,PROD-004,1,1198.65,1198.65,COMPLETED,2026-08-25 23:24:53
ORD-5153,SEL-001,CUST-0268,PROD-012,1,2397.76,2397.76,COMPLETED,2026-08-25 23:33:31
ORD-5154,SEL-001,CUST-0465,P17,1,1100.0,1100.0,COMPLETED,2026-08-25 23:42:19
ORD-5155,SEL-001,CUST-0219,PROD-012,1,2397.76,2397.76,COMPLETED,2026-08-25 23:50:48
ORD-5156,SEL-001,CUST-0485,PROD-048,1,679.26,679.26,COMPLETED,2026-08-25 23:59:08
ORD-5157,SEL-001,CUST-0385,PROD-099,2,2498.74,4997.48,COMPLETED,2026-08-26 00:07:45
ORD-5158,SEL-001,CUST-0133,PROD-093,1,2916.65,2916.65,COMPLETED,2026-08-26 00:16:28
ORD-5159,SEL-001,CUST-0091,PROD-057,1,2838.81,2838.81,COMPLETED,2026-08-26 00:24:56
ORD-5160,SEL-001,CUST-0154,PROD-004,1,1198.65,1198.65,COMPLETED,2026-08-26 00:33:28
ORD-5161,SEL-001,CUST-0004,PROD-093,1,2916.65,2916.65,COMPLETED,2026-08-26 00:41:47
ORD-5162,SEL-001,CUST-0494,PROD-063,1,2970.0,2970.0,COMPLETED,2026-08-26 00:50:18
ORD-5163,SEL-001,CUST-0286,PROD-011,1,1179.21,1179.21,COMPLETED,2026-08-26 00:58:55
ORD-5164,SEL-001,CUST-0084,PROD-097,1,1871.88,1871.88,COMPLETED,2026-08-26 01:07:21
ORD-5165,SEL-001,CUST-0235,PROD-024,1,1696.06,1696.06,COMPLETED,2026-08-26 01:16:14
ORD-5166,SEL-001,CUST-0201,PROD-091,1,450.24,450.24,COMPLETED,2026-08-26 01:24:37
ORD-5167,SEL-001,CUST-0358,PROD-020,2,3690.08,7380.16,COMPLETED,2026-08-26 01:33:22
ORD-5168,SEL-001,CUST-0490,PROD-057,2,2838.81,5677.62,COMPLETED,2026-08-26 01:41:27
ORD-5169,SEL-001,CUST-0227,PROD-035,1,4385.74,4385.74,COMPLETED,2026-08-26 01:50:14
ORD-5170,SEL-001,CUST-0425,PROD-021,1,277.62,277.62,COMPLETED,2026-08-26 01:58:43
ORD-5171,SEL-001,CUST-0008,P17,2,1100.0,2200.0,COMPLETED,2026-08-26 02:07:12
ORD-5172,SEL-001,CUST-0156,PROD-062,2,4455.47,8910.94,COMPLETED,2026-08-26 02:15:49
ORD-5173,SEL-001,CUST-0121,PROD-035,1,4385.74,4385.74,COMPLETED,2026-08-26 02:24:09
ORD-5174,SEL-001,CUST-0372,PROD-095,1,2044.18,2044.18,COMPLETED,2026-08-26 02:32:46
ORD-5175,SEL-001,CUST-0057,PROD-044,1,1218.57,1218.57,COMPLETED,2026-08-26 02:41:39
ORD-5176,SEL-001,CUST-0310,PROD-046,1,589.12,589.12,COMPLETED,2026-08-26 02:49:49
ORD-5177,SEL-001,CUST-0089,P17,1,1100.0,1100.0,COMPLETED,2026-08-26 02:58:38
ORD-5178,SEL-001,CUST-0145,PROD-012,1,2397.76,2397.76,COMPLETED,2026-08-26 03:07:10
ORD-5179,SEL-001,CUST-0314,PROD-026,1,4318.16,4318.16,COMPLETED,2026-08-26 03:15:39
ORD-5180,SEL-001,CUST-0238,PROD-086,1,1947.45,1947.45,COMPLETED,2026-08-26 03:23:53
ORD-5181,SEL-001,CUST-0347,PROD-037,1,2596.17,2596.17,COMPLETED,2026-08-26 03:32:31
ORD-5182,SEL-001,CUST-0092,PROD-068,1,1223.45,1223.45,COMPLETED,2026-08-26 03:41:18
ORD-5183,SEL-001,CUST-0275,P17,1,1100.0,1100.0,COMPLETED,2026-08-26 03:49:38
ORD-5184,SEL-001,CUST-0010,PROD-013,1,362.78,362.78,COMPLETED,2026-08-26 03:58:21
ORD-5185,SEL-001,CUST-0047,PROD-048,1,679.26,679.26,COMPLETED,2026-08-26 04:06:34
ORD-5186,SEL-001,CUST-0043,PROD-024,1,1696.06,1696.06,COMPLETED,2026-08-26 04:15:09
ORD-5187,SEL-001,CUST-0206,PROD-079,1,2200.12,2200.12,COMPLETED,2026-08-26 04:23:55
ORD-5188,SEL-001,CUST-0422,PROD-064,1,2617.04,2617.04,COMPLETED,2026-08-26 04:32:06
ORD-5189,SEL-001,CUST-0447,PROD-007,2,4041.76,8083.52,COMPLETED,2026-08-26 04:40:58
ORD-5190,SEL-001,CUST-0358,PROD-077,1,1931.44,1931.44,COMPLETED,2026-08-26 04:49:11
ORD-5191,SEL-001,CUST-0310,PROD-007,1,4041.76,4041.76,COMPLETED,2026-08-26 04:58:01
ORD-5192,SEL-001,CUST-0481,P17,1,1100.0,1100.0,COMPLETED,2026-08-26 05:06:15
ORD-5193,SEL-001,CUST-0060,PROD-097,1,1871.88,1871.88,COMPLETED,2026-08-26 05:15:12
ORD-5194,SEL-001,CUST-0422,PROD-084,1,2734.49,2734.49,COMPLETED,2026-08-26 05:23:36
ORD-5195,SEL-001,CUST-0054,PROD-097,1,1871.88,1871.88,COMPLETED,2026-08-26 05:32:13
ORD-5196,SEL-001,CUST-0482,PROD-092,1,716.01,716.01,COMPLETED,2026-08-26 05:40:46
ORD-5197,SEL-001,CUST-0370,PROD-013,1,362.78,362.78,COMPLETED,2026-08-26 05:48:55
ORD-5198,SEL-001,CUST-0239,PROD-043,2,444.75,889.5,COMPLETED,2026-08-26 05:57:46
ORD-5199,SEL-001,CUST-0062,PROD-057,1,2838.81,2838.81,COMPLETED,2026-08-26 06:06:18
ORD-5200,SEL-001,CUST-0362,PROD-061,2,1862.69,3725.38,COMPLETED,2026-08-26 06:14:35
ORD-5201,SEL-001,CUST-0445,PROD-067,1,3548.0,3548.0,COMPLETED,2026-08-26 06:23:23
ORD-5202,SEL-001,CUST-0240,PROD-008,1,619.49,619.49,COMPLETED,2026-08-26 06:31:58
ORD-5203,SEL-001,CUST-0213,PROD-004,1,1198.65,1198.65,COMPLETED,2026-08-26 06:40:36
ORD-5204,SEL-001,CUST-0316,PROD-020,1,3690.08,3690.08,COMPLETED,2026-08-26 06:49:02
ORD-5205,SEL-001,CUST-0451,PROD-082,2,2635.81,5271.62,COMPLETED,2026-08-26 06:57:29
ORD-5206,SEL-001,CUST-0397,PROD-026,1,4318.16,4318.16,COMPLETED,2026-08-26 07:05:57
ORD-5207,SEL-001,CUST-0230,PROD-072,2,1146.68,2293.36,COMPLETED,2026-08-26 07:14:15
ORD-5208,SEL-001,CUST-0094,PROD-071,1,1387.9,1387.9,COMPLETED,2026-08-26 07:22:46
ORD-5209,SEL-001,CUST-0188,PROD-060,2,944.46,1888.92,COMPLETED,2026-08-26 07:31:36
ORD-5210,SEL-001,CUST-0087,PROD-086,2,1947.45,3894.9,COMPLETED,2026-08-26 07:39:51
ORD-5211,SEL-001,CUST-0070,PROD-051,2,1800.54,3601.08,COMPLETED,2026-08-26 07:48:47
ORD-5212,SEL-001,CUST-0063,PROD-005,1,3380.0,3380.0,COMPLETED,2026-08-26 07:57:21
ORD-5213,SEL-001,CUST-0391,PROD-046,1,589.12,589.12,COMPLETED,2026-08-26 08:05:48
ORD-5214,SEL-001,CUST-0242,P17,1,1100.0,1100.0,COMPLETED,2026-08-26 08:14:20
ORD-5215,SEL-001,CUST-0034,PROD-089,1,2415.49,2415.49,COMPLETED,2026-08-26 08:22:42
ORD-5216,SEL-001,CUST-0477,PROD-096,2,519.99,1039.98,COMPLETED,2026-08-26 08:31:32
ORD-5217,SEL-001,CUST-0165,PROD-015,1,3012.01,3012.01,COMPLETED,2026-08-26 08:39:37
ORD-5218,SEL-001,CUST-0075,PROD-001,1,2967.56,2967.56,COMPLETED,2026-08-26 08:48:33
ORD-5219,SEL-001,CUST-0489,PROD-067,1,3548.0,3548.0,COMPLETED,2026-08-26 08:57:09
ORD-5220,SEL-001,CUST-0145,PROD-090,1,636.37,636.37,COMPLETED,2026-08-26 09:05:16
ORD-5221,SEL-001,CUST-0444,PROD-018,1,1186.87,1186.87,COMPLETED,2026-08-26 09:14:00
ORD-5222,SEL-001,CUST-0034,PROD-002,1,356.3,356.3,COMPLETED,2026-08-26 09:22:31
ORD-5223,SEL-001,CUST-0308,PROD-010,1,376.64,376.64,COMPLETED,2026-08-26 09:31:00
ORD-5224,SEL-001,CUST-0024,PROD-048,2,679.26,1358.52,COMPLETED,2026-08-26 09:39:26
ORD-5225,SEL-001,CUST-0187,PROD-092,1,716.01,716.01,COMPLETED,2026-08-26 09:48:14
ORD-5226,SEL-001,CUST-0207,PROD-032,1,3680.3,3680.3,COMPLETED,2026-08-26 09:56:32
ORD-5227,SEL-001,CUST-0442,PROD-040,1,3912.25,3912.25,COMPLETED,2026-08-26 10:05:14
ORD-5228,SEL-001,CUST-0009,PROD-098,1,4483.52,4483.52,COMPLETED,2026-08-26 10:13:37
ORD-5229,SEL-001,CUST-0394,PROD-063,1,2970.0,2970.0,COMPLETED,2026-08-26 10:22:07
ORD-5230,SEL-001,CUST-0218,PROD-016,1,2566.0,2566.0,COMPLETED,2026-08-26 10:30:57
ORD-5231,SEL-001,CUST-0165,PROD-015,1,3012.01,3012.01,COMPLETED,2026-08-26 10:39:14
ORD-5232,SEL-001,CUST-0230,PROD-043,1,444.75,444.75,COMPLETED,2026-08-26 10:48:04
ORD-5233,SEL-001,CUST-0191,PROD-064,1,2617.04,2617.04,COMPLETED,2026-08-26 10:56:26
ORD-5234,SEL-001,CUST-0080,PROD-082,1,2635.81,2635.81,COMPLETED,2026-08-26 11:04:48
ORD-5235,SEL-001,CUST-0237,PROD-094,1,3616.34,3616.34,COMPLETED,2026-08-26 11:13:31
ORD-5236,SEL-001,CUST-0150,PROD-095,1,2044.18,2044.18,COMPLETED,2026-08-26 11:22:09
ORD-5237,SEL-001,CUST-0217,PROD-060,1,944.46,944.46,COMPLETED,2026-08-26 11:30:24
ORD-5238,SEL-001,CUST-0053,P17,1,1100.0,1100.0,COMPLETED,2026-08-26 11:39:02
ORD-5239,SEL-001,CUST-0063,PROD-034,1,2528.97,2528.97,COMPLETED,2026-08-26 11:47:34
ORD-5240,SEL-001,CUST-0386,PROD-086,1,1947.45,1947.45,COMPLETED,2026-08-26 11:56:12
ORD-5241,SEL-001,CUST-0163,PROD-030,1,3851.85,3851.85,COMPLETED,2026-08-26 12:04:39
ORD-5242,SEL-001,CUST-0227,PROD-010,1,376.64,376.64,COMPLETED,2026-08-26 12:13:24
ORD-5243,SEL-001,CUST-0362,PROD-024,1,1696.06,1696.06,COMPLETED,2026-08-26 12:21:38
ORD-5244,SEL-001,CUST-0171,PROD-097,1,1871.88,1871.88,COMPLETED,2026-08-26 12:30:05
ORD-5245,SEL-001,CUST-0458,PROD-072,1,1146.68,1146.68,COMPLETED,2026-08-26 12:38:36
ORD-5246,SEL-001,CUST-0230,PROD-033,1,3351.36,3351.36,COMPLETED,2026-08-26 12:47:05
ORD-5247,SEL-001,CUST-0194,PROD-019,1,2754.38,2754.38,COMPLETED,2026-08-26 12:56:04
ORD-5248,SEL-001,CUST-0362,PROD-044,1,1218.57,1218.57,COMPLETED,2026-08-26 13:04:34
ORD-5249,SEL-001,CUST-0206,PROD-089,1,2415.49,2415.49,COMPLETED,2026-08-26 13:13:09
ORD-5250,SEL-001,CUST-0458,PROD-093,1,2916.65,2916.65,COMPLETED,2026-08-26 13:21:18
ORD-5251,SEL-001,CUST-0209,PROD-089,1,2415.49,2415.49,COMPLETED,2026-08-26 13:29:46
ORD-5252,SEL-001,CUST-0480,PROD-051,1,1800.54,1800.54,COMPLETED,2026-08-26 13:38:46
ORD-5253,SEL-001,CUST-0356,PROD-048,1,679.26,679.26,COMPLETED,2026-08-26 13:46:50
ORD-5254,SEL-001,CUST-0404,P17,1,1100.0,1100.0,COMPLETED,2026-08-26 13:55:32
ORD-5255,SEL-001,CUST-0075,PROD-074,1,3974.56,3974.56,COMPLETED,2026-08-26 14:04:17
ORD-5256,SEL-001,CUST-0168,PROD-058,1,977.34,977.34,COMPLETED,2026-08-26 14:12:53
ORD-5257,SEL-001,CUST-0161,PROD-084,1,2734.49,2734.49,COMPLETED,2026-08-26 14:20:57
ORD-5258,SEL-001,CUST-0378,PROD-077,2,1931.44,3862.88,COMPLETED,2026-08-26 14:29:30
ORD-5259,SEL-001,CUST-0177,PROD-056,2,3004.15,6008.3,COMPLETED,2026-08-26 14:38:11
ORD-5260,SEL-001,CUST-0015,PROD-068,1,1223.45,1223.45,COMPLETED,2026-08-26 14:47:00
ORD-5261,SEL-001,CUST-0108,PROD-096,1,519.99,519.99,COMPLETED,2026-08-26 14:55:20
ORD-5262,SEL-001,CUST-0093,PROD-023,1,3217.09,3217.09,COMPLETED,2026-08-26 15:03:43
ORD-5263,SEL-001,CUST-0053,PROD-010,1,376.64,376.64,COMPLETED,2026-08-26 15:12:24
ORD-5264,SEL-001,CUST-0455,PROD-078,1,4136.83,4136.83,COMPLETED,2026-08-26 15:21:01
ORD-5265,SEL-001,CUST-0085,PROD-038,1,3774.97,3774.97,COMPLETED,2026-08-26 15:29:26
ORD-5266,SEL-001,CUST-0059,PROD-071,1,1387.9,1387.9,COMPLETED,2026-08-26 15:37:56
ORD-5267,SEL-001,CUST-0192,PROD-014,1,1095.06,1095.06,COMPLETED,2026-08-26 15:46:18
ORD-5268,SEL-001,CUST-0107,PROD-023,1,3217.09,3217.09,COMPLETED,2026-08-26 15:54:49
ORD-5269,SEL-001,CUST-0212,PROD-073,1,4257.37,4257.37,COMPLETED,2026-08-26 16:03:44
ORD-5270,SEL-001,CUST-0204,PROD-010,1,376.64,376.64,COMPLETED,2026-08-26 16:12:14
ORD-5271,SEL-001,CUST-0037,PROD-098,1,4483.52,4483.52,COMPLETED,2026-08-26 16:20:52
ORD-5272,SEL-001,CUST-0205,PROD-058,2,977.34,1954.68,COMPLETED,2026-08-26 16:28:59
ORD-5273,SEL-001,CUST-0351,P17,1,1100.0,1100.0,COMPLETED,2026-08-26 16:37:40
ORD-5274,SEL-001,CUST-0095,PROD-059,1,3348.79,3348.79,COMPLETED,2026-08-26 16:46:08
ORD-5275,SEL-001,CUST-0296,PROD-015,2,3012.01,6024.02,COMPLETED,2026-08-26 16:54:46
ORD-5276,SEL-001,CUST-0143,PROD-056,2,3004.15,6008.3,COMPLETED,2026-08-26 17:03:24
ORD-5277,SEL-001,CUST-0277,PROD-073,1,4257.37,4257.37,COMPLETED,2026-08-26 17:11:38
ORD-5278,SEL-001,CUST-0167,PROD-021,2,277.62,555.24,COMPLETED,2026-08-26 17:20:39
ORD-5279,SEL-001,CUST-0419,PROD-042,1,3244.43,3244.43,COMPLETED,2026-08-26 17:29:01
ORD-5280,SEL-001,CUST-0310,PROD-060,1,944.46,944.46,COMPLETED,2026-08-26 17:37:37
ORD-5281,SEL-001,CUST-0093,PROD-012,1,2397.76,2397.76,COMPLETED,2026-08-26 17:46:01
ORD-5282,SEL-001,CUST-0199,PROD-084,1,2734.49,2734.49,COMPLETED,2026-08-26 17:54:44
ORD-5283,SEL-001,CUST-0419,P17,1,1100.0,1100.0,COMPLETED,2026-08-26 18:03:08
ORD-5284,SEL-001,CUST-0203,PROD-022,1,3674.73,3674.73,COMPLETED,2026-08-26 18:11:36
ORD-5285,SEL-001,CUST-0156,PROD-027,1,1680.53,1680.53,COMPLETED,2026-08-26 18:20:14
ORD-5286,SEL-001,CUST-0321,PROD-003,1,1418.87,1418.87,COMPLETED,2026-08-26 18:28:49
ORD-5287,SEL-001,CUST-0418,P17,1,1100.0,1100.0,COMPLETED,2026-08-26 18:37:07
ORD-5288,SEL-001,CUST-0212,PROD-003,1,1418.87,1418.87,COMPLETED,2026-08-26 18:45:54
ORD-5289,SEL-001,CUST-0367,PROD-073,2,4257.37,8514.74,COMPLETED,2026-08-26 18:54:23
ORD-5290,SEL-001,CUST-0024,PROD-099,1,2498.74,2498.74,COMPLETED,2026-08-26 19:02:53
ORD-5291,SEL-001,CUST-0484,PROD-031,1,2815.84,2815.84,COMPLETED,2026-08-26 19:11:32
ORD-5292,SEL-001,CUST-0294,PROD-075,1,1587.38,1587.38,COMPLETED,2026-08-26 19:19:55
ORD-5293,SEL-001,CUST-0491,PROD-027,1,1680.53,1680.53,COMPLETED,2026-08-26 19:28:21
ORD-5294,SEL-001,CUST-0184,PROD-020,1,3690.08,3690.08,COMPLETED,2026-08-26 19:36:50
ORD-5295,SEL-001,CUST-0170,PROD-008,1,619.49,619.49,COMPLETED,2026-08-26 19:45:40
ORD-5296,SEL-001,CUST-0173,PROD-092,1,716.01,716.01,COMPLETED,2026-08-26 19:53:54
ORD-5297,SEL-001,CUST-0208,PROD-071,1,1387.9,1387.9,COMPLETED,2026-08-26 20:02:46
ORD-5298,SEL-001,CUST-0107,PROD-097,1,1871.88,1871.88,COMPLETED,2026-08-26 20:11:16
ORD-5299,SEL-001,CUST-0151,PROD-051,2,1800.54,3601.08,COMPLETED,2026-08-26 20:19:28
ORD-5300,SEL-001,CUST-0004,PROD-004,1,1198.65,1198.65,COMPLETED,2026-08-26 20:27:59
ORD-5301,SEL-001,CUST-0331,P17,1,1100.0,1100.0,COMPLETED,2026-08-26 20:36:44
ORD-5302,SEL-001,CUST-0139,PROD-075,1,1587.38,1587.38,COMPLETED,2026-08-26 20:45:23
ORD-5303,SEL-001,CUST-0307,PROD-079,1,2200.12,2200.12,COMPLETED,2026-08-26 20:53:55
ORD-5304,SEL-001,CUST-0061,PROD-064,1,2617.04,2617.04,COMPLETED,2026-08-26 21:02:04
ORD-5305,SEL-001,CUST-0159,PROD-036,1,1858.77,1858.77,COMPLETED,2026-08-26 21:10:49
ORD-5306,SEL-001,CUST-0094,PROD-035,1,4385.74,4385.74,COMPLETED,2026-08-26 21:19:19
ORD-5307,SEL-001,CUST-0230,PROD-013,1,362.78,362.78,COMPLETED,2026-08-26 21:28:07
ORD-5308,SEL-001,CUST-0039,PROD-013,1,362.78,362.78,COMPLETED,2026-08-26 21:36:25
ORD-5309,SEL-001,CUST-0066,PROD-036,1,1858.77,1858.77,COMPLETED,2026-08-26 21:44:55
ORD-5310,SEL-001,CUST-0261,PROD-052,1,1823.27,1823.27,COMPLETED,2026-08-26 21:53:42
ORD-5311,SEL-001,CUST-0073,PROD-080,1,1375.74,1375.74,COMPLETED,2026-08-26 22:02:15
ORD-5312,SEL-001,CUST-0118,P17,1,1100.0,1100.0,COMPLETED,2026-08-26 22:10:43
ORD-5313,SEL-001,CUST-0451,PROD-035,1,4385.74,4385.74,COMPLETED,2026-08-26 22:19:14
ORD-5314,SEL-001,CUST-0098,PROD-014,1,1095.06,1095.06,COMPLETED,2026-08-26 22:27:24
ORD-5315,SEL-001,CUST-0170,PROD-041,1,2703.75,2703.75,COMPLETED,2026-08-26 22:36:23
ORD-5316,SEL-001,CUST-0072,PROD-082,1,2635.81,2635.81,COMPLETED,2026-08-26 22:44:52
ORD-5317,SEL-001,CUST-0026,PROD-057,1,2838.81,2838.81,COMPLETED,2026-08-26 22:53:26
ORD-5318,SEL-001,CUST-0072,PROD-078,2,4136.83,8273.66,COMPLETED,2026-08-26 23:01:52
ORD-5319,SEL-001,CUST-0129,PROD-020,2,3690.08,7380.16,COMPLETED,2026-08-26 23:10:27
ORD-5320,SEL-001,CUST-0363,PROD-081,1,1298.17,1298.17,COMPLETED,2026-08-26 23:18:43
ORD-5321,SEL-001,CUST-0277,PROD-076,1,3035.61,3035.61,COMPLETED,2026-08-26 23:27:37
ORD-5322,SEL-001,CUST-0155,PROD-062,1,4455.47,4455.47,COMPLETED,2026-08-26 23:35:40
ORD-5323,SEL-001,CUST-0196,PROD-026,2,4318.16,8636.32,COMPLETED,2026-08-26 23:44:32
ORD-5324,SEL-001,CUST-0088,PROD-072,1,1146.68,1146.68,COMPLETED,2026-08-26 23:53:08
ORD-5325,SEL-001,CUST-0317,PROD-022,1,3674.73,3674.73,COMPLETED,2026-08-27 00:01:43
ORD-5326,SEL-001,CUST-0149,PROD-036,1,1858.77,1858.77,COMPLETED,2026-08-27 00:10:09
ORD-5327,SEL-001,CUST-0258,PROD-046,1,589.12,589.12,COMPLETED,2026-08-27 00:18:40
ORD-5328,SEL-001,CUST-0379,PROD-100,1,4377.08,4377.08,COMPLETED,2026-08-27 00:27:18
ORD-5329,SEL-001,CUST-0245,PROD-023,1,3217.09,3217.09,COMPLETED,2026-08-27 00:35:49
ORD-5330,SEL-001,CUST-0247,PROD-075,1,1587.38,1587.38,COMPLETED,2026-08-27 00:44:08
ORD-5331,SEL-001,CUST-0111,PROD-082,2,2635.81,5271.62,COMPLETED,2026-08-27 00:52:57
ORD-5332,SEL-001,CUST-0403,PROD-022,1,3674.73,3674.73,COMPLETED,2026-08-27 01:01:02
ORD-5333,SEL-001,CUST-0180,P17,1,1100.0,1100.0,COMPLETED,2026-08-27 01:09:59
ORD-5334,SEL-001,CUST-0408,PROD-082,1,2635.81,2635.81,COMPLETED,2026-08-27 01:18:27
ORD-5335,SEL-001,CUST-0229,PROD-053,1,1140.4,1140.4,COMPLETED,2026-08-27 01:26:45
ORD-5336,SEL-001,CUST-0093,PROD-012,2,2397.76,4795.52,COMPLETED,2026-08-27 01:35:37
ORD-5337,SEL-001,CUST-0126,PROD-012,1,2397.76,2397.76,COMPLETED,2026-08-27 01:43:46
ORD-5338,SEL-001,CUST-0006,PROD-078,1,4136.83,4136.83,COMPLETED,2026-08-27 01:52:32
ORD-5339,SEL-001,CUST-0426,PROD-006,1,3125.97,3125.97,COMPLETED,2026-08-27 02:00:50
ORD-5340,SEL-001,CUST-0471,PROD-044,1,1218.57,1218.57,COMPLETED,2026-08-27 02:09:25
ORD-5341,SEL-001,CUST-0185,PROD-024,1,1696.06,1696.06,COMPLETED,2026-08-27 02:18:07
ORD-5342,SEL-001,CUST-0021,P17,1,1100.0,1100.0,COMPLETED,2026-08-27 02:26:41
ORD-5343,SEL-001,CUST-0390,PROD-029,1,661.04,661.04,COMPLETED,2026-08-27 02:35:16
ORD-5344,SEL-001,CUST-0318,PROD-021,1,277.62,277.62,COMPLETED,2026-08-27 02:43:42
ORD-5345,SEL-001,CUST-0487,PROD-049,2,1431.39,2862.78,COMPLETED,2026-08-27 02:51:59
ORD-5346,SEL-001,CUST-0495,P17,1,1100.0,1100.0,COMPLETED,2026-08-27 03:00:42
ORD-5347,SEL-001,CUST-0020,PROD-036,1,1858.77,1858.77,COMPLETED,2026-08-27 03:09:22
ORD-5348,SEL-001,CUST-0215,PROD-008,1,619.49,619.49,COMPLETED,2026-08-27 03:17:56
ORD-5349,SEL-001,CUST-0201,PROD-091,1,450.24,450.24,COMPLETED,2026-08-27 03:26:09
ORD-5350,SEL-001,CUST-0008,PROD-030,1,3851.85,3851.85,COMPLETED,2026-08-27 03:34:37
ORD-5351,SEL-001,CUST-0047,PROD-055,1,4230.78,4230.78,COMPLETED,2026-08-27 03:43:22
ORD-5352,SEL-001,CUST-0057,PROD-026,1,4318.16,4318.16,COMPLETED,2026-08-27 03:52:02
ORD-5353,SEL-001,CUST-0480,PROD-034,1,2528.97,2528.97,COMPLETED,2026-08-27 04:00:33
ORD-5354,SEL-001,CUST-0154,PROD-026,1,4318.16,4318.16,COMPLETED,2026-08-27 04:08:58
ORD-5355,SEL-001,CUST-0461,PROD-015,2,3012.01,6024.02,COMPLETED,2026-08-27 04:17:25
ORD-5356,SEL-001,CUST-0238,PROD-050,1,2951.66,2951.66,COMPLETED,2026-08-27 04:25:54
ORD-5357,SEL-001,CUST-0458,PROD-005,1,3380.0,3380.0,COMPLETED,2026-08-27 04:34:34
ORD-5358,SEL-001,CUST-0129,PROD-024,1,1696.06,1696.06,COMPLETED,2026-08-27 04:43:19
ORD-5359,SEL-001,CUST-0451,PROD-009,1,2043.17,2043.17,COMPLETED,2026-08-27 04:51:34
ORD-5360,SEL-001,CUST-0262,PROD-003,2,1418.87,2837.74,COMPLETED,2026-08-27 05:00:01
ORD-5361,SEL-001,CUST-0318,PROD-025,1,910.79,910.79,COMPLETED,2026-08-27 05:08:45
ORD-5362,SEL-001,CUST-0452,PROD-072,1,1146.68,1146.68,COMPLETED,2026-08-27 05:17:03
ORD-5363,SEL-001,CUST-0137,PROD-064,1,2617.04,2617.04,COMPLETED,2026-08-27 05:25:58
ORD-5364,SEL-001,CUST-0400,PROD-026,1,4318.16,4318.16,COMPLETED,2026-08-27 05:34:19
ORD-5365,SEL-001,CUST-0230,PROD-002,1,356.3,356.3,COMPLETED,2026-08-27 05:42:46
ORD-5366,SEL-001,CUST-0275,PROD-029,1,661.04,661.04,COMPLETED,2026-08-27 05:51:34
ORD-5367,SEL-001,CUST-0287,PROD-036,1,1858.77,1858.77,COMPLETED,2026-08-27 05:59:55
ORD-5368,SEL-001,CUST-0223,PROD-035,1,4385.74,4385.74,COMPLETED,2026-08-27 06:08:30
ORD-5369,SEL-001,CUST-0257,PROD-081,2,1298.17,2596.34,COMPLETED,2026-08-27 06:16:53
ORD-5370,SEL-001,CUST-0138,PROD-051,1,1800.54,1800.54,COMPLETED,2026-08-27 06:25:48
ORD-5371,SEL-001,CUST-0303,PROD-005,1,3380.0,3380.0,COMPLETED,2026-08-27 06:34:14
ORD-5372,SEL-001,CUST-0040,PROD-055,1,4230.78,4230.78,COMPLETED,2026-08-27 06:42:39
ORD-5373,SEL-001,CUST-0326,PROD-013,1,362.78,362.78,COMPLETED,2026-08-27 06:51:14
ORD-5374,SEL-001,CUST-0465,PROD-036,1,1858.77,1858.77,COMPLETED,2026-08-27 06:59:56
ORD-5375,SEL-001,CUST-0193,PROD-097,1,1871.88,1871.88,COMPLETED,2026-08-27 07:08:21
ORD-5376,SEL-001,CUST-0180,PROD-033,2,3351.36,6702.72,COMPLETED,2026-08-27 07:16:57
ORD-5377,SEL-001,CUST-0348,PROD-097,1,1871.88,1871.88,COMPLETED,2026-08-27 07:25:06
ORD-5378,SEL-001,CUST-0462,PROD-009,1,2043.17,2043.17,COMPLETED,2026-08-27 07:33:59
ORD-5379,SEL-001,CUST-0045,PROD-067,1,3548.0,3548.0,COMPLETED,2026-08-27 07:42:29
ORD-5380,SEL-001,CUST-0031,PROD-061,2,1862.69,3725.38,COMPLETED,2026-08-27 07:51:09
ORD-5381,SEL-001,CUST-0057,P17,1,1100.0,1100.0,COMPLETED,2026-08-27 07:59:37
ORD-5382,SEL-001,CUST-0233,PROD-072,1,1146.68,1146.68,COMPLETED,2026-08-27 08:08:05
ORD-5383,SEL-001,CUST-0187,PROD-055,1,4230.78,4230.78,COMPLETED,2026-08-27 08:16:22
ORD-5384,SEL-001,CUST-0362,PROD-035,2,4385.74,8771.48,COMPLETED,2026-08-27 08:24:54
ORD-5385,SEL-001,CUST-0109,P17,1,1100.0,1100.0,COMPLETED,2026-08-27 08:33:26
ORD-5386,SEL-001,CUST-0012,PROD-061,1,1862.69,1862.69,COMPLETED,2026-08-27 08:41:57
ORD-5387,SEL-001,CUST-0281,PROD-024,1,1696.06,1696.06,COMPLETED,2026-08-27 08:50:26
ORD-5388,SEL-001,CUST-0440,PROD-074,1,3974.56,3974.56,COMPLETED,2026-08-27 08:59:23
ORD-5389,SEL-001,CUST-0009,PROD-058,1,977.34,977.34,COMPLETED,2026-08-27 09:07:46
ORD-5390,SEL-001,CUST-0112,PROD-043,1,444.75,444.75,COMPLETED,2026-08-27 09:16:09
ORD-5391,SEL-001,CUST-0199,PROD-027,1,1680.53,1680.53,COMPLETED,2026-08-27 09:24:32
ORD-5392,SEL-001,CUST-0417,PROD-066,1,3832.12,3832.12,COMPLETED,2026-08-27 09:33:24
ORD-5393,SEL-001,CUST-0388,PROD-052,1,1823.27,1823.27,COMPLETED,2026-08-27 09:41:51
ORD-5394,SEL-001,CUST-0327,PROD-003,1,1418.87,1418.87,COMPLETED,2026-08-27 09:50:32
ORD-5395,SEL-001,CUST-0071,PROD-016,1,2566.0,2566.0,COMPLETED,2026-08-27 09:58:57
ORD-5396,SEL-001,CUST-0439,PROD-098,1,4483.52,4483.52,COMPLETED,2026-08-27 10:07:31
ORD-5397,SEL-001,CUST-0206,PROD-057,1,2838.81,2838.81,COMPLETED,2026-08-27 10:16:10
ORD-5398,SEL-001,CUST-0430,PROD-009,1,2043.17,2043.17,COMPLETED,2026-08-27 10:24:20
ORD-5399,SEL-001,CUST-0493,PROD-002,1,356.3,356.3,COMPLETED,2026-08-27 10:33:16
ORD-5400,SEL-001,CUST-0298,PROD-066,1,3832.12,3832.12,COMPLETED,2026-08-27 10:41:38
ORD-5401,SEL-001,CUST-0418,PROD-021,1,277.62,277.62,COMPLETED,2026-08-27 10:50:10
ORD-5402,SEL-001,CUST-0360,PROD-099,1,2498.74,2498.74,COMPLETED,2026-08-27 10:58:37
ORD-5403,SEL-001,CUST-0047,PROD-001,1,2967.56,2967.56,COMPLETED,2026-08-27 11:07:10
ORD-5404,SEL-001,CUST-0313,PROD-052,1,1823.27,1823.27,COMPLETED,2026-08-27 11:15:37
ORD-5405,SEL-001,CUST-0368,PROD-069,1,386.43,386.43,COMPLETED,2026-08-27 11:24:06
ORD-5406,SEL-001,CUST-0045,PROD-031,2,2815.84,5631.68,COMPLETED,2026-08-27 11:33:00
ORD-5407,SEL-001,CUST-0308,PROD-015,1,3012.01,3012.01,COMPLETED,2026-08-27 11:41:24
ORD-5408,SEL-001,CUST-0215,PROD-049,1,1431.39,1431.39,COMPLETED,2026-08-27 11:49:55
ORD-5409,SEL-001,CUST-0420,PROD-025,1,910.79,910.79,COMPLETED,2026-08-27 11:58:18
ORD-5410,SEL-001,CUST-0272,PROD-035,1,4385.74,4385.74,COMPLETED,2026-08-27 12:06:59
ORD-5411,SEL-001,CUST-0398,PROD-032,1,3680.3,3680.3,COMPLETED,2026-08-27 12:15:35
ORD-5412,SEL-001,CUST-0447,PROD-095,1,2044.18,2044.18,COMPLETED,2026-08-27 12:24:09
ORD-5413,SEL-001,CUST-0213,PROD-001,1,2967.56,2967.56,COMPLETED,2026-08-27 12:32:19
ORD-5414,SEL-001,CUST-0139,PROD-087,1,1182.11,1182.11,COMPLETED,2026-08-27 12:41:08
ORD-5415,SEL-001,CUST-0297,PROD-098,2,4483.52,8967.04,COMPLETED,2026-08-27 12:49:36
ORD-5416,SEL-001,CUST-0334,PROD-099,1,2498.74,2498.74,COMPLETED,2026-08-27 12:58:04
ORD-5417,SEL-001,CUST-0462,PROD-066,1,3832.12,3832.12,COMPLETED,2026-08-27 13:06:28
ORD-5418,SEL-001,CUST-0059,PROD-077,2,1931.44,3862.88,COMPLETED,2026-08-27 13:14:57
ORD-5419,SEL-001,CUST-0022,PROD-007,1,4041.76,4041.76,COMPLETED,2026-08-27 13:23:37
ORD-5420,SEL-001,CUST-0017,PROD-009,1,2043.17,2043.17,COMPLETED,2026-08-27 13:32:17
ORD-5421,SEL-001,CUST-0085,PROD-054,1,1384.66,1384.66,COMPLETED,2026-08-27 13:40:49
ORD-5422,SEL-001,CUST-0152,PROD-068,1,1223.45,1223.45,COMPLETED,2026-08-27 13:49:29
ORD-5423,SEL-001,CUST-0436,P17,1,1100.0,1100.0,COMPLETED,2026-08-27 13:57:58
ORD-5424,SEL-001,CUST-0495,PROD-073,1,4257.37,4257.37,COMPLETED,2026-08-27 14:06:27
ORD-5425,SEL-001,CUST-0142,PROD-054,1,1384.66,1384.66,COMPLETED,2026-08-27 14:15:01
ORD-5426,SEL-001,CUST-0351,PROD-077,2,1931.44,3862.88,COMPLETED,2026-08-27 14:23:31
ORD-5427,SEL-001,CUST-0088,PROD-052,1,1823.27,1823.27,COMPLETED,2026-08-27 14:31:48
ORD-5428,SEL-001,CUST-0009,PROD-016,1,2566.0,2566.0,COMPLETED,2026-08-27 14:40:43
ORD-5429,SEL-001,CUST-0090,PROD-054,1,1384.66,1384.66,COMPLETED,2026-08-27 14:49:14
ORD-5430,SEL-001,CUST-0144,PROD-042,1,3244.43,3244.43,COMPLETED,2026-08-27 14:57:29
ORD-5431,SEL-001,CUST-0095,PROD-043,2,444.75,889.5,COMPLETED,2026-08-27 15:06:13
ORD-5432,SEL-001,CUST-0249,PROD-011,1,1179.21,1179.21,COMPLETED,2026-08-27 15:14:53
ORD-5433,SEL-001,CUST-0415,PROD-085,1,4065.75,4065.75,COMPLETED,2026-08-27 15:23:06
ORD-5434,SEL-001,CUST-0192,PROD-077,1,1931.44,1931.44,COMPLETED,2026-08-27 15:31:57
ORD-5435,SEL-001,CUST-0080,PROD-059,1,3348.79,3348.79,COMPLETED,2026-08-27 15:40:30
ORD-5436,SEL-001,CUST-0232,PROD-091,1,450.24,450.24,COMPLETED,2026-08-27 15:48:51
ORD-5437,SEL-001,CUST-0390,P17,2,1100.0,2200.0,COMPLETED,2026-08-27 15:57:25
ORD-5438,SEL-001,CUST-0163,PROD-098,2,4483.52,8967.04,COMPLETED,2026-08-27 16:05:49
ORD-5439,SEL-001,CUST-0182,PROD-098,1,4483.52,4483.52,COMPLETED,2026-08-27 16:14:20
ORD-5440,SEL-001,CUST-0359,PROD-057,1,2838.81,2838.81,COMPLETED,2026-08-27 16:22:43
ORD-5441,SEL-001,CUST-0348,P17,1,1100.0,1100.0,COMPLETED,2026-08-27 16:31:21
ORD-5442,SEL-001,CUST-0140,PROD-066,1,3832.12,3832.12,COMPLETED,2026-08-27 16:40:07
ORD-5443,SEL-001,CUST-0368,PROD-064,1,2617.04,2617.04,COMPLETED,2026-08-27 16:48:45
ORD-5444,SEL-001,CUST-0365,PROD-020,2,3690.08,7380.16,COMPLETED,2026-08-27 16:57:20
ORD-5445,SEL-001,CUST-0220,P17,1,1100.0,1100.0,COMPLETED,2026-08-27 17:05:29
ORD-5446,SEL-001,CUST-0320,PROD-053,1,1140.4,1140.4,COMPLETED,2026-08-27 17:14:18
ORD-5447,SEL-001,CUST-0298,PROD-063,2,2970.0,5940.0,COMPLETED,2026-08-27 17:22:37
ORD-5448,SEL-001,CUST-0464,PROD-096,1,519.99,519.99,COMPLETED,2026-08-27 17:31:19
ORD-5449,SEL-001,CUST-0269,PROD-022,2,3674.73,7349.46,COMPLETED,2026-08-27 17:39:49
ORD-5450,SEL-001,CUST-0006,PROD-051,1,1800.54,1800.54,COMPLETED,2026-08-27 17:48:06
ORD-5451,SEL-001,CUST-0292,PROD-023,1,3217.09,3217.09,COMPLETED,2026-08-27 17:57:03
ORD-5452,SEL-001,CUST-0303,PROD-077,1,1931.44,1931.44,COMPLETED,2026-08-27 18:05:25
ORD-5453,SEL-001,CUST-0378,PROD-094,1,3616.34,3616.34,COMPLETED,2026-08-27 18:14:07
ORD-5454,SEL-001,CUST-0284,PROD-052,1,1823.27,1823.27,COMPLETED,2026-08-27 18:22:34
ORD-5455,SEL-001,CUST-0231,PROD-048,2,679.26,1358.52,COMPLETED,2026-08-27 18:30:57
ORD-5456,SEL-001,CUST-0063,PROD-068,1,1223.45,1223.45,COMPLETED,2026-08-27 18:39:23
ORD-5457,SEL-001,CUST-0414,PROD-078,1,4136.83,4136.83,COMPLETED,2026-08-27 18:48:13
ORD-5458,SEL-001,CUST-0309,PROD-025,2,910.79,1821.58,COMPLETED,2026-08-27 18:56:24
ORD-5459,SEL-001,CUST-0065,PROD-004,1,1198.65,1198.65,COMPLETED,2026-08-27 19:04:54
ORD-5460,SEL-001,CUST-0026,PROD-085,1,4065.75,4065.75,COMPLETED,2026-08-27 19:13:31
ORD-5461,SEL-001,CUST-0431,PROD-096,2,519.99,1039.98,COMPLETED,2026-08-27 19:21:58
ORD-5462,SEL-001,CUST-0380,PROD-030,2,3851.85,7703.7,COMPLETED,2026-08-27 19:30:35
ORD-5463,SEL-001,CUST-0480,PROD-028,1,644.17,644.17,COMPLETED,2026-08-27 19:39:21
ORD-5464,SEL-001,CUST-0165,PROD-082,1,2635.81,2635.81,COMPLETED,2026-08-27 19:47:46
ORD-5465,SEL-001,CUST-0303,PROD-056,1,3004.15,3004.15,COMPLETED,2026-08-27 19:56:04
ORD-5466,SEL-001,CUST-0153,PROD-086,2,1947.45,3894.9,COMPLETED,2026-08-27 20:04:47
ORD-5467,SEL-001,CUST-0006,PROD-091,1,450.24,450.24,COMPLETED,2026-08-27 20:13:36
ORD-5468,SEL-001,CUST-0120,PROD-030,1,3851.85,3851.85,COMPLETED,2026-08-27 20:21:44
ORD-5469,SEL-001,CUST-0220,PROD-014,1,1095.06,1095.06,COMPLETED,2026-08-27 20:30:24
ORD-5470,SEL-001,CUST-0318,PROD-073,2,4257.37,8514.74,COMPLETED,2026-08-27 20:39:11
ORD-5471,SEL-001,CUST-0472,PROD-005,1,3380.0,3380.0,COMPLETED,2026-08-27 20:47:32
ORD-5472,SEL-001,CUST-0274,PROD-001,1,2967.56,2967.56,COMPLETED,2026-08-27 20:55:59
ORD-5473,SEL-001,CUST-0322,PROD-058,1,977.34,977.34,COMPLETED,2026-08-27 21:04:26
ORD-5474,SEL-001,CUST-0270,PROD-043,2,444.75,889.5,COMPLETED,2026-08-27 21:13:20
ORD-5475,SEL-001,CUST-0334,PROD-083,2,1366.65,2733.3,COMPLETED,2026-08-27 21:21:47
ORD-5476,SEL-001,CUST-0004,PROD-040,1,3912.25,3912.25,COMPLETED,2026-08-27 21:30:22
ORD-5477,SEL-001,CUST-0163,PROD-010,1,376.64,376.64,COMPLETED,2026-08-27 21:38:32
ORD-5478,SEL-001,CUST-0162,PROD-013,1,362.78,362.78,COMPLETED,2026-08-27 21:47:18
ORD-5479,SEL-001,CUST-0101,PROD-010,1,376.64,376.64,COMPLETED,2026-08-27 21:55:46
ORD-5480,SEL-001,CUST-0116,PROD-097,1,1871.88,1871.88,COMPLETED,2026-08-27 22:04:04
ORD-5481,SEL-001,CUST-0024,PROD-043,1,444.75,444.75,COMPLETED,2026-08-27 22:13:05
ORD-5482,SEL-001,CUST-0306,PROD-076,1,3035.61,3035.61,COMPLETED,2026-08-27 22:21:25
ORD-5483,SEL-001,CUST-0236,PROD-039,1,2878.71,2878.71,COMPLETED,2026-08-27 22:29:45
ORD-5484,SEL-001,CUST-0159,PROD-058,1,977.34,977.34,COMPLETED,2026-08-27 22:38:38
ORD-5485,SEL-001,CUST-0139,PROD-004,1,1198.65,1198.65,COMPLETED,2026-08-27 22:47:08
ORD-5486,SEL-001,CUST-0444,PROD-029,1,661.04,661.04,COMPLETED,2026-08-27 22:55:29
ORD-5487,SEL-001,CUST-0454,P17,1,1100.0,1100.0,COMPLETED,2026-08-27 23:04:18
ORD-5488,SEL-001,CUST-0399,PROD-010,1,376.64,376.64,COMPLETED,2026-08-27 23:12:22
ORD-5489,SEL-001,CUST-0353,PROD-100,2,4377.08,8754.16,COMPLETED,2026-08-27 23:21:21
ORD-5490,SEL-001,CUST-0123,PROD-022,2,3674.73,7349.46,COMPLETED,2026-08-27 23:29:46
ORD-5491,SEL-001,CUST-0138,PROD-025,2,910.79,1821.58,COMPLETED,2026-08-27 23:37:58
ORD-5492,SEL-001,CUST-0038,PROD-046,1,589.12,589.12,COMPLETED,2026-08-27 23:46:54
ORD-5493,SEL-001,CUST-0380,PROD-095,1,2044.18,2044.18,COMPLETED,2026-08-27 23:55:17
ORD-5494,SEL-001,CUST-0232,PROD-092,1,716.01,716.01,COMPLETED,2026-08-28 00:03:58
ORD-5495,SEL-001,CUST-0128,PROD-015,2,3012.01,6024.02,COMPLETED,2026-08-28 00:12:15
ORD-5496,SEL-001,CUST-0421,PROD-007,1,4041.76,4041.76,COMPLETED,2026-08-28 00:20:51
ORD-5497,SEL-001,CUST-0425,PROD-092,1,716.01,716.01,COMPLETED,2026-08-28 00:29:36
ORD-5498,SEL-001,CUST-0277,PROD-003,2,1418.87,2837.74,COMPLETED,2026-08-28 00:37:43
ORD-5499,SEL-001,CUST-0404,PROD-020,1,3690.08,3690.08,COMPLETED,2026-08-28 00:46:41
ORD-5500,SEL-001,CUST-0349,PROD-049,1,1431.39,1431.39,COMPLETED,2026-08-28 00:54:44
ORD-5501,SEL-001,CUST-0379,PROD-031,1,2815.84,2815.84,COMPLETED,2026-08-28 01:03:46
ORD-5502,SEL-001,CUST-0284,PROD-036,1,1858.77,1858.77,COMPLETED,2026-08-28 01:12:05
ORD-5503,SEL-001,CUST-0338,PROD-070,1,1590.68,1590.68,COMPLETED,2026-08-28 01:20:20
ORD-5504,SEL-001,CUST-0312,PROD-012,2,2397.76,4795.52,COMPLETED,2026-08-28 01:28:57
ORD-5505,SEL-001,CUST-0224,PROD-027,2,1680.53,3361.06,COMPLETED,2026-08-28 01:37:46
ORD-5506,SEL-001,CUST-0370,PROD-026,1,4318.16,4318.16,COMPLETED,2026-08-28 01:46:07
ORD-5507,SEL-001,CUST-0154,PROD-003,1,1418.87,1418.87,COMPLETED,2026-08-28 01:54:43
ORD-5508,SEL-001,CUST-0391,PROD-056,1,3004.15,3004.15,COMPLETED,2026-08-28 02:03:02
ORD-5509,SEL-001,CUST-0310,PROD-006,1,3125.97,3125.97,COMPLETED,2026-08-28 02:12:03
ORD-5510,SEL-001,CUST-0367,PROD-090,1,636.37,636.37,COMPLETED,2026-08-28 02:20:26
ORD-5511,SEL-001,CUST-0422,PROD-037,2,2596.17,5192.34,COMPLETED,2026-08-28 02:29:00
ORD-5512,SEL-001,CUST-0349,PROD-019,1,2754.38,2754.38,COMPLETED,2026-08-28 02:37:15
ORD-5513,SEL-001,CUST-0172,PROD-071,1,1387.9,1387.9,COMPLETED,2026-08-28 02:45:44
ORD-5514,SEL-001,CUST-0410,PROD-024,1,1696.06,1696.06,COMPLETED,2026-08-28 02:54:18
ORD-5515,SEL-001,CUST-0207,P17,2,1100.0,2200.0,COMPLETED,2026-08-28 03:03:05
ORD-5516,SEL-001,CUST-0082,PROD-041,1,2703.75,2703.75,COMPLETED,2026-08-28 03:11:38
ORD-5517,SEL-001,CUST-0004,PROD-035,1,4385.74,4385.74,COMPLETED,2026-08-28 03:20:10
ORD-5518,SEL-001,CUST-0372,PROD-008,2,619.49,1238.98,COMPLETED,2026-08-28 03:28:36
ORD-5519,SEL-001,CUST-0396,PROD-082,2,2635.81,5271.62,COMPLETED,2026-08-28 03:37:14
ORD-5520,SEL-001,CUST-0033,PROD-096,1,519.99,519.99,COMPLETED,2026-08-28 03:45:49
ORD-5521,SEL-001,CUST-0374,PROD-035,1,4385.74,4385.74,COMPLETED,2026-08-28 03:54:07
ORD-5522,SEL-001,CUST-0199,P17,2,1100.0,2200.0,COMPLETED,2026-08-28 04:02:54
ORD-5523,SEL-001,CUST-0360,PROD-049,2,1431.39,2862.78,COMPLETED,2026-08-28 04:11:11
ORD-5524,SEL-001,CUST-0071,PROD-010,1,376.64,376.64,COMPLETED,2026-08-28 04:19:33
ORD-5525,SEL-001,CUST-0192,PROD-072,2,1146.68,2293.36,COMPLETED,2026-08-28 04:28:09
ORD-5526,SEL-001,CUST-0025,PROD-007,1,4041.76,4041.76,COMPLETED,2026-08-28 04:36:49
ORD-5527,SEL-001,CUST-0123,PROD-002,1,356.3,356.3,COMPLETED,2026-08-28 04:45:21
ORD-5528,SEL-001,CUST-0455,PROD-083,1,1366.65,1366.65,COMPLETED,2026-08-28 04:53:58
ORD-5529,SEL-001,CUST-0320,PROD-016,1,2566.0,2566.0,COMPLETED,2026-08-28 05:02:14
ORD-5530,SEL-001,CUST-0304,PROD-022,1,3674.73,3674.73,COMPLETED,2026-08-28 05:10:47
ORD-5531,SEL-001,CUST-0015,PROD-018,1,1186.87,1186.87,COMPLETED,2026-08-28 05:19:38
ORD-5532,SEL-001,CUST-0353,PROD-059,1,3348.79,3348.79,COMPLETED,2026-08-28 05:27:55
ORD-5533,SEL-001,CUST-0306,PROD-015,1,3012.01,3012.01,COMPLETED,2026-08-28 05:36:44
ORD-5534,SEL-001,CUST-0022,PROD-092,1,716.01,716.01,COMPLETED,2026-08-28 05:45:06
ORD-5535,SEL-001,CUST-0496,PROD-064,2,2617.04,5234.08,COMPLETED,2026-08-28 05:53:53
ORD-5536,SEL-001,CUST-0416,PROD-081,1,1298.17,1298.17,COMPLETED,2026-08-28 06:02:06
ORD-5537,SEL-001,CUST-0147,PROD-078,1,4136.83,4136.83,COMPLETED,2026-08-28 06:10:40
ORD-5538,SEL-001,CUST-0116,PROD-016,1,2566.0,2566.0,COMPLETED,2026-08-28 06:19:12
ORD-5539,SEL-001,CUST-0368,PROD-050,1,2951.66,2951.66,COMPLETED,2026-08-28 06:27:37
ORD-5540,SEL-001,CUST-0146,PROD-037,1,2596.17,2596.17,COMPLETED,2026-08-28 06:36:12
ORD-5541,SEL-001,CUST-0081,PROD-077,1,1931.44,1931.44,COMPLETED,2026-08-28 06:44:50
ORD-5542,SEL-001,CUST-0253,PROD-007,1,4041.76,4041.76,COMPLETED,2026-08-28 06:53:13
ORD-5543,SEL-001,CUST-0121,PROD-053,1,1140.4,1140.4,COMPLETED,2026-08-28 07:01:42
ORD-5544,SEL-001,CUST-0159,PROD-004,1,1198.65,1198.65,COMPLETED,2026-08-28 07:10:18
ORD-5545,SEL-001,CUST-0328,PROD-054,2,1384.66,2769.32,COMPLETED,2026-08-28 07:19:13
ORD-5546,SEL-001,CUST-0101,PROD-009,1,2043.17,2043.17,COMPLETED,2026-08-28 07:27:22
ORD-5547,SEL-001,CUST-0192,PROD-088,1,4489.53,4489.53,COMPLETED,2026-08-28 07:35:52
ORD-5548,SEL-001,CUST-0372,PROD-012,1,2397.76,2397.76,COMPLETED,2026-08-28 07:44:43
ORD-5549,SEL-001,CUST-0217,PROD-068,1,1223.45,1223.45,COMPLETED,2026-08-28 07:53:05
ORD-5550,SEL-001,CUST-0092,PROD-010,1,376.64,376.64,COMPLETED,2026-08-28 08:01:31
ORD-5551,SEL-001,CUST-0227,PROD-008,1,619.49,619.49,COMPLETED,2026-08-28 08:10:08
ORD-5552,SEL-001,CUST-0382,PROD-013,1,362.78,362.78,COMPLETED,2026-08-28 08:18:54
ORD-5553,SEL-001,CUST-0470,PROD-007,1,4041.76,4041.76,COMPLETED,2026-08-28 08:27:33
ORD-5554,SEL-001,CUST-0478,PROD-098,1,4483.52,4483.52,COMPLETED,2026-08-28 08:35:53
ORD-5555,SEL-001,CUST-0273,PROD-096,2,519.99,1039.98,COMPLETED,2026-08-28 08:44:25
ORD-5556,SEL-001,CUST-0298,PROD-043,1,444.75,444.75,COMPLETED,2026-08-28 08:52:51
ORD-5557,SEL-001,CUST-0100,PROD-092,1,716.01,716.01,COMPLETED,2026-08-28 09:01:18
ORD-5558,SEL-001,CUST-0287,PROD-071,2,1387.9,2775.8,COMPLETED,2026-08-28 09:10:04
ORD-5559,SEL-001,CUST-0026,PROD-032,2,3680.3,7360.6,COMPLETED,2026-08-28 09:18:29
ORD-5560,SEL-001,CUST-0243,PROD-012,1,2397.76,2397.76,COMPLETED,2026-08-28 09:27:14
ORD-5561,SEL-001,CUST-0413,PROD-073,1,4257.37,4257.37,COMPLETED,2026-08-28 09:35:19
ORD-5562,SEL-001,CUST-0222,PROD-028,1,644.17,644.17,COMPLETED,2026-08-28 09:44:02
ORD-5563,SEL-001,CUST-0362,PROD-062,1,4455.47,4455.47,COMPLETED,2026-08-28 09:52:45
ORD-5564,SEL-001,CUST-0290,PROD-052,1,1823.27,1823.27,COMPLETED,2026-08-28 10:01:01
ORD-5565,SEL-001,CUST-0288,PROD-042,1,3244.43,3244.43,COMPLETED,2026-08-28 10:09:54
ORD-5566,SEL-001,CUST-0479,PROD-059,1,3348.79,3348.79,COMPLETED,2026-08-28 10:18:11
ORD-5567,SEL-001,CUST-0096,PROD-057,1,2838.81,2838.81,COMPLETED,2026-08-28 10:26:51
ORD-5568,SEL-001,CUST-0364,PROD-093,1,2916.65,2916.65,COMPLETED,2026-08-28 10:35:32
ORD-5569,SEL-001,CUST-0024,PROD-088,1,4489.53,4489.53,COMPLETED,2026-08-28 10:43:39
ORD-5570,SEL-001,CUST-0353,PROD-009,1,2043.17,2043.17,COMPLETED,2026-08-28 10:52:16
ORD-5571,SEL-001,CUST-0409,PROD-036,1,1858.77,1858.77,COMPLETED,2026-08-28 11:01:04
ORD-5572,SEL-001,CUST-0254,PROD-078,1,4136.83,4136.83,COMPLETED,2026-08-28 11:09:21
ORD-5573,SEL-001,CUST-0005,PROD-062,1,4455.47,4455.47,COMPLETED,2026-08-28 11:18:03
ORD-5574,SEL-001,CUST-0169,PROD-089,1,2415.49,2415.49,COMPLETED,2026-08-28 11:26:18
ORD-5575,SEL-001,CUST-0469,PROD-042,1,3244.43,3244.43,COMPLETED,2026-08-28 11:34:49
ORD-5576,SEL-001,CUST-0036,PROD-029,1,661.04,661.04,COMPLETED,2026-08-28 11:43:39
ORD-5577,SEL-001,CUST-0126,PROD-020,1,3690.08,3690.08,COMPLETED,2026-08-28 11:52:01
ORD-5578,SEL-001,CUST-0372,P17,1,1100.0,1100.0,COMPLETED,2026-08-28 12:00:44
ORD-5579,SEL-001,CUST-0105,PROD-054,2,1384.66,2769.32,COMPLETED,2026-08-28 12:09:02
ORD-5580,SEL-001,CUST-0018,PROD-052,2,1823.27,3646.54,COMPLETED,2026-08-28 12:17:58
ORD-5581,SEL-001,CUST-0474,PROD-001,1,2967.56,2967.56,COMPLETED,2026-08-28 12:26:00
ORD-5582,SEL-001,CUST-0194,PROD-043,1,444.75,444.75,COMPLETED,2026-08-28 12:34:39
ORD-5583,SEL-001,CUST-0408,PROD-081,1,1298.17,1298.17,COMPLETED,2026-08-28 12:43:20
ORD-5584,SEL-001,CUST-0328,PROD-091,1,450.24,450.24,COMPLETED,2026-08-28 12:51:37
ORD-5585,SEL-001,CUST-0254,PROD-087,1,1182.11,1182.11,COMPLETED,2026-08-28 13:00:36
ORD-5586,SEL-001,CUST-0389,PROD-022,1,3674.73,3674.73,COMPLETED,2026-08-28 13:09:05
ORD-5587,SEL-001,CUST-0292,PROD-056,1,3004.15,3004.15,COMPLETED,2026-08-28 13:17:23
ORD-5588,SEL-001,CUST-0098,PROD-085,2,4065.75,8131.5,COMPLETED,2026-08-28 13:25:56
ORD-5589,SEL-001,CUST-0415,PROD-034,2,2528.97,5057.94,COMPLETED,2026-08-28 13:34:41
ORD-5590,SEL-001,CUST-0294,PROD-041,1,2703.75,2703.75,COMPLETED,2026-08-28 13:42:57
ORD-5591,SEL-001,CUST-0054,PROD-028,2,644.17,1288.34,COMPLETED,2026-08-28 13:51:27
ORD-5592,SEL-001,CUST-0348,PROD-074,1,3974.56,3974.56,COMPLETED,2026-08-28 14:00:11
ORD-5593,SEL-001,CUST-0307,PROD-033,1,3351.36,3351.36,COMPLETED,2026-08-28 14:08:51
ORD-5594,SEL-001,CUST-0018,PROD-080,2,1375.74,2751.48,COMPLETED,2026-08-28 14:17:10
ORD-5595,SEL-001,CUST-0444,PROD-090,1,636.37,636.37,COMPLETED,2026-08-28 14:25:29
ORD-5596,SEL-001,CUST-0214,PROD-056,1,3004.15,3004.15,COMPLETED,2026-08-28 14:34:27
ORD-5597,SEL-001,CUST-0114,PROD-033,2,3351.36,6702.72,COMPLETED,2026-08-28 14:42:56
ORD-5598,SEL-001,CUST-0081,PROD-075,1,1587.38,1587.38,COMPLETED,2026-08-28 14:51:08
ORD-5599,SEL-001,CUST-0334,PROD-014,1,1095.06,1095.06,COMPLETED,2026-08-28 15:00:02
ORD-5600,SEL-001,CUST-0174,PROD-003,1,1418.87,1418.87,COMPLETED,2026-08-28 15:08:38
ORD-5601,SEL-001,CUST-0231,PROD-090,2,636.37,1272.74,COMPLETED,2026-08-28 15:17:02
ORD-5602,SEL-001,CUST-0466,PROD-076,2,3035.61,6071.22,COMPLETED,2026-08-28 15:25:17
ORD-5603,SEL-001,CUST-0481,PROD-023,1,3217.09,3217.09,COMPLETED,2026-08-28 15:33:54
ORD-5604,SEL-001,CUST-0175,PROD-060,1,944.46,944.46,COMPLETED,2026-08-28 15:42:22
ORD-5605,SEL-001,CUST-0434,PROD-065,1,3159.61,3159.61,COMPLETED,2026-08-28 15:50:51
ORD-5606,SEL-001,CUST-0105,PROD-083,1,1366.65,1366.65,COMPLETED,2026-08-28 15:59:25
ORD-5607,SEL-001,CUST-0337,PROD-038,1,3774.97,3774.97,COMPLETED,2026-08-28 16:08:03
ORD-5608,SEL-001,CUST-0358,PROD-094,1,3616.34,3616.34,COMPLETED,2026-08-28 16:16:37
ORD-5609,SEL-001,CUST-0329,PROD-040,1,3912.25,3912.25,COMPLETED,2026-08-28 16:25:15
ORD-5610,SEL-001,CUST-0275,PROD-035,1,4385.74,4385.74,COMPLETED,2026-08-28 16:33:48
ORD-5611,SEL-001,CUST-0264,PROD-057,1,2838.81,2838.81,COMPLETED,2026-08-28 16:42:11
ORD-5612,SEL-001,CUST-0199,PROD-087,1,1182.11,1182.11,COMPLETED,2026-08-28 16:50:58
ORD-5613,SEL-001,CUST-0318,PROD-057,1,2838.81,2838.81,COMPLETED,2026-08-28 16:59:33
ORD-5614,SEL-001,CUST-0026,PROD-008,1,619.49,619.49,COMPLETED,2026-08-28 17:07:41
ORD-5615,SEL-001,CUST-0197,PROD-001,1,2967.56,2967.56,COMPLETED,2026-08-28 17:16:12
ORD-5616,SEL-001,CUST-0164,PROD-088,1,4489.53,4489.53,COMPLETED,2026-08-28 17:25:10
ORD-5617,SEL-001,CUST-0256,PROD-067,2,3548.0,7096.0,COMPLETED,2026-08-28 17:33:24
ORD-5618,SEL-001,CUST-0389,PROD-064,1,2617.04,2617.04,COMPLETED,2026-08-28 17:42:10
ORD-5619,SEL-001,CUST-0131,PROD-036,1,1858.77,1858.77,COMPLETED,2026-08-28 17:50:23
ORD-5620,SEL-001,CUST-0229,PROD-054,1,1384.66,1384.66,COMPLETED,2026-08-28 17:59:06
ORD-5621,SEL-001,CUST-0350,PROD-010,1,376.64,376.64,COMPLETED,2026-08-28 18:07:31
ORD-5622,SEL-001,CUST-0055,PROD-033,2,3351.36,6702.72,COMPLETED,2026-08-28 18:16:04
ORD-5623,SEL-001,CUST-0263,PROD-061,2,1862.69,3725.38,COMPLETED,2026-08-28 18:24:50
ORD-5624,SEL-001,CUST-0104,PROD-069,2,386.43,772.86,COMPLETED,2026-08-28 18:33:04
ORD-5625,SEL-001,CUST-0421,PROD-006,1,3125.97,3125.97,COMPLETED,2026-08-28 18:41:40
ORD-5626,SEL-001,CUST-0126,PROD-006,2,3125.97,6251.94,COMPLETED,2026-08-28 18:50:32
ORD-5627,SEL-001,CUST-0138,PROD-028,1,644.17,644.17,COMPLETED,2026-08-28 18:59:03
ORD-5628,SEL-001,CUST-0024,PROD-043,1,444.75,444.75,COMPLETED,2026-08-28 19:07:11
ORD-5629,SEL-001,CUST-0274,PROD-078,1,4136.83,4136.83,COMPLETED,2026-08-28 19:16:01
ORD-5630,SEL-001,CUST-0109,PROD-075,1,1587.38,1587.38,COMPLETED,2026-08-28 19:24:12
ORD-5631,SEL-001,CUST-0034,PROD-061,1,1862.69,1862.69,COMPLETED,2026-08-28 19:33:02
ORD-5632,SEL-001,CUST-0421,PROD-063,1,2970.0,2970.0,COMPLETED,2026-08-28 19:41:43
ORD-5633,SEL-001,CUST-0285,PROD-027,1,1680.53,1680.53,COMPLETED,2026-08-28 19:49:50
ORD-5634,SEL-001,CUST-0007,PROD-006,1,3125.97,3125.97,COMPLETED,2026-08-28 19:58:35
ORD-5635,SEL-001,CUST-0194,PROD-063,1,2970.0,2970.0,COMPLETED,2026-08-28 20:07:15
ORD-5636,SEL-001,CUST-0294,PROD-082,1,2635.81,2635.81,COMPLETED,2026-08-28 20:15:23
ORD-5637,SEL-001,CUST-0347,P17,1,1100.0,1100.0,COMPLETED,2026-08-28 20:24:03
ORD-5638,SEL-001,CUST-0281,PROD-085,2,4065.75,8131.5,COMPLETED,2026-08-28 20:32:51
ORD-5639,SEL-001,CUST-0076,PROD-006,1,3125.97,3125.97,COMPLETED,2026-08-28 20:41:07
ORD-5640,SEL-001,CUST-0467,PROD-098,1,4483.52,4483.52,COMPLETED,2026-08-28 20:49:42
ORD-5641,SEL-001,CUST-0431,PROD-060,1,944.46,944.46,COMPLETED,2026-08-28 20:58:22
ORD-5642,SEL-001,CUST-0117,PROD-096,1,519.99,519.99,COMPLETED,2026-08-28 21:06:36
ORD-5643,SEL-001,CUST-0273,PROD-047,1,1239.36,1239.36,COMPLETED,2026-08-28 21:15:16
ORD-5644,SEL-001,CUST-0337,PROD-066,2,3832.12,7664.24,COMPLETED,2026-08-28 21:23:42
ORD-5645,SEL-001,CUST-0352,PROD-021,1,277.62,277.62,COMPLETED,2026-08-28 21:32:40
ORD-5646,SEL-001,CUST-0371,PROD-078,1,4136.83,4136.83,COMPLETED,2026-08-28 21:41:07
ORD-5647,SEL-001,CUST-0203,PROD-036,1,1858.77,1858.77,COMPLETED,2026-08-28 21:49:42
ORD-5648,SEL-001,CUST-0332,PROD-022,2,3674.73,7349.46,COMPLETED,2026-08-28 21:57:54
ORD-5649,SEL-001,CUST-0330,PROD-071,1,1387.9,1387.9,COMPLETED,2026-08-28 22:06:42
ORD-5650,SEL-001,CUST-0085,PROD-062,1,4455.47,4455.47,COMPLETED,2026-08-28 22:14:59
ORD-5651,SEL-001,CUST-0435,PROD-025,1,910.79,910.79,COMPLETED,2026-08-28 22:23:26
ORD-5652,SEL-001,CUST-0432,PROD-085,2,4065.75,8131.5,COMPLETED,2026-08-28 22:32:00
ORD-5653,SEL-001,CUST-0191,PROD-068,2,1223.45,2446.9,COMPLETED,2026-08-28 22:40:29
ORD-5654,SEL-001,CUST-0240,PROD-020,1,3690.08,3690.08,COMPLETED,2026-08-28 22:49:01
ORD-5655,SEL-001,CUST-0422,PROD-044,1,1218.57,1218.57,COMPLETED,2026-08-28 22:57:44
ORD-5656,SEL-001,CUST-0304,PROD-054,2,1384.66,2769.32,COMPLETED,2026-08-28 23:06:21
ORD-5657,SEL-001,CUST-0372,PROD-084,1,2734.49,2734.49,COMPLETED,2026-08-28 23:14:50
ORD-5658,SEL-001,CUST-0485,PROD-020,2,3690.08,7380.16,COMPLETED,2026-08-28 23:23:24
ORD-5659,SEL-001,CUST-0424,PROD-005,1,3380.0,3380.0,COMPLETED,2026-08-28 23:32:01
ORD-5660,SEL-001,CUST-0162,PROD-092,1,716.01,716.01,COMPLETED,2026-08-28 23:40:25
ORD-5661,SEL-001,CUST-0344,PROD-036,1,1858.77,1858.77,COMPLETED,2026-08-28 23:48:45
ORD-5662,SEL-001,CUST-0166,PROD-010,1,376.64,376.64,COMPLETED,2026-08-28 23:57:34
ORD-5663,SEL-001,CUST-0161,PROD-076,1,3035.61,3035.61,COMPLETED,2026-08-29 00:06:03
ORD-5664,SEL-001,CUST-0443,PROD-080,1,1375.74,1375.74,COMPLETED,2026-08-29 00:14:48
ORD-5665,SEL-001,CUST-0108,PROD-009,1,2043.17,2043.17,COMPLETED,2026-08-29 00:23:15
ORD-5666,SEL-001,CUST-0309,PROD-075,1,1587.38,1587.38,COMPLETED,2026-08-29 00:31:39
ORD-5667,SEL-001,CUST-0391,PROD-050,1,2951.66,2951.66,COMPLETED,2026-08-29 00:40:15
ORD-5668,SEL-001,CUST-0259,PROD-066,1,3832.12,3832.12,COMPLETED,2026-08-29 00:48:34
ORD-5669,SEL-001,CUST-0441,PROD-003,1,1418.87,1418.87,COMPLETED,2026-08-29 00:57:00
ORD-5670,SEL-001,CUST-0122,PROD-088,1,4489.53,4489.53,COMPLETED,2026-08-29 01:05:36
ORD-5671,SEL-001,CUST-0403,PROD-004,1,1198.65,1198.65,COMPLETED,2026-08-29 01:14:24
ORD-5672,SEL-001,CUST-0281,PROD-070,1,1590.68,1590.68,COMPLETED,2026-08-29 01:22:38
ORD-5673,SEL-001,CUST-0405,PROD-083,1,1366.65,1366.65,COMPLETED,2026-08-29 01:31:28
ORD-5674,SEL-001,CUST-0051,PROD-018,1,1186.87,1186.87,COMPLETED,2026-08-29 01:40:04
ORD-5675,SEL-001,CUST-0251,P17,1,1100.0,1100.0,COMPLETED,2026-08-29 01:48:38
ORD-5676,SEL-001,CUST-0495,PROD-016,1,2566.0,2566.0,COMPLETED,2026-08-29 01:57:12
ORD-5677,SEL-001,CUST-0247,PROD-076,1,3035.61,3035.61,COMPLETED,2026-08-29 02:05:24
ORD-5678,SEL-001,CUST-0458,PROD-036,2,1858.77,3717.54,COMPLETED,2026-08-29 02:14:08
ORD-5679,SEL-001,CUST-0435,PROD-039,1,2878.71,2878.71,COMPLETED,2026-08-29 02:22:50
ORD-5680,SEL-001,CUST-0125,PROD-006,1,3125.97,3125.97,COMPLETED,2026-08-29 02:30:54
ORD-5681,SEL-001,CUST-0315,PROD-067,1,3548.0,3548.0,COMPLETED,2026-08-29 02:39:41
ORD-5682,SEL-001,CUST-0174,PROD-058,1,977.34,977.34,COMPLETED,2026-08-29 02:48:03
ORD-5683,SEL-001,CUST-0379,PROD-022,1,3674.73,3674.73,COMPLETED,2026-08-29 02:56:36
ORD-5684,SEL-001,CUST-0112,PROD-043,1,444.75,444.75,COMPLETED,2026-08-29 03:05:29
ORD-5685,SEL-001,CUST-0394,PROD-087,2,1182.11,2364.22,COMPLETED,2026-08-29 03:14:00
ORD-5686,SEL-001,CUST-0048,PROD-080,1,1375.74,1375.74,COMPLETED,2026-08-29 03:22:25
ORD-5687,SEL-001,CUST-0265,PROD-036,1,1858.77,1858.77,COMPLETED,2026-08-29 03:30:44
ORD-5688,SEL-001,CUST-0276,PROD-010,1,376.64,376.64,COMPLETED,2026-08-29 03:39:25
ORD-5689,SEL-001,CUST-0487,PROD-090,1,636.37,636.37,COMPLETED,2026-08-29 03:47:56
ORD-5690,SEL-001,CUST-0332,PROD-007,1,4041.76,4041.76,COMPLETED,2026-08-29 03:56:20
ORD-5691,SEL-001,CUST-0059,PROD-097,1,1871.88,1871.88,COMPLETED,2026-08-29 04:04:59
ORD-5692,SEL-001,CUST-0309,PROD-005,1,3380.0,3380.0,COMPLETED,2026-08-29 04:13:34
ORD-5693,SEL-001,CUST-0231,PROD-069,1,386.43,386.43,COMPLETED,2026-08-29 04:22:16
ORD-5694,SEL-001,CUST-0328,PROD-100,1,4377.08,4377.08,COMPLETED,2026-08-29 04:30:28
ORD-5695,SEL-001,CUST-0150,PROD-061,1,1862.69,1862.69,COMPLETED,2026-08-29 04:39:09
ORD-5696,SEL-001,CUST-0390,PROD-099,1,2498.74,2498.74,COMPLETED,2026-08-29 04:47:54
ORD-5697,SEL-001,CUST-0153,PROD-009,1,2043.17,2043.17,COMPLETED,2026-08-29 04:56:27
ORD-5698,SEL-001,CUST-0164,PROD-098,1,4483.52,4483.52,COMPLETED,2026-08-29 05:04:49
ORD-5699,SEL-001,CUST-0061,PROD-064,1,2617.04,2617.04,COMPLETED,2026-08-29 05:13:29
ORD-5700,SEL-001,CUST-0308,PROD-086,1,1947.45,1947.45,COMPLETED,2026-08-29 05:21:39
ORD-5701,SEL-001,CUST-0261,PROD-072,1,1146.68,1146.68,COMPLETED,2026-08-29 05:30:09
ORD-5702,SEL-001,CUST-0070,PROD-012,1,2397.76,2397.76,COMPLETED,2026-08-29 05:38:39
ORD-5703,SEL-001,CUST-0339,PROD-021,2,277.62,555.24,COMPLETED,2026-08-29 05:47:32
ORD-5704,SEL-001,CUST-0154,PROD-095,1,2044.18,2044.18,COMPLETED,2026-08-29 05:55:47
ORD-5705,SEL-001,CUST-0379,PROD-032,1,3680.3,3680.3,COMPLETED,2026-08-29 06:04:34
ORD-5706,SEL-001,CUST-0485,PROD-027,1,1680.53,1680.53,COMPLETED,2026-08-29 06:12:46
ORD-5707,SEL-001,CUST-0242,PROD-050,1,2951.66,2951.66,COMPLETED,2026-08-29 06:21:45
ORD-5708,SEL-001,CUST-0324,PROD-070,1,1590.68,1590.68,COMPLETED,2026-08-29 06:30:13
ORD-5709,SEL-001,CUST-0250,PROD-079,1,2200.12,2200.12,COMPLETED,2026-08-29 06:38:42
ORD-5710,SEL-001,CUST-0173,P17,1,1100.0,1100.0,COMPLETED,2026-08-29 06:46:54
ORD-5711,SEL-001,CUST-0341,PROD-073,1,4257.37,4257.37,COMPLETED,2026-08-29 06:55:42
ORD-5712,SEL-001,CUST-0147,PROD-013,1,362.78,362.78,COMPLETED,2026-08-29 07:04:28
ORD-5713,SEL-001,CUST-0141,PROD-050,1,2951.66,2951.66,COMPLETED,2026-08-29 07:12:56
ORD-5714,SEL-001,CUST-0131,PROD-027,1,1680.53,1680.53,COMPLETED,2026-08-29 07:21:20
ORD-5715,SEL-001,CUST-0014,P17,1,1100.0,1100.0,COMPLETED,2026-08-29 07:29:43
ORD-5716,SEL-001,CUST-0275,PROD-086,1,1947.45,1947.45,COMPLETED,2026-08-29 07:38:10
ORD-5717,SEL-001,CUST-0395,PROD-020,1,3690.08,3690.08,COMPLETED,2026-08-29 07:46:44
ORD-5718,SEL-001,CUST-0497,PROD-004,1,1198.65,1198.65,COMPLETED,2026-08-29 07:55:21
ORD-5719,SEL-001,CUST-0363,PROD-015,1,3012.01,3012.01,COMPLETED,2026-08-29 08:03:55
ORD-5720,SEL-001,CUST-0232,PROD-077,1,1931.44,1931.44,COMPLETED,2026-08-29 08:12:27
ORD-5721,SEL-001,CUST-0223,PROD-001,1,2967.56,2967.56,COMPLETED,2026-08-29 08:21:00
ORD-5722,SEL-001,CUST-0469,PROD-023,1,3217.09,3217.09,COMPLETED,2026-08-29 08:29:31
ORD-5723,SEL-001,CUST-0407,P17,1,1100.0,1100.0,COMPLETED,2026-08-29 08:37:55
ORD-5724,SEL-001,CUST-0138,PROD-070,1,1590.68,1590.68,COMPLETED,2026-08-29 08:46:30
ORD-5725,SEL-001,CUST-0372,PROD-055,1,4230.78,4230.78,COMPLETED,2026-08-29 08:55:01
ORD-5726,SEL-001,CUST-0184,PROD-003,1,1418.87,1418.87,COMPLETED,2026-08-29 09:03:42
ORD-5727,SEL-001,CUST-0037,PROD-082,1,2635.81,2635.81,COMPLETED,2026-08-29 09:12:18
ORD-5728,SEL-001,CUST-0141,PROD-079,1,2200.12,2200.12,COMPLETED,2026-08-29 09:20:34
ORD-5729,SEL-001,CUST-0180,PROD-039,2,2878.71,5757.42,COMPLETED,2026-08-29 09:29:30
ORD-5730,SEL-001,CUST-0452,PROD-049,1,1431.39,1431.39,COMPLETED,2026-08-29 09:37:48
ORD-5731,SEL-001,CUST-0127,P17,1,1100.0,1100.0,COMPLETED,2026-08-29 09:46:19
ORD-5732,SEL-001,CUST-0401,PROD-095,2,2044.18,4088.36,COMPLETED,2026-08-29 09:54:57
ORD-5733,SEL-001,CUST-0325,PROD-075,1,1587.38,1587.38,COMPLETED,2026-08-29 10:03:30
ORD-5734,SEL-001,CUST-0351,PROD-034,1,2528.97,2528.97,COMPLETED,2026-08-29 10:11:58
ORD-5735,SEL-001,CUST-0014,PROD-071,1,1387.9,1387.9,COMPLETED,2026-08-29 10:20:16
ORD-5736,SEL-001,CUST-0411,PROD-009,1,2043.17,2043.17,COMPLETED,2026-08-29 10:29:10
ORD-5737,SEL-001,CUST-0480,PROD-035,1,4385.74,4385.74,COMPLETED,2026-08-29 10:37:45
ORD-5738,SEL-001,CUST-0449,PROD-062,1,4455.47,4455.47,COMPLETED,2026-08-29 10:45:59
ORD-5739,SEL-001,CUST-0118,PROD-039,1,2878.71,2878.71,COMPLETED,2026-08-29 10:54:40
ORD-5740,SEL-001,CUST-0034,PROD-047,1,1239.36,1239.36,COMPLETED,2026-08-29 11:03:03
ORD-5741,SEL-001,CUST-0043,PROD-062,1,4455.47,4455.47,COMPLETED,2026-08-29 11:11:50
ORD-5742,SEL-001,CUST-0184,PROD-034,1,2528.97,2528.97,COMPLETED,2026-08-29 11:20:04
ORD-5743,SEL-001,CUST-0265,PROD-041,1,2703.75,2703.75,COMPLETED,2026-08-29 11:28:48
ORD-5744,SEL-001,CUST-0005,PROD-075,1,1587.38,1587.38,COMPLETED,2026-08-29 11:37:26
ORD-5745,SEL-001,CUST-0334,PROD-013,1,362.78,362.78,COMPLETED,2026-08-29 11:45:51
ORD-5746,SEL-001,CUST-0412,PROD-007,1,4041.76,4041.76,COMPLETED,2026-08-29 11:54:24
ORD-5747,SEL-001,CUST-0246,PROD-011,1,1179.21,1179.21,COMPLETED,2026-08-29 12:02:57
ORD-5748,SEL-001,CUST-0048,PROD-033,1,3351.36,3351.36,COMPLETED,2026-08-29 12:11:22
ORD-5749,SEL-001,CUST-0088,PROD-002,1,356.3,356.3,COMPLETED,2026-08-29 12:19:57
ORD-5750,SEL-001,CUST-0234,PROD-079,1,2200.12,2200.12,COMPLETED,2026-08-29 12:28:33
ORD-5751,SEL-001,CUST-0217,PROD-043,1,444.75,444.75,COMPLETED,2026-08-29 12:36:58
ORD-5752,SEL-001,CUST-0329,PROD-001,1,2967.56,2967.56,COMPLETED,2026-08-29 12:45:33
ORD-5753,SEL-001,CUST-0337,PROD-093,1,2916.65,2916.65,COMPLETED,2026-08-29 12:54:10
ORD-5754,SEL-001,CUST-0362,PROD-002,1,356.3,356.3,COMPLETED,2026-08-29 13:02:29
ORD-5755,SEL-001,CUST-0028,PROD-065,1,3159.61,3159.61,COMPLETED,2026-08-29 13:11:02
ORD-5756,SEL-001,CUST-0354,PROD-090,1,636.37,636.37,COMPLETED,2026-08-29 13:19:48
ORD-5757,SEL-001,CUST-0071,PROD-095,1,2044.18,2044.18,COMPLETED,2026-08-29 13:28:26
ORD-5758,SEL-001,CUST-0014,PROD-062,1,4455.47,4455.47,COMPLETED,2026-08-29 13:36:36
ORD-5759,SEL-001,CUST-0164,PROD-073,1,4257.37,4257.37,COMPLETED,2026-08-29 13:45:12
ORD-5760,SEL-001,CUST-0206,PROD-032,1,3680.3,3680.3,COMPLETED,2026-08-29 13:54:03
ORD-5761,SEL-001,CUST-0066,PROD-018,1,1186.87,1186.87,COMPLETED,2026-08-29 14:02:13
ORD-5762,SEL-001,CUST-0119,PROD-076,1,3035.61,3035.61,COMPLETED,2026-08-29 14:10:51
ORD-5763,SEL-001,CUST-0191,PROD-084,1,2734.49,2734.49,COMPLETED,2026-08-29 14:19:14
ORD-5764,SEL-001,CUST-0315,PROD-010,1,376.64,376.64,COMPLETED,2026-08-29 14:28:08
ORD-5765,SEL-001,CUST-0158,PROD-074,1,3974.56,3974.56,COMPLETED,2026-08-29 14:36:34
ORD-5766,SEL-001,CUST-0187,PROD-049,2,1431.39,2862.78,COMPLETED,2026-08-29 14:44:54
ORD-5767,SEL-001,CUST-0082,PROD-077,1,1931.44,1931.44,COMPLETED,2026-08-29 14:53:27
ORD-5768,SEL-001,CUST-0348,P17,1,1100.0,1100.0,COMPLETED,2026-08-29 15:02:06
ORD-5769,SEL-001,CUST-0153,PROD-039,1,2878.71,2878.71,COMPLETED,2026-08-29 15:10:37
ORD-5770,SEL-001,CUST-0089,PROD-066,1,3832.12,3832.12,COMPLETED,2026-08-29 15:18:57
ORD-5771,SEL-001,CUST-0382,PROD-075,2,1587.38,3174.76,COMPLETED,2026-08-29 15:27:34
ORD-5772,SEL-001,CUST-0233,PROD-061,1,1862.69,1862.69,COMPLETED,2026-08-29 15:36:25
ORD-5773,SEL-001,CUST-0142,PROD-071,1,1387.9,1387.9,COMPLETED,2026-08-29 15:44:40
ORD-5774,SEL-001,CUST-0242,PROD-046,1,589.12,589.12,COMPLETED,2026-08-29 15:53:24
ORD-5775,SEL-001,CUST-0353,PROD-050,2,2951.66,5903.32,COMPLETED,2026-08-29 16:01:47
ORD-5776,SEL-001,CUST-0171,PROD-009,1,2043.17,2043.17,COMPLETED,2026-08-29 16:10:35
ORD-5777,SEL-001,CUST-0492,PROD-032,2,3680.3,7360.6,COMPLETED,2026-08-29 16:18:53
ORD-5778,SEL-001,CUST-0470,PROD-039,1,2878.71,2878.71,COMPLETED,2026-08-29 16:27:32
ORD-5779,SEL-001,CUST-0113,PROD-075,1,1587.38,1587.38,COMPLETED,2026-08-29 16:35:56
ORD-5780,SEL-001,CUST-0227,PROD-035,2,4385.74,8771.48,COMPLETED,2026-08-29 16:44:45
ORD-5781,SEL-001,CUST-0163,PROD-044,1,1218.57,1218.57,COMPLETED,2026-08-29 16:53:12
ORD-5782,SEL-001,CUST-0359,P17,1,1100.0,1100.0,COMPLETED,2026-08-29 17:01:43
ORD-5783,SEL-001,CUST-0283,PROD-096,1,519.99,519.99,COMPLETED,2026-08-29 17:10:12
ORD-5784,SEL-001,CUST-0467,PROD-050,1,2951.66,2951.66,COMPLETED,2026-08-29 17:18:54
ORD-5785,SEL-001,CUST-0053,PROD-011,1,1179.21,1179.21,COMPLETED,2026-08-29 17:27:07
ORD-5786,SEL-001,CUST-0358,PROD-026,1,4318.16,4318.16,COMPLETED,2026-08-29 17:35:50
ORD-5787,SEL-001,CUST-0166,PROD-085,1,4065.75,4065.75,COMPLETED,2026-08-29 17:44:09
ORD-5788,SEL-001,CUST-0384,PROD-086,1,1947.45,1947.45,COMPLETED,2026-08-29 17:52:50
ORD-5789,SEL-001,CUST-0202,PROD-019,1,2754.38,2754.38,COMPLETED,2026-08-29 18:01:09
ORD-5790,SEL-001,CUST-0122,PROD-097,2,1871.88,3743.76,COMPLETED,2026-08-29 18:09:58
ORD-5791,SEL-001,CUST-0040,PROD-046,2,589.12,1178.24,COMPLETED,2026-08-29 18:18:31
ORD-5792,SEL-001,CUST-0043,PROD-066,1,3832.12,3832.12,COMPLETED,2026-08-29 18:26:58
ORD-5793,SEL-001,CUST-0015,PROD-064,1,2617.04,2617.04,COMPLETED,2026-08-29 18:35:16
ORD-5794,SEL-001,CUST-0031,PROD-022,1,3674.73,3674.73,COMPLETED,2026-08-29 18:43:58
ORD-5795,SEL-001,CUST-0049,PROD-079,1,2200.12,2200.12,COMPLETED,2026-08-29 18:52:48
ORD-5796,SEL-001,CUST-0463,PROD-072,2,1146.68,2293.36,COMPLETED,2026-08-29 19:01:07
ORD-5797,SEL-001,CUST-0294,P17,2,1100.0,2200.0,COMPLETED,2026-08-29 19:09:30
ORD-5798,SEL-001,CUST-0402,PROD-099,1,2498.74,2498.74,COMPLETED,2026-08-29 19:18:06
ORD-5799,SEL-001,CUST-0095,PROD-036,1,1858.77,1858.77,COMPLETED,2026-08-29 19:26:38
ORD-5800,SEL-001,CUST-0325,PROD-090,1,636.37,636.37,COMPLETED,2026-08-29 19:35:24
ORD-5801,SEL-001,CUST-0470,PROD-077,1,1931.44,1931.44,COMPLETED,2026-08-29 19:43:36
ORD-5802,SEL-001,CUST-0300,PROD-076,1,3035.61,3035.61,COMPLETED,2026-08-29 19:52:31
ORD-5803,SEL-001,CUST-0203,PROD-034,1,2528.97,2528.97,COMPLETED,2026-08-29 20:00:40
ORD-5804,SEL-001,CUST-0057,PROD-053,1,1140.4,1140.4,COMPLETED,2026-08-29 20:09:28
ORD-5805,SEL-001,CUST-0291,PROD-080,1,1375.74,1375.74,COMPLETED,2026-08-29 20:17:48
ORD-5806,SEL-001,CUST-0211,PROD-071,1,1387.9,1387.9,COMPLETED,2026-08-29 20:26:11
ORD-5807,SEL-001,CUST-0057,P17,2,1100.0,2200.0,COMPLETED,2026-08-29 20:35:02
ORD-5808,SEL-001,CUST-0403,PROD-004,1,1198.65,1198.65,COMPLETED,2026-08-29 20:43:26
ORD-5809,SEL-001,CUST-0291,PROD-094,1,3616.34,3616.34,COMPLETED,2026-08-29 20:51:54
ORD-5810,SEL-001,CUST-0100,PROD-035,2,4385.74,8771.48,COMPLETED,2026-08-29 21:00:21
ORD-5811,SEL-001,CUST-0341,PROD-062,1,4455.47,4455.47,COMPLETED,2026-08-29 21:09:20
ORD-5812,SEL-001,CUST-0141,PROD-013,1,362.78,362.78,COMPLETED,2026-08-29 21:17:44
ORD-5813,SEL-001,CUST-0409,PROD-012,1,2397.76,2397.76,COMPLETED,2026-08-29 21:26:12
ORD-5814,SEL-001,CUST-0223,PROD-028,1,644.17,644.17,COMPLETED,2026-08-29 21:34:54
ORD-5815,SEL-001,CUST-0279,PROD-052,1,1823.27,1823.27,COMPLETED,2026-08-29 21:43:28
ORD-5816,SEL-001,CUST-0364,PROD-085,1,4065.75,4065.75,COMPLETED,2026-08-29 21:51:51
ORD-5817,SEL-001,CUST-0160,PROD-021,2,277.62,555.24,COMPLETED,2026-08-29 22:00:30
ORD-5818,SEL-001,CUST-0288,PROD-054,2,1384.66,2769.32,COMPLETED,2026-08-29 22:08:51
ORD-5819,SEL-001,CUST-0469,PROD-005,1,3380.0,3380.0,COMPLETED,2026-08-29 22:17:19
ORD-5820,SEL-001,CUST-0309,P17,1,1100.0,1100.0,COMPLETED,2026-08-29 22:25:58
ORD-5821,SEL-001,CUST-0395,PROD-065,2,3159.61,6319.22,COMPLETED,2026-08-29 22:34:38
ORD-5822,SEL-001,CUST-0284,PROD-020,2,3690.08,7380.16,COMPLETED,2026-08-29 22:42:52
ORD-5823,SEL-001,CUST-0039,PROD-090,1,636.37,636.37,COMPLETED,2026-08-29 22:51:21
ORD-5824,SEL-001,CUST-0249,PROD-076,1,3035.61,3035.61,COMPLETED,2026-08-29 22:59:50
ORD-5825,SEL-001,CUST-0031,PROD-062,1,4455.47,4455.47,COMPLETED,2026-08-29 23:08:32
ORD-5826,SEL-001,CUST-0405,PROD-027,2,1680.53,3361.06,COMPLETED,2026-08-29 23:16:54
ORD-5827,SEL-001,CUST-0299,PROD-003,2,1418.87,2837.74,COMPLETED,2026-08-29 23:25:27
ORD-5828,SEL-001,CUST-0343,PROD-021,2,277.62,555.24,COMPLETED,2026-08-29 23:34:10
ORD-5829,SEL-001,CUST-0336,PROD-012,1,2397.76,2397.76,COMPLETED,2026-08-29 23:42:53
ORD-5830,SEL-001,CUST-0436,PROD-041,1,2703.75,2703.75,COMPLETED,2026-08-29 23:51:14
ORD-5831,SEL-001,CUST-0039,PROD-078,1,4136.83,4136.83,COMPLETED,2026-08-29 23:59:54
ORD-5832,SEL-001,CUST-0262,PROD-049,1,1431.39,1431.39,COMPLETED,2026-08-30 00:08:31
ORD-5833,SEL-001,CUST-0037,PROD-011,1,1179.21,1179.21,COMPLETED,2026-08-30 00:16:55
ORD-5834,SEL-001,CUST-0315,PROD-085,2,4065.75,8131.5,COMPLETED,2026-08-30 00:25:17
ORD-5835,SEL-001,CUST-0147,PROD-083,1,1366.65,1366.65,COMPLETED,2026-08-30 00:33:58
ORD-5836,SEL-001,CUST-0025,PROD-031,1,2815.84,2815.84,COMPLETED,2026-08-30 00:42:40
ORD-5837,SEL-001,CUST-0027,PROD-085,1,4065.75,4065.75,COMPLETED,2026-08-30 00:50:54
ORD-5838,SEL-001,CUST-0035,PROD-033,1,3351.36,3351.36,COMPLETED,2026-08-30 00:59:28
ORD-5839,SEL-001,CUST-0090,PROD-064,1,2617.04,2617.04,COMPLETED,2026-08-30 01:07:58
ORD-5840,SEL-001,CUST-0072,PROD-037,1,2596.17,2596.17,COMPLETED,2026-08-30 01:16:20
ORD-5841,SEL-001,CUST-0363,PROD-070,1,1590.68,1590.68,COMPLETED,2026-08-30 01:25:21
ORD-5842,SEL-001,CUST-0270,PROD-046,1,589.12,589.12,COMPLETED,2026-08-30 01:33:40
ORD-5843,SEL-001,CUST-0292,PROD-077,1,1931.44,1931.44,COMPLETED,2026-08-30 01:42:12
ORD-5844,SEL-001,CUST-0055,PROD-081,1,1298.17,1298.17,COMPLETED,2026-08-30 01:50:39
ORD-5845,SEL-001,CUST-0179,PROD-052,1,1823.27,1823.27,COMPLETED,2026-08-30 01:59:14
ORD-5846,SEL-001,CUST-0152,PROD-024,1,1696.06,1696.06,COMPLETED,2026-08-30 02:07:49
ORD-5847,SEL-001,CUST-0080,PROD-018,1,1186.87,1186.87,COMPLETED,2026-08-30 02:16:19
ORD-5848,SEL-001,CUST-0014,PROD-002,1,356.3,356.3,COMPLETED,2026-08-30 02:24:48
ORD-5849,SEL-001,CUST-0151,PROD-084,2,2734.49,5468.98,COMPLETED,2026-08-30 02:33:11
ORD-5850,SEL-001,CUST-0003,PROD-049,1,1431.39,1431.39,COMPLETED,2026-08-30 02:41:48
ORD-5851,SEL-001,CUST-0441,PROD-006,1,3125.97,3125.97,COMPLETED,2026-08-30 02:50:26
ORD-5852,SEL-001,CUST-0414,PROD-001,1,2967.56,2967.56,COMPLETED,2026-08-30 02:59:09
ORD-5853,SEL-001,CUST-0211,PROD-077,1,1931.44,1931.44,COMPLETED,2026-08-30 03:07:43
ORD-5854,SEL-001,CUST-0389,PROD-018,1,1186.87,1186.87,COMPLETED,2026-08-30 03:16:14
ORD-5855,SEL-001,CUST-0369,PROD-045,2,1479.9,2959.8,COMPLETED,2026-08-30 03:24:37
ORD-5856,SEL-001,CUST-0118,PROD-019,1,2754.38,2754.38,COMPLETED,2026-08-30 03:32:57
ORD-5857,SEL-001,CUST-0007,PROD-061,1,1862.69,1862.69,COMPLETED,2026-08-30 03:41:34
ORD-5858,SEL-001,CUST-0184,PROD-076,1,3035.61,3035.61,COMPLETED,2026-08-30 03:50:03
ORD-5859,SEL-001,CUST-0048,P17,1,1100.0,1100.0,COMPLETED,2026-08-30 03:58:37
ORD-5860,SEL-001,CUST-0411,PROD-048,2,679.26,1358.52,COMPLETED,2026-08-30 04:07:20
ORD-5861,SEL-001,CUST-0480,PROD-086,1,1947.45,1947.45,COMPLETED,2026-08-30 04:15:36
ORD-5862,SEL-001,CUST-0161,PROD-100,2,4377.08,8754.16,COMPLETED,2026-08-30 04:24:29
ORD-5863,SEL-001,CUST-0393,PROD-076,1,3035.61,3035.61,COMPLETED,2026-08-30 04:32:42
ORD-5864,SEL-001,CUST-0476,PROD-016,1,2566.0,2566.0,COMPLETED,2026-08-30 04:41:34
ORD-5865,SEL-001,CUST-0490,PROD-006,1,3125.97,3125.97,COMPLETED,2026-08-30 04:49:52
ORD-5866,SEL-001,CUST-0015,PROD-070,1,1590.68,1590.68,COMPLETED,2026-08-30 04:58:20
ORD-5867,SEL-001,CUST-0154,PROD-037,2,2596.17,5192.34,COMPLETED,2026-08-30 05:07:13
ORD-5868,SEL-001,CUST-0125,PROD-079,1,2200.12,2200.12,COMPLETED,2026-08-30 05:15:28
ORD-5869,SEL-001,CUST-0391,PROD-013,2,362.78,725.56,COMPLETED,2026-08-30 05:24:15
ORD-5870,SEL-001,CUST-0285,PROD-059,1,3348.79,3348.79,COMPLETED,2026-08-30 05:32:37
ORD-5871,SEL-001,CUST-0282,P17,1,1100.0,1100.0,COMPLETED,2026-08-30 05:40:58
ORD-5872,SEL-001,CUST-0475,PROD-003,1,1418.87,1418.87,COMPLETED,2026-08-30 05:49:43
ORD-5873,SEL-001,CUST-0468,PROD-091,2,450.24,900.48,COMPLETED,2026-08-30 05:58:13
ORD-5874,SEL-001,CUST-0238,PROD-099,1,2498.74,2498.74,COMPLETED,2026-08-30 06:06:37
ORD-5875,SEL-001,CUST-0422,PROD-093,2,2916.65,5833.3,COMPLETED,2026-08-30 06:15:09
ORD-5876,SEL-001,CUST-0470,PROD-093,1,2916.65,2916.65,COMPLETED,2026-08-30 06:24:03
ORD-5877,SEL-001,CUST-0417,PROD-042,2,3244.43,6488.86,COMPLETED,2026-08-30 06:32:16
ORD-5878,SEL-001,CUST-0191,PROD-040,1,3912.25,3912.25,COMPLETED,2026-08-30 06:41:03
ORD-5879,SEL-001,CUST-0459,PROD-054,1,1384.66,1384.66,COMPLETED,2026-08-30 06:49:28
ORD-5880,SEL-001,CUST-0026,PROD-046,2,589.12,1178.24,COMPLETED,2026-08-30 06:58:02
ORD-5881,SEL-001,CUST-0279,PROD-049,1,1431.39,1431.39,COMPLETED,2026-08-30 07:06:39
ORD-5882,SEL-001,CUST-0216,PROD-030,1,3851.85,3851.85,COMPLETED,2026-08-30 07:14:56
ORD-5883,SEL-001,CUST-0458,PROD-052,1,1823.27,1823.27,COMPLETED,2026-08-30 07:23:32
ORD-5884,SEL-001,CUST-0475,PROD-085,1,4065.75,4065.75,COMPLETED,2026-08-30 07:31:52
ORD-5885,SEL-001,CUST-0283,PROD-046,1,589.12,589.12,COMPLETED,2026-08-30 07:40:50
ORD-5886,SEL-001,CUST-0205,PROD-021,1,277.62,277.62,COMPLETED,2026-08-30 07:49:17
ORD-5887,SEL-001,CUST-0138,PROD-100,1,4377.08,4377.08,COMPLETED,2026-08-30 07:57:35
ORD-5888,SEL-001,CUST-0166,PROD-002,1,356.3,356.3,COMPLETED,2026-08-30 08:06:03
ORD-5889,SEL-001,CUST-0381,PROD-033,1,3351.36,3351.36,COMPLETED,2026-08-30 08:14:38
ORD-5890,SEL-001,CUST-0393,P17,1,1100.0,1100.0,COMPLETED,2026-08-30 08:23:03
ORD-5891,SEL-001,CUST-0057,PROD-044,1,1218.57,1218.57,COMPLETED,2026-08-30 08:31:44
ORD-5892,SEL-001,CUST-0056,PROD-044,1,1218.57,1218.57,COMPLETED,2026-08-30 08:40:26
ORD-5893,SEL-001,CUST-0300,PROD-050,1,2951.66,2951.66,COMPLETED,2026-08-30 08:49:09
ORD-5894,SEL-001,CUST-0194,P17,1,1100.0,1100.0,COMPLETED,2026-08-30 08:57:36
ORD-5895,SEL-001,CUST-0123,PROD-028,1,644.17,644.17,COMPLETED,2026-08-30 09:05:44
ORD-5896,SEL-001,CUST-0174,PROD-038,1,3774.97,3774.97,COMPLETED,2026-08-30 09:14:40
ORD-5897,SEL-001,CUST-0043,PROD-069,2,386.43,772.86,COMPLETED,2026-08-30 09:23:14
ORD-5898,SEL-001,CUST-0116,PROD-003,2,1418.87,2837.74,COMPLETED,2026-08-30 09:31:31
ORD-5899,SEL-001,CUST-0201,PROD-089,1,2415.49,2415.49,COMPLETED,2026-08-30 09:40:04
ORD-5900,SEL-001,CUST-0051,PROD-021,1,277.62,277.62,COMPLETED,2026-08-30 09:48:28
ORD-5901,SEL-001,CUST-0155,PROD-060,1,944.46,944.46,COMPLETED,2026-08-30 09:56:55
ORD-5902,SEL-001,CUST-0062,PROD-031,1,2815.84,2815.84,COMPLETED,2026-08-30 10:05:55
ORD-5903,SEL-001,CUST-0310,PROD-001,1,2967.56,2967.56,COMPLETED,2026-08-30 10:14:11
ORD-5904,SEL-001,CUST-0182,PROD-028,1,644.17,644.17,COMPLETED,2026-08-30 10:22:57
ORD-5905,SEL-001,CUST-0257,PROD-069,1,386.43,386.43,COMPLETED,2026-08-30 10:31:08
ORD-5906,SEL-001,CUST-0095,PROD-054,1,1384.66,1384.66,COMPLETED,2026-08-30 10:39:35
ORD-5907,SEL-001,CUST-0296,PROD-032,1,3680.3,3680.3,COMPLETED,2026-08-30 10:48:10
ORD-5908,SEL-001,CUST-0310,PROD-078,1,4136.83,4136.83,COMPLETED,2026-08-30 10:56:54
ORD-5909,SEL-001,CUST-0095,PROD-083,1,1366.65,1366.65,COMPLETED,2026-08-30 11:05:11
ORD-5910,SEL-001,CUST-0095,PROD-049,1,1431.39,1431.39,COMPLETED,2026-08-30 11:13:48
ORD-5911,SEL-001,CUST-0253,PROD-095,1,2044.18,2044.18,COMPLETED,2026-08-30 11:22:38
ORD-5912,SEL-001,CUST-0002,PROD-075,2,1587.38,3174.76,COMPLETED,2026-08-30 11:30:57
ORD-5913,SEL-001,CUST-0117,P17,1,1100.0,1100.0,COMPLETED,2026-08-30 11:39:24
ORD-5914,SEL-001,CUST-0112,PROD-030,1,3851.85,3851.85,COMPLETED,2026-08-30 11:48:17
ORD-5915,SEL-001,CUST-0240,PROD-069,1,386.43,386.43,COMPLETED,2026-08-30 11:56:44
ORD-5916,SEL-001,CUST-0149,PROD-037,1,2596.17,2596.17,COMPLETED,2026-08-30 12:05:08
ORD-5917,SEL-001,CUST-0379,PROD-038,2,3774.97,7549.94,COMPLETED,2026-08-30 12:13:53
ORD-5918,SEL-001,CUST-0315,PROD-014,2,1095.06,2190.12,COMPLETED,2026-08-30 12:22:21
ORD-5919,SEL-001,CUST-0220,PROD-092,1,716.01,716.01,COMPLETED,2026-08-30 12:30:47
ORD-5920,SEL-001,CUST-0338,PROD-098,1,4483.52,4483.52,COMPLETED,2026-08-30 12:39:09
ORD-5921,SEL-001,CUST-0295,PROD-012,1,2397.76,2397.76,COMPLETED,2026-08-30 12:48:01
ORD-5922,SEL-001,CUST-0281,PROD-085,1,4065.75,4065.75,COMPLETED,2026-08-30 12:56:23
ORD-5923,SEL-001,CUST-0080,PROD-009,1,2043.17,2043.17,COMPLETED,2026-08-30 13:04:41
ORD-5924,SEL-001,CUST-0281,PROD-057,1,2838.81,2838.81,COMPLETED,2026-08-30 13:13:32
ORD-5925,SEL-001,CUST-0324,PROD-043,1,444.75,444.75,COMPLETED,2026-08-30 13:21:59
ORD-5926,SEL-001,CUST-0249,PROD-046,1,589.12,589.12,COMPLETED,2026-08-30 13:30:37
ORD-5927,SEL-001,CUST-0194,PROD-067,1,3548.0,3548.0,COMPLETED,2026-08-30 13:38:52
ORD-5928,SEL-001,CUST-0213,PROD-064,1,2617.04,2617.04,COMPLETED,2026-08-30 13:47:31
ORD-5929,SEL-001,CUST-0311,PROD-003,1,1418.87,1418.87,COMPLETED,2026-08-30 13:55:56
ORD-5930,SEL-001,CUST-0233,PROD-099,2,2498.74,4997.48,COMPLETED,2026-08-30 14:04:31
ORD-5931,SEL-001,CUST-0290,PROD-020,2,3690.08,7380.16,COMPLETED,2026-08-30 14:13:14
ORD-5932,SEL-001,CUST-0107,PROD-056,1,3004.15,3004.15,COMPLETED,2026-08-30 14:21:31
ORD-5933,SEL-001,CUST-0436,PROD-079,1,2200.12,2200.12,COMPLETED,2026-08-30 14:30:17
ORD-5934,SEL-001,CUST-0494,PROD-034,1,2528.97,2528.97,COMPLETED,2026-08-30 14:38:57
ORD-5935,SEL-001,CUST-0411,PROD-053,1,1140.4,1140.4,COMPLETED,2026-08-30 14:47:11
ORD-5936,SEL-001,CUST-0459,PROD-068,1,1223.45,1223.45,COMPLETED,2026-08-30 14:55:47
ORD-5937,SEL-001,CUST-0141,PROD-004,1,1198.65,1198.65,COMPLETED,2026-08-30 15:04:33
ORD-5938,SEL-001,CUST-0359,PROD-038,1,3774.97,3774.97,COMPLETED,2026-08-30 15:12:46
ORD-5939,SEL-001,CUST-0449,PROD-048,1,679.26,679.26,COMPLETED,2026-08-30 15:21:38
ORD-5940,SEL-001,CUST-0144,PROD-045,1,1479.9,1479.9,COMPLETED,2026-08-30 15:29:50
ORD-5941,SEL-001,CUST-0251,PROD-047,1,1239.36,1239.36,COMPLETED,2026-08-30 15:38:24
ORD-5942,SEL-001,CUST-0198,PROD-053,1,1140.4,1140.4,COMPLETED,2026-08-30 15:47:13
ORD-5943,SEL-001,CUST-0302,PROD-022,1,3674.73,3674.73,COMPLETED,2026-08-30 15:55:30
ORD-5944,SEL-001,CUST-0363,PROD-016,1,2566.0,2566.0,COMPLETED,2026-08-30 16:04:02
ORD-5945,SEL-001,CUST-0162,P17,1,1100.0,1100.0,COMPLETED,2026-08-30 16:12:29
ORD-5946,SEL-001,CUST-0215,PROD-069,2,386.43,772.86,COMPLETED,2026-08-30 16:21:15
ORD-5947,SEL-001,CUST-0420,PROD-054,1,1384.66,1384.66,COMPLETED,2026-08-30 16:29:33
ORD-5948,SEL-001,CUST-0214,PROD-023,1,3217.09,3217.09,COMPLETED,2026-08-30 16:38:29
ORD-5949,SEL-001,CUST-0360,P17,1,1100.0,1100.0,COMPLETED,2026-08-30 16:46:43
ORD-5950,SEL-001,CUST-0351,PROD-018,1,1186.87,1186.87,COMPLETED,2026-08-30 16:55:13
ORD-5951,SEL-001,CUST-0224,PROD-085,1,4065.75,4065.75,COMPLETED,2026-08-30 17:03:46
ORD-5952,SEL-001,CUST-0458,PROD-071,2,1387.9,2775.8,COMPLETED,2026-08-30 17:12:18
ORD-5953,SEL-001,CUST-0359,PROD-090,1,636.37,636.37,COMPLETED,2026-08-30 17:21:09
ORD-5954,SEL-001,CUST-0371,PROD-018,1,1186.87,1186.87,COMPLETED,2026-08-30 17:29:29
ORD-5955,SEL-001,CUST-0358,PROD-059,1,3348.79,3348.79,COMPLETED,2026-08-30 17:37:55
ORD-5956,SEL-001,CUST-0272,PROD-038,1,3774.97,3774.97,COMPLETED,2026-08-30 17:46:37
ORD-5957,SEL-001,CUST-0484,PROD-019,1,2754.38,2754.38,COMPLETED,2026-08-30 17:55:20
ORD-5958,SEL-001,CUST-0375,PROD-089,1,2415.49,2415.49,COMPLETED,2026-08-30 18:03:42
ORD-5959,SEL-001,CUST-0139,PROD-092,2,716.01,1432.02,COMPLETED,2026-08-30 18:12:16
ORD-5960,SEL-001,CUST-0374,PROD-051,1,1800.54,1800.54,COMPLETED,2026-08-30 18:20:50
ORD-5961,SEL-001,CUST-0072,PROD-067,1,3548.0,3548.0,COMPLETED,2026-08-30 18:29:19
ORD-5962,SEL-001,CUST-0407,PROD-004,1,1198.65,1198.65,COMPLETED,2026-08-30 18:37:58
ORD-5963,SEL-001,CUST-0455,PROD-067,1,3548.0,3548.0,COMPLETED,2026-08-30 18:46:30
ORD-5964,SEL-001,CUST-0199,PROD-099,2,2498.74,4997.48,COMPLETED,2026-08-30 18:54:38
ORD-5965,SEL-001,CUST-0386,PROD-058,1,977.34,977.34,COMPLETED,2026-08-30 19:03:12
ORD-5966,SEL-001,CUST-0405,PROD-089,1,2415.49,2415.49,COMPLETED,2026-08-30 19:12:08
ORD-5967,SEL-001,CUST-0379,PROD-090,1,636.37,636.37,COMPLETED,2026-08-30 19:20:33
ORD-5968,SEL-001,CUST-0311,PROD-056,2,3004.15,6008.3,COMPLETED,2026-08-30 19:28:50
ORD-5969,SEL-001,CUST-0288,PROD-054,1,1384.66,1384.66,COMPLETED,2026-08-30 19:37:14
ORD-5970,SEL-001,CUST-0059,PROD-019,1,2754.38,2754.38,COMPLETED,2026-08-30 19:45:47
ORD-5971,SEL-001,CUST-0048,PROD-028,1,644.17,644.17,COMPLETED,2026-08-30 19:54:45
ORD-5972,SEL-001,CUST-0448,P17,1,1100.0,1100.0,COMPLETED,2026-08-30 20:03:18
ORD-5973,SEL-001,CUST-0057,PROD-068,1,1223.45,1223.45,COMPLETED,2026-08-30 20:11:34
ORD-5974,SEL-001,CUST-0031,PROD-007,1,4041.76,4041.76,COMPLETED,2026-08-30 20:20:15
ORD-5975,SEL-001,CUST-0296,PROD-094,1,3616.34,3616.34,COMPLETED,2026-08-30 20:28:43
ORD-5976,SEL-001,CUST-0035,PROD-008,1,619.49,619.49,COMPLETED,2026-08-30 20:37:19
ORD-5977,SEL-001,CUST-0198,PROD-044,1,1218.57,1218.57,COMPLETED,2026-08-30 20:45:43
ORD-5978,SEL-001,CUST-0098,PROD-084,1,2734.49,2734.49,COMPLETED,2026-08-30 20:54:13
ORD-5979,SEL-001,CUST-0245,PROD-041,1,2703.75,2703.75,COMPLETED,2026-08-30 21:02:41
ORD-5980,SEL-001,CUST-0320,PROD-014,2,1095.06,2190.12,COMPLETED,2026-08-30 21:11:08
ORD-5981,SEL-001,CUST-0196,PROD-015,1,3012.01,3012.01,COMPLETED,2026-08-30 21:19:49
ORD-5982,SEL-001,CUST-0135,P17,2,1100.0,2200.0,COMPLETED,2026-08-30 21:28:28
ORD-5983,SEL-001,CUST-0455,PROD-085,1,4065.75,4065.75,COMPLETED,2026-08-30 21:36:47
ORD-5984,SEL-001,CUST-0356,PROD-091,1,450.24,450.24,COMPLETED,2026-08-30 21:45:31
ORD-5985,SEL-001,CUST-0048,PROD-067,2,3548.0,7096.0,COMPLETED,2026-08-30 21:54:00
ORD-5986,SEL-001,CUST-0265,PROD-015,1,3012.01,3012.01,COMPLETED,2026-08-30 22:02:44
ORD-5987,SEL-001,CUST-0426,PROD-046,1,589.12,589.12,COMPLETED,2026-08-30 22:11:17
ORD-5988,SEL-001,CUST-0340,PROD-053,1,1140.4,1140.4,COMPLETED,2026-08-30 22:19:29
ORD-5989,SEL-001,CUST-0165,PROD-043,2,444.75,889.5,COMPLETED,2026-08-30 22:28:18
ORD-5990,SEL-001,CUST-0098,PROD-083,1,1366.65,1366.65,COMPLETED,2026-08-30 22:36:38
ORD-5991,SEL-001,CUST-0168,PROD-020,1,3690.08,3690.08,COMPLETED,2026-08-30 22:45:12
ORD-5992,SEL-001,CUST-0123,PROD-075,1,1587.38,1587.38,COMPLETED,2026-08-30 22:54:01
ORD-5993,SEL-001,CUST-0084,PROD-050,1,2951.66,2951.66,COMPLETED,2026-08-30 23:02:19
ORD-5994,SEL-001,CUST-0464,PROD-062,1,4455.47,4455.47,COMPLETED,2026-08-30 23:10:49
ORD-5995,SEL-001,CUST-0170,PROD-035,2,4385.74,8771.48,COMPLETED,2026-08-30 23:19:29
ORD-5996,SEL-001,CUST-0310,PROD-001,1,2967.56,2967.56,COMPLETED,2026-08-30 23:27:55
ORD-5997,SEL-001,CUST-0078,PROD-044,1,1218.57,1218.57,COMPLETED,2026-08-30 23:36:12
ORD-5998,SEL-001,CUST-0092,PROD-050,1,2951.66,2951.66,COMPLETED,2026-08-30 23:44:58
ORD-5999,SEL-001,CUST-0114,PROD-009,1,2043.17,2043.17,COMPLETED,2026-08-30 23:53:36
ORD-6000,SEL-001,CUST-0032,P17,2,1100.0,2200.0,COMPLETED,2026-08-31 00:02:10
ORD-6001,SEL-001,CUST-0219,PROD-031,1,2815.84,2815.84,COMPLETED,2026-08-31 00:10:29
ORD-6002,SEL-001,CUST-0098,PROD-001,1,2967.56,2967.56,COMPLETED,2026-08-31 00:19:18
ORD-6003,SEL-001,CUST-0065,PROD-002,1,356.3,356.3,COMPLETED,2026-08-31 00:27:39
ORD-6004,SEL-001,CUST-0285,PROD-022,2,3674.73,7349.46,COMPLETED,2026-08-31 00:36:03
ORD-6005,SEL-001,CUST-0234,PROD-097,1,1871.88,1871.88,COMPLETED,2026-08-31 00:44:43
ORD-6006,SEL-001,CUST-0150,P17,1,1100.0,1100.0,COMPLETED,2026-08-31 00:53:16
ORD-6007,SEL-001,CUST-0472,PROD-001,1,2967.56,2967.56,COMPLETED,2026-08-31 01:01:48
ORD-6008,SEL-001,CUST-0465,PROD-010,1,376.64,376.64,COMPLETED,2026-08-31 01:10:18
ORD-6009,SEL-001,CUST-0143,PROD-038,1,3774.97,3774.97,COMPLETED,2026-08-31 01:19:03
ORD-6010,SEL-001,CUST-0348,PROD-045,1,1479.9,1479.9,COMPLETED,2026-08-31 01:27:36
ORD-6011,SEL-001,CUST-0355,PROD-061,1,1862.69,1862.69,COMPLETED,2026-08-31 01:36:06
ORD-6012,SEL-001,CUST-0402,PROD-055,2,4230.78,8461.56,COMPLETED,2026-08-31 01:44:41
ORD-6013,SEL-001,CUST-0324,PROD-049,1,1431.39,1431.39,COMPLETED,2026-08-31 01:53:02
ORD-6014,SEL-001,CUST-0396,PROD-099,1,2498.74,2498.74,COMPLETED,2026-08-31 02:01:27
ORD-6015,SEL-001,CUST-0313,PROD-049,1,1431.39,1431.39,COMPLETED,2026-08-31 02:10:07
ORD-6016,SEL-001,CUST-0399,PROD-003,1,1418.87,1418.87,COMPLETED,2026-08-31 02:18:30
ORD-6017,SEL-001,CUST-0480,PROD-037,2,2596.17,5192.34,COMPLETED,2026-08-31 02:26:58
ORD-6018,SEL-001,CUST-0350,PROD-026,1,4318.16,4318.16,COMPLETED,2026-08-31 02:35:37
ORD-6019,SEL-001,CUST-0356,PROD-012,1,2397.76,2397.76,COMPLETED,2026-08-31 02:44:27
ORD-6020,SEL-001,CUST-0320,PROD-059,1,3348.79,3348.79,COMPLETED,2026-08-31 02:52:36
ORD-6021,SEL-001,CUST-0344,PROD-007,1,4041.76,4041.76,COMPLETED,2026-08-31 03:01:16
ORD-6022,SEL-001,CUST-0328,PROD-011,2,1179.21,2358.42,COMPLETED,2026-08-31 03:09:58
ORD-6023,SEL-001,CUST-0360,PROD-009,1,2043.17,2043.17,COMPLETED,2026-08-31 03:18:28
ORD-6024,SEL-001,CUST-0215,P17,1,1100.0,1100.0,COMPLETED,2026-08-31 03:26:41
ORD-6025,SEL-001,CUST-0287,PROD-027,1,1680.53,1680.53,COMPLETED,2026-08-31 03:35:20
ORD-6026,SEL-001,CUST-0173,PROD-072,2,1146.68,2293.36,COMPLETED,2026-08-31 03:44:10
ORD-6027,SEL-001,CUST-0148,PROD-092,1,716.01,716.01,COMPLETED,2026-08-31 03:52:23
ORD-6028,SEL-001,CUST-0308,PROD-037,1,2596.17,2596.17,COMPLETED,2026-08-31 04:00:47
ORD-6029,SEL-001,CUST-0419,PROD-032,2,3680.3,7360.6,COMPLETED,2026-08-31 04:09:19
ORD-6030,SEL-001,CUST-0212,PROD-050,2,2951.66,5903.32,COMPLETED,2026-08-31 04:18:18
ORD-6031,SEL-001,CUST-0416,PROD-027,1,1680.53,1680.53,COMPLETED,2026-08-31 04:26:28
ORD-6032,SEL-001,CUST-0355,PROD-085,1,4065.75,4065.75,COMPLETED,2026-08-31 04:35:08
ORD-6033,SEL-001,CUST-0266,PROD-051,1,1800.54,1800.54,COMPLETED,2026-08-31 04:43:49
ORD-6034,SEL-001,CUST-0304,PROD-093,1,2916.65,2916.65,COMPLETED,2026-08-31 04:52:25
ORD-6035,SEL-001,CUST-0021,PROD-089,2,2415.49,4830.98,COMPLETED,2026-08-31 05:00:29
ORD-6036,SEL-001,CUST-0011,PROD-086,1,1947.45,1947.45,COMPLETED,2026-08-31 05:09:05
ORD-6037,SEL-001,CUST-0194,PROD-041,1,2703.75,2703.75,COMPLETED,2026-08-31 05:17:56
ORD-6038,SEL-001,CUST-0174,PROD-019,1,2754.38,2754.38,COMPLETED,2026-08-31 05:26:30
ORD-6039,SEL-001,CUST-0334,PROD-008,2,619.49,1238.98,COMPLETED,2026-08-31 05:35:08
ORD-6040,SEL-001,CUST-0121,PROD-054,1,1384.66,1384.66,COMPLETED,2026-08-31 05:43:16
ORD-6041,SEL-001,CUST-0307,PROD-026,1,4318.16,4318.16,COMPLETED,2026-08-31 05:51:54
ORD-6042,SEL-001,CUST-0030,PROD-076,1,3035.61,3035.61,COMPLETED,2026-08-31 06:00:15
ORD-6043,SEL-001,CUST-0121,PROD-057,1,2838.81,2838.81,COMPLETED,2026-08-31 06:09:04
ORD-6044,SEL-001,CUST-0482,PROD-069,2,386.43,772.86,COMPLETED,2026-08-31 06:17:43
ORD-6045,SEL-001,CUST-0486,PROD-090,2,636.37,1272.74,COMPLETED,2026-08-31 06:26:10
ORD-6046,SEL-001,CUST-0451,PROD-097,1,1871.88,1871.88,COMPLETED,2026-08-31 06:34:39
ORD-6047,SEL-001,CUST-0379,PROD-034,1,2528.97,2528.97,COMPLETED,2026-08-31 06:43:13
ORD-6048,SEL-001,CUST-0218,PROD-099,1,2498.74,2498.74,COMPLETED,2026-08-31 06:51:39
ORD-6049,SEL-001,CUST-0330,P17,1,1100.0,1100.0,COMPLETED,2026-08-31 07:00:27
ORD-6050,SEL-001,CUST-0346,PROD-067,1,3548.0,3548.0,COMPLETED,2026-08-31 07:08:34
ORD-6051,SEL-001,CUST-0390,PROD-100,1,4377.08,4377.08,COMPLETED,2026-08-31 07:17:29
ORD-6052,SEL-001,CUST-0394,PROD-001,2,2967.56,5935.12,COMPLETED,2026-08-31 07:25:42
ORD-6053,SEL-001,CUST-0038,PROD-012,1,2397.76,2397.76,COMPLETED,2026-08-31 07:34:13
ORD-6054,SEL-001,CUST-0485,PROD-100,1,4377.08,4377.08,COMPLETED,2026-08-31 07:42:55
ORD-6055,SEL-001,CUST-0104,PROD-080,1,1375.74,1375.74,COMPLETED,2026-08-31 07:51:39
ORD-6056,SEL-001,CUST-0286,PROD-016,1,2566.0,2566.0,COMPLETED,2026-08-31 07:59:45
ORD-6057,SEL-001,CUST-0311,PROD-053,1,1140.4,1140.4,COMPLETED,2026-08-31 08:08:27
ORD-6058,SEL-001,CUST-0388,PROD-052,1,1823.27,1823.27,COMPLETED,2026-08-31 08:16:46
ORD-6059,SEL-001,CUST-0444,PROD-064,1,2617.04,2617.04,COMPLETED,2026-08-31 08:25:41
ORD-6060,SEL-001,CUST-0337,PROD-028,1,644.17,644.17,COMPLETED,2026-08-31 08:33:55
ORD-6061,SEL-001,CUST-0270,PROD-086,1,1947.45,1947.45,COMPLETED,2026-08-31 08:42:40
ORD-6062,SEL-001,CUST-0204,PROD-082,1,2635.81,2635.81,COMPLETED,2026-08-31 08:51:15
ORD-6063,SEL-001,CUST-0304,PROD-055,1,4230.78,4230.78,COMPLETED,2026-08-31 08:59:32
ORD-6064,SEL-001,CUST-0354,PROD-073,1,4257.37,4257.37,COMPLETED,2026-08-31 09:08:25
ORD-6065,SEL-001,CUST-0204,PROD-051,2,1800.54,3601.08,COMPLETED,2026-08-31 09:16:51
ORD-6066,SEL-001,CUST-0282,PROD-078,1,4136.83,4136.83,COMPLETED,2026-08-31 09:25:08
ORD-6067,SEL-001,CUST-0312,P17,1,1100.0,1100.0,COMPLETED,2026-08-31 09:34:05
ORD-6068,SEL-001,CUST-0163,PROD-014,1,1095.06,1095.06,COMPLETED,2026-08-31 09:42:32
ORD-6069,SEL-001,CUST-0246,PROD-056,1,3004.15,3004.15,COMPLETED,2026-08-31 09:50:54
ORD-6070,SEL-001,CUST-0195,PROD-071,1,1387.9,1387.9,COMPLETED,2026-08-31 09:59:26
ORD-6071,SEL-001,CUST-0492,PROD-004,1,1198.65,1198.65,COMPLETED,2026-08-31 10:07:54
ORD-6072,SEL-001,CUST-0364,PROD-038,1,3774.97,3774.97,COMPLETED,2026-08-31 10:16:44
ORD-6073,SEL-001,CUST-0485,PROD-043,1,444.75,444.75,COMPLETED,2026-08-31 10:25:15
ORD-6074,SEL-001,CUST-0036,PROD-018,1,1186.87,1186.87,COMPLETED,2026-08-31 10:33:37
ORD-6075,SEL-001,CUST-0445,PROD-012,1,2397.76,2397.76,COMPLETED,2026-08-31 10:42:02
ORD-6076,SEL-001,CUST-0059,PROD-040,1,3912.25,3912.25,COMPLETED,2026-08-31 10:50:43
ORD-6077,SEL-001,CUST-0334,PROD-006,1,3125.97,3125.97,COMPLETED,2026-08-31 10:59:22
ORD-6078,SEL-001,CUST-0139,PROD-082,1,2635.81,2635.81,COMPLETED,2026-08-31 11:07:35
ORD-6079,SEL-001,CUST-0428,PROD-045,1,1479.9,1479.9,COMPLETED,2026-08-31 11:16:16
ORD-6080,SEL-001,CUST-0120,PROD-100,1,4377.08,4377.08,COMPLETED,2026-08-31 11:24:52
ORD-6081,SEL-001,CUST-0053,PROD-020,1,3690.08,3690.08,COMPLETED,2026-08-31 11:33:07
ORD-6082,SEL-001,CUST-0321,P17,1,1100.0,1100.0,COMPLETED,2026-08-31 11:42:02
ORD-6083,SEL-001,CUST-0206,PROD-077,1,1931.44,1931.44,COMPLETED,2026-08-31 11:50:08
ORD-6084,SEL-001,CUST-0117,PROD-053,1,1140.4,1140.4,COMPLETED,2026-08-31 11:58:45
ORD-6085,SEL-001,CUST-0288,P17,1,1100.0,1100.0,COMPLETED,2026-08-31 12:07:32
ORD-6086,SEL-001,CUST-0488,PROD-026,1,4318.16,4318.16,COMPLETED,2026-08-31 12:16:09
ORD-6087,SEL-001,CUST-0403,PROD-050,1,2951.66,2951.66,COMPLETED,2026-08-31 12:24:24
ORD-6088,SEL-001,CUST-0360,PROD-058,1,977.34,977.34,COMPLETED,2026-08-31 12:32:56
ORD-6089,SEL-001,CUST-0377,PROD-004,1,1198.65,1198.65,COMPLETED,2026-08-31 12:41:45
ORD-6090,SEL-001,CUST-0401,PROD-083,1,1366.65,1366.65,COMPLETED,2026-08-31 12:50:20
ORD-6091,SEL-001,CUST-0340,PROD-048,2,679.26,1358.52,COMPLETED,2026-08-31 12:58:54
ORD-6092,SEL-001,CUST-0254,PROD-093,1,2916.65,2916.65,COMPLETED,2026-08-31 13:07:25
ORD-6093,SEL-001,CUST-0107,PROD-039,1,2878.71,2878.71,COMPLETED,2026-08-31 13:15:53
ORD-6094,SEL-001,CUST-0170,PROD-036,1,1858.77,1858.77,COMPLETED,2026-08-31 13:24:08
ORD-6095,SEL-001,CUST-0500,PROD-054,1,1384.66,1384.66,COMPLETED,2026-08-31 13:32:49
ORD-6096,SEL-001,CUST-0342,PROD-035,1,4385.74,4385.74,COMPLETED,2026-08-31 13:41:10
ORD-6097,SEL-001,CUST-0380,PROD-085,2,4065.75,8131.5,COMPLETED,2026-08-31 13:49:53
ORD-6098,SEL-001,CUST-0484,PROD-021,2,277.62,555.24,COMPLETED,2026-08-31 13:58:25
ORD-6099,SEL-001,CUST-0223,PROD-039,1,2878.71,2878.71,COMPLETED,2026-08-31 14:06:46
ORD-6100,SEL-001,CUST-0441,PROD-059,1,3348.79,3348.79,COMPLETED,2026-08-31 14:15:12
ORD-6101,SEL-001,CUST-0474,PROD-078,1,4136.83,4136.83,COMPLETED,2026-08-31 14:23:45
ORD-6102,SEL-001,CUST-0334,PROD-079,1,2200.12,2200.12,COMPLETED,2026-08-31 14:32:45
ORD-6103,SEL-001,CUST-0129,PROD-094,1,3616.34,3616.34,COMPLETED,2026-08-31 14:41:09
ORD-6104,SEL-001,CUST-0444,PROD-046,1,589.12,589.12,COMPLETED,2026-08-31 14:49:31
ORD-6105,SEL-001,CUST-0164,PROD-047,2,1239.36,2478.72,COMPLETED,2026-08-31 14:58:02
ORD-6106,SEL-001,CUST-0273,PROD-060,1,944.46,944.46,COMPLETED,2026-08-31 15:06:30
ORD-6107,SEL-001,CUST-0235,PROD-023,2,3217.09,6434.18,COMPLETED,2026-08-31 15:14:58
ORD-6108,SEL-001,CUST-0101,PROD-090,1,636.37,636.37,COMPLETED,2026-08-31 15:23:53
ORD-6109,SEL-001,CUST-0251,PROD-076,1,3035.61,3035.61,COMPLETED,2026-08-31 15:32:24
ORD-6110,SEL-001,CUST-0177,PROD-088,1,4489.53,4489.53,COMPLETED,2026-08-31 15:41:02
ORD-6111,SEL-001,CUST-0033,PROD-043,1,444.75,444.75,COMPLETED,2026-08-31 15:49:05
ORD-6112,SEL-001,CUST-0020,PROD-089,1,2415.49,2415.49,COMPLETED,2026-08-31 15:57:48
ORD-6113,SEL-001,CUST-0492,PROD-040,1,3912.25,3912.25,COMPLETED,2026-08-31 16:06:14
ORD-6114,SEL-001,CUST-0072,PROD-077,1,1931.44,1931.44,COMPLETED,2026-08-31 16:14:43
ORD-6115,SEL-001,CUST-0351,PROD-029,1,661.04,661.04,COMPLETED,2026-08-31 16:23:34
ORD-6116,SEL-001,CUST-0389,PROD-011,1,1179.21,1179.21,COMPLETED,2026-08-31 16:32:11
ORD-6117,SEL-001,CUST-0058,PROD-085,1,4065.75,4065.75,COMPLETED,2026-08-31 16:40:20
ORD-6118,SEL-001,CUST-0086,PROD-024,2,1696.06,3392.12,COMPLETED,2026-08-31 16:49:16
ORD-6119,SEL-001,CUST-0283,PROD-087,1,1182.11,1182.11,COMPLETED,2026-08-31 16:57:25
ORD-6120,SEL-001,CUST-0177,PROD-007,1,4041.76,4041.76,COMPLETED,2026-08-31 17:06:14
ORD-6121,SEL-001,CUST-0099,PROD-087,1,1182.11,1182.11,COMPLETED,2026-08-31 17:14:41
ORD-6122,SEL-001,CUST-0042,PROD-097,1,1871.88,1871.88,COMPLETED,2026-08-31 17:23:27
ORD-6123,SEL-001,CUST-0422,PROD-011,1,1179.21,1179.21,COMPLETED,2026-08-31 17:31:49
ORD-6124,SEL-001,CUST-0245,PROD-039,1,2878.71,2878.71,COMPLETED,2026-08-31 17:40:04
ORD-6125,SEL-001,CUST-0351,PROD-059,1,3348.79,3348.79,COMPLETED,2026-08-31 17:48:58
ORD-6126,SEL-001,CUST-0070,PROD-070,1,1590.68,1590.68,COMPLETED,2026-08-31 17:57:19
ORD-6127,SEL-001,CUST-0127,PROD-050,1,2951.66,2951.66,COMPLETED,2026-08-31 18:05:44
ORD-6128,SEL-001,CUST-0045,PROD-061,1,1862.69,1862.69,COMPLETED,2026-08-31 18:14:37
ORD-6129,SEL-001,CUST-0391,PROD-022,1,3674.73,3674.73,COMPLETED,2026-08-31 18:23:05
ORD-6130,SEL-001,CUST-0089,PROD-004,1,1198.65,1198.65,COMPLETED,2026-08-31 18:31:17
ORD-6131,SEL-001,CUST-0500,PROD-057,1,2838.81,2838.81,COMPLETED,2026-08-31 18:40:02
ORD-6132,SEL-001,CUST-0293,PROD-078,1,4136.83,4136.83,COMPLETED,2026-08-31 18:48:31
ORD-6133,SEL-001,CUST-0433,PROD-080,1,1375.74,1375.74,COMPLETED,2026-08-31 18:57:15
ORD-6134,SEL-001,CUST-0382,PROD-008,1,619.49,619.49,COMPLETED,2026-08-31 19:05:35
ORD-6135,SEL-001,CUST-0370,PROD-076,1,3035.61,3035.61,COMPLETED,2026-08-31 19:14:04
ORD-6136,SEL-001,CUST-0469,PROD-093,1,2916.65,2916.65,COMPLETED,2026-08-31 19:22:30
ORD-6137,SEL-001,CUST-0052,PROD-098,1,4483.52,4483.52,COMPLETED,2026-08-31 19:31:23
ORD-6138,SEL-001,CUST-0398,PROD-072,1,1146.68,1146.68,COMPLETED,2026-08-31 19:39:56
ORD-6139,SEL-001,CUST-0177,PROD-012,1,2397.76,2397.76,COMPLETED,2026-08-31 19:48:18
ORD-6140,SEL-001,CUST-0075,PROD-032,1,3680.3,3680.3,COMPLETED,2026-08-31 19:56:35
ORD-6141,SEL-001,CUST-0348,PROD-023,1,3217.09,3217.09,COMPLETED,2026-08-31 20:05:33
ORD-6142,SEL-001,CUST-0131,PROD-047,1,1239.36,1239.36,COMPLETED,2026-08-31 20:13:45
ORD-6143,SEL-001,CUST-0095,PROD-009,1,2043.17,2043.17,COMPLETED,2026-08-31 20:22:24
ORD-6144,SEL-001,CUST-0013,PROD-081,1,1298.17,1298.17,COMPLETED,2026-08-31 20:31:01
ORD-6145,SEL-001,CUST-0436,PROD-083,1,1366.65,1366.65,COMPLETED,2026-08-31 20:39:31
ORD-6146,SEL-001,CUST-0191,PROD-011,2,1179.21,2358.42,COMPLETED,2026-08-31 20:48:06
ORD-6147,SEL-001,CUST-0081,PROD-075,1,1587.38,1587.38,COMPLETED,2026-08-31 20:56:46
ORD-6148,SEL-001,CUST-0055,PROD-053,1,1140.4,1140.4,COMPLETED,2026-08-31 21:05:11
ORD-6149,SEL-001,CUST-0345,PROD-078,1,4136.83,4136.83,COMPLETED,2026-08-31 21:13:53
ORD-6150,SEL-001,CUST-0174,PROD-058,1,977.34,977.34,COMPLETED,2026-08-31 21:22:25
ORD-6151,SEL-001,CUST-0432,PROD-088,1,4489.53,4489.53,COMPLETED,2026-08-31 21:30:30
ORD-6152,SEL-001,CUST-0258,PROD-080,1,1375.74,1375.74,COMPLETED,2026-08-31 21:39:22
ORD-6153,SEL-001,CUST-0127,PROD-010,1,376.64,376.64,COMPLETED,2026-08-31 21:47:48
ORD-6154,SEL-001,CUST-0236,PROD-062,1,4455.47,4455.47,COMPLETED,2026-08-31 21:56:24
ORD-6155,SEL-001,CUST-0290,PROD-058,1,977.34,977.34,COMPLETED,2026-08-31 22:04:39
ORD-6156,SEL-001,CUST-0178,PROD-095,1,2044.18,2044.18,COMPLETED,2026-08-31 22:13:16
ORD-6157,SEL-001,CUST-0443,PROD-033,1,3351.36,3351.36,COMPLETED,2026-08-31 22:21:50
ORD-6158,SEL-001,CUST-0091,P17,1,1100.0,1100.0,COMPLETED,2026-08-31 22:30:36
ORD-6159,SEL-001,CUST-0267,PROD-064,1,2617.04,2617.04,COMPLETED,2026-08-31 22:39:08
ORD-6160,SEL-001,CUST-0382,PROD-082,1,2635.81,2635.81,COMPLETED,2026-08-31 22:47:21
ORD-6161,SEL-001,CUST-0162,PROD-058,1,977.34,977.34,COMPLETED,2026-08-31 22:56:06
ORD-6162,SEL-001,CUST-0399,PROD-002,1,356.3,356.3,COMPLETED,2026-08-31 23:04:39
ORD-6163,SEL-001,CUST-0140,PROD-089,1,2415.49,2415.49,COMPLETED,2026-08-31 23:12:57
ORD-6164,SEL-001,CUST-0036,PROD-093,1,2916.65,2916.65,COMPLETED,2026-08-31 23:21:43
ORD-6165,SEL-001,CUST-0259,PROD-010,2,376.64,753.28,COMPLETED,2026-08-31 23:30:13
ORD-6166,SEL-001,CUST-0068,PROD-010,1,376.64,376.64,COMPLETED,2026-08-31 23:38:49
ORD-6167,SEL-001,CUST-0125,PROD-049,1,1431.39,1431.39,COMPLETED,2026-08-31 23:47:03
ORD-6168,SEL-001,CUST-0077,P17,1,1100.0,1100.0,COMPLETED,2026-08-31 23:55:37
ORD-6169,SEL-001,CUST-0186,PROD-023,1,3217.09,3217.09,COMPLETED,2026-09-01 00:04:09
ORD-6170,SEL-001,CUST-0351,PROD-097,1,1871.88,1871.88,COMPLETED,2026-09-01 00:12:42
ORD-6171,SEL-001,CUST-0400,PROD-029,1,661.04,661.04,COMPLETED,2026-09-01 00:21:31
ORD-6172,SEL-001,CUST-0349,PROD-090,1,636.37,636.37,COMPLETED,2026-09-01 00:30:01
ORD-6173,SEL-001,CUST-0308,P17,1,1100.0,1100.0,COMPLETED,2026-09-01 00:38:24
ORD-6174,SEL-001,CUST-0332,PROD-062,1,4455.47,4455.47,COMPLETED,2026-09-01 00:46:53
ORD-6175,SEL-001,CUST-0067,PROD-090,1,636.37,636.37,COMPLETED,2026-09-01 00:55:27
ORD-6176,SEL-001,CUST-0243,PROD-059,1,3348.79,3348.79,COMPLETED,2026-09-01 01:04:18
ORD-6177,SEL-001,CUST-0187,PROD-004,1,1198.65,1198.65,COMPLETED,2026-09-01 01:12:37
ORD-6178,SEL-001,CUST-0311,PROD-024,1,1696.06,1696.06,COMPLETED,2026-09-01 01:21:18
ORD-6179,SEL-001,CUST-0452,PROD-097,1,1871.88,1871.88,COMPLETED,2026-09-01 01:29:27
ORD-6180,SEL-001,CUST-0156,PROD-047,1,1239.36,1239.36,COMPLETED,2026-09-01 01:38:16
ORD-6181,SEL-001,CUST-0203,PROD-050,1,2951.66,2951.66,COMPLETED,2026-09-01 01:46:47
ORD-6182,SEL-001,CUST-0220,PROD-031,1,2815.84,2815.84,COMPLETED,2026-09-01 01:55:14
ORD-6183,SEL-001,CUST-0060,PROD-087,1,1182.11,1182.11,COMPLETED,2026-09-01 02:03:57
ORD-6184,SEL-001,CUST-0434,PROD-075,1,1587.38,1587.38,COMPLETED,2026-09-01 02:12:08
ORD-6185,SEL-001,CUST-0206,PROD-049,2,1431.39,2862.78,COMPLETED,2026-09-01 02:20:59
ORD-6186,SEL-001,CUST-0482,P17,1,1100.0,1100.0,COMPLETED,2026-09-01 02:29:16
ORD-6187,SEL-001,CUST-0101,PROD-068,1,1223.45,1223.45,COMPLETED,2026-09-01 02:37:44
ORD-6188,SEL-001,CUST-0085,PROD-028,1,644.17,644.17,COMPLETED,2026-09-01 02:46:14
ORD-6189,SEL-001,CUST-0490,PROD-049,2,1431.39,2862.78,COMPLETED,2026-09-01 02:55:09
ORD-6190,SEL-001,CUST-0201,PROD-023,1,3217.09,3217.09,COMPLETED,2026-09-01 03:03:42
ORD-6191,SEL-001,CUST-0001,PROD-088,1,4489.53,4489.53,COMPLETED,2026-09-01 03:11:55
ORD-6192,SEL-001,CUST-0399,PROD-039,1,2878.71,2878.71,COMPLETED,2026-09-01 03:20:34
ORD-6193,SEL-001,CUST-0096,PROD-030,1,3851.85,3851.85,COMPLETED,2026-09-01 03:29:04
ORD-6194,SEL-001,CUST-0378,PROD-054,1,1384.66,1384.66,COMPLETED,2026-09-01 03:37:42
ORD-6195,SEL-001,CUST-0199,PROD-069,2,386.43,772.86,COMPLETED,2026-09-01 03:46:05
ORD-6196,SEL-001,CUST-0463,PROD-003,1,1418.87,1418.87,COMPLETED,2026-09-01 03:54:45
ORD-6197,SEL-001,CUST-0493,PROD-004,1,1198.65,1198.65,COMPLETED,2026-09-01 04:03:25
ORD-6198,SEL-001,CUST-0309,PROD-030,1,3851.85,3851.85,COMPLETED,2026-09-01 04:11:54
ORD-6199,SEL-001,CUST-0041,PROD-074,2,3974.56,7949.12,COMPLETED,2026-09-01 04:20:31
ORD-6200,SEL-001,CUST-0400,PROD-077,1,1931.44,1931.44,COMPLETED,2026-09-01 04:28:41
ORD-6201,SEL-001,CUST-0479,PROD-043,1,444.75,444.75,COMPLETED,2026-09-01 04:37:24
ORD-6202,SEL-001,CUST-0465,PROD-049,1,1431.39,1431.39,COMPLETED,2026-09-01 04:45:42
ORD-6203,SEL-001,CUST-0049,PROD-058,1,977.34,977.34,COMPLETED,2026-09-01 04:54:31
ORD-6204,SEL-001,CUST-0246,PROD-025,1,910.79,910.79,COMPLETED,2026-09-01 05:02:53
ORD-6205,SEL-001,CUST-0357,PROD-052,1,1823.27,1823.27,COMPLETED,2026-09-01 05:11:31
ORD-6206,SEL-001,CUST-0172,PROD-068,1,1223.45,1223.45,COMPLETED,2026-09-01 05:20:04
ORD-6207,SEL-001,CUST-0267,PROD-074,1,3974.56,3974.56,COMPLETED,2026-09-01 05:28:44
ORD-6208,SEL-001,CUST-0230,PROD-008,1,619.49,619.49,COMPLETED,2026-09-01 05:37:13
ORD-6209,SEL-001,CUST-0055,PROD-015,1,3012.01,3012.01,COMPLETED,2026-09-01 05:45:30
ORD-6210,SEL-001,CUST-0172,PROD-046,1,589.12,589.12,COMPLETED,2026-09-01 05:54:23
ORD-6211,SEL-001,CUST-0274,PROD-002,1,356.3,356.3,COMPLETED,2026-09-01 06:02:49
ORD-6212,SEL-001,CUST-0411,PROD-091,1,450.24,450.24,COMPLETED,2026-09-01 06:11:22
ORD-6213,SEL-001,CUST-0209,PROD-013,1,362.78,362.78,COMPLETED,2026-09-01 06:19:37
ORD-6214,SEL-001,CUST-0188,PROD-058,1,977.34,977.34,COMPLETED,2026-09-01 06:28:36
ORD-6215,SEL-001,CUST-0213,PROD-077,1,1931.44,1931.44,COMPLETED,2026-09-01 06:37:02
ORD-6216,SEL-001,CUST-0468,PROD-010,1,376.64,376.64,COMPLETED,2026-09-01 06:45:25
ORD-6217,SEL-001,CUST-0270,PROD-091,1,450.24,450.24,COMPLETED,2026-09-01 06:53:48
ORD-6218,SEL-001,CUST-0028,PROD-022,1,3674.73,3674.73,COMPLETED,2026-09-01 07:02:32
ORD-6219,SEL-001,CUST-0330,PROD-064,1,2617.04,2617.04,COMPLETED,2026-09-01 07:10:52
ORD-6220,SEL-001,CUST-0097,PROD-090,1,636.37,636.37,COMPLETED,2026-09-01 07:19:29
ORD-6221,SEL-001,CUST-0354,PROD-016,1,2566.0,2566.0,COMPLETED,2026-09-01 07:28:15
ORD-6222,SEL-001,CUST-0315,PROD-043,1,444.75,444.75,COMPLETED,2026-09-01 07:36:37
ORD-6223,SEL-001,CUST-0024,PROD-078,1,4136.83,4136.83,COMPLETED,2026-09-01 07:45:21
ORD-6224,SEL-001,CUST-0084,PROD-096,1,519.99,519.99,COMPLETED,2026-09-01 07:53:47
ORD-6225,SEL-001,CUST-0258,PROD-089,1,2415.49,2415.49,COMPLETED,2026-09-01 08:02:08
ORD-6226,SEL-001,CUST-0121,PROD-076,1,3035.61,3035.61,COMPLETED,2026-09-01 08:10:57
ORD-6227,SEL-001,CUST-0247,PROD-094,1,3616.34,3616.34,COMPLETED,2026-09-01 08:19:06
ORD-6228,SEL-001,CUST-0467,PROD-044,1,1218.57,1218.57,COMPLETED,2026-09-01 08:27:38
ORD-6229,SEL-001,CUST-0427,PROD-095,1,2044.18,2044.18,COMPLETED,2026-09-01 08:36:09
ORD-6230,SEL-001,CUST-0035,PROD-033,1,3351.36,3351.36,COMPLETED,2026-09-01 08:45:07
ORD-6231,SEL-001,CUST-0092,PROD-014,1,1095.06,1095.06,COMPLETED,2026-09-01 08:53:39
ORD-6232,SEL-001,CUST-0097,PROD-005,1,3380.0,3380.0,COMPLETED,2026-09-01 09:02:05
ORD-6233,SEL-001,CUST-0293,PROD-046,1,589.12,589.12,COMPLETED,2026-09-01 09:10:22
ORD-6234,SEL-001,CUST-0396,PROD-041,1,2703.75,2703.75,COMPLETED,2026-09-01 09:19:10
ORD-6235,SEL-001,CUST-0398,PROD-032,1,3680.3,3680.3,COMPLETED,2026-09-01 09:27:25
ORD-6236,SEL-001,CUST-0307,PROD-085,1,4065.75,4065.75,COMPLETED,2026-09-01 09:36:06
ORD-6237,SEL-001,CUST-0024,PROD-055,1,4230.78,4230.78,COMPLETED,2026-09-01 09:44:42
ORD-6238,SEL-001,CUST-0404,PROD-060,1,944.46,944.46,COMPLETED,2026-09-01 09:53:23
ORD-6239,SEL-001,CUST-0017,PROD-096,1,519.99,519.99,COMPLETED,2026-09-01 10:01:50
ORD-6240,SEL-001,CUST-0056,PROD-082,1,2635.81,2635.81,COMPLETED,2026-09-01 10:10:21
ORD-6241,SEL-001,CUST-0485,PROD-012,1,2397.76,2397.76,COMPLETED,2026-09-01 10:18:51
ORD-6242,SEL-001,CUST-0450,PROD-080,1,1375.74,1375.74,COMPLETED,2026-09-01 10:27:05
ORD-6243,SEL-001,CUST-0015,PROD-018,1,1186.87,1186.87,COMPLETED,2026-09-01 10:35:49
ORD-6244,SEL-001,CUST-0151,PROD-091,2,450.24,900.48,COMPLETED,2026-09-01 10:44:29
ORD-6245,SEL-001,CUST-0088,PROD-095,2,2044.18,4088.36,COMPLETED,2026-09-01 10:52:59
ORD-6246,SEL-001,CUST-0316,PROD-093,1,2916.65,2916.65,COMPLETED,2026-09-01 11:01:33
ORD-6247,SEL-001,CUST-0345,PROD-024,1,1696.06,1696.06,COMPLETED,2026-09-01 11:09:56
ORD-6248,SEL-001,CUST-0462,P17,2,1100.0,2200.0,COMPLETED,2026-09-01 11:18:24
ORD-6249,SEL-001,CUST-0159,PROD-022,1,3674.73,3674.73,COMPLETED,2026-09-01 11:27:12
ORD-6250,SEL-001,CUST-0437,PROD-086,2,1947.45,3894.9,COMPLETED,2026-09-01 11:35:47
ORD-6251,SEL-001,CUST-0144,PROD-097,1,1871.88,1871.88,COMPLETED,2026-09-01 11:44:14
ORD-6252,SEL-001,CUST-0225,PROD-090,2,636.37,1272.74,COMPLETED,2026-09-01 11:52:33
ORD-6253,SEL-001,CUST-0377,PROD-085,1,4065.75,4065.75,COMPLETED,2026-09-01 12:01:17
ORD-6254,SEL-001,CUST-0005,PROD-074,1,3974.56,3974.56,COMPLETED,2026-09-01 12:09:36
ORD-6255,SEL-001,CUST-0099,PROD-080,1,1375.74,1375.74,COMPLETED,2026-09-01 12:18:11
ORD-6256,SEL-001,CUST-0020,PROD-082,1,2635.81,2635.81,COMPLETED,2026-09-01 12:26:46
ORD-6257,SEL-001,CUST-0351,PROD-008,1,619.49,619.49,COMPLETED,2026-09-01 12:35:06
ORD-6258,SEL-001,CUST-0441,PROD-100,1,4377.08,4377.08,COMPLETED,2026-09-01 12:43:48
ORD-6259,SEL-001,CUST-0197,PROD-035,1,4385.74,4385.74,COMPLETED,2026-09-01 12:52:18
ORD-6260,SEL-001,CUST-0019,PROD-023,1,3217.09,3217.09,COMPLETED,2026-09-01 13:00:45
ORD-6261,SEL-001,CUST-0222,PROD-055,1,4230.78,4230.78,COMPLETED,2026-09-01 13:09:24
ORD-6262,SEL-001,CUST-0178,PROD-069,1,386.43,386.43,COMPLETED,2026-09-01 13:18:02
ORD-6263,SEL-001,CUST-0428,PROD-070,1,1590.68,1590.68,COMPLETED,2026-09-01 13:26:18
ORD-6264,SEL-001,CUST-0009,PROD-030,1,3851.85,3851.85,COMPLETED,2026-09-01 13:35:09
ORD-6265,SEL-001,CUST-0335,PROD-020,1,3690.08,3690.08,COMPLETED,2026-09-01 13:43:28
ORD-6266,SEL-001,CUST-0091,PROD-025,1,910.79,910.79,COMPLETED,2026-09-01 13:52:13
ORD-6267,SEL-001,CUST-0154,PROD-069,1,386.43,386.43,COMPLETED,2026-09-01 14:00:49
ORD-6268,SEL-001,CUST-0107,PROD-014,2,1095.06,2190.12,COMPLETED,2026-09-01 14:09:04
ORD-6269,SEL-001,CUST-0224,PROD-033,1,3351.36,3351.36,COMPLETED,2026-09-01 14:17:40
ORD-6270,SEL-001,CUST-0414,PROD-037,1,2596.17,2596.17,COMPLETED,2026-09-01 14:26:24
ORD-6271,SEL-001,CUST-0091,PROD-080,2,1375.74,2751.48,COMPLETED,2026-09-01 14:34:50
ORD-6272,SEL-001,CUST-0011,PROD-027,1,1680.53,1680.53,COMPLETED,2026-09-01 14:43:15
ORD-6273,SEL-001,CUST-0442,PROD-098,2,4483.52,8967.04,COMPLETED,2026-09-01 14:51:55
ORD-6274,SEL-001,CUST-0268,PROD-048,1,679.26,679.26,COMPLETED,2026-09-01 15:00:38
ORD-6275,SEL-001,CUST-0246,PROD-002,1,356.3,356.3,COMPLETED,2026-09-01 15:09:10
ORD-6276,SEL-001,CUST-0310,PROD-055,1,4230.78,4230.78,COMPLETED,2026-09-01 15:17:41
ORD-6277,SEL-001,CUST-0050,PROD-061,1,1862.69,1862.69,COMPLETED,2026-09-01 15:26:04
ORD-6278,SEL-001,CUST-0064,PROD-067,1,3548.0,3548.0,COMPLETED,2026-09-01 15:34:31
ORD-6279,SEL-001,CUST-0409,PROD-036,1,1858.77,1858.77,COMPLETED,2026-09-01 15:43:07
ORD-6280,SEL-001,CUST-0109,PROD-037,1,2596.17,2596.17,COMPLETED,2026-09-01 15:51:35
ORD-6281,SEL-001,CUST-0342,PROD-056,1,3004.15,3004.15,COMPLETED,2026-09-01 16:00:05
ORD-6282,SEL-001,CUST-0297,PROD-003,1,1418.87,1418.87,COMPLETED,2026-09-01 16:08:44
ORD-6283,SEL-001,CUST-0437,PROD-003,2,1418.87,2837.74,COMPLETED,2026-09-01 16:17:19
ORD-6284,SEL-001,CUST-0300,PROD-034,1,2528.97,2528.97,COMPLETED,2026-09-01 16:25:42
ORD-6285,SEL-001,CUST-0014,PROD-028,1,644.17,644.17,COMPLETED,2026-09-01 16:34:03
ORD-6286,SEL-001,CUST-0487,PROD-058,1,977.34,977.34,COMPLETED,2026-09-01 16:43:03
ORD-6287,SEL-001,CUST-0184,PROD-094,1,3616.34,3616.34,COMPLETED,2026-09-01 16:51:31
ORD-6288,SEL-001,CUST-0278,PROD-055,2,4230.78,8461.56,COMPLETED,2026-09-01 16:59:39
ORD-6289,SEL-001,CUST-0252,PROD-034,1,2528.97,2528.97,COMPLETED,2026-09-01 17:08:21
ORD-6290,SEL-001,CUST-0105,PROD-027,2,1680.53,3361.06,COMPLETED,2026-09-01 17:16:46
ORD-6291,SEL-001,CUST-0328,PROD-074,1,3974.56,3974.56,COMPLETED,2026-09-01 17:25:41
ORD-6292,SEL-001,CUST-0466,P17,1,1100.0,1100.0,COMPLETED,2026-09-01 17:34:09
ORD-6293,SEL-001,CUST-0363,PROD-030,1,3851.85,3851.85,COMPLETED,2026-09-01 17:42:45
ORD-6294,SEL-001,CUST-0423,PROD-034,2,2528.97,5057.94,COMPLETED,2026-09-01 17:50:54
ORD-6295,SEL-001,CUST-0037,PROD-090,1,636.37,636.37,COMPLETED,2026-09-01 17:59:35
ORD-6296,SEL-001,CUST-0411,PROD-039,2,2878.71,5757.42,COMPLETED,2026-09-01 18:08:04
ORD-6297,SEL-001,CUST-0029,PROD-088,2,4489.53,8979.06,COMPLETED,2026-09-01 18:16:36
ORD-6298,SEL-001,CUST-0362,PROD-055,1,4230.78,4230.78,COMPLETED,2026-09-01 18:25:25
ORD-6299,SEL-001,CUST-0426,PROD-010,1,376.64,376.64,COMPLETED,2026-09-01 18:33:57
ORD-6300,SEL-001,CUST-0265,PROD-074,1,3974.56,3974.56,COMPLETED,2026-09-01 18:42:09
ORD-6301,SEL-001,CUST-0287,PROD-086,1,1947.45,1947.45,COMPLETED,2026-09-01 18:51:01
ORD-6302,SEL-001,CUST-0114,P17,1,1100.0,1100.0,COMPLETED,2026-09-01 18:59:17
ORD-6303,SEL-001,CUST-0436,PROD-057,1,2838.81,2838.81,COMPLETED,2026-09-01 19:07:40
ORD-6304,SEL-001,CUST-0044,PROD-079,1,2200.12,2200.12,COMPLETED,2026-09-01 19:16:20
ORD-6305,SEL-001,CUST-0441,PROD-091,1,450.24,450.24,COMPLETED,2026-09-01 19:24:58
ORD-6306,SEL-001,CUST-0389,PROD-028,1,644.17,644.17,COMPLETED,2026-09-01 19:33:26
ORD-6307,SEL-001,CUST-0485,PROD-055,1,4230.78,4230.78,COMPLETED,2026-09-01 19:41:47
ORD-6308,SEL-001,CUST-0109,PROD-034,1,2528.97,2528.97,COMPLETED,2026-09-01 19:50:27
ORD-6309,SEL-001,CUST-0383,PROD-032,1,3680.3,3680.3,COMPLETED,2026-09-01 19:59:02
ORD-6310,SEL-001,CUST-0494,PROD-029,1,661.04,661.04,COMPLETED,2026-09-01 20:07:43
ORD-6311,SEL-001,CUST-0245,PROD-096,2,519.99,1039.98,COMPLETED,2026-09-01 20:15:56
ORD-6312,SEL-001,CUST-0430,PROD-058,1,977.34,977.34,COMPLETED,2026-09-01 20:24:33
ORD-6313,SEL-001,CUST-0237,PROD-023,1,3217.09,3217.09,COMPLETED,2026-09-01 20:33:12
ORD-6314,SEL-001,CUST-0126,PROD-057,1,2838.81,2838.81,COMPLETED,2026-09-01 20:41:43
ORD-6315,SEL-001,CUST-0315,PROD-071,2,1387.9,2775.8,COMPLETED,2026-09-01 20:50:19
ORD-6316,SEL-001,CUST-0254,PROD-064,2,2617.04,5234.08,COMPLETED,2026-09-01 20:59:01
ORD-6317,SEL-001,CUST-0140,PROD-084,1,2734.49,2734.49,COMPLETED,2026-09-01 21:07:26
ORD-6318,SEL-001,CUST-0365,PROD-076,1,3035.61,3035.61,COMPLETED,2026-09-01 21:15:55
ORD-6319,SEL-001,CUST-0236,PROD-004,2,1198.65,2397.3,COMPLETED,2026-09-01 21:24:34
ORD-6320,SEL-001,CUST-0200,PROD-072,1,1146.68,1146.68,COMPLETED,2026-09-01 21:32:58
ORD-6321,SEL-001,CUST-0077,P17,2,1100.0,2200.0,COMPLETED,2026-09-01 21:41:42
ORD-6322,SEL-001,CUST-0042,PROD-057,1,2838.81,2838.81,COMPLETED,2026-09-01 21:49:58
ORD-6323,SEL-001,CUST-0163,PROD-099,1,2498.74,2498.74,COMPLETED,2026-09-01 21:58:21
ORD-6324,SEL-001,CUST-0319,PROD-005,1,3380.0,3380.0,COMPLETED,2026-09-01 22:06:52
ORD-6325,SEL-001,CUST-0143,PROD-053,1,1140.4,1140.4,COMPLETED,2026-09-01 22:15:50
ORD-6326,SEL-001,CUST-0077,PROD-038,1,3774.97,3774.97,COMPLETED,2026-09-01 22:24:11
ORD-6327,SEL-001,CUST-0491,PROD-084,1,2734.49,2734.49,COMPLETED,2026-09-01 22:32:43
ORD-6328,SEL-001,CUST-0489,PROD-026,2,4318.16,8636.32,COMPLETED,2026-09-01 22:41:09
ORD-6329,SEL-001,CUST-0221,PROD-081,1,1298.17,1298.17,COMPLETED,2026-09-01 22:49:44
ORD-6330,SEL-001,CUST-0007,PROD-005,1,3380.0,3380.0,COMPLETED,2026-09-01 22:58:27
ORD-6331,SEL-001,CUST-0378,PROD-008,1,619.49,619.49,COMPLETED,2026-09-01 23:06:53
ORD-6332,SEL-001,CUST-0386,PROD-054,1,1384.66,1384.66,COMPLETED,2026-09-01 23:15:25
ORD-6333,SEL-001,CUST-0307,PROD-076,1,3035.61,3035.61,COMPLETED,2026-09-01 23:24:03
ORD-6334,SEL-001,CUST-0045,PROD-088,2,4489.53,8979.06,COMPLETED,2026-09-01 23:32:13
ORD-6335,SEL-001,CUST-0493,PROD-036,1,1858.77,1858.77,COMPLETED,2026-09-01 23:41:07
ORD-6336,SEL-001,CUST-0157,PROD-055,2,4230.78,8461.56,COMPLETED,2026-09-01 23:49:39
ORD-6337,SEL-001,CUST-0332,PROD-063,1,2970.0,2970.0,COMPLETED,2026-09-01 23:58:12
ORD-6338,SEL-001,CUST-0376,PROD-052,1,1823.27,1823.27,COMPLETED,2026-09-02 00:06:34
ORD-6339,SEL-001,CUST-0197,PROD-019,1,2754.38,2754.38,COMPLETED,2026-09-02 00:15:18
ORD-6340,SEL-001,CUST-0207,PROD-077,1,1931.44,1931.44,COMPLETED,2026-09-02 00:23:35
ORD-6341,SEL-001,CUST-0368,PROD-030,1,3851.85,3851.85,COMPLETED,2026-09-02 00:32:04
ORD-6342,SEL-001,CUST-0255,PROD-037,2,2596.17,5192.34,COMPLETED,2026-09-02 00:40:33
ORD-6343,SEL-001,CUST-0247,PROD-080,1,1375.74,1375.74,COMPLETED,2026-09-02 00:49:26
ORD-6344,SEL-001,CUST-0035,PROD-046,1,589.12,589.12,COMPLETED,2026-09-02 00:57:36
ORD-6345,SEL-001,CUST-0199,PROD-040,1,3912.25,3912.25,COMPLETED,2026-09-02 01:06:21
ORD-6346,SEL-001,CUST-0110,PROD-012,1,2397.76,2397.76,COMPLETED,2026-09-02 01:14:43
ORD-6347,SEL-001,CUST-0174,PROD-059,1,3348.79,3348.79,COMPLETED,2026-09-02 01:23:24
ORD-6348,SEL-001,CUST-0002,PROD-078,1,4136.83,4136.83,COMPLETED,2026-09-02 01:31:44
ORD-6349,SEL-001,CUST-0460,PROD-087,1,1182.11,1182.11,COMPLETED,2026-09-02 01:40:41
ORD-6350,SEL-001,CUST-0259,PROD-029,1,661.04,661.04,COMPLETED,2026-09-02 01:49:09
ORD-6351,SEL-001,CUST-0469,PROD-090,1,636.37,636.37,COMPLETED,2026-09-02 01:57:33
ORD-6352,SEL-001,CUST-0474,PROD-064,1,2617.04,2617.04,COMPLETED,2026-09-02 02:05:57
ORD-6353,SEL-001,CUST-0497,PROD-047,1,1239.36,1239.36,COMPLETED,2026-09-02 02:14:22
ORD-6354,SEL-001,CUST-0073,PROD-048,1,679.26,679.26,COMPLETED,2026-09-02 02:22:52
ORD-6355,SEL-001,CUST-0396,PROD-011,1,1179.21,1179.21,COMPLETED,2026-09-02 02:31:37
ORD-6356,SEL-001,CUST-0270,PROD-047,1,1239.36,1239.36,COMPLETED,2026-09-02 02:40:26
ORD-6357,SEL-001,CUST-0282,PROD-044,2,1218.57,2437.14,COMPLETED,2026-09-02 02:48:44
ORD-6358,SEL-001,CUST-0415,PROD-039,1,2878.71,2878.71,COMPLETED,2026-09-02 02:57:02
ORD-6359,SEL-001,CUST-0470,PROD-071,2,1387.9,2775.8,COMPLETED,2026-09-02 03:05:35
ORD-6360,SEL-001,CUST-0266,PROD-015,1,3012.01,3012.01,COMPLETED,2026-09-02 03:14:30
ORD-6361,SEL-001,CUST-0092,PROD-027,2,1680.53,3361.06,COMPLETED,2026-09-02 03:22:56
ORD-6362,SEL-001,CUST-0160,PROD-074,1,3974.56,3974.56,COMPLETED,2026-09-02 03:31:16
ORD-6363,SEL-001,CUST-0022,PROD-026,2,4318.16,8636.32,COMPLETED,2026-09-02 03:40:05
ORD-6364,SEL-001,CUST-0444,PROD-034,1,2528.97,2528.97,COMPLETED,2026-09-02 03:48:21
ORD-6365,SEL-001,CUST-0089,PROD-021,1,277.62,277.62,COMPLETED,2026-09-02 03:57:11
ORD-6366,SEL-001,CUST-0295,PROD-031,2,2815.84,5631.68,COMPLETED,2026-09-02 04:05:28
ORD-6367,SEL-001,CUST-0301,PROD-014,1,1095.06,1095.06,COMPLETED,2026-09-02 04:14:15
ORD-6368,SEL-001,CUST-0242,PROD-038,1,3774.97,3774.97,COMPLETED,2026-09-02 04:22:25
ORD-6369,SEL-001,CUST-0206,PROD-032,1,3680.3,3680.3,COMPLETED,2026-09-02 04:31:16
ORD-6370,SEL-001,CUST-0186,PROD-007,2,4041.76,8083.52,COMPLETED,2026-09-02 04:39:36
ORD-6371,SEL-001,CUST-0098,PROD-040,1,3912.25,3912.25,COMPLETED,2026-09-02 04:47:58
ORD-6372,SEL-001,CUST-0046,PROD-013,2,362.78,725.56,COMPLETED,2026-09-02 04:56:46
ORD-6373,SEL-001,CUST-0380,PROD-079,1,2200.12,2200.12,COMPLETED,2026-09-02 05:05:29
ORD-6374,SEL-001,CUST-0164,PROD-095,1,2044.18,2044.18,COMPLETED,2026-09-02 05:13:43
ORD-6375,SEL-001,CUST-0410,PROD-039,1,2878.71,2878.71,COMPLETED,2026-09-02 05:22:28
ORD-6376,SEL-001,CUST-0306,PROD-019,1,2754.38,2754.38,COMPLETED,2026-09-02 05:30:42
ORD-6377,SEL-001,CUST-0307,PROD-020,1,3690.08,3690.08,COMPLETED,2026-09-02 05:39:37
ORD-6378,SEL-001,CUST-0479,PROD-094,1,3616.34,3616.34,COMPLETED,2026-09-02 05:47:44
ORD-6379,SEL-001,CUST-0470,PROD-049,2,1431.39,2862.78,COMPLETED,2026-09-02 05:56:17
ORD-6380,SEL-001,CUST-0048,P17,2,1100.0,2200.0,COMPLETED,2026-09-02 06:05:05
ORD-6381,SEL-001,CUST-0360,PROD-082,1,2635.81,2635.81,COMPLETED,2026-09-02 06:13:45
ORD-6382,SEL-001,CUST-0410,PROD-052,1,1823.27,1823.27,COMPLETED,2026-09-02 06:21:54
ORD-6383,SEL-001,CUST-0474,PROD-088,1,4489.53,4489.53,COMPLETED,2026-09-02 06:30:38
ORD-6384,SEL-001,CUST-0476,PROD-022,1,3674.73,3674.73,COMPLETED,2026-09-02 06:39:05
ORD-6385,SEL-001,CUST-0292,PROD-019,1,2754.38,2754.38,COMPLETED,2026-09-02 06:47:45
ORD-6386,SEL-001,CUST-0255,PROD-091,1,450.24,450.24,COMPLETED,2026-09-02 06:56:06
ORD-6387,SEL-001,CUST-0339,PROD-082,2,2635.81,5271.62,COMPLETED,2026-09-02 07:04:34
ORD-6388,SEL-001,CUST-0253,P17,1,1100.0,1100.0,COMPLETED,2026-09-02 07:13:13
ORD-6389,SEL-001,CUST-0104,PROD-004,1,1198.65,1198.65,COMPLETED,2026-09-02 07:21:56
ORD-6390,SEL-001,CUST-0468,PROD-072,1,1146.68,1146.68,COMPLETED,2026-09-02 07:30:20
ORD-6391,SEL-001,CUST-0131,PROD-072,1,1146.68,1146.68,COMPLETED,2026-09-02 07:38:42
ORD-6392,SEL-001,CUST-0180,PROD-043,1,444.75,444.75,COMPLETED,2026-09-02 07:47:29
ORD-6393,SEL-001,CUST-0170,PROD-066,2,3832.12,7664.24,COMPLETED,2026-09-02 07:55:43
ORD-6394,SEL-001,CUST-0362,PROD-081,2,1298.17,2596.34,COMPLETED,2026-09-02 08:04:14
ORD-6395,SEL-001,CUST-0195,PROD-071,1,1387.9,1387.9,COMPLETED,2026-09-02 08:13:11
ORD-6396,SEL-001,CUST-0094,PROD-054,1,1384.66,1384.66,COMPLETED,2026-09-02 08:21:44
ORD-6397,SEL-001,CUST-0245,PROD-052,1,1823.27,1823.27,COMPLETED,2026-09-02 08:30:18
ORD-6398,SEL-001,CUST-0022,PROD-003,1,1418.87,1418.87,COMPLETED,2026-09-02 08:38:32
ORD-6399,SEL-001,CUST-0498,PROD-065,1,3159.61,3159.61,COMPLETED,2026-09-02 08:47:11
ORD-6400,SEL-001,CUST-0133,PROD-013,2,362.78,725.56,COMPLETED,2026-09-02 08:55:49
ORD-6401,SEL-001,CUST-0182,PROD-018,1,1186.87,1186.87,COMPLETED,2026-09-02 09:04:25
ORD-6402,SEL-001,CUST-0261,PROD-057,1,2838.81,2838.81,COMPLETED,2026-09-02 09:12:47
ORD-6403,SEL-001,CUST-0357,PROD-079,1,2200.12,2200.12,COMPLETED,2026-09-02 09:21:16
ORD-6404,SEL-001,CUST-0200,PROD-007,1,4041.76,4041.76,COMPLETED,2026-09-02 09:29:41
ORD-6405,SEL-001,CUST-0071,PROD-003,2,1418.87,2837.74,COMPLETED,2026-09-02 09:38:36
ORD-6406,SEL-001,CUST-0373,PROD-072,1,1146.68,1146.68,COMPLETED,2026-09-02 09:47:04
ORD-6407,SEL-001,CUST-0426,PROD-086,1,1947.45,1947.45,COMPLETED,2026-09-02 09:55:26
ORD-6408,SEL-001,CUST-0386,PROD-002,1,356.3,356.3,COMPLETED,2026-09-02 10:03:45
ORD-6409,SEL-001,CUST-0374,PROD-067,1,3548.0,3548.0,COMPLETED,2026-09-02 10:12:38
ORD-6410,SEL-001,CUST-0374,PROD-022,2,3674.73,7349.46,COMPLETED,2026-09-02 10:20:57
ORD-6411,SEL-001,CUST-0038,PROD-097,1,1871.88,1871.88,COMPLETED,2026-09-02 10:29:28
ORD-6412,SEL-001,CUST-0375,PROD-047,1,1239.36,1239.36,COMPLETED,2026-09-02 10:38:09
ORD-6413,SEL-001,CUST-0123,PROD-012,2,2397.76,4795.52,COMPLETED,2026-09-02 10:46:40
ORD-6414,SEL-001,CUST-0328,PROD-073,1,4257.37,4257.37,COMPLETED,2026-09-02 10:55:01
ORD-6415,SEL-001,CUST-0374,PROD-002,1,356.3,356.3,COMPLETED,2026-09-02 11:03:48
ORD-6416,SEL-001,CUST-0389,PROD-081,1,1298.17,1298.17,COMPLETED,2026-09-02 11:12:15
ORD-6417,SEL-001,CUST-0410,PROD-089,1,2415.49,2415.49,COMPLETED,2026-09-02 11:20:57
ORD-6418,SEL-001,CUST-0189,PROD-085,1,4065.75,4065.75,COMPLETED,2026-09-02 11:29:08
ORD-6419,SEL-001,CUST-0082,PROD-022,1,3674.73,3674.73,COMPLETED,2026-09-02 11:38:03
ORD-6420,SEL-001,CUST-0392,PROD-028,1,644.17,644.17,COMPLETED,2026-09-02 11:46:32
ORD-6421,SEL-001,CUST-0224,PROD-066,1,3832.12,3832.12,COMPLETED,2026-09-02 11:54:41
ORD-6422,SEL-001,CUST-0349,PROD-055,1,4230.78,4230.78,COMPLETED,2026-09-02 12:03:21
ORD-6423,SEL-001,CUST-0258,P17,2,1100.0,2200.0,COMPLETED,2026-09-02 12:11:59
ORD-6424,SEL-001,CUST-0283,PROD-035,1,4385.74,4385.74,COMPLETED,2026-09-02 12:20:41
ORD-6425,SEL-001,CUST-0295,PROD-019,1,2754.38,2754.38,COMPLETED,2026-09-02 12:29:14
ORD-6426,SEL-001,CUST-0042,PROD-042,2,3244.43,6488.86,COMPLETED,2026-09-02 12:37:26
ORD-6427,SEL-001,CUST-0169,PROD-021,2,277.62,555.24,COMPLETED,2026-09-02 12:46:14
ORD-6428,SEL-001,CUST-0141,PROD-059,2,3348.79,6697.58,COMPLETED,2026-09-02 12:54:39
ORD-6429,SEL-001,CUST-0033,PROD-038,2,3774.97,7549.94,COMPLETED,2026-09-02 13:03:17
ORD-6430,SEL-001,CUST-0476,PROD-057,1,2838.81,2838.81,COMPLETED,2026-09-02 13:11:56
ORD-6431,SEL-001,CUST-0334,PROD-079,1,2200.12,2200.12,COMPLETED,2026-09-02 13:20:23
ORD-6432,SEL-001,CUST-0115,PROD-053,1,1140.4,1140.4,COMPLETED,2026-09-02 13:28:42
ORD-6433,SEL-001,CUST-0184,PROD-056,1,3004.15,3004.15,COMPLETED,2026-09-02 13:37:28
ORD-6434,SEL-001,CUST-0226,PROD-055,1,4230.78,4230.78,COMPLETED,2026-09-02 13:45:48
ORD-6435,SEL-001,CUST-0415,PROD-027,1,1680.53,1680.53,COMPLETED,2026-09-02 13:54:37
ORD-6436,SEL-001,CUST-0032,PROD-051,1,1800.54,1800.54,COMPLETED,2026-09-02 14:02:45
ORD-6437,SEL-001,CUST-0389,PROD-074,1,3974.56,3974.56,COMPLETED,2026-09-02 14:11:14
ORD-6438,SEL-001,CUST-0473,P17,1,1100.0,1100.0,COMPLETED,2026-09-02 14:19:49
ORD-6439,SEL-001,CUST-0382,PROD-099,1,2498.74,2498.74,COMPLETED,2026-09-02 14:28:41
ORD-6440,SEL-001,CUST-0211,PROD-073,1,4257.37,4257.37,COMPLETED,2026-09-02 14:37:00
ORD-6441,SEL-001,CUST-0336,PROD-011,1,1179.21,1179.21,COMPLETED,2026-09-02 14:45:34
ORD-6442,SEL-001,CUST-0141,P17,1,1100.0,1100.0,COMPLETED,2026-09-02 14:53:54
ORD-6443,SEL-001,CUST-0003,PROD-043,2,444.75,889.5,COMPLETED,2026-09-02 15:02:42
ORD-6444,SEL-001,CUST-0192,PROD-068,1,1223.45,1223.45,COMPLETED,2026-09-02 15:11:04
ORD-6445,SEL-001,CUST-0054,PROD-042,1,3244.43,3244.43,COMPLETED,2026-09-02 15:19:44
ORD-6446,SEL-001,CUST-0177,PROD-020,2,3690.08,7380.16,COMPLETED,2026-09-02 15:28:01
ORD-6447,SEL-001,CUST-0224,PROD-035,2,4385.74,8771.48,COMPLETED,2026-09-02 15:37:01
ORD-6448,SEL-001,CUST-0325,PROD-064,1,2617.04,2617.04,COMPLETED,2026-09-02 15:45:17
ORD-6449,SEL-001,CUST-0106,PROD-090,2,636.37,1272.74,COMPLETED,2026-09-02 15:54:00
ORD-6450,SEL-001,CUST-0033,PROD-089,1,2415.49,2415.49,COMPLETED,2026-09-02 16:02:27
ORD-6451,SEL-001,CUST-0210,PROD-081,2,1298.17,2596.34,COMPLETED,2026-09-02 16:10:52
ORD-6452,SEL-001,CUST-0187,PROD-022,2,3674.73,7349.46,COMPLETED,2026-09-02 16:19:29
ORD-6453,SEL-001,CUST-0183,PROD-093,2,2916.65,5833.3,COMPLETED,2026-09-02 16:28:15
ORD-6454,SEL-001,CUST-0337,PROD-032,2,3680.3,7360.6,COMPLETED,2026-09-02 16:36:43
ORD-6455,SEL-001,CUST-0175,PROD-071,1,1387.9,1387.9,COMPLETED,2026-09-02 16:45:03
ORD-6456,SEL-001,CUST-0094,PROD-028,2,644.17,1288.34,COMPLETED,2026-09-02 16:53:33
ORD-6457,SEL-001,CUST-0329,PROD-037,1,2596.17,2596.17,COMPLETED,2026-09-02 17:02:08
ORD-6458,SEL-001,CUST-0012,PROD-044,1,1218.57,1218.57,COMPLETED,2026-09-02 17:10:51
ORD-6459,SEL-001,CUST-0357,PROD-013,1,362.78,362.78,COMPLETED,2026-09-02 17:19:15
ORD-6460,SEL-001,CUST-0192,PROD-020,1,3690.08,3690.08,COMPLETED,2026-09-02 17:27:44
ORD-6461,SEL-001,CUST-0050,PROD-078,1,4136.83,4136.83,COMPLETED,2026-09-02 17:36:10
ORD-6462,SEL-001,CUST-0052,PROD-036,1,1858.77,1858.77,COMPLETED,2026-09-02 17:44:54
ORD-6463,SEL-001,CUST-0345,PROD-067,1,3548.0,3548.0,COMPLETED,2026-09-02 17:53:30
ORD-6464,SEL-001,CUST-0244,PROD-057,1,2838.81,2838.81,COMPLETED,2026-09-02 18:01:56
ORD-6465,SEL-001,CUST-0299,PROD-062,1,4455.47,4455.47,COMPLETED,2026-09-02 18:10:20
ORD-6466,SEL-001,CUST-0314,PROD-091,1,450.24,450.24,COMPLETED,2026-09-02 18:19:05
ORD-6467,SEL-001,CUST-0393,PROD-061,1,1862.69,1862.69,COMPLETED,2026-09-02 18:27:21
ORD-6468,SEL-001,CUST-0211,PROD-023,2,3217.09,6434.18,COMPLETED,2026-09-02 18:36:13
ORD-6469,SEL-001,CUST-0299,PROD-079,2,2200.12,4400.24,COMPLETED,2026-09-02 18:44:44
ORD-6470,SEL-001,CUST-0485,PROD-031,1,2815.84,2815.84,COMPLETED,2026-09-02 18:53:02
ORD-6471,SEL-001,CUST-0185,PROD-060,1,944.46,944.46,COMPLETED,2026-09-02 19:01:28
ORD-6472,SEL-001,CUST-0057,PROD-043,1,444.75,444.75,COMPLETED,2026-09-02 19:09:55
ORD-6473,SEL-001,CUST-0118,PROD-079,2,2200.12,4400.24,COMPLETED,2026-09-02 19:18:53
ORD-6474,SEL-001,CUST-0420,PROD-034,1,2528.97,2528.97,COMPLETED,2026-09-02 19:27:00
ORD-6475,SEL-001,CUST-0181,PROD-060,2,944.46,1888.92,COMPLETED,2026-09-02 19:35:35
ORD-6476,SEL-001,CUST-0054,PROD-035,1,4385.74,4385.74,COMPLETED,2026-09-02 19:44:10
ORD-6477,SEL-001,CUST-0159,PROD-069,1,386.43,386.43,COMPLETED,2026-09-02 19:52:49
ORD-6478,SEL-001,CUST-0110,PROD-041,1,2703.75,2703.75,COMPLETED,2026-09-02 20:01:20
ORD-6479,SEL-001,CUST-0188,PROD-045,1,1479.9,1479.9,COMPLETED,2026-09-02 20:09:55
ORD-6480,SEL-001,CUST-0384,PROD-045,1,1479.9,1479.9,COMPLETED,2026-09-02 20:18:31
ORD-6481,SEL-001,CUST-0250,PROD-065,1,3159.61,3159.61,COMPLETED,2026-09-02 20:27:08
ORD-6482,SEL-001,CUST-0080,PROD-068,1,1223.45,1223.45,COMPLETED,2026-09-02 20:35:15
ORD-6483,SEL-001,CUST-0061,PROD-053,1,1140.4,1140.4,COMPLETED,2026-09-02 20:44:06
ORD-6484,SEL-001,CUST-0336,PROD-082,1,2635.81,2635.81,COMPLETED,2026-09-02 20:52:42
ORD-6485,SEL-001,CUST-0206,PROD-057,1,2838.81,2838.81,COMPLETED,2026-09-02 21:00:59
ORD-6486,SEL-001,CUST-0253,PROD-063,1,2970.0,2970.0,COMPLETED,2026-09-02 21:09:46
ORD-6487,SEL-001,CUST-0126,PROD-016,1,2566.0,2566.0,COMPLETED,2026-09-02 21:18:17
ORD-6488,SEL-001,CUST-0175,PROD-067,1,3548.0,3548.0,COMPLETED,2026-09-02 21:26:45
ORD-6489,SEL-001,CUST-0191,PROD-052,1,1823.27,1823.27,COMPLETED,2026-09-02 21:35:08
ORD-6490,SEL-001,CUST-0312,PROD-013,1,362.78,362.78,COMPLETED,2026-09-02 21:43:37
ORD-6491,SEL-001,CUST-0348,P17,1,1100.0,1100.0,COMPLETED,2026-09-02 21:52:22
ORD-6492,SEL-001,CUST-0384,P17,1,1100.0,1100.0,COMPLETED,2026-09-02 22:00:49
ORD-6493,SEL-001,CUST-0139,PROD-063,1,2970.0,2970.0,COMPLETED,2026-09-02 22:09:27
ORD-6494,SEL-001,CUST-0484,PROD-041,1,2703.75,2703.75,COMPLETED,2026-09-02 22:17:44
ORD-6495,SEL-001,CUST-0080,PROD-047,1,1239.36,1239.36,COMPLETED,2026-09-02 22:26:33
ORD-6496,SEL-001,CUST-0282,PROD-075,1,1587.38,1587.38,COMPLETED,2026-09-02 22:35:04
ORD-6497,SEL-001,CUST-0181,PROD-055,1,4230.78,4230.78,COMPLETED,2026-09-02 22:43:22
ORD-6498,SEL-001,CUST-0345,PROD-091,1,450.24,450.24,COMPLETED,2026-09-02 22:52:15
ORD-6499,SEL-001,CUST-0030,PROD-018,1,1186.87,1186.87,COMPLETED,2026-09-02 23:00:34
ORD-6500,SEL-001,CUST-0044,PROD-030,1,3851.85,3851.85,COMPLETED,2026-09-02 23:09:15
ORD-6501,SEL-001,CUST-0100,PROD-010,1,376.64,376.64,COMPLETED,2026-09-02 23:17:47
ORD-6502,SEL-001,CUST-0467,PROD-022,1,3674.73,3674.73,COMPLETED,2026-09-02 23:26:09
ORD-6503,SEL-001,CUST-0117,PROD-087,2,1182.11,2364.22,COMPLETED,2026-09-02 23:34:46
ORD-6504,SEL-001,CUST-0396,PROD-053,1,1140.4,1140.4,COMPLETED,2026-09-02 23:43:21
ORD-6505,SEL-001,CUST-0487,PROD-067,2,3548.0,7096.0,COMPLETED,2026-09-02 23:51:34
ORD-6506,SEL-001,CUST-0438,PROD-086,1,1947.45,1947.45,COMPLETED,2026-09-03 00:00:28
ORD-6507,SEL-001,CUST-0345,PROD-047,1,1239.36,1239.36,COMPLETED,2026-09-03 00:08:50
ORD-6508,SEL-001,CUST-0288,PROD-050,1,2951.66,2951.66,COMPLETED,2026-09-03 00:17:19
ORD-6509,SEL-001,CUST-0176,PROD-086,1,1947.45,1947.45,COMPLETED,2026-09-03 00:26:07
ORD-6510,SEL-001,CUST-0415,PROD-034,1,2528.97,2528.97,COMPLETED,2026-09-03 00:34:27
ORD-6511,SEL-001,CUST-0454,PROD-098,1,4483.52,4483.52,COMPLETED,2026-09-03 00:42:48
ORD-6512,SEL-001,CUST-0054,P17,1,1100.0,1100.0,COMPLETED,2026-09-03 00:51:34
ORD-6513,SEL-001,CUST-0411,PROD-034,1,2528.97,2528.97,COMPLETED,2026-09-03 01:00:13
ORD-6514,SEL-001,CUST-0082,PROD-011,2,1179.21,2358.42,COMPLETED,2026-09-03 01:08:47
ORD-6515,SEL-001,CUST-0329,PROD-019,1,2754.38,2754.38,COMPLETED,2026-09-03 01:17:17
ORD-6516,SEL-001,CUST-0157,PROD-098,1,4483.52,4483.52,COMPLETED,2026-09-03 01:25:51
ORD-6517,SEL-001,CUST-0323,PROD-049,2,1431.39,2862.78,COMPLETED,2026-09-03 01:34:04
ORD-6518,SEL-001,CUST-0192,PROD-041,1,2703.75,2703.75,COMPLETED,2026-09-03 01:42:33
ORD-6519,SEL-001,CUST-0267,PROD-099,1,2498.74,2498.74,COMPLETED,2026-09-03 01:51:03
ORD-6520,SEL-001,CUST-0464,PROD-011,1,1179.21,1179.21,COMPLETED,2026-09-03 01:59:56
ORD-6521,SEL-001,CUST-0262,PROD-088,1,4489.53,4489.53,COMPLETED,2026-09-03 02:08:10
ORD-6522,SEL-001,CUST-0423,PROD-070,1,1590.68,1590.68,COMPLETED,2026-09-03 02:16:53
ORD-6523,SEL-001,CUST-0429,PROD-055,1,4230.78,4230.78,COMPLETED,2026-09-03 02:25:22
ORD-6524,SEL-001,CUST-0399,PROD-064,2,2617.04,5234.08,COMPLETED,2026-09-03 02:33:57
ORD-6525,SEL-001,CUST-0069,PROD-010,1,376.64,376.64,COMPLETED,2026-09-03 02:42:33
ORD-6526,SEL-001,CUST-0125,PROD-008,2,619.49,1238.98,COMPLETED,2026-09-03 02:50:50
ORD-6527,SEL-001,CUST-0087,PROD-050,1,2951.66,2951.66,COMPLETED,2026-09-03 02:59:31
ORD-6528,SEL-001,CUST-0472,PROD-062,1,4455.47,4455.47,COMPLETED,2026-09-03 03:08:01
ORD-6529,SEL-001,CUST-0339,PROD-056,1,3004.15,3004.15,COMPLETED,2026-09-03 03:16:34
ORD-6530,SEL-001,CUST-0239,PROD-095,1,2044.18,2044.18,COMPLETED,2026-09-03 03:25:17
ORD-6531,SEL-001,CUST-0430,PROD-054,1,1384.66,1384.66,COMPLETED,2026-09-03 03:33:47
ORD-6532,SEL-001,CUST-0022,PROD-068,1,1223.45,1223.45,COMPLETED,2026-09-03 03:42:01
ORD-6533,SEL-001,CUST-0337,PROD-065,1,3159.61,3159.61,COMPLETED,2026-09-03 03:50:30
ORD-6534,SEL-001,CUST-0116,PROD-086,1,1947.45,1947.45,COMPLETED,2026-09-03 03:59:02
ORD-6535,SEL-001,CUST-0169,PROD-033,1,3351.36,3351.36,COMPLETED,2026-09-03 04:07:53
ORD-6536,SEL-001,CUST-0302,PROD-052,1,1823.27,1823.27,COMPLETED,2026-09-03 04:16:08
ORD-6537,SEL-001,CUST-0386,PROD-088,1,4489.53,4489.53,COMPLETED,2026-09-03 04:24:58
ORD-6538,SEL-001,CUST-0408,PROD-005,2,3380.0,6760.0,COMPLETED,2026-09-03 04:33:17
ORD-6539,SEL-001,CUST-0250,PROD-030,1,3851.85,3851.85,COMPLETED,2026-09-03 04:42:05
ORD-6540,SEL-001,CUST-0059,PROD-077,1,1931.44,1931.44,COMPLETED,2026-09-03 04:50:34
ORD-6541,SEL-001,CUST-0036,PROD-048,1,679.26,679.26,COMPLETED,2026-09-03 04:59:02
ORD-6542,SEL-001,CUST-0279,PROD-051,1,1800.54,1800.54,COMPLETED,2026-09-03 05:07:29
ORD-6543,SEL-001,CUST-0171,PROD-009,1,2043.17,2043.17,COMPLETED,2026-09-03 05:16:19
ORD-6544,SEL-001,CUST-0374,PROD-044,2,1218.57,2437.14,COMPLETED,2026-09-03 05:24:33
ORD-6545,SEL-001,CUST-0072,PROD-055,1,4230.78,4230.78,COMPLETED,2026-09-03 05:32:53
ORD-6546,SEL-001,CUST-0282,PROD-059,1,3348.79,3348.79,COMPLETED,2026-09-03 05:41:25
ORD-6547,SEL-001,CUST-0073,PROD-078,1,4136.83,4136.83,COMPLETED,2026-09-03 05:49:57
ORD-6548,SEL-001,CUST-0280,PROD-065,1,3159.61,3159.61,COMPLETED,2026-09-03 05:58:41
ORD-6549,SEL-001,CUST-0319,PROD-001,1,2967.56,2967.56,COMPLETED,2026-09-03 06:07:28
ORD-6550,SEL-001,CUST-0412,PROD-011,1,1179.21,1179.21,COMPLETED,2026-09-03 06:16:02
ORD-6551,SEL-001,CUST-0194,PROD-099,1,2498.74,2498.74,COMPLETED,2026-09-03 06:24:14
ORD-6552,SEL-001,CUST-0449,PROD-011,1,1179.21,1179.21,COMPLETED,2026-09-03 06:32:38
ORD-6553,SEL-001,CUST-0046,PROD-070,1,1590.68,1590.68,COMPLETED,2026-09-03 06:41:34
ORD-6554,SEL-001,CUST-0189,PROD-082,1,2635.81,2635.81,COMPLETED,2026-09-03 06:49:52
ORD-6555,SEL-001,CUST-0007,PROD-044,1,1218.57,1218.57,COMPLETED,2026-09-03 06:58:32
ORD-6556,SEL-001,CUST-0052,PROD-064,1,2617.04,2617.04,COMPLETED,2026-09-03 07:07:00
ORD-6557,SEL-001,CUST-0099,P17,1,1100.0,1100.0,COMPLETED,2026-09-03 07:15:18
ORD-6558,SEL-001,CUST-0458,PROD-010,1,376.64,376.64,COMPLETED,2026-09-03 07:23:51
ORD-6559,SEL-001,CUST-0196,P17,1,1100.0,1100.0,COMPLETED,2026-09-03 07:32:44
ORD-6560,SEL-001,CUST-0415,PROD-082,1,2635.81,2635.81,COMPLETED,2026-09-03 07:41:11
ORD-6561,SEL-001,CUST-0123,PROD-072,1,1146.68,1146.68,COMPLETED,2026-09-03 07:49:32
ORD-6562,SEL-001,CUST-0392,PROD-059,1,3348.79,3348.79,COMPLETED,2026-09-03 07:58:12
ORD-6563,SEL-001,CUST-0032,P17,1,1100.0,1100.0,COMPLETED,2026-09-03 08:06:57
ORD-6564,SEL-001,CUST-0489,PROD-092,2,716.01,1432.02,COMPLETED,2026-09-03 08:15:32
ORD-6565,SEL-001,CUST-0347,PROD-030,1,3851.85,3851.85,COMPLETED,2026-09-03 08:23:48
ORD-6566,SEL-001,CUST-0390,PROD-030,1,3851.85,3851.85,COMPLETED,2026-09-03 08:32:21
ORD-6567,SEL-001,CUST-0216,PROD-093,1,2916.65,2916.65,COMPLETED,2026-09-03 08:41:03
ORD-6568,SEL-001,CUST-0256,PROD-034,2,2528.97,5057.94,COMPLETED,2026-09-03 08:49:34
ORD-6569,SEL-001,CUST-0001,PROD-036,2,1858.77,3717.54,COMPLETED,2026-09-03 08:58:07
ORD-6570,SEL-001,CUST-0156,PROD-057,1,2838.81,2838.81,COMPLETED,2026-09-03 09:06:33
ORD-6571,SEL-001,CUST-0278,PROD-045,1,1479.9,1479.9,COMPLETED,2026-09-03 09:14:50
ORD-6572,SEL-001,CUST-0149,PROD-007,1,4041.76,4041.76,COMPLETED,2026-09-03 09:23:46
ORD-6573,SEL-001,CUST-0457,PROD-075,1,1587.38,1587.38,COMPLETED,2026-09-03 09:32:09
ORD-6574,SEL-001,CUST-0212,PROD-014,1,1095.06,1095.06,COMPLETED,2026-09-03 09:40:38
ORD-6575,SEL-001,CUST-0243,PROD-058,1,977.34,977.34,COMPLETED,2026-09-03 09:49:13
ORD-6576,SEL-001,CUST-0215,PROD-020,1,3690.08,3690.08,COMPLETED,2026-09-03 09:57:38
ORD-6577,SEL-001,CUST-0086,PROD-074,1,3974.56,3974.56,COMPLETED,2026-09-03 10:06:03
ORD-6578,SEL-001,CUST-0483,PROD-004,1,1198.65,1198.65,COMPLETED,2026-09-03 10:14:39
ORD-6579,SEL-001,CUST-0260,PROD-088,1,4489.53,4489.53,COMPLETED,2026-09-03 10:23:22
ORD-6580,SEL-001,CUST-0214,P17,1,1100.0,1100.0,COMPLETED,2026-09-03 10:31:58
ORD-6581,SEL-001,CUST-0306,PROD-084,1,2734.49,2734.49,COMPLETED,2026-09-03 10:40:30
ORD-6582,SEL-001,CUST-0266,PROD-053,1,1140.4,1140.4,COMPLETED,2026-09-03 10:48:45
ORD-6583,SEL-001,CUST-0393,PROD-057,2,2838.81,5677.62,COMPLETED,2026-09-03 10:57:30
ORD-6584,SEL-001,CUST-0240,PROD-084,1,2734.49,2734.49,COMPLETED,2026-09-03 11:05:54
ORD-6585,SEL-001,CUST-0209,PROD-029,1,661.04,661.04,COMPLETED,2026-09-03 11:14:41
ORD-6586,SEL-001,CUST-0382,PROD-057,1,2838.81,2838.81,COMPLETED,2026-09-03 11:23:15
ORD-6587,SEL-001,CUST-0485,PROD-031,2,2815.84,5631.68,COMPLETED,2026-09-03 11:31:20
ORD-6588,SEL-001,CUST-0306,PROD-024,1,1696.06,1696.06,COMPLETED,2026-09-03 11:40:08
ORD-6589,SEL-001,CUST-0496,PROD-022,1,3674.73,3674.73,COMPLETED,2026-09-03 11:48:40
ORD-6590,SEL-001,CUST-0351,PROD-031,1,2815.84,2815.84,COMPLETED,2026-09-03 11:57:02
ORD-6591,SEL-001,CUST-0302,PROD-033,1,3351.36,3351.36,COMPLETED,2026-09-03 12:05:47
ORD-6592,SEL-001,CUST-0417,PROD-004,1,1198.65,1198.65,COMPLETED,2026-09-03 12:14:12
ORD-6593,SEL-001,CUST-0290,PROD-034,1,2528.97,2528.97,COMPLETED,2026-09-03 12:22:44
ORD-6594,SEL-001,CUST-0205,PROD-084,1,2734.49,2734.49,COMPLETED,2026-09-03 12:31:04
ORD-6595,SEL-001,CUST-0451,PROD-100,1,4377.08,4377.08,COMPLETED,2026-09-03 12:39:53
ORD-6596,SEL-001,CUST-0259,PROD-062,1,4455.47,4455.47,COMPLETED,2026-09-03 12:48:12
ORD-6597,SEL-001,CUST-0196,PROD-034,1,2528.97,2528.97,COMPLETED,2026-09-03 12:57:05
ORD-6598,SEL-001,CUST-0173,PROD-062,1,4455.47,4455.47,COMPLETED,2026-09-03 13:05:29
ORD-6599,SEL-001,CUST-0060,PROD-081,1,1298.17,1298.17,COMPLETED,2026-09-03 13:13:47
ORD-6600,SEL-001,CUST-0006,PROD-047,1,1239.36,1239.36,COMPLETED,2026-09-03 13:22:41
ORD-6601,SEL-001,CUST-0272,PROD-042,1,3244.43,3244.43,COMPLETED,2026-09-03 13:30:52
ORD-6602,SEL-001,CUST-0155,PROD-047,1,1239.36,1239.36,COMPLETED,2026-09-03 13:39:44
ORD-6603,SEL-001,CUST-0441,PROD-055,1,4230.78,4230.78,COMPLETED,2026-09-03 13:48:09
ORD-6604,SEL-001,CUST-0279,PROD-087,1,1182.11,1182.11,COMPLETED,2026-09-03 13:56:38
ORD-6605,SEL-001,CUST-0487,PROD-016,1,2566.0,2566.0,COMPLETED,2026-09-03 14:05:14
ORD-6606,SEL-001,CUST-0018,PROD-012,1,2397.76,2397.76,COMPLETED,2026-09-03 14:13:43
ORD-6607,SEL-001,CUST-0287,PROD-054,2,1384.66,2769.32,COMPLETED,2026-09-03 14:22:10
ORD-6608,SEL-001,CUST-0296,PROD-070,1,1590.68,1590.68,COMPLETED,2026-09-03 14:30:56
ORD-6609,SEL-001,CUST-0248,PROD-067,1,3548.0,3548.0,COMPLETED,2026-09-03 14:39:28
ORD-6610,SEL-001,CUST-0040,PROD-021,1,277.62,277.62,COMPLETED,2026-09-03 14:47:58
ORD-6611,SEL-001,CUST-0210,PROD-015,1,3012.01,3012.01,COMPLETED,2026-09-03 14:56:33
ORD-6612,SEL-001,CUST-0159,PROD-055,1,4230.78,4230.78,COMPLETED,2026-09-03 15:04:53
ORD-6613,SEL-001,CUST-0278,PROD-001,1,2967.56,2967.56,COMPLETED,2026-09-03 15:13:18
ORD-6614,SEL-001,CUST-0270,PROD-044,1,1218.57,1218.57,COMPLETED,2026-09-03 15:21:50
ORD-6615,SEL-001,CUST-0076,PROD-094,1,3616.34,3616.34,COMPLETED,2026-09-03 15:30:17
ORD-6616,SEL-001,CUST-0371,PROD-047,1,1239.36,1239.36,COMPLETED,2026-09-03 15:38:51
ORD-6617,SEL-001,CUST-0204,PROD-064,1,2617.04,2617.04,COMPLETED,2026-09-03 15:47:23
ORD-6618,SEL-001,CUST-0035,PROD-035,1,4385.74,4385.74,COMPLETED,2026-09-03 15:56:15
ORD-6619,SEL-001,CUST-0164,PROD-003,1,1418.87,1418.87,COMPLETED,2026-09-03 16:04:39
ORD-6620,SEL-001,CUST-0349,PROD-058,1,977.34,977.34,COMPLETED,2026-09-03 16:13:09
ORD-6621,SEL-001,CUST-0118,PROD-051,1,1800.54,1800.54,COMPLETED,2026-09-03 16:21:30
ORD-6622,SEL-001,CUST-0175,PROD-070,2,1590.68,3181.36,COMPLETED,2026-09-03 16:30:25
ORD-6623,SEL-001,CUST-0007,PROD-048,1,679.26,679.26,COMPLETED,2026-09-03 16:38:39
ORD-6624,SEL-001,CUST-0122,PROD-028,1,644.17,644.17,COMPLETED,2026-09-03 16:47:33
ORD-6625,SEL-001,CUST-0219,PROD-012,2,2397.76,4795.52,COMPLETED,2026-09-03 16:55:37
ORD-6626,SEL-001,CUST-0079,PROD-052,1,1823.27,1823.27,COMPLETED,2026-09-03 17:04:28
ORD-6627,SEL-001,CUST-0273,PROD-091,1,450.24,450.24,COMPLETED,2026-09-03 17:13:02
ORD-6628,SEL-001,CUST-0049,PROD-093,1,2916.65,2916.65,COMPLETED,2026-09-03 17:21:13
ORD-6629,SEL-001,CUST-0434,PROD-086,1,1947.45,1947.45,COMPLETED,2026-09-03 17:30:04
ORD-6630,SEL-001,CUST-0038,PROD-006,1,3125.97,3125.97,COMPLETED,2026-09-03 17:38:28
ORD-6631,SEL-001,CUST-0371,P17,1,1100.0,1100.0,COMPLETED,2026-09-03 17:47:06
ORD-6632,SEL-001,CUST-0231,PROD-035,1,4385.74,4385.74,COMPLETED,2026-09-03 17:55:39
ORD-6633,SEL-001,CUST-0245,PROD-065,1,3159.61,3159.61,COMPLETED,2026-09-03 18:04:18
ORD-6634,SEL-001,CUST-0275,PROD-081,2,1298.17,2596.34,COMPLETED,2026-09-03 18:12:36
ORD-6635,SEL-001,CUST-0064,PROD-028,1,644.17,644.17,COMPLETED,2026-09-03 18:21:23
ORD-6636,SEL-001,CUST-0145,PROD-003,2,1418.87,2837.74,COMPLETED,2026-09-03 18:29:32
ORD-6637,SEL-001,CUST-0480,PROD-090,2,636.37,1272.74,COMPLETED,2026-09-03 18:38:28
ORD-6638,SEL-001,CUST-0159,PROD-039,1,2878.71,2878.71,COMPLETED,2026-09-03 18:47:04
ORD-6639,SEL-001,CUST-0299,PROD-050,1,2951.66,2951.66,COMPLETED,2026-09-03 18:55:13
ORD-6640,SEL-001,CUST-0474,PROD-089,1,2415.49,2415.49,COMPLETED,2026-09-03 19:03:54
ORD-6641,SEL-001,CUST-0488,PROD-061,1,1862.69,1862.69,COMPLETED,2026-09-03 19:12:28
ORD-6642,SEL-001,CUST-0331,PROD-060,1,944.46,944.46,COMPLETED,2026-09-03 19:21:11
ORD-6643,SEL-001,CUST-0153,PROD-040,1,3912.25,3912.25,COMPLETED,2026-09-03 19:29:22
ORD-6644,SEL-001,CUST-0156,PROD-060,1,944.46,944.46,COMPLETED,2026-09-03 19:38:13
ORD-6645,SEL-001,CUST-0193,PROD-015,1,3012.01,3012.01,COMPLETED,2026-09-03 19:46:45
ORD-6646,SEL-001,CUST-0436,PROD-067,2,3548.0,7096.0,COMPLETED,2026-09-03 19:55:12
ORD-6647,SEL-001,CUST-0081,PROD-074,1,3974.56,3974.56,COMPLETED,2026-09-03 20:03:48
ORD-6648,SEL-001,CUST-0476,PROD-003,1,1418.87,1418.87,COMPLETED,2026-09-03 20:12:02
ORD-6649,SEL-001,CUST-0298,PROD-007,1,4041.76,4041.76,COMPLETED,2026-09-03 20:20:41
ORD-6650,SEL-001,CUST-0147,P17,1,1100.0,1100.0,COMPLETED,2026-09-03 20:29:16
ORD-6651,SEL-001,CUST-0117,P17,1,1100.0,1100.0,COMPLETED,2026-09-03 20:37:45
ORD-6652,SEL-001,CUST-0356,PROD-089,1,2415.49,2415.49,COMPLETED,2026-09-03 20:46:14
ORD-6653,SEL-001,CUST-0305,PROD-005,1,3380.0,3380.0,COMPLETED,2026-09-03 20:54:42
ORD-6654,SEL-001,CUST-0028,PROD-011,1,1179.21,1179.21,COMPLETED,2026-09-03 21:03:14
ORD-6655,SEL-001,CUST-0323,PROD-013,1,362.78,362.78,COMPLETED,2026-09-03 21:12:05
ORD-6656,SEL-001,CUST-0056,PROD-015,1,3012.01,3012.01,COMPLETED,2026-09-03 21:20:18
ORD-6657,SEL-001,CUST-0203,PROD-009,1,2043.17,2043.17,COMPLETED,2026-09-03 21:28:48
ORD-6658,SEL-001,CUST-0216,PROD-002,2,356.3,712.6,COMPLETED,2026-09-03 21:37:25
ORD-6659,SEL-001,CUST-0137,PROD-079,1,2200.12,2200.12,COMPLETED,2026-09-03 21:46:03
ORD-6660,SEL-001,CUST-0313,PROD-095,1,2044.18,2044.18,COMPLETED,2026-09-03 21:54:29
ORD-6661,SEL-001,CUST-0081,PROD-082,1,2635.81,2635.81,COMPLETED,2026-09-03 22:02:56
ORD-6662,SEL-001,CUST-0332,PROD-079,1,2200.12,2200.12,COMPLETED,2026-09-03 22:11:47
ORD-6663,SEL-001,CUST-0247,PROD-011,2,1179.21,2358.42,COMPLETED,2026-09-03 22:20:17
ORD-6664,SEL-001,CUST-0011,PROD-022,1,3674.73,3674.73,COMPLETED,2026-09-03 22:28:46
ORD-6665,SEL-001,CUST-0155,PROD-100,1,4377.08,4377.08,COMPLETED,2026-09-03 22:37:22
ORD-6666,SEL-001,CUST-0369,PROD-078,1,4136.83,4136.83,COMPLETED,2026-09-03 22:45:32
ORD-6667,SEL-001,CUST-0498,PROD-056,1,3004.15,3004.15,COMPLETED,2026-09-03 22:54:25
ORD-6668,SEL-001,CUST-0443,PROD-040,1,3912.25,3912.25,COMPLETED,2026-09-03 23:02:37
ORD-6669,SEL-001,CUST-0128,PROD-091,1,450.24,450.24,COMPLETED,2026-09-03 23:11:22
ORD-6670,SEL-001,CUST-0027,PROD-037,1,2596.17,2596.17,COMPLETED,2026-09-03 23:20:09
ORD-6671,SEL-001,CUST-0318,PROD-019,1,2754.38,2754.38,COMPLETED,2026-09-03 23:28:23
ORD-6672,SEL-001,CUST-0222,PROD-047,1,1239.36,1239.36,COMPLETED,2026-09-03 23:37:06
ORD-6673,SEL-001,CUST-0116,PROD-040,2,3912.25,7824.5,COMPLETED,2026-09-03 23:45:33
ORD-6674,SEL-001,CUST-0301,P17,1,1100.0,1100.0,COMPLETED,2026-09-03 23:53:59
ORD-6675,SEL-001,CUST-0344,PROD-024,1,1696.06,1696.06,COMPLETED,2026-09-04 00:02:44
ORD-6676,SEL-001,CUST-0263,PROD-089,1,2415.49,2415.49,COMPLETED,2026-09-04 00:10:57
ORD-6677,SEL-001,CUST-0424,PROD-066,1,3832.12,3832.12,COMPLETED,2026-09-04 00:19:31
ORD-6678,SEL-001,CUST-0479,PROD-036,1,1858.77,1858.77,COMPLETED,2026-09-04 00:27:56
ORD-6679,SEL-001,CUST-0348,PROD-024,2,1696.06,3392.12,COMPLETED,2026-09-04 00:36:54
ORD-6680,SEL-001,CUST-0433,PROD-038,1,3774.97,3774.97,COMPLETED,2026-09-04 00:45:03
ORD-6681,SEL-001,CUST-0325,PROD-048,1,679.26,679.26,COMPLETED,2026-09-04 00:53:32
ORD-6682,SEL-001,CUST-0029,PROD-045,1,1479.9,1479.9,COMPLETED,2026-09-04 01:02:09
ORD-6683,SEL-001,CUST-0025,P17,1,1100.0,1100.0,COMPLETED,2026-09-04 01:10:48
ORD-6684,SEL-001,CUST-0363,PROD-046,1,589.12,589.12,COMPLETED,2026-09-04 01:19:23
ORD-6685,SEL-001,CUST-0412,PROD-035,1,4385.74,4385.74,COMPLETED,2026-09-04 01:27:41
ORD-6686,SEL-001,CUST-0078,PROD-083,1,1366.65,1366.65,COMPLETED,2026-09-04 01:36:20
ORD-6687,SEL-001,CUST-0175,PROD-010,1,376.64,376.64,COMPLETED,2026-09-04 01:45:14
ORD-6688,SEL-001,CUST-0417,PROD-012,1,2397.76,2397.76,COMPLETED,2026-09-04 01:53:27
ORD-6689,SEL-001,CUST-0417,P17,1,1100.0,1100.0,COMPLETED,2026-09-04 02:02:13
ORD-6690,SEL-001,CUST-0047,PROD-094,2,3616.34,7232.68,COMPLETED,2026-09-04 02:10:38
ORD-6691,SEL-001,CUST-0179,PROD-029,1,661.04,661.04,COMPLETED,2026-09-04 02:18:52
ORD-6692,SEL-001,CUST-0131,PROD-009,1,2043.17,2043.17,COMPLETED,2026-09-04 02:27:54
ORD-6693,SEL-001,CUST-0171,PROD-097,1,1871.88,1871.88,COMPLETED,2026-09-04 02:35:59
ORD-6694,SEL-001,CUST-0458,PROD-056,1,3004.15,3004.15,COMPLETED,2026-09-04 02:44:31
ORD-6695,SEL-001,CUST-0324,PROD-036,1,1858.77,1858.77,COMPLETED,2026-09-04 02:53:16
ORD-6696,SEL-001,CUST-0211,PROD-010,1,376.64,376.64,COMPLETED,2026-09-04 03:01:55
ORD-6697,SEL-001,CUST-0187,PROD-092,1,716.01,716.01,COMPLETED,2026-09-04 03:10:26
ORD-6698,SEL-001,CUST-0448,PROD-059,1,3348.79,3348.79,COMPLETED,2026-09-04 03:18:37
ORD-6699,SEL-001,CUST-0149,PROD-041,1,2703.75,2703.75,COMPLETED,2026-09-04 03:27:10
ORD-6700,SEL-001,CUST-0415,PROD-084,1,2734.49,2734.49,COMPLETED,2026-09-04 03:35:57
ORD-6701,SEL-001,CUST-0040,PROD-088,1,4489.53,4489.53,COMPLETED,2026-09-04 03:44:41
ORD-6702,SEL-001,CUST-0468,PROD-006,1,3125.97,3125.97,COMPLETED,2026-09-04 03:52:45
ORD-6703,SEL-001,CUST-0023,PROD-037,1,2596.17,2596.17,COMPLETED,2026-09-04 04:01:20
ORD-6704,SEL-001,CUST-0435,PROD-028,1,644.17,644.17,COMPLETED,2026-09-04 04:09:52
ORD-6705,SEL-001,CUST-0269,PROD-013,1,362.78,362.78,COMPLETED,2026-09-04 04:18:37
ORD-6706,SEL-001,CUST-0410,PROD-051,1,1800.54,1800.54,COMPLETED,2026-09-04 04:27:01
ORD-6707,SEL-001,CUST-0285,PROD-053,2,1140.4,2280.8,COMPLETED,2026-09-04 04:35:32
ORD-6708,SEL-001,CUST-0376,PROD-068,1,1223.45,1223.45,COMPLETED,2026-09-04 04:44:14
ORD-6709,SEL-001,CUST-0477,PROD-045,1,1479.9,1479.9,COMPLETED,2026-09-04 04:52:42
ORD-6710,SEL-001,CUST-0172,PROD-098,1,4483.52,4483.52,COMPLETED,2026-09-04 05:01:13
ORD-6711,SEL-001,CUST-0246,PROD-005,1,3380.0,3380.0,COMPLETED,2026-09-04 05:09:45
ORD-6712,SEL-001,CUST-0250,PROD-001,1,2967.56,2967.56,COMPLETED,2026-09-04 05:18:27
ORD-6713,SEL-001,CUST-0345,PROD-038,1,3774.97,3774.97,COMPLETED,2026-09-04 05:26:40
ORD-6714,SEL-001,CUST-0108,PROD-037,1,2596.17,2596.17,COMPLETED,2026-09-04 05:35:23
ORD-6715,SEL-001,CUST-0371,PROD-004,2,1198.65,2397.3,COMPLETED,2026-09-04 05:44:04
ORD-6716,SEL-001,CUST-0205,PROD-067,1,3548.0,3548.0,COMPLETED,2026-09-04 05:52:37
ORD-6717,SEL-001,CUST-0191,PROD-033,1,3351.36,3351.36,COMPLETED,2026-09-04 06:01:03
ORD-6718,SEL-001,CUST-0105,PROD-011,1,1179.21,1179.21,COMPLETED,2026-09-04 06:09:35
ORD-6719,SEL-001,CUST-0019,PROD-049,1,1431.39,1431.39,COMPLETED,2026-09-04 06:18:08
ORD-6720,SEL-001,CUST-0191,PROD-072,1,1146.68,1146.68,COMPLETED,2026-09-04 06:26:36
ORD-6721,SEL-001,CUST-0044,PROD-046,1,589.12,589.12,COMPLETED,2026-09-04 06:34:57
ORD-6722,SEL-001,CUST-0408,PROD-052,1,1823.27,1823.27,COMPLETED,2026-09-04 06:43:45
ORD-6723,SEL-001,CUST-0385,PROD-007,2,4041.76,8083.52,COMPLETED,2026-09-04 06:52:27
ORD-6724,SEL-001,CUST-0302,PROD-003,1,1418.87,1418.87,COMPLETED,2026-09-04 07:00:36
ORD-6725,SEL-001,CUST-0428,PROD-055,1,4230.78,4230.78,COMPLETED,2026-09-04 07:09:18
ORD-6726,SEL-001,CUST-0395,PROD-062,1,4455.47,4455.47,COMPLETED,2026-09-04 07:17:41
ORD-6727,SEL-001,CUST-0103,PROD-064,1,2617.04,2617.04,COMPLETED,2026-09-04 07:26:27
ORD-6728,SEL-001,CUST-0401,PROD-054,1,1384.66,1384.66,COMPLETED,2026-09-04 07:34:56
ORD-6729,SEL-001,CUST-0345,PROD-014,1,1095.06,1095.06,COMPLETED,2026-09-04 07:43:25
ORD-6730,SEL-001,CUST-0489,PROD-038,1,3774.97,3774.97,COMPLETED,2026-09-04 07:51:46
ORD-6731,SEL-001,CUST-0176,PROD-005,1,3380.0,3380.0,COMPLETED,2026-09-04 08:00:15
ORD-6732,SEL-001,CUST-0341,PROD-071,1,1387.9,1387.9,COMPLETED,2026-09-04 08:08:47
ORD-6733,SEL-001,CUST-0206,PROD-031,1,2815.84,2815.84,COMPLETED,2026-09-04 08:17:33
ORD-6734,SEL-001,CUST-0194,PROD-028,1,644.17,644.17,COMPLETED,2026-09-04 08:25:59
ORD-6735,SEL-001,CUST-0145,PROD-029,1,661.04,661.04,COMPLETED,2026-09-04 08:34:46
ORD-6736,SEL-001,CUST-0298,PROD-029,1,661.04,661.04,COMPLETED,2026-09-04 08:42:54
ORD-6737,SEL-001,CUST-0480,PROD-003,1,1418.87,1418.87,COMPLETED,2026-09-04 08:51:45
ORD-6738,SEL-001,CUST-0055,PROD-073,1,4257.37,4257.37,COMPLETED,2026-09-04 09:00:06
ORD-6739,SEL-001,CUST-0139,PROD-050,1,2951.66,2951.66,COMPLETED,2026-09-04 09:08:41
ORD-6740,SEL-001,CUST-0100,PROD-067,1,3548.0,3548.0,COMPLETED,2026-09-04 09:17:25
ORD-6741,SEL-001,CUST-0173,PROD-100,1,4377.08,4377.08,COMPLETED,2026-09-04 09:25:39
ORD-6742,SEL-001,CUST-0085,PROD-005,1,3380.0,3380.0,COMPLETED,2026-09-04 09:34:07
ORD-6743,SEL-001,CUST-0020,PROD-096,1,519.99,519.99,COMPLETED,2026-09-04 09:42:48
ORD-6744,SEL-001,CUST-0053,PROD-011,1,1179.21,1179.21,COMPLETED,2026-09-04 09:51:41
ORD-6745,SEL-001,CUST-0023,PROD-014,2,1095.06,2190.12,COMPLETED,2026-09-04 10:00:06
ORD-6746,SEL-001,CUST-0396,PROD-002,1,356.3,356.3,COMPLETED,2026-09-04 10:08:20
ORD-6747,SEL-001,CUST-0023,PROD-015,1,3012.01,3012.01,COMPLETED,2026-09-04 10:17:00
ORD-6748,SEL-001,CUST-0250,PROD-038,1,3774.97,3774.97,COMPLETED,2026-09-04 10:25:23
ORD-6749,SEL-001,CUST-0018,PROD-049,1,1431.39,1431.39,COMPLETED,2026-09-04 10:34:10
ORD-6750,SEL-001,CUST-0072,PROD-079,1,2200.12,2200.12,COMPLETED,2026-09-04 10:42:33
ORD-6751,SEL-001,CUST-0439,PROD-039,1,2878.71,2878.71,COMPLETED,2026-09-04 10:51:20
ORD-6752,SEL-001,CUST-0356,PROD-033,1,3351.36,3351.36,COMPLETED,2026-09-04 10:59:35
ORD-6753,SEL-001,CUST-0371,PROD-060,1,944.46,944.46,COMPLETED,2026-09-04 11:08:05
ORD-6754,SEL-001,CUST-0022,PROD-010,1,376.64,376.64,COMPLETED,2026-09-04 11:16:42
ORD-6755,SEL-001,CUST-0273,P17,1,1100.0,1100.0,COMPLETED,2026-09-04 11:25:32
ORD-6756,SEL-001,CUST-0301,PROD-034,1,2528.97,2528.97,COMPLETED,2026-09-04 11:33:55
ORD-6757,SEL-001,CUST-0343,PROD-001,1,2967.56,2967.56,COMPLETED,2026-09-04 11:42:14
ORD-6758,SEL-001,CUST-0477,PROD-012,2,2397.76,4795.52,COMPLETED,2026-09-04 11:50:53
ORD-6759,SEL-001,CUST-0064,PROD-075,1,1587.38,1587.38,COMPLETED,2026-09-04 11:59:34
ORD-6760,SEL-001,CUST-0162,PROD-049,2,1431.39,2862.78,COMPLETED,2026-09-04 12:08:07
ORD-6761,SEL-001,CUST-0455,PROD-063,1,2970.0,2970.0,COMPLETED,2026-09-04 12:16:20
ORD-6762,SEL-001,CUST-0109,PROD-006,1,3125.97,3125.97,COMPLETED,2026-09-04 12:25:12
ORD-6763,SEL-001,CUST-0102,PROD-067,1,3548.0,3548.0,COMPLETED,2026-09-04 12:33:22
ORD-6764,SEL-001,CUST-0288,PROD-040,1,3912.25,3912.25,COMPLETED,2026-09-04 12:42:19
ORD-6765,SEL-001,CUST-0044,PROD-030,1,3851.85,3851.85,COMPLETED,2026-09-04 12:50:53
ORD-6766,SEL-001,CUST-0448,PROD-001,1,2967.56,2967.56,COMPLETED,2026-09-04 12:59:10
ORD-6767,SEL-001,CUST-0185,PROD-074,1,3974.56,3974.56,COMPLETED,2026-09-04 13:07:44
ORD-6768,SEL-001,CUST-0463,PROD-013,1,362.78,362.78,COMPLETED,2026-09-04 13:16:25
ORD-6769,SEL-001,CUST-0270,PROD-003,1,1418.87,1418.87,COMPLETED,2026-09-04 13:24:46
ORD-6770,SEL-001,CUST-0182,PROD-050,1,2951.66,2951.66,COMPLETED,2026-09-04 13:33:29
ORD-6771,SEL-001,CUST-0392,PROD-042,1,3244.43,3244.43,COMPLETED,2026-09-04 13:42:06
ORD-6772,SEL-001,CUST-0405,PROD-093,1,2916.65,2916.65,COMPLETED,2026-09-04 13:50:16
ORD-6773,SEL-001,CUST-0480,PROD-034,1,2528.97,2528.97,COMPLETED,2026-09-04 13:59:07
ORD-6774,SEL-001,CUST-0497,PROD-001,1,2967.56,2967.56,COMPLETED,2026-09-04 14:07:41
ORD-6775,SEL-001,CUST-0055,PROD-051,1,1800.54,1800.54,COMPLETED,2026-09-04 14:16:03
ORD-6776,SEL-001,CUST-0046,PROD-081,1,1298.17,1298.17,COMPLETED,2026-09-04 14:24:25
ORD-6777,SEL-001,CUST-0427,PROD-029,1,661.04,661.04,COMPLETED,2026-09-04 14:32:48
ORD-6778,SEL-001,CUST-0180,PROD-009,1,2043.17,2043.17,COMPLETED,2026-09-04 14:41:34
ORD-6779,SEL-001,CUST-0251,PROD-051,1,1800.54,1800.54,COMPLETED,2026-09-04 14:50:03
ORD-6780,SEL-001,CUST-0042,P17,1,1100.0,1100.0,COMPLETED,2026-09-04 14:58:25
ORD-6781,SEL-001,CUST-0152,PROD-013,1,362.78,362.78,COMPLETED,2026-09-04 15:07:06
ORD-6782,SEL-001,CUST-0199,PROD-003,1,1418.87,1418.87,COMPLETED,2026-09-04 15:15:30
ORD-6783,SEL-001,CUST-0267,PROD-077,1,1931.44,1931.44,COMPLETED,2026-09-04 15:24:31
ORD-6784,SEL-001,CUST-0326,PROD-067,1,3548.0,3548.0,COMPLETED,2026-09-04 15:32:57
ORD-6785,SEL-001,CUST-0036,PROD-084,1,2734.49,2734.49,COMPLETED,2026-09-04 15:41:21
ORD-6786,SEL-001,CUST-0028,PROD-059,1,3348.79,3348.79,COMPLETED,2026-09-04 15:49:37
ORD-6787,SEL-001,CUST-0490,PROD-029,1,661.04,661.04,COMPLETED,2026-09-04 15:58:39
ORD-6788,SEL-001,CUST-0159,PROD-026,1,4318.16,4318.16,COMPLETED,2026-09-04 16:07:10
ORD-6789,SEL-001,CUST-0271,PROD-010,1,376.64,376.64,COMPLETED,2026-09-04 16:15:27
ORD-6790,SEL-001,CUST-0217,PROD-005,1,3380.0,3380.0,COMPLETED,2026-09-04 16:24:09
ORD-6791,SEL-001,CUST-0048,PROD-038,1,3774.97,3774.97,COMPLETED,2026-09-04 16:32:46
ORD-6792,SEL-001,CUST-0172,PROD-055,1,4230.78,4230.78,COMPLETED,2026-09-04 16:41:00
ORD-6793,SEL-001,CUST-0341,PROD-039,1,2878.71,2878.71,COMPLETED,2026-09-04 16:49:28
ORD-6794,SEL-001,CUST-0474,PROD-021,1,277.62,277.62,COMPLETED,2026-09-04 16:58:15
ORD-6795,SEL-001,CUST-0398,PROD-028,1,644.17,644.17,COMPLETED,2026-09-04 17:06:40
ORD-6796,SEL-001,CUST-0001,PROD-097,1,1871.88,1871.88,COMPLETED,2026-09-04 17:15:26
ORD-6797,SEL-001,CUST-0300,PROD-050,1,2951.66,2951.66,COMPLETED,2026-09-04 17:23:54
ORD-6798,SEL-001,CUST-0369,PROD-015,2,3012.01,6024.02,COMPLETED,2026-09-04 17:32:07
ORD-6799,SEL-001,CUST-0426,PROD-014,2,1095.06,2190.12,COMPLETED,2026-09-04 17:40:53
ORD-6800,SEL-001,CUST-0445,PROD-055,1,4230.78,4230.78,COMPLETED,2026-09-04 17:49:23
ORD-6801,SEL-001,CUST-0254,PROD-020,2,3690.08,7380.16,COMPLETED,2026-09-04 17:57:53
ORD-6802,SEL-001,CUST-0416,PROD-045,1,1479.9,1479.9,COMPLETED,2026-09-04 18:06:32
ORD-6803,SEL-001,CUST-0497,PROD-080,1,1375.74,1375.74,COMPLETED,2026-09-04 18:14:52
ORD-6804,SEL-001,CUST-0199,PROD-085,1,4065.75,4065.75,COMPLETED,2026-09-04 18:23:39
ORD-6805,SEL-001,CUST-0491,PROD-074,1,3974.56,3974.56,COMPLETED,2026-09-04 18:32:15
ORD-6806,SEL-001,CUST-0247,PROD-050,1,2951.66,2951.66,COMPLETED,2026-09-04 18:40:42
ORD-6807,SEL-001,CUST-0188,PROD-083,1,1366.65,1366.65,COMPLETED,2026-09-04 18:48:50
ORD-6808,SEL-001,CUST-0164,P17,1,1100.0,1100.0,COMPLETED,2026-09-04 18:57:48
ORD-6809,SEL-001,CUST-0070,PROD-051,1,1800.54,1800.54,COMPLETED,2026-09-04 19:06:06
ORD-6810,SEL-001,CUST-0097,PROD-048,1,679.26,679.26,COMPLETED,2026-09-04 19:14:45
ORD-6811,SEL-001,CUST-0107,PROD-069,1,386.43,386.43,COMPLETED,2026-09-04 19:23:10
ORD-6812,SEL-001,CUST-0481,PROD-081,1,1298.17,1298.17,COMPLETED,2026-09-04 19:31:33
ORD-6813,SEL-001,CUST-0434,PROD-077,1,1931.44,1931.44,COMPLETED,2026-09-04 19:40:02
ORD-6814,SEL-001,CUST-0244,PROD-013,1,362.78,362.78,COMPLETED,2026-09-04 19:48:38
ORD-6815,SEL-001,CUST-0489,PROD-020,1,3690.08,3690.08,COMPLETED,2026-09-04 19:57:18
ORD-6816,SEL-001,CUST-0437,PROD-043,1,444.75,444.75,COMPLETED,2026-09-04 20:06:04
ORD-6817,SEL-001,CUST-0028,P17,1,1100.0,1100.0,COMPLETED,2026-09-04 20:14:22
ORD-6818,SEL-001,CUST-0420,PROD-099,1,2498.74,2498.74,COMPLETED,2026-09-04 20:23:07
ORD-6819,SEL-001,CUST-0218,PROD-010,1,376.64,376.64,COMPLETED,2026-09-04 20:31:24
ORD-6820,SEL-001,CUST-0133,PROD-099,1,2498.74,2498.74,COMPLETED,2026-09-04 20:40:03
ORD-6821,SEL-001,CUST-0072,PROD-030,1,3851.85,3851.85,COMPLETED,2026-09-04 20:48:20
ORD-6822,SEL-001,CUST-0263,PROD-098,1,4483.52,4483.52,COMPLETED,2026-09-04 20:57:07
ORD-6823,SEL-001,CUST-0498,PROD-074,1,3974.56,3974.56,COMPLETED,2026-09-04 21:05:43
ORD-6824,SEL-001,CUST-0487,PROD-091,1,450.24,450.24,COMPLETED,2026-09-04 21:14:16
ORD-6825,SEL-001,CUST-0066,PROD-028,1,644.17,644.17,COMPLETED,2026-09-04 21:22:42
ORD-6826,SEL-001,CUST-0271,PROD-087,2,1182.11,2364.22,COMPLETED,2026-09-04 21:31:07
ORD-6827,SEL-001,CUST-0322,PROD-053,2,1140.4,2280.8,COMPLETED,2026-09-04 21:40:01
ORD-6828,SEL-001,CUST-0372,PROD-078,1,4136.83,4136.83,COMPLETED,2026-09-04 21:48:13
ORD-6829,SEL-001,CUST-0272,PROD-018,1,1186.87,1186.87,COMPLETED,2026-09-04 21:56:59
ORD-6830,SEL-001,CUST-0270,PROD-051,1,1800.54,1800.54,COMPLETED,2026-09-04 22:05:09
ORD-6831,SEL-001,CUST-0033,PROD-081,2,1298.17,2596.34,COMPLETED,2026-09-04 22:13:51
ORD-6832,SEL-001,CUST-0080,PROD-034,1,2528.97,2528.97,COMPLETED,2026-09-04 22:22:11
ORD-6833,SEL-001,CUST-0312,PROD-065,1,3159.61,3159.61,COMPLETED,2026-09-04 22:30:56
ORD-6834,SEL-001,CUST-0303,PROD-060,1,944.46,944.46,COMPLETED,2026-09-04 22:39:34
ORD-6835,SEL-001,CUST-0296,PROD-092,1,716.01,716.01,COMPLETED,2026-09-04 22:48:12
ORD-6836,SEL-001,CUST-0176,PROD-069,1,386.43,386.43,COMPLETED,2026-09-04 22:56:24
ORD-6837,SEL-001,CUST-0206,PROD-014,1,1095.06,1095.06,COMPLETED,2026-09-04 23:05:16
ORD-6838,SEL-001,CUST-0237,PROD-078,1,4136.83,4136.83,COMPLETED,2026-09-04 23:13:30
ORD-6839,SEL-001,CUST-0441,PROD-024,1,1696.06,1696.06,COMPLETED,2026-09-04 23:22:22
ORD-6840,SEL-001,CUST-0390,PROD-039,1,2878.71,2878.71,COMPLETED,2026-09-04 23:30:40
ORD-6841,SEL-001,CUST-0128,PROD-096,1,519.99,519.99,COMPLETED,2026-09-04 23:39:29
ORD-6842,SEL-001,CUST-0278,PROD-015,2,3012.01,6024.02,COMPLETED,2026-09-04 23:47:54
ORD-6843,SEL-001,CUST-0159,PROD-029,1,661.04,661.04,COMPLETED,2026-09-04 23:56:05
ORD-6844,SEL-001,CUST-0310,PROD-004,1,1198.65,1198.65,COMPLETED,2026-09-05 00:04:35
ORD-6845,SEL-001,CUST-0431,PROD-090,1,636.37,636.37,COMPLETED,2026-09-05 00:13:10
ORD-6846,SEL-001,CUST-0356,PROD-082,2,2635.81,5271.62,COMPLETED,2026-09-05 00:22:05
ORD-6847,SEL-001,CUST-0400,PROD-062,2,4455.47,8910.94,COMPLETED,2026-09-05 00:30:17
ORD-6848,SEL-001,CUST-0183,PROD-089,1,2415.49,2415.49,COMPLETED,2026-09-05 00:39:13
ORD-6849,SEL-001,CUST-0489,PROD-031,1,2815.84,2815.84,COMPLETED,2026-09-05 00:47:24
ORD-6850,SEL-001,CUST-0454,PROD-051,1,1800.54,1800.54,COMPLETED,2026-09-05 00:55:53
ORD-6851,SEL-001,CUST-0098,PROD-039,1,2878.71,2878.71,COMPLETED,2026-09-05 01:04:24
ORD-6852,SEL-001,CUST-0319,PROD-085,1,4065.75,4065.75,COMPLETED,2026-09-05 01:12:57
ORD-6853,SEL-001,CUST-0240,PROD-093,1,2916.65,2916.65,COMPLETED,2026-09-05 01:21:39
ORD-6854,SEL-001,CUST-0101,PROD-046,2,589.12,1178.24,COMPLETED,2026-09-05 01:30:14
ORD-6855,SEL-001,CUST-0391,PROD-073,2,4257.37,8514.74,COMPLETED,2026-09-05 01:38:38
ORD-6856,SEL-001,CUST-0369,PROD-088,1,4489.53,4489.53,COMPLETED,2026-09-05 01:47:08
ORD-6857,SEL-001,CUST-0111,PROD-059,1,3348.79,3348.79,COMPLETED,2026-09-05 01:55:53
ORD-6858,SEL-001,CUST-0076,PROD-051,2,1800.54,3601.08,COMPLETED,2026-09-05 02:04:17
ORD-6859,SEL-001,CUST-0054,PROD-047,2,1239.36,2478.72,COMPLETED,2026-09-05 02:12:49
ORD-6860,SEL-001,CUST-0083,PROD-004,1,1198.65,1198.65,COMPLETED,2026-09-05 02:21:35
ORD-6861,SEL-001,CUST-0204,PROD-005,1,3380.0,3380.0,COMPLETED,2026-09-05 02:29:51
ORD-6862,SEL-001,CUST-0296,PROD-081,1,1298.17,1298.17,COMPLETED,2026-09-05 02:38:16
ORD-6863,SEL-001,CUST-0262,PROD-022,1,3674.73,3674.73,COMPLETED,2026-09-05 02:46:48
ORD-6864,SEL-001,CUST-0350,PROD-068,1,1223.45,1223.45,COMPLETED,2026-09-05 02:55:31
ORD-6865,SEL-001,CUST-0118,PROD-046,1,589.12,589.12,COMPLETED,2026-09-05 03:04:02
ORD-6866,SEL-001,CUST-0077,PROD-061,1,1862.69,1862.69,COMPLETED,2026-09-05 03:12:31
ORD-6867,SEL-001,CUST-0433,P17,1,1100.0,1100.0,COMPLETED,2026-09-05 03:21:07
ORD-6868,SEL-001,CUST-0425,PROD-056,1,3004.15,3004.15,COMPLETED,2026-09-05 03:29:33
ORD-6869,SEL-001,CUST-0358,PROD-027,1,1680.53,1680.53,COMPLETED,2026-09-05 03:38:16
ORD-6870,SEL-001,CUST-0320,PROD-042,1,3244.43,3244.43,COMPLETED,2026-09-05 03:46:34
ORD-6871,SEL-001,CUST-0010,P17,1,1100.0,1100.0,COMPLETED,2026-09-05 03:55:23
ORD-6872,SEL-001,CUST-0059,PROD-089,1,2415.49,2415.49,COMPLETED,2026-09-05 04:03:49
ORD-6873,SEL-001,CUST-0066,PROD-023,1,3217.09,3217.09,COMPLETED,2026-09-05 04:12:09
ORD-6874,SEL-001,CUST-0215,P17,1,1100.0,1100.0,COMPLETED,2026-09-05 04:20:43
ORD-6875,SEL-001,CUST-0020,PROD-084,1,2734.49,2734.49,COMPLETED,2026-09-05 04:29:19
ORD-6876,SEL-001,CUST-0350,PROD-082,1,2635.81,2635.81,COMPLETED,2026-09-05 04:37:49
ORD-6877,SEL-001,CUST-0414,PROD-015,2,3012.01,6024.02,COMPLETED,2026-09-05 04:46:23
ORD-6878,SEL-001,CUST-0435,PROD-004,2,1198.65,2397.3,COMPLETED,2026-09-05 04:54:49
ORD-6879,SEL-001,CUST-0364,PROD-016,1,2566.0,2566.0,COMPLETED,2026-09-05 05:03:30
ORD-6880,SEL-001,CUST-0314,PROD-072,1,1146.68,1146.68,COMPLETED,2026-09-05 05:12:02
ORD-6881,SEL-001,CUST-0128,PROD-001,1,2967.56,2967.56,COMPLETED,2026-09-05 05:20:21
ORD-6882,SEL-001,CUST-0033,PROD-050,1,2951.66,2951.66,COMPLETED,2026-09-05 05:29:01
ORD-6883,SEL-001,CUST-0238,P17,1,1100.0,1100.0,COMPLETED,2026-09-05 05:37:43
ORD-6884,SEL-001,CUST-0377,PROD-004,1,1198.65,1198.65,COMPLETED,2026-09-05 05:46:22
ORD-6885,SEL-001,CUST-0251,PROD-019,1,2754.38,2754.38,COMPLETED,2026-09-05 05:54:32
ORD-6886,SEL-001,CUST-0088,PROD-076,1,3035.61,3035.61,COMPLETED,2026-09-05 06:03:23
ORD-6887,SEL-001,CUST-0004,PROD-003,1,1418.87,1418.87,COMPLETED,2026-09-05 06:11:44
ORD-6888,SEL-001,CUST-0316,PROD-091,1,450.24,450.24,COMPLETED,2026-09-05 06:20:19
ORD-6889,SEL-001,CUST-0100,PROD-021,1,277.62,277.62,COMPLETED,2026-09-05 06:29:02
ORD-6890,SEL-001,CUST-0126,PROD-018,1,1186.87,1186.87,COMPLETED,2026-09-05 06:37:32
ORD-6891,SEL-001,CUST-0025,PROD-071,1,1387.9,1387.9,COMPLETED,2026-09-05 06:46:11
ORD-6892,SEL-001,CUST-0326,PROD-045,2,1479.9,2959.8,COMPLETED,2026-09-05 06:54:28
ORD-6893,SEL-001,CUST-0359,PROD-040,1,3912.25,3912.25,COMPLETED,2026-09-05 07:03:16
ORD-6894,SEL-001,CUST-0175,PROD-087,1,1182.11,1182.11,COMPLETED,2026-09-05 07:11:48
ORD-6895,SEL-001,CUST-0055,PROD-043,1,444.75,444.75,COMPLETED,2026-09-05 07:20:14
ORD-6896,SEL-001,CUST-0260,PROD-024,1,1696.06,1696.06,COMPLETED,2026-09-05 07:28:32
ORD-6897,SEL-001,CUST-0276,PROD-006,1,3125.97,3125.97,COMPLETED,2026-09-05 07:37:11
ORD-6898,SEL-001,CUST-0273,PROD-031,1,2815.84,2815.84,COMPLETED,2026-09-05 07:45:34
ORD-6899,SEL-001,CUST-0411,PROD-065,1,3159.61,3159.61,COMPLETED,2026-09-05 07:54:09
ORD-6900,SEL-001,CUST-0061,PROD-056,1,3004.15,3004.15,COMPLETED,2026-09-05 08:02:45
ORD-6901,SEL-001,CUST-0159,P17,1,1100.0,1100.0,COMPLETED,2026-09-05 08:11:28
ORD-6902,SEL-001,CUST-0189,PROD-043,2,444.75,889.5,COMPLETED,2026-09-05 08:19:41
ORD-6903,SEL-001,CUST-0375,PROD-024,1,1696.06,1696.06,COMPLETED,2026-09-05 08:28:27
ORD-6904,SEL-001,CUST-0289,PROD-042,1,3244.43,3244.43,COMPLETED,2026-09-05 08:36:49
ORD-6905,SEL-001,CUST-0046,PROD-025,1,910.79,910.79,COMPLETED,2026-09-05 08:45:37
ORD-6906,SEL-001,CUST-0281,PROD-091,1,450.24,450.24,COMPLETED,2026-09-05 08:54:07
ORD-6907,SEL-001,CUST-0498,PROD-033,1,3351.36,3351.36,COMPLETED,2026-09-05 09:02:27
ORD-6908,SEL-001,CUST-0045,PROD-001,1,2967.56,2967.56,COMPLETED,2026-09-05 09:10:49
ORD-6909,SEL-001,CUST-0183,PROD-074,1,3974.56,3974.56,COMPLETED,2026-09-05 09:19:46
ORD-6910,SEL-001,CUST-0388,PROD-045,1,1479.9,1479.9,COMPLETED,2026-09-05 09:28:16
ORD-6911,SEL-001,CUST-0060,PROD-026,1,4318.16,4318.16,COMPLETED,2026-09-05 09:36:28
ORD-6912,SEL-001,CUST-0193,PROD-066,1,3832.12,3832.12,COMPLETED,2026-09-05 09:45:19
ORD-6913,SEL-001,CUST-0384,PROD-086,1,1947.45,1947.45,COMPLETED,2026-09-05 09:53:48
ORD-6914,SEL-001,CUST-0301,PROD-030,1,3851.85,3851.85,COMPLETED,2026-09-05 10:02:15
ORD-6915,SEL-001,CUST-0144,PROD-014,1,1095.06,1095.06,COMPLETED,2026-09-05 10:10:46
ORD-6916,SEL-001,CUST-0429,PROD-097,1,1871.88,1871.88,COMPLETED,2026-09-05 10:19:26
ORD-6917,SEL-001,CUST-0433,PROD-060,1,944.46,944.46,COMPLETED,2026-09-05 10:28:02
ORD-6918,SEL-001,CUST-0357,PROD-007,2,4041.76,8083.52,COMPLETED,2026-09-05 10:36:17
ORD-6919,SEL-001,CUST-0109,PROD-063,1,2970.0,2970.0,COMPLETED,2026-09-05 10:44:46
ORD-6920,SEL-001,CUST-0181,PROD-019,1,2754.38,2754.38,COMPLETED,2026-09-05 10:53:32
ORD-6921,SEL-001,CUST-0484,PROD-079,1,2200.12,2200.12,COMPLETED,2026-09-05 11:02:13
ORD-6922,SEL-001,CUST-0280,PROD-034,1,2528.97,2528.97,COMPLETED,2026-09-05 11:10:18
ORD-6923,SEL-001,CUST-0203,PROD-007,1,4041.76,4041.76,COMPLETED,2026-09-05 11:19:01
ORD-6924,SEL-001,CUST-0331,P17,1,1100.0,1100.0,COMPLETED,2026-09-05 11:27:19
ORD-6925,SEL-001,CUST-0299,PROD-094,1,3616.34,3616.34,COMPLETED,2026-09-05 11:36:10
ORD-6926,SEL-001,CUST-0161,PROD-083,1,1366.65,1366.65,COMPLETED,2026-09-05 11:44:31
ORD-6927,SEL-001,CUST-0142,PROD-006,1,3125.97,3125.97,COMPLETED,2026-09-05 11:53:04
ORD-6928,SEL-001,CUST-0088,PROD-018,1,1186.87,1186.87,COMPLETED,2026-09-05 12:01:53
ORD-6929,SEL-001,CUST-0146,PROD-039,1,2878.71,2878.71,COMPLETED,2026-09-05 12:10:09
ORD-6930,SEL-001,CUST-0056,PROD-004,2,1198.65,2397.3,COMPLETED,2026-09-05 12:18:50
ORD-6931,SEL-001,CUST-0175,PROD-066,1,3832.12,3832.12,COMPLETED,2026-09-05 12:27:11
ORD-6932,SEL-001,CUST-0489,PROD-091,2,450.24,900.48,COMPLETED,2026-09-05 12:35:46
ORD-6933,SEL-001,CUST-0416,PROD-074,2,3974.56,7949.12,COMPLETED,2026-09-05 12:44:22
ORD-6934,SEL-001,CUST-0161,PROD-097,1,1871.88,1871.88,COMPLETED,2026-09-05 12:53:07
ORD-6935,SEL-001,CUST-0214,PROD-071,1,1387.9,1387.9,COMPLETED,2026-09-05 13:01:22
ORD-6936,SEL-001,CUST-0422,PROD-040,1,3912.25,3912.25,COMPLETED,2026-09-05 13:09:53
ORD-6937,SEL-001,CUST-0356,PROD-057,1,2838.81,2838.81,COMPLETED,2026-09-05 13:18:46
ORD-6938,SEL-001,CUST-0431,PROD-050,1,2951.66,2951.66,COMPLETED,2026-09-05 13:27:09
ORD-6939,SEL-001,CUST-0441,PROD-085,1,4065.75,4065.75,COMPLETED,2026-09-05 13:35:40
ORD-6940,SEL-001,CUST-0261,PROD-050,1,2951.66,2951.66,COMPLETED,2026-09-05 13:44:07
ORD-6941,SEL-001,CUST-0367,PROD-042,1,3244.43,3244.43,COMPLETED,2026-09-05 13:52:30
ORD-6942,SEL-001,CUST-0210,PROD-078,1,4136.83,4136.83,COMPLETED,2026-09-05 14:01:02
ORD-6943,SEL-001,CUST-0350,PROD-094,1,3616.34,3616.34,COMPLETED,2026-09-05 14:09:38
ORD-6944,SEL-001,CUST-0071,PROD-088,1,4489.53,4489.53,COMPLETED,2026-09-05 14:18:30
ORD-6945,SEL-001,CUST-0235,PROD-089,1,2415.49,2415.49,COMPLETED,2026-09-05 14:26:37
ORD-6946,SEL-001,CUST-0146,PROD-020,1,3690.08,3690.08,COMPLETED,2026-09-05 14:35:07
ORD-6947,SEL-001,CUST-0072,PROD-032,1,3680.3,3680.3,COMPLETED,2026-09-05 14:43:42
ORD-6948,SEL-001,CUST-0218,PROD-043,2,444.75,889.5,COMPLETED,2026-09-05 14:52:17
ORD-6949,SEL-001,CUST-0183,PROD-045,1,1479.9,1479.9,COMPLETED,2026-09-05 15:01:02
ORD-6950,SEL-001,CUST-0468,PROD-005,1,3380.0,3380.0,COMPLETED,2026-09-05 15:09:13
ORD-6951,SEL-001,CUST-0038,PROD-040,1,3912.25,3912.25,COMPLETED,2026-09-05 15:17:52
ORD-6952,SEL-001,CUST-0289,PROD-061,1,1862.69,1862.69,COMPLETED,2026-09-05 15:26:28
ORD-6953,SEL-001,CUST-0056,PROD-032,2,3680.3,7360.6,COMPLETED,2026-09-05 15:34:54
ORD-6954,SEL-001,CUST-0326,PROD-087,1,1182.11,1182.11,COMPLETED,2026-09-05 15:43:51
ORD-6955,SEL-001,CUST-0215,PROD-057,1,2838.81,2838.81,COMPLETED,2026-09-05 15:52:19
ORD-6956,SEL-001,CUST-0087,PROD-070,1,1590.68,1590.68,COMPLETED,2026-09-05 16:00:29
ORD-6957,SEL-001,CUST-0014,PROD-038,1,3774.97,3774.97,COMPLETED,2026-09-05 16:09:17
ORD-6958,SEL-001,CUST-0128,PROD-033,1,3351.36,3351.36,COMPLETED,2026-09-05 16:17:40
ORD-6959,SEL-001,CUST-0175,PROD-007,1,4041.76,4041.76,COMPLETED,2026-09-05 16:26:31
ORD-6960,SEL-001,CUST-0171,PROD-064,1,2617.04,2617.04,COMPLETED,2026-09-05 16:34:55
ORD-6961,SEL-001,CUST-0411,PROD-028,1,644.17,644.17,COMPLETED,2026-09-05 16:43:24
ORD-6962,SEL-001,CUST-0440,PROD-074,1,3974.56,3974.56,COMPLETED,2026-09-05 16:51:50
ORD-6963,SEL-001,CUST-0422,PROD-004,1,1198.65,1198.65,COMPLETED,2026-09-05 17:00:30
ORD-6964,SEL-001,CUST-0126,PROD-049,1,1431.39,1431.39,COMPLETED,2026-09-05 17:09:07
ORD-6965,SEL-001,CUST-0073,PROD-055,2,4230.78,8461.56,COMPLETED,2026-09-05 17:17:39
ORD-6966,SEL-001,CUST-0485,PROD-020,1,3690.08,3690.08,COMPLETED,2026-09-05 17:25:50
ORD-6967,SEL-001,CUST-0173,PROD-052,1,1823.27,1823.27,COMPLETED,2026-09-05 17:34:47
ORD-6968,SEL-001,CUST-0222,PROD-060,1,944.46,944.46,COMPLETED,2026-09-05 17:42:50
ORD-6969,SEL-001,CUST-0175,PROD-023,1,3217.09,3217.09,COMPLETED,2026-09-05 17:51:51
ORD-6970,SEL-001,CUST-0107,PROD-079,1,2200.12,2200.12,COMPLETED,2026-09-05 18:00:20
ORD-6971,SEL-001,CUST-0458,PROD-015,1,3012.01,3012.01,COMPLETED,2026-09-05 18:08:40
ORD-6972,SEL-001,CUST-0333,PROD-031,1,2815.84,2815.84,COMPLETED,2026-09-05 18:17:14
ORD-6973,SEL-001,CUST-0377,PROD-010,1,376.64,376.64,COMPLETED,2026-09-05 18:25:48
ORD-6974,SEL-001,CUST-0194,PROD-079,1,2200.12,2200.12,COMPLETED,2026-09-05 18:34:31
ORD-6975,SEL-001,CUST-0044,PROD-054,1,1384.66,1384.66,COMPLETED,2026-09-05 18:42:49
ORD-6976,SEL-001,CUST-0065,PROD-066,1,3832.12,3832.12,COMPLETED,2026-09-05 18:51:23
ORD-6977,SEL-001,CUST-0144,PROD-100,1,4377.08,4377.08,COMPLETED,2026-09-05 19:00:01
ORD-6978,SEL-001,CUST-0166,PROD-070,1,1590.68,1590.68,COMPLETED,2026-09-05 19:08:27
ORD-6979,SEL-001,CUST-0457,PROD-019,1,2754.38,2754.38,COMPLETED,2026-09-05 19:16:47
ORD-6980,SEL-001,CUST-0355,PROD-089,1,2415.49,2415.49,COMPLETED,2026-09-05 19:25:19
ORD-6981,SEL-001,CUST-0086,PROD-074,1,3974.56,3974.56,COMPLETED,2026-09-05 19:33:48
ORD-6982,SEL-001,CUST-0213,PROD-047,1,1239.36,1239.36,COMPLETED,2026-09-05 19:42:26
ORD-6983,SEL-001,CUST-0452,PROD-053,1,1140.4,1140.4,COMPLETED,2026-09-05 19:51:13
ORD-6984,SEL-001,CUST-0355,PROD-083,1,1366.65,1366.65,COMPLETED,2026-09-05 19:59:48
ORD-6985,SEL-001,CUST-0226,PROD-081,1,1298.17,1298.17,COMPLETED,2026-09-05 20:08:02
ORD-6986,SEL-001,CUST-0091,PROD-028,1,644.17,644.17,COMPLETED,2026-09-05 20:16:36
ORD-6987,SEL-001,CUST-0241,PROD-069,1,386.43,386.43,COMPLETED,2026-09-05 20:25:06
ORD-6988,SEL-001,CUST-0357,PROD-035,1,4385.74,4385.74,COMPLETED,2026-09-05 20:33:55
ORD-6989,SEL-001,CUST-0398,PROD-056,1,3004.15,3004.15,COMPLETED,2026-09-05 20:42:16
ORD-6990,SEL-001,CUST-0257,PROD-020,1,3690.08,3690.08,COMPLETED,2026-09-05 20:50:50
ORD-6991,SEL-001,CUST-0032,PROD-018,1,1186.87,1186.87,COMPLETED,2026-09-05 20:59:22
ORD-6992,SEL-001,CUST-0206,PROD-010,1,376.64,376.64,COMPLETED,2026-09-05 21:08:06
ORD-6993,SEL-001,CUST-0062,PROD-001,1,2967.56,2967.56,COMPLETED,2026-09-05 21:16:18
ORD-6994,SEL-001,CUST-0331,PROD-055,1,4230.78,4230.78,COMPLETED,2026-09-05 21:24:45
ORD-6995,SEL-001,CUST-0204,PROD-002,1,356.3,356.3,COMPLETED,2026-09-05 21:33:37
ORD-6996,SEL-001,CUST-0494,PROD-049,1,1431.39,1431.39,COMPLETED,2026-09-05 21:42:13
ORD-6997,SEL-001,CUST-0296,PROD-082,1,2635.81,2635.81,COMPLETED,2026-09-05 21:50:46
ORD-6998,SEL-001,CUST-0098,PROD-023,1,3217.09,3217.09,COMPLETED,2026-09-05 21:59:07
ORD-6999,SEL-001,CUST-0286,PROD-031,2,2815.84,5631.68,COMPLETED,2026-09-05 22:07:27
ORD-7000,SEL-001,CUST-0043,PROD-003,1,1418.87,1418.87,COMPLETED,2026-09-05 22:16:03
ORD-7001,SEL-001,CUST-0285,PROD-072,1,1146.68,1146.68,COMPLETED,2026-09-05 22:24:46
ORD-7002,SEL-001,CUST-0360,PROD-001,1,2967.56,2967.56,COMPLETED,2026-09-05 22:33:28
ORD-7003,SEL-001,CUST-0205,PROD-014,1,1095.06,1095.06,COMPLETED,2026-09-05 22:41:52
ORD-7004,SEL-001,CUST-0333,PROD-008,1,619.49,619.49,COMPLETED,2026-09-05 22:50:17
ORD-7005,SEL-001,CUST-0116,PROD-071,1,1387.9,1387.9,COMPLETED,2026-09-05 22:58:44
ORD-7006,SEL-001,CUST-0195,PROD-020,1,3690.08,3690.08,COMPLETED,2026-09-05 23:07:26
ORD-7007,SEL-001,CUST-0343,PROD-009,1,2043.17,2043.17,COMPLETED,2026-09-05 23:15:41
ORD-7008,SEL-001,CUST-0474,P17,1,1100.0,1100.0,COMPLETED,2026-09-05 23:24:29
ORD-7009,SEL-001,CUST-0255,PROD-047,1,1239.36,1239.36,COMPLETED,2026-09-05 23:32:46
ORD-7010,SEL-001,CUST-0025,PROD-086,1,1947.45,1947.45,COMPLETED,2026-09-05 23:41:26
ORD-7011,SEL-001,CUST-0391,PROD-030,1,3851.85,3851.85,COMPLETED,2026-09-05 23:50:08
ORD-7012,SEL-001,CUST-0042,P17,1,1100.0,1100.0,COMPLETED,2026-09-05 23:58:20
ORD-7013,SEL-001,CUST-0241,PROD-080,1,1375.74,1375.74,COMPLETED,2026-09-06 00:07:19
ORD-7014,SEL-001,CUST-0236,PROD-084,1,2734.49,2734.49,COMPLETED,2026-09-06 00:15:43
ORD-7015,SEL-001,CUST-0118,PROD-055,1,4230.78,4230.78,COMPLETED,2026-09-06 00:24:16
ORD-7016,SEL-001,CUST-0384,PROD-098,1,4483.52,4483.52,COMPLETED,2026-09-06 00:32:42
ORD-7017,SEL-001,CUST-0348,PROD-098,1,4483.52,4483.52,COMPLETED,2026-09-06 00:41:21
ORD-7018,SEL-001,CUST-0029,PROD-052,1,1823.27,1823.27,COMPLETED,2026-09-06 00:49:37
ORD-7019,SEL-001,CUST-0109,PROD-006,2,3125.97,6251.94,COMPLETED,2026-09-06 00:58:27
ORD-7020,SEL-001,CUST-0188,PROD-025,1,910.79,910.79,COMPLETED,2026-09-06 01:07:03
ORD-7021,SEL-001,CUST-0393,PROD-057,1,2838.81,2838.81,COMPLETED,2026-09-06 01:15:27
ORD-7022,SEL-001,CUST-0380,PROD-088,1,4489.53,4489.53,COMPLETED,2026-09-06 01:23:52
ORD-7023,SEL-001,CUST-0381,PROD-049,1,1431.39,1431.39,COMPLETED,2026-09-06 01:32:15
ORD-7024,SEL-001,CUST-0393,PROD-059,1,3348.79,3348.79,COMPLETED,2026-09-06 01:40:59
ORD-7025,SEL-001,CUST-0186,PROD-079,1,2200.12,2200.12,COMPLETED,2026-09-06 01:49:41
ORD-7026,SEL-001,CUST-0141,PROD-079,1,2200.12,2200.12,COMPLETED,2026-09-06 01:57:50
ORD-7027,SEL-001,CUST-0420,PROD-065,1,3159.61,3159.61,COMPLETED,2026-09-06 02:06:50
ORD-7028,SEL-001,CUST-0346,PROD-033,1,3351.36,3351.36,COMPLETED,2026-09-06 02:14:53
ORD-7029,SEL-001,CUST-0296,PROD-027,1,1680.53,1680.53,COMPLETED,2026-09-06 02:23:43
ORD-7030,SEL-001,CUST-0163,PROD-057,1,2838.81,2838.81,COMPLETED,2026-09-06 02:32:03
ORD-7031,SEL-001,CUST-0060,PROD-008,2,619.49,1238.98,COMPLETED,2026-09-06 02:40:56
ORD-7032,SEL-001,CUST-0355,PROD-069,1,386.43,386.43,COMPLETED,2026-09-06 02:49:25
ORD-7033,SEL-001,CUST-0262,PROD-086,2,1947.45,3894.9,COMPLETED,2026-09-06 02:58:00
ORD-7034,SEL-001,CUST-0420,PROD-032,1,3680.3,3680.3,COMPLETED,2026-09-06 03:06:11
ORD-7035,SEL-001,CUST-0257,PROD-007,1,4041.76,4041.76,COMPLETED,2026-09-06 03:14:39
ORD-7036,SEL-001,CUST-0102,PROD-089,2,2415.49,4830.98,COMPLETED,2026-09-06 03:23:30
ORD-7037,SEL-001,CUST-0389,P17,1,1100.0,1100.0,COMPLETED,2026-09-06 03:32:09
ORD-7038,SEL-001,CUST-0136,PROD-079,2,2200.12,4400.24,COMPLETED,2026-09-06 03:40:26
ORD-7039,SEL-001,CUST-0069,P17,2,1100.0,2200.0,COMPLETED,2026-09-06 03:49:14
ORD-7040,SEL-001,CUST-0084,PROD-067,2,3548.0,7096.0,COMPLETED,2026-09-06 03:57:43
ORD-7041,SEL-001,CUST-0406,PROD-014,1,1095.06,1095.06,COMPLETED,2026-09-06 04:06:18
ORD-7042,SEL-001,CUST-0438,PROD-037,1,2596.17,2596.17,COMPLETED,2026-09-06 04:14:23
ORD-7043,SEL-001,CUST-0374,PROD-058,1,977.34,977.34,COMPLETED,2026-09-06 04:23:12
ORD-7044,SEL-001,CUST-0234,PROD-062,1,4455.47,4455.47,COMPLETED,2026-09-06 04:31:54
ORD-7045,SEL-001,CUST-0243,PROD-024,1,1696.06,1696.06,COMPLETED,2026-09-06 04:40:18
ORD-7046,SEL-001,CUST-0094,PROD-069,1,386.43,386.43,COMPLETED,2026-09-06 04:48:43
ORD-7047,SEL-001,CUST-0074,PROD-024,1,1696.06,1696.06,COMPLETED,2026-09-06 04:57:26
ORD-7048,SEL-001,CUST-0220,PROD-065,1,3159.61,3159.61,COMPLETED,2026-09-06 05:05:59
ORD-7049,SEL-001,CUST-0278,PROD-061,1,1862.69,1862.69,COMPLETED,2026-09-06 05:14:23
ORD-7050,SEL-001,CUST-0133,PROD-098,1,4483.52,4483.52,COMPLETED,2026-09-06 05:22:53
ORD-7051,SEL-001,CUST-0003,PROD-079,2,2200.12,4400.24,COMPLETED,2026-09-06 05:31:17
ORD-7052,SEL-001,CUST-0298,PROD-028,1,644.17,644.17,COMPLETED,2026-09-06 05:40:10
ORD-7053,SEL-001,CUST-0354,PROD-078,1,4136.83,4136.83,COMPLETED,2026-09-06 05:48:13
ORD-7054,SEL-001,CUST-0340,PROD-090,1,636.37,636.37,COMPLETED,2026-09-06 05:56:55
ORD-7055,SEL-001,CUST-0128,PROD-004,1,1198.65,1198.65,COMPLETED,2026-09-06 06:05:45
ORD-7056,SEL-001,CUST-0271,PROD-038,1,3774.97,3774.97,COMPLETED,2026-09-06 06:14:15
ORD-7057,SEL-001,CUST-0404,PROD-053,1,1140.4,1140.4,COMPLETED,2026-09-06 06:22:44
ORD-7058,SEL-001,CUST-0210,PROD-052,1,1823.27,1823.27,COMPLETED,2026-09-06 06:31:05
ORD-7059,SEL-001,CUST-0123,PROD-008,2,619.49,1238.98,COMPLETED,2026-09-06 06:39:55
ORD-7060,SEL-001,CUST-0337,PROD-079,1,2200.12,2200.12,COMPLETED,2026-09-06 06:47:58
ORD-7061,SEL-001,CUST-0496,PROD-049,1,1431.39,1431.39,COMPLETED,2026-09-06 06:56:40
ORD-7062,SEL-001,CUST-0326,PROD-031,1,2815.84,2815.84,COMPLETED,2026-09-06 07:05:16
ORD-7063,SEL-001,CUST-0492,PROD-084,1,2734.49,2734.49,COMPLETED,2026-09-06 07:13:48
ORD-7064,SEL-001,CUST-0275,PROD-084,1,2734.49,2734.49,COMPLETED,2026-09-06 07:22:08
ORD-7065,SEL-001,CUST-0448,PROD-025,2,910.79,1821.58,COMPLETED,2026-09-06 07:31:05
ORD-7066,SEL-001,CUST-0067,PROD-027,1,1680.53,1680.53,COMPLETED,2026-09-06 07:39:13
ORD-7067,SEL-001,CUST-0463,PROD-098,1,4483.52,4483.52,COMPLETED,2026-09-06 07:47:59
ORD-7068,SEL-001,CUST-0040,PROD-039,1,2878.71,2878.71,COMPLETED,2026-09-06 07:56:27
ORD-7069,SEL-001,CUST-0263,PROD-030,1,3851.85,3851.85,COMPLETED,2026-09-06 08:04:56
ORD-7070,SEL-001,CUST-0152,PROD-004,1,1198.65,1198.65,COMPLETED,2026-09-06 08:13:44
ORD-7071,SEL-001,CUST-0268,PROD-018,1,1186.87,1186.87,COMPLETED,2026-09-06 08:22:11
ORD-7072,SEL-001,CUST-0268,PROD-049,1,1431.39,1431.39,COMPLETED,2026-09-06 08:30:43
ORD-7073,SEL-001,CUST-0162,PROD-079,1,2200.12,2200.12,COMPLETED,2026-09-06 08:39:23
ORD-7074,SEL-001,CUST-0311,PROD-040,1,3912.25,3912.25,COMPLETED,2026-09-06 08:47:48
ORD-7075,SEL-001,CUST-0355,PROD-037,1,2596.17,2596.17,COMPLETED,2026-09-06 08:56:03
ORD-7076,SEL-001,CUST-0023,PROD-086,1,1947.45,1947.45,COMPLETED,2026-09-06 09:04:34
ORD-7077,SEL-001,CUST-0316,PROD-059,1,3348.79,3348.79,COMPLETED,2026-09-06 09:13:28
ORD-7078,SEL-001,CUST-0086,PROD-021,2,277.62,555.24,COMPLETED,2026-09-06 09:22:01
ORD-7079,SEL-001,CUST-0484,PROD-056,2,3004.15,6008.3,COMPLETED,2026-09-06 09:30:20
ORD-7080,SEL-001,CUST-0476,PROD-062,1,4455.47,4455.47,COMPLETED,2026-09-06 09:38:53
ORD-7081,SEL-001,CUST-0278,PROD-100,1,4377.08,4377.08,COMPLETED,2026-09-06 09:47:41
ORD-7082,SEL-001,CUST-0237,PROD-004,1,1198.65,1198.65,COMPLETED,2026-09-06 09:55:59
ORD-7083,SEL-001,CUST-0468,PROD-072,1,1146.68,1146.68,COMPLETED,2026-09-06 10:04:31
ORD-7084,SEL-001,CUST-0490,PROD-053,1,1140.4,1140.4,COMPLETED,2026-09-06 10:12:49
ORD-7085,SEL-001,CUST-0114,PROD-082,1,2635.81,2635.81,COMPLETED,2026-09-06 10:21:45
ORD-7086,SEL-001,CUST-0490,PROD-048,1,679.26,679.26,COMPLETED,2026-09-06 10:30:15
ORD-7087,SEL-001,CUST-0089,PROD-084,1,2734.49,2734.49,COMPLETED,2026-09-06 10:38:36
ORD-7088,SEL-001,CUST-0232,PROD-092,1,716.01,716.01,COMPLETED,2026-09-06 10:47:21
ORD-7089,SEL-001,CUST-0110,PROD-046,1,589.12,589.12,COMPLETED,2026-09-06 10:55:37
ORD-7090,SEL-001,CUST-0483,PROD-060,1,944.46,944.46,COMPLETED,2026-09-06 11:04:00
ORD-7091,SEL-001,CUST-0065,PROD-045,1,1479.9,1479.9,COMPLETED,2026-09-06 11:12:57
ORD-7092,SEL-001,CUST-0467,P17,1,1100.0,1100.0,COMPLETED,2026-09-06 11:21:32
ORD-7093,SEL-001,CUST-0391,PROD-020,1,3690.08,3690.08,COMPLETED,2026-09-06 11:29:36
ORD-7094,SEL-001,CUST-0211,PROD-093,1,2916.65,2916.65,COMPLETED,2026-09-06 11:38:36
ORD-7095,SEL-001,CUST-0408,PROD-059,1,3348.79,3348.79,COMPLETED,2026-09-06 11:46:57
ORD-7096,SEL-001,CUST-0213,PROD-072,1,1146.68,1146.68,COMPLETED,2026-09-06 11:55:14
ORD-7097,SEL-001,CUST-0404,PROD-082,1,2635.81,2635.81,COMPLETED,2026-09-06 12:03:54
ORD-7098,SEL-001,CUST-0331,PROD-068,1,1223.45,1223.45,COMPLETED,2026-09-06 12:12:42
ORD-7099,SEL-001,CUST-0176,PROD-002,1,356.3,356.3,COMPLETED,2026-09-06 12:21:14
ORD-7100,SEL-001,CUST-0344,PROD-034,1,2528.97,2528.97,COMPLETED,2026-09-06 12:29:36
ORD-7101,SEL-001,CUST-0117,PROD-092,1,716.01,716.01,COMPLETED,2026-09-06 12:38:15
ORD-7102,SEL-001,CUST-0354,PROD-070,1,1590.68,1590.68,COMPLETED,2026-09-06 12:46:54
ORD-7103,SEL-001,CUST-0471,PROD-004,1,1198.65,1198.65,COMPLETED,2026-09-06 12:55:10
ORD-7104,SEL-001,CUST-0083,PROD-079,1,2200.12,2200.12,COMPLETED,2026-09-06 13:03:56
ORD-7105,SEL-001,CUST-0304,PROD-036,2,1858.77,3717.54,COMPLETED,2026-09-06 13:12:26
ORD-7106,SEL-001,CUST-0250,PROD-082,1,2635.81,2635.81,COMPLETED,2026-09-06 13:20:33
ORD-7107,SEL-001,CUST-0044,PROD-092,1,716.01,716.01,COMPLETED,2026-09-06 13:29:05
ORD-7108,SEL-001,CUST-0295,PROD-089,1,2415.49,2415.49,COMPLETED,2026-09-06 13:37:43
ORD-7109,SEL-001,CUST-0256,PROD-098,1,4483.52,4483.52,COMPLETED,2026-09-06 13:46:24
ORD-7110,SEL-001,CUST-0183,PROD-080,1,1375.74,1375.74,COMPLETED,2026-09-06 13:54:47
ORD-7111,SEL-001,CUST-0397,PROD-005,1,3380.0,3380.0,COMPLETED,2026-09-06 14:03:29
ORD-7112,SEL-001,CUST-0106,PROD-026,1,4318.16,4318.16,COMPLETED,2026-09-06 14:11:50
ORD-7113,SEL-001,CUST-0326,PROD-063,1,2970.0,2970.0,COMPLETED,2026-09-06 14:20:20
ORD-7114,SEL-001,CUST-0164,PROD-047,1,1239.36,1239.36,COMPLETED,2026-09-06 14:28:50
ORD-7115,SEL-001,CUST-0237,PROD-075,1,1587.38,1587.38,COMPLETED,2026-09-06 14:37:31
ORD-7116,SEL-001,CUST-0254,PROD-044,1,1218.57,1218.57,COMPLETED,2026-09-06 14:46:22
ORD-7117,SEL-001,CUST-0014,PROD-042,2,3244.43,6488.86,COMPLETED,2026-09-06 14:54:35
ORD-7118,SEL-001,CUST-0199,PROD-091,1,450.24,450.24,COMPLETED,2026-09-06 15:03:16
ORD-7119,SEL-001,CUST-0264,PROD-037,2,2596.17,5192.34,COMPLETED,2026-09-06 15:11:37
ORD-7120,SEL-001,CUST-0177,PROD-089,1,2415.49,2415.49,COMPLETED,2026-09-06 15:20:19
ORD-7121,SEL-001,CUST-0460,PROD-008,2,619.49,1238.98,COMPLETED,2026-09-06 15:28:53
ORD-7122,SEL-001,CUST-0272,PROD-065,1,3159.61,3159.61,COMPLETED,2026-09-06 15:37:29
ORD-7123,SEL-001,CUST-0333,PROD-009,1,2043.17,2043.17,COMPLETED,2026-09-06 15:45:49
ORD-7124,SEL-001,CUST-0154,PROD-048,1,679.26,679.26,COMPLETED,2026-09-06 15:54:11
ORD-7125,SEL-001,CUST-0077,PROD-027,1,1680.53,1680.53,COMPLETED,2026-09-06 16:02:51
ORD-7126,SEL-001,CUST-0243,PROD-098,1,4483.52,4483.52,COMPLETED,2026-09-06 16:11:17
ORD-7127,SEL-001,CUST-0014,PROD-100,1,4377.08,4377.08,COMPLETED,2026-09-06 16:19:51
ORD-7128,SEL-001,CUST-0097,PROD-047,1,1239.36,1239.36,COMPLETED,2026-09-06 16:28:18
ORD-7129,SEL-001,CUST-0480,PROD-022,1,3674.73,3674.73,COMPLETED,2026-09-06 16:37:12
ORD-7130,SEL-001,CUST-0005,PROD-023,1,3217.09,3217.09,COMPLETED,2026-09-06 16:45:30
ORD-7131,SEL-001,CUST-0120,PROD-003,1,1418.87,1418.87,COMPLETED,2026-09-06 16:54:06
ORD-7132,SEL-001,CUST-0367,PROD-071,2,1387.9,2775.8,COMPLETED,2026-09-06 17:02:50
ORD-7133,SEL-001,CUST-0338,PROD-062,1,4455.47,4455.47,COMPLETED,2026-09-06 17:11:23
ORD-7134,SEL-001,CUST-0363,P17,2,1100.0,2200.0,COMPLETED,2026-09-06 17:19:30
ORD-7135,SEL-001,CUST-0130,PROD-084,1,2734.49,2734.49,COMPLETED,2026-09-06 17:28:30
ORD-7136,SEL-001,CUST-0209,P17,1,1100.0,1100.0,COMPLETED,2026-09-06 17:36:42
ORD-7137,SEL-001,CUST-0495,PROD-027,1,1680.53,1680.53,COMPLETED,2026-09-06 17:45:35
ORD-7138,SEL-001,CUST-0120,PROD-065,1,3159.61,3159.61,COMPLETED,2026-09-06 17:54:00
ORD-7139,SEL-001,CUST-0110,PROD-088,1,4489.53,4489.53,COMPLETED,2026-09-06 18:02:15
ORD-7140,SEL-001,CUST-0237,PROD-054,1,1384.66,1384.66,COMPLETED,2026-09-06 18:11:09
ORD-7141,SEL-001,CUST-0420,PROD-099,1,2498.74,2498.74,COMPLETED,2026-09-06 18:19:22
ORD-7142,SEL-001,CUST-0318,PROD-090,1,636.37,636.37,COMPLETED,2026-09-06 18:27:50
ORD-7143,SEL-001,CUST-0021,PROD-076,2,3035.61,6071.22,COMPLETED,2026-09-06 18:36:25
ORD-7144,SEL-001,CUST-0317,PROD-078,1,4136.83,4136.83,COMPLETED,2026-09-06 18:44:55
ORD-7145,SEL-001,CUST-0365,PROD-049,1,1431.39,1431.39,COMPLETED,2026-09-06 18:53:38
ORD-7146,SEL-001,CUST-0081,PROD-074,1,3974.56,3974.56,COMPLETED,2026-09-06 19:02:05
ORD-7147,SEL-001,CUST-0019,PROD-009,1,2043.17,2043.17,COMPLETED,2026-09-06 19:10:44
ORD-7148,SEL-001,CUST-0494,PROD-090,1,636.37,636.37,COMPLETED,2026-09-06 19:19:10
ORD-7149,SEL-001,CUST-0120,PROD-081,1,1298.17,1298.17,COMPLETED,2026-09-06 19:27:34
ORD-7150,SEL-001,CUST-0499,PROD-090,2,636.37,1272.74,COMPLETED,2026-09-06 19:36:11
ORD-7151,SEL-001,CUST-0006,PROD-028,1,644.17,644.17,COMPLETED,2026-09-06 19:44:36
ORD-7152,SEL-001,CUST-0317,PROD-065,1,3159.61,3159.61,COMPLETED,2026-09-06 19:53:08
ORD-7153,SEL-001,CUST-0165,PROD-004,1,1198.65,1198.65,COMPLETED,2026-09-06 20:01:39
ORD-7154,SEL-001,CUST-0082,P17,2,1100.0,2200.0,COMPLETED,2026-09-06 20:10:35
ORD-7155,SEL-001,CUST-0410,PROD-048,1,679.26,679.26,COMPLETED,2026-09-06 20:19:12
ORD-7156,SEL-001,CUST-0132,PROD-061,1,1862.69,1862.69,COMPLETED,2026-09-06 20:27:16
ORD-7157,SEL-001,CUST-0367,PROD-045,1,1479.9,1479.9,COMPLETED,2026-09-06 20:36:12
ORD-7158,SEL-001,CUST-0441,PROD-020,1,3690.08,3690.08,COMPLETED,2026-09-06 20:44:40
ORD-7159,SEL-001,CUST-0383,PROD-051,1,1800.54,1800.54,COMPLETED,2026-09-06 20:53:14
ORD-7160,SEL-001,CUST-0492,PROD-094,1,3616.34,3616.34,COMPLETED,2026-09-06 21:01:37
ORD-7161,SEL-001,CUST-0344,PROD-099,1,2498.74,2498.74,COMPLETED,2026-09-06 21:10:21
ORD-7162,SEL-001,CUST-0387,PROD-004,2,1198.65,2397.3,COMPLETED,2026-09-06 21:18:48
ORD-7163,SEL-001,CUST-0314,PROD-099,1,2498.74,2498.74,COMPLETED,2026-09-06 21:27:16
ORD-7164,SEL-001,CUST-0237,P17,1,1100.0,1100.0,COMPLETED,2026-09-06 21:35:58
ORD-7165,SEL-001,CUST-0468,PROD-051,1,1800.54,1800.54,COMPLETED,2026-09-06 21:44:15
ORD-7166,SEL-001,CUST-0367,PROD-099,1,2498.74,2498.74,COMPLETED,2026-09-06 21:53:02
ORD-7167,SEL-001,CUST-0015,PROD-096,1,519.99,519.99,COMPLETED,2026-09-06 22:01:08
ORD-7168,SEL-001,CUST-0401,P17,1,1100.0,1100.0,COMPLETED,2026-09-06 22:09:39
ORD-7169,SEL-001,CUST-0336,PROD-054,1,1384.66,1384.66,COMPLETED,2026-09-06 22:18:19
ORD-7170,SEL-001,CUST-0111,PROD-097,1,1871.88,1871.88,COMPLETED,2026-09-06 22:26:52
ORD-7171,SEL-001,CUST-0252,PROD-090,1,636.37,636.37,COMPLETED,2026-09-06 22:35:39
ORD-7172,SEL-001,CUST-0320,PROD-022,1,3674.73,3674.73,COMPLETED,2026-09-06 22:43:53
ORD-7173,SEL-001,CUST-0003,PROD-064,1,2617.04,2617.04,COMPLETED,2026-09-06 22:52:42
ORD-7174,SEL-001,CUST-0167,PROD-089,1,2415.49,2415.49,COMPLETED,2026-09-06 23:01:19
ORD-7175,SEL-001,CUST-0173,PROD-046,1,589.12,589.12,COMPLETED,2026-09-06 23:09:53
ORD-7176,SEL-001,CUST-0318,PROD-074,2,3974.56,7949.12,COMPLETED,2026-09-06 23:18:01
ORD-7177,SEL-001,CUST-0110,PROD-067,2,3548.0,7096.0,COMPLETED,2026-09-06 23:26:57
ORD-7178,SEL-001,CUST-0220,PROD-072,2,1146.68,2293.36,COMPLETED,2026-09-06 23:35:06
ORD-7179,SEL-001,CUST-0101,PROD-073,1,4257.37,4257.37,COMPLETED,2026-09-06 23:43:46
ORD-7180,SEL-001,CUST-0124,PROD-005,1,3380.0,3380.0,COMPLETED,2026-09-06 23:52:33
ORD-7181,SEL-001,CUST-0225,PROD-040,1,3912.25,3912.25,COMPLETED,2026-09-07 00:00:43
ORD-7182,SEL-001,CUST-0265,PROD-062,2,4455.47,8910.94,COMPLETED,2026-09-07 00:09:15
ORD-7183,SEL-001,CUST-0119,PROD-012,1,2397.76,2397.76,COMPLETED,2026-09-07 00:17:51
ORD-7184,SEL-001,CUST-0235,PROD-022,1,3674.73,3674.73,COMPLETED,2026-09-07 00:26:14
ORD-7185,SEL-001,CUST-0063,PROD-066,1,3832.12,3832.12,COMPLETED,2026-09-07 00:34:45
ORD-7186,SEL-001,CUST-0384,PROD-033,1,3351.36,3351.36,COMPLETED,2026-09-07 00:43:19
ORD-7187,SEL-001,CUST-0279,PROD-040,1,3912.25,3912.25,COMPLETED,2026-09-07 00:51:53
ORD-7188,SEL-001,CUST-0036,PROD-069,1,386.43,386.43,COMPLETED,2026-09-07 01:00:48
ORD-7189,SEL-001,CUST-0470,P17,1,1100.0,1100.0,COMPLETED,2026-09-07 01:09:04
ORD-7190,SEL-001,CUST-0265,PROD-052,1,1823.27,1823.27,COMPLETED,2026-09-07 01:17:26
ORD-7191,SEL-001,CUST-0175,PROD-081,1,1298.17,1298.17,COMPLETED,2026-09-07 01:26:06
ORD-7192,SEL-001,CUST-0133,PROD-051,1,1800.54,1800.54,COMPLETED,2026-09-07 01:34:57
ORD-7193,SEL-001,CUST-0386,PROD-100,2,4377.08,8754.16,COMPLETED,2026-09-07 01:43:16
ORD-7194,SEL-001,CUST-0232,PROD-035,1,4385.74,4385.74,COMPLETED,2026-09-07 01:51:47
ORD-7195,SEL-001,CUST-0410,PROD-081,1,1298.17,1298.17,COMPLETED,2026-09-07 02:00:32
ORD-7196,SEL-001,CUST-0434,PROD-087,1,1182.11,1182.11,COMPLETED,2026-09-07 02:08:46
ORD-7197,SEL-001,CUST-0119,PROD-012,1,2397.76,2397.76,COMPLETED,2026-09-07 02:17:08
ORD-7198,SEL-001,CUST-0071,PROD-100,1,4377.08,4377.08,COMPLETED,2026-09-07 02:26:00
ORD-7199,SEL-001,CUST-0193,PROD-061,2,1862.69,3725.38,COMPLETED,2026-09-07 02:34:28
ORD-7200,SEL-001,CUST-0051,PROD-094,2,3616.34,7232.68,COMPLETED,2026-09-07 02:43:06
ORD-7201,SEL-001,CUST-0412,PROD-068,1,1223.45,1223.45,COMPLETED,2026-09-07 02:51:43
ORD-7202,SEL-001,CUST-0448,PROD-075,1,1587.38,1587.38,COMPLETED,2026-09-07 03:00:13
ORD-7203,SEL-001,CUST-0011,PROD-075,1,1587.38,1587.38,COMPLETED,2026-09-07 03:08:34
ORD-7204,SEL-001,CUST-0310,PROD-053,1,1140.4,1140.4,COMPLETED,2026-09-07 03:17:14
ORD-7205,SEL-001,CUST-0279,PROD-025,1,910.79,910.79,COMPLETED,2026-09-07 03:25:25
ORD-7206,SEL-001,CUST-0439,PROD-100,2,4377.08,8754.16,COMPLETED,2026-09-07 03:34:04
ORD-7207,SEL-001,CUST-0271,PROD-072,1,1146.68,1146.68,COMPLETED,2026-09-07 03:42:55
ORD-7208,SEL-001,CUST-0243,PROD-005,1,3380.0,3380.0,COMPLETED,2026-09-07 03:51:31
ORD-7209,SEL-001,CUST-0250,PROD-043,1,444.75,444.75,COMPLETED,2026-09-07 03:59:58
ORD-7210,SEL-001,CUST-0364,PROD-024,1,1696.06,1696.06,COMPLETED,2026-09-07 04:08:33
ORD-7211,SEL-001,CUST-0314,PROD-055,1,4230.78,4230.78,COMPLETED,2026-09-07 04:16:46
ORD-7212,SEL-001,CUST-0044,PROD-097,1,1871.88,1871.88,COMPLETED,2026-09-07 04:25:35
ORD-7213,SEL-001,CUST-0497,PROD-056,1,3004.15,3004.15,COMPLETED,2026-09-07 04:34:03
ORD-7214,SEL-001,CUST-0004,PROD-015,1,3012.01,3012.01,COMPLETED,2026-09-07 04:42:29
ORD-7215,SEL-001,CUST-0455,PROD-009,1,2043.17,2043.17,COMPLETED,2026-09-07 04:51:13
ORD-7216,SEL-001,CUST-0157,PROD-085,1,4065.75,4065.75,COMPLETED,2026-09-07 04:59:25
ORD-7217,SEL-001,CUST-0300,PROD-041,1,2703.75,2703.75,COMPLETED,2026-09-07 05:07:59
ORD-7218,SEL-001,CUST-0109,PROD-021,1,277.62,277.62,COMPLETED,2026-09-07 05:16:43
ORD-7219,SEL-001,CUST-0311,PROD-012,1,2397.76,2397.76,COMPLETED,2026-09-07 05:25:09
ORD-7220,SEL-001,CUST-0028,PROD-002,1,356.3,356.3,COMPLETED,2026-09-07 05:33:26
ORD-7221,SEL-001,CUST-0065,PROD-080,1,1375.74,1375.74,COMPLETED,2026-09-07 05:42:00
ORD-7222,SEL-001,CUST-0208,PROD-095,1,2044.18,2044.18,COMPLETED,2026-09-07 05:50:43
ORD-7223,SEL-001,CUST-0448,PROD-073,1,4257.37,4257.37,COMPLETED,2026-09-07 05:59:09
ORD-7224,SEL-001,CUST-0472,PROD-023,1,3217.09,3217.09,COMPLETED,2026-09-07 06:07:55
ORD-7225,SEL-001,CUST-0456,PROD-041,1,2703.75,2703.75,COMPLETED,2026-09-07 06:16:32
ORD-7226,SEL-001,CUST-0455,PROD-070,1,1590.68,1590.68,COMPLETED,2026-09-07 06:25:02
ORD-7227,SEL-001,CUST-0346,PROD-061,1,1862.69,1862.69,COMPLETED,2026-09-07 06:33:14
ORD-7228,SEL-001,CUST-0252,PROD-072,1,1146.68,1146.68,COMPLETED,2026-09-07 06:42:03
ORD-7229,SEL-001,CUST-0071,PROD-042,1,3244.43,3244.43,COMPLETED,2026-09-07 06:50:43
ORD-7230,SEL-001,CUST-0365,PROD-011,1,1179.21,1179.21,COMPLETED,2026-09-07 06:59:16
ORD-7231,SEL-001,CUST-0374,PROD-009,1,2043.17,2043.17,COMPLETED,2026-09-07 07:07:46
ORD-7232,SEL-001,CUST-0240,PROD-087,2,1182.11,2364.22,COMPLETED,2026-09-07 07:16:20
ORD-7233,SEL-001,CUST-0038,PROD-001,1,2967.56,2967.56,COMPLETED,2026-09-07 07:24:30
ORD-7234,SEL-001,CUST-0214,PROD-039,2,2878.71,5757.42,COMPLETED,2026-09-07 07:32:57
ORD-7235,SEL-001,CUST-0365,PROD-014,2,1095.06,2190.12,COMPLETED,2026-09-07 07:41:38
ORD-7236,SEL-001,CUST-0031,PROD-059,1,3348.79,3348.79,COMPLETED,2026-09-07 07:50:05
ORD-7237,SEL-001,CUST-0393,PROD-063,1,2970.0,2970.0,COMPLETED,2026-09-07 07:58:53
ORD-7238,SEL-001,CUST-0344,PROD-070,2,1590.68,3181.36,COMPLETED,2026-09-07 08:07:26
ORD-7239,SEL-001,CUST-0095,PROD-093,1,2916.65,2916.65,COMPLETED,2026-09-07 08:15:56
ORD-7240,SEL-001,CUST-0346,PROD-094,1,3616.34,3616.34,COMPLETED,2026-09-07 08:24:23
ORD-7241,SEL-001,CUST-0062,PROD-044,1,1218.57,1218.57,COMPLETED,2026-09-07 08:33:06
ORD-7242,SEL-001,CUST-0081,PROD-084,1,2734.49,2734.49,COMPLETED,2026-09-07 08:41:13
ORD-7243,SEL-001,CUST-0282,PROD-097,1,1871.88,1871.88,COMPLETED,2026-09-07 08:49:42
ORD-7244,SEL-001,CUST-0031,PROD-086,1,1947.45,1947.45,COMPLETED,2026-09-07 08:58:32
ORD-7245,SEL-001,CUST-0278,PROD-093,1,2916.65,2916.65,COMPLETED,2026-09-07 09:06:50
ORD-7246,SEL-001,CUST-0425,PROD-047,1,1239.36,1239.36,COMPLETED,2026-09-07 09:15:24
ORD-7247,SEL-001,CUST-0389,PROD-068,1,1223.45,1223.45,COMPLETED,2026-09-07 09:24:02
ORD-7248,SEL-001,CUST-0001,PROD-025,1,910.79,910.79,COMPLETED,2026-09-07 09:32:44
ORD-7249,SEL-001,CUST-0426,PROD-076,1,3035.61,3035.61,COMPLETED,2026-09-07 09:40:55
ORD-7250,SEL-001,CUST-0267,PROD-068,1,1223.45,1223.45,COMPLETED,2026-09-07 09:49:42
ORD-7251,SEL-001,CUST-0471,PROD-098,1,4483.52,4483.52,COMPLETED,2026-09-07 09:58:12
ORD-7252,SEL-001,CUST-0116,PROD-064,1,2617.04,2617.04,COMPLETED,2026-09-07 10:06:49
ORD-7253,SEL-001,CUST-0018,PROD-066,1,3832.12,3832.12,COMPLETED,2026-09-07 10:15:25
ORD-7254,SEL-001,CUST-0080,PROD-089,1,2415.49,2415.49,COMPLETED,2026-09-07 10:23:54
ORD-7255,SEL-001,CUST-0226,PROD-088,1,4489.53,4489.53,COMPLETED,2026-09-07 10:32:24
ORD-7256,SEL-001,CUST-0437,PROD-037,1,2596.17,2596.17,COMPLETED,2026-09-07 10:40:40
ORD-7257,SEL-001,CUST-0203,PROD-018,1,1186.87,1186.87,COMPLETED,2026-09-07 10:49:21
ORD-7258,SEL-001,CUST-0142,PROD-077,1,1931.44,1931.44,COMPLETED,2026-09-07 10:58:04
ORD-7259,SEL-001,CUST-0301,PROD-062,1,4455.47,4455.47,COMPLETED,2026-09-07 11:06:29
ORD-7260,SEL-001,CUST-0158,P17,1,1100.0,1100.0,COMPLETED,2026-09-07 11:14:53
ORD-7261,SEL-001,CUST-0500,PROD-079,2,2200.12,4400.24,COMPLETED,2026-09-07 11:23:32
ORD-7262,SEL-001,CUST-0065,PROD-050,1,2951.66,2951.66,COMPLETED,2026-09-07 11:31:57
ORD-7263,SEL-001,CUST-0088,PROD-048,2,679.26,1358.52,COMPLETED,2026-09-07 11:40:34
ORD-7264,SEL-001,CUST-0314,PROD-098,1,4483.52,4483.52,COMPLETED,2026-09-07 11:48:55
ORD-7265,SEL-001,CUST-0397,PROD-100,1,4377.08,4377.08,COMPLETED,2026-09-07 11:57:51
ORD-7266,SEL-001,CUST-0172,PROD-066,1,3832.12,3832.12,COMPLETED,2026-09-07 12:06:06
ORD-7267,SEL-001,CUST-0239,PROD-062,1,4455.47,4455.47,COMPLETED,2026-09-07 12:14:39
ORD-7268,SEL-001,CUST-0286,PROD-098,1,4483.52,4483.52,COMPLETED,2026-09-07 12:23:25
ORD-7269,SEL-001,CUST-0032,PROD-046,1,589.12,589.12,COMPLETED,2026-09-07 12:31:35
ORD-7270,SEL-001,CUST-0371,PROD-053,1,1140.4,1140.4,COMPLETED,2026-09-07 12:40:20
ORD-7271,SEL-001,CUST-0253,PROD-028,2,644.17,1288.34,COMPLETED,2026-09-07 12:48:44
ORD-7272,SEL-001,CUST-0484,PROD-052,1,1823.27,1823.27,COMPLETED,2026-09-07 12:57:29
ORD-7273,SEL-001,CUST-0119,PROD-029,1,661.04,661.04,COMPLETED,2026-09-07 13:06:00
ORD-7274,SEL-001,CUST-0385,PROD-014,1,1095.06,1095.06,COMPLETED,2026-09-07 13:14:26
ORD-7275,SEL-001,CUST-0242,PROD-094,1,3616.34,3616.34,COMPLETED,2026-09-07 13:23:10
ORD-7276,SEL-001,CUST-0279,PROD-040,1,3912.25,3912.25,COMPLETED,2026-09-07 13:31:20
ORD-7277,SEL-001,CUST-0459,P17,1,1100.0,1100.0,COMPLETED,2026-09-07 13:40:21
ORD-7278,SEL-001,CUST-0098,PROD-098,1,4483.52,4483.52,COMPLETED,2026-09-07 13:48:30
ORD-7279,SEL-001,CUST-0276,PROD-066,1,3832.12,3832.12,COMPLETED,2026-09-07 13:57:16
ORD-7280,SEL-001,CUST-0325,PROD-011,1,1179.21,1179.21,COMPLETED,2026-09-07 14:05:40
ORD-7281,SEL-001,CUST-0281,PROD-002,1,356.3,356.3,COMPLETED,2026-09-07 14:14:28
ORD-7282,SEL-001,CUST-0304,PROD-091,1,450.24,450.24,COMPLETED,2026-09-07 14:22:35
ORD-7283,SEL-001,CUST-0352,PROD-062,2,4455.47,8910.94,COMPLETED,2026-09-07 14:31:33
ORD-7284,SEL-001,CUST-0277,P17,2,1100.0,2200.0,COMPLETED,2026-09-07 14:39:48
ORD-7285,SEL-001,CUST-0190,PROD-046,1,589.12,589.12,COMPLETED,2026-09-07 14:48:17
ORD-7286,SEL-001,CUST-0074,PROD-063,1,2970.0,2970.0,COMPLETED,2026-09-07 14:57:02
ORD-7287,SEL-001,CUST-0238,PROD-021,1,277.62,277.62,COMPLETED,2026-09-07 15:05:19
ORD-7288,SEL-001,CUST-0366,PROD-058,1,977.34,977.34,COMPLETED,2026-09-07 15:13:50
ORD-7289,SEL-001,CUST-0309,PROD-068,1,1223.45,1223.45,COMPLETED,2026-09-07 15:22:46
ORD-7290,SEL-001,CUST-0493,PROD-072,1,1146.68,1146.68,COMPLETED,2026-09-07 15:31:11
ORD-7291,SEL-001,CUST-0114,PROD-079,2,2200.12,4400.24,COMPLETED,2026-09-07 15:39:21
ORD-7292,SEL-001,CUST-0347,PROD-028,1,644.17,644.17,COMPLETED,2026-09-07 15:48:22
ORD-7293,SEL-001,CUST-0012,PROD-013,1,362.78,362.78,COMPLETED,2026-09-07 15:56:36
ORD-7294,SEL-001,CUST-0423,PROD-045,1,1479.9,1479.9,COMPLETED,2026-09-07 16:05:15
ORD-7295,SEL-001,CUST-0351,P17,1,1100.0,1100.0,COMPLETED,2026-09-07 16:13:50
ORD-7296,SEL-001,CUST-0449,PROD-084,1,2734.49,2734.49,COMPLETED,2026-09-07 16:22:14
ORD-7297,SEL-001,CUST-0019,PROD-059,1,3348.79,3348.79,COMPLETED,2026-09-07 16:30:57
ORD-7298,SEL-001,CUST-0242,PROD-039,1,2878.71,2878.71,COMPLETED,2026-09-07 16:39:18
ORD-7299,SEL-001,CUST-0220,PROD-072,1,1146.68,1146.68,COMPLETED,2026-09-07 16:47:54
ORD-7300,SEL-001,CUST-0456,PROD-030,1,3851.85,3851.85,COMPLETED,2026-09-07 16:56:11
ORD-7301,SEL-001,CUST-0439,PROD-022,1,3674.73,3674.73,COMPLETED,2026-09-07 17:04:45
ORD-7302,SEL-001,CUST-0389,PROD-087,1,1182.11,1182.11,COMPLETED,2026-09-07 17:13:31
ORD-7303,SEL-001,CUST-0213,PROD-078,1,4136.83,4136.83,COMPLETED,2026-09-07 17:22:06
ORD-7304,SEL-001,CUST-0148,P17,1,1100.0,1100.0,COMPLETED,2026-09-07 17:30:36
ORD-7305,SEL-001,CUST-0381,PROD-047,1,1239.36,1239.36,COMPLETED,2026-09-07 17:39:14
ORD-7306,SEL-001,CUST-0102,PROD-008,1,619.49,619.49,COMPLETED,2026-09-07 17:47:32
ORD-7307,SEL-001,CUST-0077,PROD-012,1,2397.76,2397.76,COMPLETED,2026-09-07 17:55:54
ORD-7308,SEL-001,CUST-0484,PROD-027,1,1680.53,1680.53,COMPLETED,2026-09-07 18:04:50
ORD-7309,SEL-001,CUST-0381,PROD-045,1,1479.9,1479.9,COMPLETED,2026-09-07 18:13:18
ORD-7310,SEL-001,CUST-0105,PROD-024,1,1696.06,1696.06,COMPLETED,2026-09-07 18:21:43
ORD-7311,SEL-001,CUST-0471,PROD-035,1,4385.74,4385.74,COMPLETED,2026-09-07 18:30:10
ORD-7312,SEL-001,CUST-0219,PROD-001,1,2967.56,2967.56,COMPLETED,2026-09-07 18:38:35
ORD-7313,SEL-001,CUST-0309,P17,1,1100.0,1100.0,COMPLETED,2026-09-07 18:47:07
ORD-7314,SEL-001,CUST-0497,PROD-096,1,519.99,519.99,COMPLETED,2026-09-07 18:56:01
ORD-7315,SEL-001,CUST-0079,PROD-039,2,2878.71,5757.42,COMPLETED,2026-09-07 19:04:33
ORD-7316,SEL-001,CUST-0286,PROD-081,1,1298.17,1298.17,COMPLETED,2026-09-07 19:13:06
ORD-7317,SEL-001,CUST-0183,PROD-081,2,1298.17,2596.34,COMPLETED,2026-09-07 19:21:30
ORD-7318,SEL-001,CUST-0408,PROD-079,1,2200.12,2200.12,COMPLETED,2026-09-07 19:29:59
ORD-7319,SEL-001,CUST-0050,PROD-038,2,3774.97,7549.94,COMPLETED,2026-09-07 19:38:33
ORD-7320,SEL-001,CUST-0339,PROD-072,1,1146.68,1146.68,COMPLETED,2026-09-07 19:47:11
ORD-7321,SEL-001,CUST-0252,PROD-092,1,716.01,716.01,COMPLETED,2026-09-07 19:55:46
ORD-7322,SEL-001,CUST-0428,PROD-064,1,2617.04,2617.04,COMPLETED,2026-09-07 20:04:12
ORD-7323,SEL-001,CUST-0120,PROD-099,1,2498.74,2498.74,COMPLETED,2026-09-07 20:12:56
ORD-7324,SEL-001,CUST-0403,PROD-092,1,716.01,716.01,COMPLETED,2026-09-07 20:21:22
ORD-7325,SEL-001,CUST-0016,PROD-050,1,2951.66,2951.66,COMPLETED,2026-09-07 20:29:48
ORD-7326,SEL-001,CUST-0284,PROD-070,1,1590.68,1590.68,COMPLETED,2026-09-07 20:38:04
ORD-7327,SEL-001,CUST-0227,PROD-068,2,1223.45,2446.9,COMPLETED,2026-09-07 20:46:48
ORD-7328,SEL-001,CUST-0228,PROD-034,1,2528.97,2528.97,COMPLETED,2026-09-07 20:55:13
ORD-7329,SEL-001,CUST-0261,PROD-028,1,644.17,644.17,COMPLETED,2026-09-07 21:03:50
ORD-7330,SEL-001,CUST-0166,PROD-031,1,2815.84,2815.84,COMPLETED,2026-09-07 21:12:33
ORD-7331,SEL-001,CUST-0303,PROD-050,1,2951.66,2951.66,COMPLETED,2026-09-07 21:21:02
ORD-7332,SEL-001,CUST-0328,PROD-029,1,661.04,661.04,COMPLETED,2026-09-07 21:29:44
ORD-7333,SEL-001,CUST-0129,PROD-077,1,1931.44,1931.44,COMPLETED,2026-09-07 21:37:57
ORD-7334,SEL-001,CUST-0420,PROD-046,1,589.12,589.12,COMPLETED,2026-09-07 21:46:24
ORD-7335,SEL-001,CUST-0232,PROD-067,1,3548.0,3548.0,COMPLETED,2026-09-07 21:55:07
ORD-7336,SEL-001,CUST-0159,PROD-038,1,3774.97,3774.97,COMPLETED,2026-09-07 22:03:50
ORD-7337,SEL-001,CUST-0109,PROD-034,1,2528.97,2528.97,COMPLETED,2026-09-07 22:11:56
ORD-7338,SEL-001,CUST-0468,PROD-085,1,4065.75,4065.75,COMPLETED,2026-09-07 22:20:50
ORD-7339,SEL-001,CUST-0096,PROD-044,1,1218.57,1218.57,COMPLETED,2026-09-07 22:29:01
ORD-7340,SEL-001,CUST-0295,PROD-052,1,1823.27,1823.27,COMPLETED,2026-09-07 22:37:54
ORD-7341,SEL-001,CUST-0404,PROD-065,1,3159.61,3159.61,COMPLETED,2026-09-07 22:46:20
ORD-7342,SEL-001,CUST-0289,PROD-006,1,3125.97,3125.97,COMPLETED,2026-09-07 22:54:55
ORD-7343,SEL-001,CUST-0161,PROD-029,1,661.04,661.04,COMPLETED,2026-09-07 23:03:10
ORD-7344,SEL-001,CUST-0279,PROD-092,1,716.01,716.01,COMPLETED,2026-09-07 23:12:06
ORD-7345,SEL-001,CUST-0162,PROD-099,2,2498.74,4997.48,COMPLETED,2026-09-07 23:20:21
ORD-7346,SEL-001,CUST-0403,PROD-025,1,910.79,910.79,COMPLETED,2026-09-07 23:28:53
ORD-7347,SEL-001,CUST-0095,PROD-046,2,589.12,1178.24,COMPLETED,2026-09-07 23:37:17
ORD-7348,SEL-001,CUST-0048,PROD-072,1,1146.68,1146.68,COMPLETED,2026-09-07 23:46:04
ORD-7349,SEL-001,CUST-0414,PROD-038,1,3774.97,3774.97,COMPLETED,2026-09-07 23:54:39
ORD-7350,SEL-001,CUST-0098,PROD-081,1,1298.17,1298.17,COMPLETED,2026-09-08 00:02:54
ORD-7351,SEL-001,CUST-0183,PROD-074,1,3974.56,3974.56,COMPLETED,2026-09-08 00:11:51
ORD-7352,SEL-001,CUST-0304,PROD-074,1,3974.56,3974.56,COMPLETED,2026-09-08 00:20:20
ORD-7353,SEL-001,CUST-0222,PROD-064,1,2617.04,2617.04,COMPLETED,2026-09-08 00:28:43
ORD-7354,SEL-001,CUST-0486,PROD-027,1,1680.53,1680.53,COMPLETED,2026-09-08 00:37:18
ORD-7355,SEL-001,CUST-0491,PROD-092,2,716.01,1432.02,COMPLETED,2026-09-08 00:46:02
ORD-7356,SEL-001,CUST-0009,PROD-090,1,636.37,636.37,COMPLETED,2026-09-08 00:54:15
ORD-7357,SEL-001,CUST-0493,PROD-027,1,1680.53,1680.53,COMPLETED,2026-09-08 01:02:40
ORD-7358,SEL-001,CUST-0144,PROD-021,2,277.62,555.24,COMPLETED,2026-09-08 01:11:14
ORD-7359,SEL-001,CUST-0483,PROD-034,1,2528.97,2528.97,COMPLETED,2026-09-08 01:20:07
ORD-7360,SEL-001,CUST-0110,PROD-087,1,1182.11,1182.11,COMPLETED,2026-09-08 01:28:38
ORD-7361,SEL-001,CUST-0186,PROD-045,1,1479.9,1479.9,COMPLETED,2026-09-08 01:36:59
ORD-7362,SEL-001,CUST-0277,P17,1,1100.0,1100.0,COMPLETED,2026-09-08 01:45:24
ORD-7363,SEL-001,CUST-0459,PROD-024,2,1696.06,3392.12,COMPLETED,2026-09-08 01:54:17
ORD-7364,SEL-001,CUST-0068,PROD-084,1,2734.49,2734.49,COMPLETED,2026-09-08 02:02:43
ORD-7365,SEL-001,CUST-0304,PROD-048,2,679.26,1358.52,COMPLETED,2026-09-08 02:11:04
ORD-7366,SEL-001,CUST-0345,PROD-015,1,3012.01,3012.01,COMPLETED,2026-09-08 02:19:39
ORD-7367,SEL-001,CUST-0330,PROD-011,2,1179.21,2358.42,COMPLETED,2026-09-08 02:28:22
ORD-7368,SEL-001,CUST-0443,PROD-083,1,1366.65,1366.65,COMPLETED,2026-09-08 02:36:32
ORD-7369,SEL-001,CUST-0433,PROD-029,1,661.04,661.04,COMPLETED,2026-09-08 02:45:19
ORD-7370,SEL-001,CUST-0299,PROD-066,1,3832.12,3832.12,COMPLETED,2026-09-08 02:53:43
ORD-7371,SEL-001,CUST-0070,PROD-020,1,3690.08,3690.08,COMPLETED,2026-09-08 03:02:33
ORD-7372,SEL-001,CUST-0340,PROD-056,1,3004.15,3004.15,COMPLETED,2026-09-08 03:11:02
ORD-7373,SEL-001,CUST-0310,PROD-014,1,1095.06,1095.06,COMPLETED,2026-09-08 03:19:30
ORD-7374,SEL-001,CUST-0199,PROD-074,1,3974.56,3974.56,COMPLETED,2026-09-08 03:28:02
ORD-7375,SEL-001,CUST-0496,PROD-004,1,1198.65,1198.65,COMPLETED,2026-09-08 03:36:13
ORD-7376,SEL-001,CUST-0387,PROD-028,1,644.17,644.17,COMPLETED,2026-09-08 03:44:48
ORD-7377,SEL-001,CUST-0398,PROD-089,2,2415.49,4830.98,COMPLETED,2026-09-08 03:53:25
ORD-7378,SEL-001,CUST-0131,PROD-053,1,1140.4,1140.4,COMPLETED,2026-09-08 04:01:57
ORD-7379,SEL-001,CUST-0039,PROD-064,2,2617.04,5234.08,COMPLETED,2026-09-08 04:10:43
ORD-7380,SEL-001,CUST-0397,PROD-031,1,2815.84,2815.84,COMPLETED,2026-09-08 04:19:18
ORD-7381,SEL-001,CUST-0144,PROD-046,1,589.12,589.12,COMPLETED,2026-09-08 04:27:33
ORD-7382,SEL-001,CUST-0349,PROD-095,1,2044.18,2044.18,COMPLETED,2026-09-08 04:36:15
ORD-7383,SEL-001,CUST-0018,P17,1,1100.0,1100.0,COMPLETED,2026-09-08 04:44:45
ORD-7384,SEL-001,CUST-0204,PROD-072,1,1146.68,1146.68,COMPLETED,2026-09-08 04:53:11
ORD-7385,SEL-001,CUST-0469,PROD-074,1,3974.56,3974.56,COMPLETED,2026-09-08 05:01:50
ORD-7386,SEL-001,CUST-0312,PROD-011,1,1179.21,1179.21,COMPLETED,2026-09-08 05:10:09
ORD-7387,SEL-001,CUST-0009,PROD-046,1,589.12,589.12,COMPLETED,2026-09-08 05:18:58
ORD-7388,SEL-001,CUST-0227,PROD-023,1,3217.09,3217.09,COMPLETED,2026-09-08 05:27:29
ORD-7389,SEL-001,CUST-0322,PROD-059,1,3348.79,3348.79,COMPLETED,2026-09-08 05:36:05
ORD-7390,SEL-001,CUST-0450,PROD-045,1,1479.9,1479.9,COMPLETED,2026-09-08 05:44:15
ORD-7391,SEL-001,CUST-0439,PROD-064,1,2617.04,2617.04,COMPLETED,2026-09-08 05:53:15
ORD-7392,SEL-001,CUST-0064,PROD-038,1,3774.97,3774.97,COMPLETED,2026-09-08 06:01:29
ORD-7393,SEL-001,CUST-0164,PROD-002,1,356.3,356.3,COMPLETED,2026-09-08 06:10:05
ORD-7394,SEL-001,CUST-0199,PROD-058,2,977.34,1954.68,COMPLETED,2026-09-08 06:18:42
ORD-7395,SEL-001,CUST-0200,PROD-099,1,2498.74,2498.74,COMPLETED,2026-09-08 06:27:17
ORD-7396,SEL-001,CUST-0394,PROD-077,1,1931.44,1931.44,COMPLETED,2026-09-08 06:35:25
ORD-7397,SEL-001,CUST-0205,PROD-077,2,1931.44,3862.88,COMPLETED,2026-09-08 06:44:27
ORD-7398,SEL-001,CUST-0212,PROD-006,1,3125.97,3125.97,COMPLETED,2026-09-08 06:52:51
ORD-7399,SEL-001,CUST-0430,PROD-063,1,2970.0,2970.0,COMPLETED,2026-09-08 07:01:07
ORD-7400,SEL-001,CUST-0033,PROD-064,2,2617.04,5234.08,COMPLETED,2026-09-08 07:09:39
ORD-7401,SEL-001,CUST-0481,PROD-019,1,2754.38,2754.38,COMPLETED,2026-09-08 07:18:28
ORD-7402,SEL-001,CUST-0078,PROD-096,1,519.99,519.99,COMPLETED,2026-09-08 07:26:48
ORD-7403,SEL-001,CUST-0165,PROD-067,1,3548.0,3548.0,COMPLETED,2026-09-08 07:35:26
ORD-7404,SEL-001,CUST-0450,PROD-024,1,1696.06,1696.06,COMPLETED,2026-09-08 07:43:54
ORD-7405,SEL-001,CUST-0174,PROD-002,1,356.3,356.3,COMPLETED,2026-09-08 07:52:15
ORD-7406,SEL-001,CUST-0117,PROD-099,1,2498.74,2498.74,COMPLETED,2026-09-08 08:01:14
ORD-7407,SEL-001,CUST-0140,PROD-053,1,1140.4,1140.4,COMPLETED,2026-09-08 08:09:34
ORD-7408,SEL-001,CUST-0320,PROD-085,1,4065.75,4065.75,COMPLETED,2026-09-08 08:18:16
ORD-7409,SEL-001,CUST-0368,PROD-001,1,2967.56,2967.56,COMPLETED,2026-09-08 08:26:45
ORD-7410,SEL-001,CUST-0450,PROD-034,2,2528.97,5057.94,COMPLETED,2026-09-08 08:35:23
ORD-7411,SEL-001,CUST-0406,PROD-090,1,636.37,636.37,COMPLETED,2026-09-08 08:43:29
ORD-7412,SEL-001,CUST-0016,PROD-069,2,386.43,772.86,COMPLETED,2026-09-08 08:52:25
ORD-7413,SEL-001,CUST-0136,PROD-026,1,4318.16,4318.16,COMPLETED,2026-09-08 09:00:37
ORD-7414,SEL-001,CUST-0428,PROD-098,1,4483.52,4483.52,COMPLETED,2026-09-08 09:09:30
ORD-7415,SEL-001,CUST-0024,PROD-013,2,362.78,725.56,COMPLETED,2026-09-08 09:17:43
ORD-7416,SEL-001,CUST-0076,PROD-028,1,644.17,644.17,COMPLETED,2026-09-08 09:26:22
ORD-7417,SEL-001,CUST-0349,PROD-067,1,3548.0,3548.0,COMPLETED,2026-09-08 09:35:05
ORD-7418,SEL-001,CUST-0492,PROD-088,1,4489.53,4489.53,COMPLETED,2026-09-08 09:43:10
ORD-7419,SEL-001,CUST-0084,PROD-045,2,1479.9,2959.8,COMPLETED,2026-09-08 09:51:52
ORD-7420,SEL-001,CUST-0387,PROD-028,1,644.17,644.17,COMPLETED,2026-09-08 10:00:34
ORD-7421,SEL-001,CUST-0232,PROD-100,2,4377.08,8754.16,COMPLETED,2026-09-08 10:09:02
ORD-7422,SEL-001,CUST-0214,PROD-090,1,636.37,636.37,COMPLETED,2026-09-08 10:17:23
ORD-7423,SEL-001,CUST-0074,PROD-097,2,1871.88,3743.76,COMPLETED,2026-09-08 10:26:08
ORD-7424,SEL-001,CUST-0162,PROD-096,1,519.99,519.99,COMPLETED,2026-09-08 10:34:27
ORD-7425,SEL-001,CUST-0168,PROD-060,2,944.46,1888.92,COMPLETED,2026-09-08 10:43:01
ORD-7426,SEL-001,CUST-0096,PROD-043,1,444.75,444.75,COMPLETED,2026-09-08 10:51:51
ORD-7427,SEL-001,CUST-0188,PROD-095,1,2044.18,2044.18,COMPLETED,2026-09-08 11:00:09
ORD-7428,SEL-001,CUST-0082,P17,1,1100.0,1100.0,COMPLETED,2026-09-08 11:08:46
ORD-7429,SEL-001,CUST-0195,PROD-091,1,450.24,450.24,COMPLETED,2026-09-08 11:17:16
ORD-7430,SEL-001,CUST-0497,PROD-042,1,3244.43,3244.43,COMPLETED,2026-09-08 11:25:52
ORD-7431,SEL-001,CUST-0041,P17,1,1100.0,1100.0,COMPLETED,2026-09-08 11:34:21
ORD-7432,SEL-001,CUST-0037,PROD-028,1,644.17,644.17,COMPLETED,2026-09-08 11:42:45
ORD-7433,SEL-001,CUST-0310,PROD-048,1,679.26,679.26,COMPLETED,2026-09-08 11:51:22
ORD-7434,SEL-001,CUST-0066,PROD-084,1,2734.49,2734.49,COMPLETED,2026-09-08 11:59:55
ORD-7435,SEL-001,CUST-0461,PROD-033,1,3351.36,3351.36,COMPLETED,2026-09-08 12:08:37
ORD-7436,SEL-001,CUST-0326,PROD-002,1,356.3,356.3,COMPLETED,2026-09-08 12:16:47
ORD-7437,SEL-001,CUST-0147,PROD-076,1,3035.61,3035.61,COMPLETED,2026-09-08 12:25:48
ORD-7438,SEL-001,CUST-0157,PROD-060,1,944.46,944.46,COMPLETED,2026-09-08 12:34:20
ORD-7439,SEL-001,CUST-0036,PROD-079,2,2200.12,4400.24,COMPLETED,2026-09-08 12:42:29
ORD-7440,SEL-001,CUST-0350,PROD-030,1,3851.85,3851.85,COMPLETED,2026-09-08 12:50:59
ORD-7441,SEL-001,CUST-0403,PROD-058,1,977.34,977.34,COMPLETED,2026-09-08 12:59:36
ORD-7442,SEL-001,CUST-0240,P17,1,1100.0,1100.0,COMPLETED,2026-09-08 13:08:19
ORD-7443,SEL-001,CUST-0406,PROD-029,1,661.04,661.04,COMPLETED,2026-09-08 13:16:38
ORD-7444,SEL-001,CUST-0187,PROD-070,1,1590.68,1590.68,COMPLETED,2026-09-08 13:25:19
ORD-7445,SEL-001,CUST-0212,PROD-094,1,3616.34,3616.34,COMPLETED,2026-09-08 13:33:58
ORD-7446,SEL-001,CUST-0478,PROD-052,1,1823.27,1823.27,COMPLETED,2026-09-08 13:42:34
ORD-7447,SEL-001,CUST-0415,PROD-015,1,3012.01,3012.01,COMPLETED,2026-09-08 13:51:09
ORD-7448,SEL-001,CUST-0311,PROD-059,1,3348.79,3348.79,COMPLETED,2026-09-08 13:59:27
ORD-7449,SEL-001,CUST-0066,PROD-037,1,2596.17,2596.17,COMPLETED,2026-09-08 14:08:00
ORD-7450,SEL-001,CUST-0108,PROD-021,1,277.62,277.62,COMPLETED,2026-09-08 14:16:45
ORD-7451,SEL-001,CUST-0165,PROD-006,2,3125.97,6251.94,COMPLETED,2026-09-08 14:25:07
ORD-7452,SEL-001,CUST-0231,PROD-016,2,2566.0,5132.0,COMPLETED,2026-09-08 14:33:29
ORD-7453,SEL-001,CUST-0378,PROD-068,1,1223.45,1223.45,COMPLETED,2026-09-08 14:42:20
ORD-7454,SEL-001,CUST-0159,PROD-093,2,2916.65,5833.3,COMPLETED,2026-09-08 14:50:38
ORD-7455,SEL-001,CUST-0010,PROD-050,1,2951.66,2951.66,COMPLETED,2026-09-08 14:59:10
ORD-7456,SEL-001,CUST-0181,PROD-001,1,2967.56,2967.56,COMPLETED,2026-09-08 15:07:52
ORD-7457,SEL-001,CUST-0368,PROD-071,2,1387.9,2775.8,COMPLETED,2026-09-08 15:16:30
ORD-7458,SEL-001,CUST-0093,PROD-083,1,1366.65,1366.65,COMPLETED,2026-09-08 15:25:02
ORD-7459,SEL-001,CUST-0476,PROD-065,1,3159.61,3159.61,COMPLETED,2026-09-08 15:33:30
ORD-7460,SEL-001,CUST-0247,PROD-034,1,2528.97,2528.97,COMPLETED,2026-09-08 15:41:41
ORD-7461,SEL-001,CUST-0363,PROD-077,1,1931.44,1931.44,COMPLETED,2026-09-08 15:50:16
ORD-7462,SEL-001,CUST-0154,PROD-047,1,1239.36,1239.36,COMPLETED,2026-09-08 15:59:10
ORD-7463,SEL-001,CUST-0292,PROD-098,1,4483.52,4483.52,COMPLETED,2026-09-08 16:07:26
ORD-7464,SEL-001,CUST-0495,PROD-035,1,4385.74,4385.74,COMPLETED,2026-09-08 16:16:06
ORD-7465,SEL-001,CUST-0094,PROD-084,2,2734.49,5468.98,COMPLETED,2026-09-08 16:24:20
ORD-7466,SEL-001,CUST-0267,PROD-036,1,1858.77,1858.77,COMPLETED,2026-09-08 16:32:59
ORD-7467,SEL-001,CUST-0058,PROD-085,1,4065.75,4065.75,COMPLETED,2026-09-08 16:41:23
ORD-7468,SEL-001,CUST-0180,PROD-034,1,2528.97,2528.97,COMPLETED,2026-09-08 16:50:06
ORD-7469,SEL-001,CUST-0384,PROD-072,1,1146.68,1146.68,COMPLETED,2026-09-08 16:58:37
ORD-7470,SEL-001,CUST-0010,PROD-091,1,450.24,450.24,COMPLETED,2026-09-08 17:07:19
ORD-7471,SEL-001,CUST-0130,PROD-068,1,1223.45,1223.45,COMPLETED,2026-09-08 17:15:41
ORD-7472,SEL-001,CUST-0174,PROD-047,1,1239.36,1239.36,COMPLETED,2026-09-08 17:24:24
ORD-7473,SEL-001,CUST-0321,PROD-074,2,3974.56,7949.12,COMPLETED,2026-09-08 17:32:58
ORD-7474,SEL-001,CUST-0127,PROD-097,1,1871.88,1871.88,COMPLETED,2026-09-08 17:41:24
ORD-7475,SEL-001,CUST-0437,PROD-089,1,2415.49,2415.49,COMPLETED,2026-09-08 17:50:01
ORD-7476,SEL-001,CUST-0251,PROD-055,1,4230.78,4230.78,COMPLETED,2026-09-08 17:58:14
ORD-7477,SEL-001,CUST-0291,PROD-072,1,1146.68,1146.68,COMPLETED,2026-09-08 18:06:52
ORD-7478,SEL-001,CUST-0159,PROD-033,2,3351.36,6702.72,COMPLETED,2026-09-08 18:15:37
ORD-7479,SEL-001,CUST-0113,PROD-072,1,1146.68,1146.68,COMPLETED,2026-09-08 18:23:56
ORD-7480,SEL-001,CUST-0410,PROD-056,1,3004.15,3004.15,COMPLETED,2026-09-08 18:32:34
ORD-7481,SEL-001,CUST-0103,PROD-002,1,356.3,356.3,COMPLETED,2026-09-08 18:40:55
ORD-7482,SEL-001,CUST-0059,PROD-004,1,1198.65,1198.65,COMPLETED,2026-09-08 18:49:33
ORD-7483,SEL-001,CUST-0313,PROD-040,1,3912.25,3912.25,COMPLETED,2026-09-08 18:58:01
ORD-7484,SEL-001,CUST-0212,PROD-064,1,2617.04,2617.04,COMPLETED,2026-09-08 19:06:32
ORD-7485,SEL-001,CUST-0300,PROD-012,1,2397.76,2397.76,COMPLETED,2026-09-08 19:15:06
ORD-7486,SEL-001,CUST-0202,PROD-050,1,2951.66,2951.66,COMPLETED,2026-09-08 19:24:00
ORD-7487,SEL-001,CUST-0423,PROD-078,1,4136.83,4136.83,COMPLETED,2026-09-08 19:32:10
ORD-7488,SEL-001,CUST-0338,PROD-012,1,2397.76,2397.76,COMPLETED,2026-09-08 19:40:59
ORD-7489,SEL-001,CUST-0272,PROD-004,1,1198.65,1198.65,COMPLETED,2026-09-08 19:49:13
ORD-7490,SEL-001,CUST-0196,PROD-030,1,3851.85,3851.85,COMPLETED,2026-09-08 19:57:56
ORD-7491,SEL-001,CUST-0300,PROD-016,1,2566.0,2566.0,COMPLETED,2026-09-08 20:06:11
ORD-7492,SEL-001,CUST-0235,PROD-040,1,3912.25,3912.25,COMPLETED,2026-09-08 20:14:48
ORD-7493,SEL-001,CUST-0261,PROD-073,1,4257.37,4257.37,COMPLETED,2026-09-08 20:23:25
ORD-7494,SEL-001,CUST-0137,PROD-080,2,1375.74,2751.48,COMPLETED,2026-09-08 20:32:14
ORD-7495,SEL-001,CUST-0386,PROD-047,2,1239.36,2478.72,COMPLETED,2026-09-08 20:40:45
ORD-7496,SEL-001,CUST-0081,PROD-063,1,2970.0,2970.0,COMPLETED,2026-09-08 20:48:56
ORD-7497,SEL-001,CUST-0172,PROD-080,1,1375.74,1375.74,COMPLETED,2026-09-08 20:57:43
ORD-7498,SEL-001,CUST-0256,PROD-024,1,1696.06,1696.06,COMPLETED,2026-09-08 21:06:15
ORD-7499,SEL-001,CUST-0419,PROD-055,1,4230.78,4230.78,COMPLETED,2026-09-08 21:14:26
ORD-7500,SEL-001,CUST-0353,PROD-083,1,1366.65,1366.65,COMPLETED,2026-09-08 21:23:15
ORD-7501,SEL-001,CUST-0018,PROD-068,1,1223.45,1223.45,COMPLETED,2026-09-08 21:31:32
ORD-7502,SEL-001,CUST-0483,PROD-049,2,1431.39,2862.78,COMPLETED,2026-09-08 21:40:08
ORD-7503,SEL-001,CUST-0419,PROD-076,1,3035.61,3035.61,COMPLETED,2026-09-08 21:49:00
ORD-7504,SEL-001,CUST-0469,PROD-053,1,1140.4,1140.4,COMPLETED,2026-09-08 21:57:29
ORD-7505,SEL-001,CUST-0087,PROD-020,1,3690.08,3690.08,COMPLETED,2026-09-08 22:05:40
ORD-7506,SEL-001,CUST-0218,PROD-098,2,4483.52,8967.04,COMPLETED,2026-09-08 22:14:32
ORD-7507,SEL-001,CUST-0447,PROD-095,1,2044.18,2044.18,COMPLETED,2026-09-08 22:23:08
ORD-7508,SEL-001,CUST-0199,PROD-034,1,2528.97,2528.97,COMPLETED,2026-09-08 22:31:38
ORD-7509,SEL-001,CUST-0382,PROD-046,1,589.12,589.12,COMPLETED,2026-09-08 22:40:01
ORD-7510,SEL-001,CUST-0141,PROD-033,2,3351.36,6702.72,COMPLETED,2026-09-08 22:48:26
ORD-7511,SEL-001,CUST-0327,PROD-004,1,1198.65,1198.65,COMPLETED,2026-09-08 22:57:13
ORD-7512,SEL-001,CUST-0087,PROD-001,1,2967.56,2967.56,COMPLETED,2026-09-08 23:05:38
ORD-7513,SEL-001,CUST-0383,PROD-051,1,1800.54,1800.54,COMPLETED,2026-09-08 23:14:21
ORD-7514,SEL-001,CUST-0133,PROD-004,1,1198.65,1198.65,COMPLETED,2026-09-08 23:22:46
ORD-7515,SEL-001,CUST-0144,PROD-005,1,3380.0,3380.0,COMPLETED,2026-09-08 23:31:10
ORD-7516,SEL-001,CUST-0192,PROD-028,1,644.17,644.17,COMPLETED,2026-09-08 23:39:31
ORD-7517,SEL-001,CUST-0207,PROD-024,1,1696.06,1696.06,COMPLETED,2026-09-08 23:48:32
ORD-7518,SEL-001,CUST-0308,PROD-095,1,2044.18,2044.18,COMPLETED,2026-09-08 23:56:48
ORD-7519,SEL-001,CUST-0416,PROD-061,1,1862.69,1862.69,COMPLETED,2026-09-09 00:05:15
ORD-7520,SEL-001,CUST-0412,PROD-012,1,2397.76,2397.76,COMPLETED,2026-09-09 00:14:09
ORD-7521,SEL-001,CUST-0112,PROD-091,1,450.24,450.24,COMPLETED,2026-09-09 00:22:23
ORD-7522,SEL-001,CUST-0024,PROD-019,1,2754.38,2754.38,COMPLETED,2026-09-09 00:30:46
ORD-7523,SEL-001,CUST-0273,PROD-075,1,1587.38,1587.38,COMPLETED,2026-09-09 00:39:42
ORD-7524,SEL-001,CUST-0474,PROD-036,1,1858.77,1858.77,COMPLETED,2026-09-09 00:47:56
ORD-7525,SEL-001,CUST-0489,PROD-056,1,3004.15,3004.15,COMPLETED,2026-09-09 00:56:45
ORD-7526,SEL-001,CUST-0439,PROD-063,1,2970.0,2970.0,COMPLETED,2026-09-09 01:05:19
ORD-7527,SEL-001,CUST-0243,PROD-043,1,444.75,444.75,COMPLETED,2026-09-09 01:13:43
ORD-7528,SEL-001,CUST-0489,PROD-037,1,2596.17,2596.17,COMPLETED,2026-09-09 01:22:18
ORD-7529,SEL-001,CUST-0046,P17,1,1100.0,1100.0,COMPLETED,2026-09-09 01:30:56
ORD-7530,SEL-001,CUST-0412,PROD-088,2,4489.53,8979.06,COMPLETED,2026-09-09 01:39:15
ORD-7531,SEL-001,CUST-0154,PROD-034,1,2528.97,2528.97,COMPLETED,2026-09-09 01:47:44
ORD-7532,SEL-001,CUST-0325,PROD-067,1,3548.0,3548.0,COMPLETED,2026-09-09 01:56:22
ORD-7533,SEL-001,CUST-0012,PROD-034,1,2528.97,2528.97,COMPLETED,2026-09-09 02:05:02
ORD-7534,SEL-001,CUST-0442,PROD-035,1,4385.74,4385.74,COMPLETED,2026-09-09 02:13:22
ORD-7535,SEL-001,CUST-0108,PROD-003,2,1418.87,2837.74,COMPLETED,2026-09-09 02:21:58
ORD-7536,SEL-001,CUST-0388,PROD-088,1,4489.53,4489.53,COMPLETED,2026-09-09 02:30:33
ORD-7537,SEL-001,CUST-0240,P17,1,1100.0,1100.0,COMPLETED,2026-09-09 02:39:08
ORD-7538,SEL-001,CUST-0222,PROD-008,1,619.49,619.49,COMPLETED,2026-09-09 02:47:26
ORD-7539,SEL-001,CUST-0359,PROD-016,2,2566.0,5132.0,COMPLETED,2026-09-09 02:56:17
ORD-7540,SEL-001,CUST-0453,PROD-013,2,362.78,725.56,COMPLETED,2026-09-09 03:04:27
ORD-7541,SEL-001,CUST-0097,PROD-033,1,3351.36,3351.36,COMPLETED,2026-09-09 03:12:56
ORD-7542,SEL-001,CUST-0495,PROD-087,1,1182.11,1182.11,COMPLETED,2026-09-09 03:21:40
ORD-7543,SEL-001,CUST-0466,PROD-064,1,2617.04,2617.04,COMPLETED,2026-09-09 03:30:02
ORD-7544,SEL-001,CUST-0172,PROD-065,1,3159.61,3159.61,COMPLETED,2026-09-09 03:38:28
ORD-7545,SEL-001,CUST-0322,PROD-052,1,1823.27,1823.27,COMPLETED,2026-09-09 03:47:01
ORD-7546,SEL-001,CUST-0016,PROD-035,1,4385.74,4385.74,COMPLETED,2026-09-09 03:56:00
ORD-7547,SEL-001,CUST-0271,PROD-069,1,386.43,386.43,COMPLETED,2026-09-09 04:04:19
ORD-7548,SEL-001,CUST-0375,PROD-026,1,4318.16,4318.16,COMPLETED,2026-09-09 04:12:53
ORD-7549,SEL-001,CUST-0431,PROD-060,1,944.46,944.46,COMPLETED,2026-09-09 04:21:25
ORD-7550,SEL-001,CUST-0338,PROD-087,1,1182.11,1182.11,COMPLETED,2026-09-09 04:29:51
ORD-7551,SEL-001,CUST-0318,PROD-024,1,1696.06,1696.06,COMPLETED,2026-09-09 04:38:21
ORD-7552,SEL-001,CUST-0061,PROD-071,2,1387.9,2775.8,COMPLETED,2026-09-09 04:46:51
ORD-7553,SEL-001,CUST-0340,PROD-033,1,3351.36,3351.36,COMPLETED,2026-09-09 04:55:42
ORD-7554,SEL-001,CUST-0253,PROD-042,1,3244.43,3244.43,COMPLETED,2026-09-09 05:04:02
ORD-7555,SEL-001,CUST-0486,PROD-035,2,4385.74,8771.48,COMPLETED,2026-09-09 05:12:29
ORD-7556,SEL-001,CUST-0294,PROD-096,1,519.99,519.99,COMPLETED,2026-09-09 05:21:14
ORD-7557,SEL-001,CUST-0498,PROD-060,1,944.46,944.46,COMPLETED,2026-09-09 05:29:30
ORD-7558,SEL-001,CUST-0433,PROD-044,1,1218.57,1218.57,COMPLETED,2026-09-09 05:37:57
ORD-7559,SEL-001,CUST-0028,PROD-047,1,1239.36,1239.36,COMPLETED,2026-09-09 05:46:53
ORD-7560,SEL-001,CUST-0020,PROD-078,2,4136.83,8273.66,COMPLETED,2026-09-09 05:55:21
ORD-7561,SEL-001,CUST-0196,PROD-003,2,1418.87,2837.74,COMPLETED,2026-09-09 06:03:45
ORD-7562,SEL-001,CUST-0467,PROD-052,1,1823.27,1823.27,COMPLETED,2026-09-09 06:12:10
ORD-7563,SEL-001,CUST-0016,PROD-083,1,1366.65,1366.65,COMPLETED,2026-09-09 06:20:44
ORD-7564,SEL-001,CUST-0413,PROD-008,1,619.49,619.49,COMPLETED,2026-09-09 06:29:17
ORD-7565,SEL-001,CUST-0474,PROD-016,1,2566.0,2566.0,COMPLETED,2026-09-09 06:37:47
ORD-7566,SEL-001,CUST-0183,PROD-072,2,1146.68,2293.36,COMPLETED,2026-09-09 06:46:32
ORD-7567,SEL-001,CUST-0150,PROD-011,1,1179.21,1179.21,COMPLETED,2026-09-09 06:54:45
ORD-7568,SEL-001,CUST-0020,PROD-089,2,2415.49,4830.98,COMPLETED,2026-09-09 07:03:40
ORD-7569,SEL-001,CUST-0414,PROD-039,1,2878.71,2878.71,COMPLETED,2026-09-09 07:11:54
ORD-7570,SEL-001,CUST-0017,PROD-008,2,619.49,1238.98,COMPLETED,2026-09-09 07:20:44
ORD-7571,SEL-001,CUST-0148,PROD-028,2,644.17,1288.34,COMPLETED,2026-09-09 07:29:10
ORD-7572,SEL-001,CUST-0423,PROD-058,2,977.34,1954.68,COMPLETED,2026-09-09 07:37:50
ORD-7573,SEL-001,CUST-0482,PROD-035,1,4385.74,4385.74,COMPLETED,2026-09-09 07:46:14
ORD-7574,SEL-001,CUST-0168,PROD-014,1,1095.06,1095.06,COMPLETED,2026-09-09 07:54:51
ORD-7575,SEL-001,CUST-0249,PROD-087,1,1182.11,1182.11,COMPLETED,2026-09-09 08:03:07
ORD-7576,SEL-001,CUST-0224,P17,1,1100.0,1100.0,COMPLETED,2026-09-09 08:11:38
ORD-7577,SEL-001,CUST-0259,PROD-047,1,1239.36,1239.36,COMPLETED,2026-09-09 08:20:09
ORD-7578,SEL-001,CUST-0397,PROD-068,1,1223.45,1223.45,COMPLETED,2026-09-09 08:28:51
ORD-7579,SEL-001,CUST-0174,PROD-032,1,3680.3,3680.3,COMPLETED,2026-09-09 08:37:38
ORD-7580,SEL-001,CUST-0217,PROD-080,1,1375.74,1375.74,COMPLETED,2026-09-09 08:46:00
ORD-7581,SEL-001,CUST-0257,PROD-014,1,1095.06,1095.06,COMPLETED,2026-09-09 08:54:37
ORD-7582,SEL-001,CUST-0363,PROD-066,1,3832.12,3832.12,COMPLETED,2026-09-09 09:03:12
ORD-7583,SEL-001,CUST-0454,PROD-042,1,3244.43,3244.43,COMPLETED,2026-09-09 09:11:21
ORD-7584,SEL-001,CUST-0336,PROD-053,1,1140.4,1140.4,COMPLETED,2026-09-09 09:19:54
ORD-7585,SEL-001,CUST-0171,P17,2,1100.0,2200.0,COMPLETED,2026-09-09 09:28:51
ORD-7586,SEL-001,CUST-0185,PROD-046,1,589.12,589.12,COMPLETED,2026-09-09 09:37:23
ORD-7587,SEL-001,CUST-0108,PROD-043,1,444.75,444.75,COMPLETED,2026-09-09 09:45:55
ORD-7588,SEL-001,CUST-0260,PROD-018,1,1186.87,1186.87,COMPLETED,2026-09-09 09:53:59
ORD-7589,SEL-001,CUST-0169,PROD-099,1,2498.74,2498.74,COMPLETED,2026-09-09 10:02:55
ORD-7590,SEL-001,CUST-0253,PROD-074,2,3974.56,7949.12,COMPLETED,2026-09-09 10:11:32
ORD-7591,SEL-001,CUST-0363,PROD-028,1,644.17,644.17,COMPLETED,2026-09-09 10:20:03
ORD-7592,SEL-001,CUST-0378,PROD-032,1,3680.3,3680.3,COMPLETED,2026-09-09 10:28:16
ORD-7593,SEL-001,CUST-0009,PROD-091,1,450.24,450.24,COMPLETED,2026-09-09 10:36:40
ORD-7594,SEL-001,CUST-0308,PROD-071,1,1387.9,1387.9,COMPLETED,2026-09-09 10:45:22
ORD-7595,SEL-001,CUST-0214,PROD-034,2,2528.97,5057.94,COMPLETED,2026-09-09 10:54:06
ORD-7596,SEL-001,CUST-0224,PROD-026,1,4318.16,4318.16,COMPLETED,2026-09-09 11:02:18
ORD-7597,SEL-001,CUST-0338,PROD-016,1,2566.0,2566.0,COMPLETED,2026-09-09 11:11:00
ORD-7598,SEL-001,CUST-0176,PROD-022,1,3674.73,3674.73,COMPLETED,2026-09-09 11:19:26
ORD-7599,SEL-001,CUST-0320,PROD-003,1,1418.87,1418.87,COMPLETED,2026-09-09 11:27:59
ORD-7600,SEL-001,CUST-0467,PROD-020,1,3690.08,3690.08,COMPLETED,2026-09-09 11:36:27
ORD-7601,SEL-001,CUST-0185,PROD-009,2,2043.17,4086.34,COMPLETED,2026-09-09 11:45:07
ORD-7602,SEL-001,CUST-0058,PROD-026,1,4318.16,4318.16,COMPLETED,2026-09-09 11:53:57
ORD-7603,SEL-001,CUST-0327,PROD-008,1,619.49,619.49,COMPLETED,2026-09-09 12:02:28
ORD-7604,SEL-001,CUST-0285,PROD-038,1,3774.97,3774.97,COMPLETED,2026-09-09 12:10:41
ORD-7605,SEL-001,CUST-0455,PROD-056,1,3004.15,3004.15,COMPLETED,2026-09-09 12:19:13
ORD-7606,SEL-001,CUST-0286,PROD-085,1,4065.75,4065.75,COMPLETED,2026-09-09 12:27:48
ORD-7607,SEL-001,CUST-0337,PROD-098,1,4483.52,4483.52,COMPLETED,2026-09-09 12:36:36
ORD-7608,SEL-001,CUST-0421,PROD-046,1,589.12,589.12,COMPLETED,2026-09-09 12:44:56
ORD-7609,SEL-001,CUST-0381,PROD-004,1,1198.65,1198.65,COMPLETED,2026-09-09 12:53:36
ORD-7610,SEL-001,CUST-0151,PROD-061,1,1862.69,1862.69,COMPLETED,2026-09-09 13:01:45
ORD-7611,SEL-001,CUST-0242,PROD-099,1,2498.74,2498.74,COMPLETED,2026-09-09 13:10:37
ORD-7612,SEL-001,CUST-0234,PROD-029,1,661.04,661.04,COMPLETED,2026-09-09 13:19:06
ORD-7613,SEL-001,CUST-0399,PROD-088,2,4489.53,8979.06,COMPLETED,2026-09-09 13:27:21
ORD-7614,SEL-001,CUST-0349,PROD-068,1,1223.45,1223.45,COMPLETED,2026-09-09 13:36:13
ORD-7615,SEL-001,CUST-0260,PROD-083,1,1366.65,1366.65,COMPLETED,2026-09-09 13:44:40
ORD-7616,SEL-001,CUST-0189,PROD-098,1,4483.52,4483.52,COMPLETED,2026-09-09 13:52:57
ORD-7617,SEL-001,CUST-0056,PROD-027,1,1680.53,1680.53,COMPLETED,2026-09-09 14:01:30
ORD-7618,SEL-001,CUST-0025,P17,1,1100.0,1100.0,COMPLETED,2026-09-09 14:10:09
ORD-7619,SEL-001,CUST-0122,PROD-074,1,3974.56,3974.56,COMPLETED,2026-09-09 14:18:55
ORD-7620,SEL-001,CUST-0095,PROD-086,1,1947.45,1947.45,COMPLETED,2026-09-09 14:27:05
ORD-7621,SEL-001,CUST-0326,PROD-022,2,3674.73,7349.46,COMPLETED,2026-09-09 14:35:53
ORD-7622,SEL-001,CUST-0287,PROD-028,1,644.17,644.17,COMPLETED,2026-09-09 14:44:10
ORD-7623,SEL-001,CUST-0231,PROD-097,1,1871.88,1871.88,COMPLETED,2026-09-09 14:53:10
ORD-7624,SEL-001,CUST-0207,PROD-035,2,4385.74,8771.48,COMPLETED,2026-09-09 15:01:25
ORD-7625,SEL-001,CUST-0005,PROD-039,1,2878.71,2878.71,COMPLETED,2026-09-09 15:10:07
ORD-7626,SEL-001,CUST-0096,PROD-052,1,1823.27,1823.27,COMPLETED,2026-09-09 15:18:25
ORD-7627,SEL-001,CUST-0373,PROD-040,1,3912.25,3912.25,COMPLETED,2026-09-09 15:26:52
ORD-7628,SEL-001,CUST-0332,PROD-099,1,2498.74,2498.74,COMPLETED,2026-09-09 15:35:34
ORD-7629,SEL-001,CUST-0307,PROD-053,1,1140.4,1140.4,COMPLETED,2026-09-09 15:44:07
ORD-7630,SEL-001,CUST-0168,PROD-088,1,4489.53,4489.53,COMPLETED,2026-09-09 15:52:44
ORD-7631,SEL-001,CUST-0438,PROD-079,1,2200.12,2200.12,COMPLETED,2026-09-09 16:01:22
ORD-7632,SEL-001,CUST-0229,PROD-040,2,3912.25,7824.5,COMPLETED,2026-09-09 16:09:45
ORD-7633,SEL-001,CUST-0313,PROD-073,1,4257.37,4257.37,COMPLETED,2026-09-09 16:18:27
ORD-7634,SEL-001,CUST-0415,PROD-056,1,3004.15,3004.15,COMPLETED,2026-09-09 16:26:35
ORD-7635,SEL-001,CUST-0315,PROD-020,1,3690.08,3690.08,COMPLETED,2026-09-09 16:35:11
ORD-7636,SEL-001,CUST-0389,P17,1,1100.0,1100.0,COMPLETED,2026-09-09 16:43:55
ORD-7637,SEL-001,CUST-0138,PROD-076,1,3035.61,3035.61,COMPLETED,2026-09-09 16:52:21
ORD-7638,SEL-001,CUST-0266,PROD-016,1,2566.0,2566.0,COMPLETED,2026-09-09 17:01:06
ORD-7639,SEL-001,CUST-0072,PROD-019,1,2754.38,2754.38,COMPLETED,2026-09-09 17:09:39
ORD-7640,SEL-001,CUST-0500,PROD-018,1,1186.87,1186.87,COMPLETED,2026-09-09 17:18:05
ORD-7641,SEL-001,CUST-0096,PROD-029,1,661.04,661.04,COMPLETED,2026-09-09 17:26:21
ORD-7642,SEL-001,CUST-0286,PROD-007,2,4041.76,8083.52,COMPLETED,2026-09-09 17:35:11
ORD-7643,SEL-001,CUST-0105,PROD-063,2,2970.0,5940.0,COMPLETED,2026-09-09 17:43:23
ORD-7644,SEL-001,CUST-0494,PROD-065,1,3159.61,3159.61,COMPLETED,2026-09-09 17:52:09
ORD-7645,SEL-001,CUST-0169,PROD-050,1,2951.66,2951.66,COMPLETED,2026-09-09 18:00:50
ORD-7646,SEL-001,CUST-0346,PROD-085,1,4065.75,4065.75,COMPLETED,2026-09-09 18:09:07
ORD-7647,SEL-001,CUST-0405,PROD-059,1,3348.79,3348.79,COMPLETED,2026-09-09 18:17:58
ORD-7648,SEL-001,CUST-0028,PROD-044,1,1218.57,1218.57,COMPLETED,2026-09-09 18:26:01
ORD-7649,SEL-001,CUST-0203,PROD-062,1,4455.47,4455.47,COMPLETED,2026-09-09 18:35:02
ORD-7650,SEL-001,CUST-0482,PROD-028,2,644.17,1288.34,COMPLETED,2026-09-09 18:43:13
ORD-7651,SEL-001,CUST-0240,P17,1,1100.0,1100.0,COMPLETED,2026-09-09 18:51:42
ORD-7652,SEL-001,CUST-0182,PROD-033,1,3351.36,3351.36,COMPLETED,2026-09-09 19:00:22
ORD-7653,SEL-001,CUST-0150,PROD-088,1,4489.53,4489.53,COMPLETED,2026-09-09 19:08:43
ORD-7654,SEL-001,CUST-0367,PROD-048,1,679.26,679.26,COMPLETED,2026-09-09 19:17:28
ORD-7655,SEL-001,CUST-0324,PROD-074,2,3974.56,7949.12,COMPLETED,2026-09-09 19:25:48
ORD-7656,SEL-001,CUST-0337,P17,1,1100.0,1100.0,COMPLETED,2026-09-09 19:34:48
ORD-7657,SEL-001,CUST-0121,PROD-071,1,1387.9,1387.9,COMPLETED,2026-09-09 19:42:53
ORD-7658,SEL-001,CUST-0135,PROD-024,1,1696.06,1696.06,COMPLETED,2026-09-09 19:51:42
ORD-7659,SEL-001,CUST-0445,PROD-055,1,4230.78,4230.78,COMPLETED,2026-09-09 20:00:10
ORD-7660,SEL-001,CUST-0438,PROD-076,1,3035.61,3035.61,COMPLETED,2026-09-09 20:08:31
ORD-7661,SEL-001,CUST-0066,PROD-071,1,1387.9,1387.9,COMPLETED,2026-09-09 20:17:06
ORD-7662,SEL-001,CUST-0381,PROD-079,2,2200.12,4400.24,COMPLETED,2026-09-09 20:25:59
ORD-7663,SEL-001,CUST-0023,P17,1,1100.0,1100.0,COMPLETED,2026-09-09 20:34:17
ORD-7664,SEL-001,CUST-0137,PROD-084,1,2734.49,2734.49,COMPLETED,2026-09-09 20:42:50
ORD-7665,SEL-001,CUST-0426,PROD-047,1,1239.36,1239.36,COMPLETED,2026-09-09 20:51:24
ORD-7666,SEL-001,CUST-0361,PROD-079,1,2200.12,2200.12,COMPLETED,2026-09-09 20:59:38
ORD-7667,SEL-001,CUST-0411,PROD-041,2,2703.75,5407.5,COMPLETED,2026-09-09 21:08:13
ORD-7668,SEL-001,CUST-0023,PROD-001,1,2967.56,2967.56,COMPLETED,2026-09-09 21:16:48
ORD-7669,SEL-001,CUST-0380,PROD-016,1,2566.0,2566.0,COMPLETED,2026-09-09 21:25:42
ORD-7670,SEL-001,CUST-0305,PROD-018,1,1186.87,1186.87,COMPLETED,2026-09-09 21:33:46
ORD-7671,SEL-001,CUST-0148,PROD-026,1,4318.16,4318.16,COMPLETED,2026-09-09 21:42:32
ORD-7672,SEL-001,CUST-0123,PROD-020,1,3690.08,3690.08,COMPLETED,2026-09-09 21:51:04
ORD-7673,SEL-001,CUST-0065,PROD-032,1,3680.3,3680.3,COMPLETED,2026-09-09 21:59:41
ORD-7674,SEL-001,CUST-0211,PROD-006,1,3125.97,3125.97,COMPLETED,2026-09-09 22:08:08
ORD-7675,SEL-001,CUST-0464,PROD-046,1,589.12,589.12,COMPLETED,2026-09-09 22:16:29
ORD-7676,SEL-001,CUST-0075,PROD-042,1,3244.43,3244.43,COMPLETED,2026-09-09 22:25:23
ORD-7677,SEL-001,CUST-0482,PROD-007,1,4041.76,4041.76,COMPLETED,2026-09-09 22:33:45
ORD-7678,SEL-001,CUST-0243,PROD-019,1,2754.38,2754.38,COMPLETED,2026-09-09 22:42:31
ORD-7679,SEL-001,CUST-0004,PROD-046,2,589.12,1178.24,COMPLETED,2026-09-09 22:50:35
ORD-7680,SEL-001,CUST-0351,PROD-071,1,1387.9,1387.9,COMPLETED,2026-09-09 22:59:36
ORD-7681,SEL-001,CUST-0164,PROD-010,1,376.64,376.64,COMPLETED,2026-09-09 23:07:39
ORD-7682,SEL-001,CUST-0358,PROD-050,1,2951.66,2951.66,COMPLETED,2026-09-09 23:16:13
ORD-7683,SEL-001,CUST-0415,PROD-031,1,2815.84,2815.84,COMPLETED,2026-09-09 23:24:49
ORD-7684,SEL-001,CUST-0412,PROD-090,2,636.37,1272.74,COMPLETED,2026-09-09 23:33:33
ORD-7685,SEL-001,CUST-0145,PROD-090,1,636.37,636.37,COMPLETED,2026-09-09 23:42:03
ORD-7686,SEL-001,CUST-0215,PROD-008,2,619.49,1238.98,COMPLETED,2026-09-09 23:50:46
ORD-7687,SEL-001,CUST-0075,PROD-091,1,450.24,450.24,COMPLETED,2026-09-09 23:58:57
ORD-7688,SEL-001,CUST-0091,PROD-034,1,2528.97,2528.97,COMPLETED,2026-09-10 00:07:31
ORD-7689,SEL-001,CUST-0322,PROD-043,1,444.75,444.75,COMPLETED,2026-09-10 00:16:05
ORD-7690,SEL-001,CUST-0370,P17,1,1100.0,1100.0,COMPLETED,2026-09-10 00:24:31
ORD-7691,SEL-001,CUST-0034,PROD-040,1,3912.25,3912.25,COMPLETED,2026-09-10 00:33:27
ORD-7692,SEL-001,CUST-0051,PROD-029,1,661.04,661.04,COMPLETED,2026-09-10 00:41:41
ORD-7693,SEL-001,CUST-0371,PROD-054,1,1384.66,1384.66,COMPLETED,2026-09-10 00:50:14
ORD-7694,SEL-001,CUST-0247,PROD-048,1,679.26,679.26,COMPLETED,2026-09-10 00:58:45
ORD-7695,SEL-001,CUST-0446,PROD-074,1,3974.56,3974.56,COMPLETED,2026-09-10 01:07:30
ORD-7696,SEL-001,CUST-0208,PROD-034,1,2528.97,2528.97,COMPLETED,2026-09-10 01:15:43
ORD-7697,SEL-001,CUST-0328,PROD-013,1,362.78,362.78,COMPLETED,2026-09-10 01:24:13
ORD-7698,SEL-001,CUST-0057,PROD-044,1,1218.57,1218.57,COMPLETED,2026-09-10 01:32:45
ORD-7699,SEL-001,CUST-0283,PROD-029,2,661.04,1322.08,COMPLETED,2026-09-10 01:41:21
ORD-7700,SEL-001,CUST-0420,PROD-061,1,1862.69,1862.69,COMPLETED,2026-09-10 01:50:08
ORD-7701,SEL-001,CUST-0277,PROD-068,1,1223.45,1223.45,COMPLETED,2026-09-10 01:58:47
ORD-7702,SEL-001,CUST-0192,P17,1,1100.0,1100.0,COMPLETED,2026-09-10 02:07:06
ORD-7703,SEL-001,CUST-0122,PROD-100,1,4377.08,4377.08,COMPLETED,2026-09-10 02:15:47
ORD-7704,SEL-001,CUST-0036,PROD-088,1,4489.53,4489.53,COMPLETED,2026-09-10 02:24:18
ORD-7705,SEL-001,CUST-0302,PROD-049,1,1431.39,1431.39,COMPLETED,2026-09-10 02:32:54
ORD-7706,SEL-001,CUST-0368,PROD-063,1,2970.0,2970.0,COMPLETED,2026-09-10 02:41:07
ORD-7707,SEL-001,CUST-0148,PROD-004,1,1198.65,1198.65,COMPLETED,2026-09-10 02:49:44
ORD-7708,SEL-001,CUST-0371,PROD-050,1,2951.66,2951.66,COMPLETED,2026-09-10 02:58:12
ORD-7709,SEL-001,CUST-0152,PROD-046,1,589.12,589.12,COMPLETED,2026-09-10 03:06:56
ORD-7710,SEL-001,CUST-0293,PROD-048,1,679.26,679.26,COMPLETED,2026-09-10 03:15:18
ORD-7711,SEL-001,CUST-0482,PROD-048,1,679.26,679.26,COMPLETED,2026-09-10 03:24:07
ORD-7712,SEL-001,CUST-0446,P17,1,1100.0,1100.0,COMPLETED,2026-09-10 03:32:17
ORD-7713,SEL-001,CUST-0076,PROD-093,1,2916.65,2916.65,COMPLETED,2026-09-10 03:40:57
ORD-7714,SEL-001,CUST-0420,PROD-004,1,1198.65,1198.65,COMPLETED,2026-09-10 03:49:37
ORD-7715,SEL-001,CUST-0324,PROD-095,1,2044.18,2044.18,COMPLETED,2026-09-10 03:58:14
ORD-7716,SEL-001,CUST-0224,PROD-003,1,1418.87,1418.87,COMPLETED,2026-09-10 04:06:37
ORD-7717,SEL-001,CUST-0454,PROD-029,1,661.04,661.04,COMPLETED,2026-09-10 04:15:12
ORD-7718,SEL-001,CUST-0433,PROD-072,1,1146.68,1146.68,COMPLETED,2026-09-10 04:23:33
ORD-7719,SEL-001,CUST-0447,PROD-018,1,1186.87,1186.87,COMPLETED,2026-09-10 04:31:58
ORD-7720,SEL-001,CUST-0271,P17,2,1100.0,2200.0,COMPLETED,2026-09-10 04:40:34
ORD-7721,SEL-001,CUST-0354,PROD-060,1,944.46,944.46,COMPLETED,2026-09-10 04:49:22
ORD-7722,SEL-001,CUST-0026,PROD-086,1,1947.45,1947.45,COMPLETED,2026-09-10 04:57:58
ORD-7723,SEL-001,CUST-0260,PROD-013,1,362.78,362.78,COMPLETED,2026-09-10 05:06:17
ORD-7724,SEL-001,CUST-0336,PROD-077,2,1931.44,3862.88,COMPLETED,2026-09-10 05:14:57
ORD-7725,SEL-001,CUST-0494,PROD-026,1,4318.16,4318.16,COMPLETED,2026-09-10 05:23:09
ORD-7726,SEL-001,CUST-0200,PROD-073,1,4257.37,4257.37,COMPLETED,2026-09-10 05:31:52
ORD-7727,SEL-001,CUST-0086,PROD-046,2,589.12,1178.24,COMPLETED,2026-09-10 05:40:39
ORD-7728,SEL-001,CUST-0498,PROD-052,1,1823.27,1823.27,COMPLETED,2026-09-10 05:48:48
ORD-7729,SEL-001,CUST-0292,PROD-085,1,4065.75,4065.75,COMPLETED,2026-09-10 05:57:43
ORD-7730,SEL-001,CUST-0401,PROD-023,1,3217.09,3217.09,COMPLETED,2026-09-10 06:06:05
ORD-7731,SEL-001,CUST-0055,PROD-096,1,519.99,519.99,COMPLETED,2026-09-10 06:14:32
ORD-7732,SEL-001,CUST-0214,PROD-025,1,910.79,910.79,COMPLETED,2026-09-10 06:23:09
ORD-7733,SEL-001,CUST-0375,PROD-094,1,3616.34,3616.34,COMPLETED,2026-09-10 06:31:29
ORD-7734,SEL-001,CUST-0145,PROD-078,1,4136.83,4136.83,COMPLETED,2026-09-10 06:40:27
ORD-7735,SEL-001,CUST-0476,PROD-087,2,1182.11,2364.22,COMPLETED,2026-09-10 06:48:48
ORD-7736,SEL-001,CUST-0111,PROD-048,1,679.26,679.26,COMPLETED,2026-09-10 06:57:10
ORD-7737,SEL-001,CUST-0385,PROD-045,1,1479.9,1479.9,COMPLETED,2026-09-10 07:05:48
ORD-7738,SEL-001,CUST-0314,PROD-090,1,636.37,636.37,COMPLETED,2026-09-10 07:14:08
ORD-7739,SEL-001,CUST-0296,PROD-049,1,1431.39,1431.39,COMPLETED,2026-09-10 07:22:58
ORD-7740,SEL-001,CUST-0292,PROD-075,1,1587.38,1587.38,COMPLETED,2026-09-10 07:31:12
ORD-7741,SEL-001,CUST-0348,P17,1,1100.0,1100.0,COMPLETED,2026-09-10 07:39:49
ORD-7742,SEL-001,CUST-0245,PROD-006,1,3125.97,3125.97,COMPLETED,2026-09-10 07:48:31
ORD-7743,SEL-001,CUST-0264,PROD-093,1,2916.65,2916.65,COMPLETED,2026-09-10 07:56:50
ORD-7744,SEL-001,CUST-0169,PROD-023,1,3217.09,3217.09,COMPLETED,2026-09-10 08:05:25
ORD-7745,SEL-001,CUST-0307,PROD-100,1,4377.08,4377.08,COMPLETED,2026-09-10 08:13:54
ORD-7746,SEL-001,CUST-0259,PROD-024,1,1696.06,1696.06,COMPLETED,2026-09-10 08:22:37
ORD-7747,SEL-001,CUST-0341,PROD-038,1,3774.97,3774.97,COMPLETED,2026-09-10 08:31:21
ORD-7748,SEL-001,CUST-0293,P17,1,1100.0,1100.0,COMPLETED,2026-09-10 08:39:33
ORD-7749,SEL-001,CUST-0331,PROD-056,1,3004.15,3004.15,COMPLETED,2026-09-10 08:48:12
ORD-7750,SEL-001,CUST-0126,PROD-036,1,1858.77,1858.77,COMPLETED,2026-09-10 08:56:55
ORD-7751,SEL-001,CUST-0192,PROD-083,1,1366.65,1366.65,COMPLETED,2026-09-10 09:05:16
ORD-7752,SEL-001,CUST-0247,PROD-064,1,2617.04,2617.04,COMPLETED,2026-09-10 09:14:04
ORD-7753,SEL-001,CUST-0041,PROD-027,1,1680.53,1680.53,COMPLETED,2026-09-10 09:22:24
ORD-7754,SEL-001,CUST-0109,PROD-041,1,2703.75,2703.75,COMPLETED,2026-09-10 09:30:47
ORD-7755,SEL-001,CUST-0357,PROD-089,1,2415.49,2415.49,COMPLETED,2026-09-10 09:39:39
ORD-7756,SEL-001,CUST-0301,PROD-059,1,3348.79,3348.79,COMPLETED,2026-09-10 09:48:09
ORD-7757,SEL-001,CUST-0018,PROD-025,1,910.79,910.79,COMPLETED,2026-09-10 09:56:30
ORD-7758,SEL-001,CUST-0231,PROD-054,1,1384.66,1384.66,COMPLETED,2026-09-10 10:04:57
ORD-7759,SEL-001,CUST-0103,PROD-053,1,1140.4,1140.4,COMPLETED,2026-09-10 10:13:25
ORD-7760,SEL-001,CUST-0236,PROD-067,1,3548.0,3548.0,COMPLETED,2026-09-10 10:22:16
ORD-7761,SEL-001,CUST-0294,PROD-030,1,3851.85,3851.85,COMPLETED,2026-09-10 10:30:35
ORD-7762,SEL-001,CUST-0140,PROD-014,1,1095.06,1095.06,COMPLETED,2026-09-10 10:39:24
ORD-7763,SEL-001,CUST-0154,PROD-063,1,2970.0,2970.0,COMPLETED,2026-09-10 10:47:27
ORD-7764,SEL-001,CUST-0319,PROD-036,1,1858.77,1858.77,COMPLETED,2026-09-10 10:56:07
ORD-7765,SEL-001,CUST-0491,P17,2,1100.0,2200.0,COMPLETED,2026-09-10 11:05:00
ORD-7766,SEL-001,CUST-0280,PROD-079,1,2200.12,2200.12,COMPLETED,2026-09-10 11:13:19
ORD-7767,SEL-001,CUST-0329,PROD-020,1,3690.08,3690.08,COMPLETED,2026-09-10 11:21:54
ORD-7768,SEL-001,CUST-0126,PROD-042,1,3244.43,3244.43,COMPLETED,2026-09-10 11:30:25
ORD-7769,SEL-001,CUST-0455,PROD-013,1,362.78,362.78,COMPLETED,2026-09-10 11:38:55
ORD-7770,SEL-001,CUST-0438,PROD-059,1,3348.79,3348.79,COMPLETED,2026-09-10 11:47:12
ORD-7771,SEL-001,CUST-0446,PROD-053,1,1140.4,1140.4,COMPLETED,2026-09-10 11:55:45
ORD-7772,SEL-001,CUST-0083,PROD-039,1,2878.71,2878.71,COMPLETED,2026-09-10 12:04:36
ORD-7773,SEL-001,CUST-0146,PROD-021,1,277.62,277.62,COMPLETED,2026-09-10 12:12:57
ORD-7774,SEL-001,CUST-0426,PROD-091,1,450.24,450.24,COMPLETED,2026-09-10 12:21:22
ORD-7775,SEL-001,CUST-0357,PROD-085,1,4065.75,4065.75,COMPLETED,2026-09-10 12:30:13
ORD-7776,SEL-001,CUST-0429,PROD-097,1,1871.88,1871.88,COMPLETED,2026-09-10 12:38:38
ORD-7777,SEL-001,CUST-0142,PROD-008,2,619.49,1238.98,COMPLETED,2026-09-10 12:47:02
ORD-7778,SEL-001,CUST-0175,PROD-034,1,2528.97,2528.97,COMPLETED,2026-09-10 12:55:56
ORD-7779,SEL-001,CUST-0026,PROD-032,2,3680.3,7360.6,COMPLETED,2026-09-10 13:04:20
ORD-7780,SEL-001,CUST-0027,PROD-100,1,4377.08,4377.08,COMPLETED,2026-09-10 13:12:34
ORD-7781,SEL-001,CUST-0069,PROD-081,1,1298.17,1298.17,COMPLETED,2026-09-10 13:21:14
ORD-7782,SEL-001,CUST-0001,PROD-022,1,3674.73,3674.73,COMPLETED,2026-09-10 13:29:41
ORD-7783,SEL-001,CUST-0205,PROD-066,1,3832.12,3832.12,COMPLETED,2026-09-10 13:38:18
ORD-7784,SEL-001,CUST-0130,PROD-011,1,1179.21,1179.21,COMPLETED,2026-09-10 13:46:53
ORD-7785,SEL-001,CUST-0139,PROD-028,1,644.17,644.17,COMPLETED,2026-09-10 13:55:22
ORD-7786,SEL-001,CUST-0375,PROD-018,1,1186.87,1186.87,COMPLETED,2026-09-10 14:03:55
ORD-7787,SEL-001,CUST-0410,PROD-043,2,444.75,889.5,COMPLETED,2026-09-10 14:12:35
ORD-7788,SEL-001,CUST-0164,PROD-057,1,2838.81,2838.81,COMPLETED,2026-09-10 14:21:16
ORD-7789,SEL-001,CUST-0373,PROD-022,1,3674.73,3674.73,COMPLETED,2026-09-10 14:29:31
ORD-7790,SEL-001,CUST-0378,PROD-076,1,3035.61,3035.61,COMPLETED,2026-09-10 14:37:57
ORD-7791,SEL-001,CUST-0442,PROD-088,1,4489.53,4489.53,COMPLETED,2026-09-10 14:46:42
ORD-7792,SEL-001,CUST-0299,PROD-035,1,4385.74,4385.74,COMPLETED,2026-09-10 14:55:14
ORD-7793,SEL-001,CUST-0004,PROD-028,1,644.17,644.17,COMPLETED,2026-09-10 15:03:37
ORD-7794,SEL-001,CUST-0361,PROD-074,1,3974.56,3974.56,COMPLETED,2026-09-10 15:12:22
ORD-7795,SEL-001,CUST-0438,PROD-042,1,3244.43,3244.43,COMPLETED,2026-09-10 15:20:41
ORD-7796,SEL-001,CUST-0084,PROD-004,1,1198.65,1198.65,COMPLETED,2026-09-10 15:29:30
ORD-7797,SEL-001,CUST-0078,PROD-065,1,3159.61,3159.61,COMPLETED,2026-09-10 15:37:37
ORD-7798,SEL-001,CUST-0317,PROD-066,2,3832.12,7664.24,COMPLETED,2026-09-10 15:46:21
ORD-7799,SEL-001,CUST-0320,PROD-010,1,376.64,376.64,COMPLETED,2026-09-10 15:54:51
ORD-7800,SEL-001,CUST-0482,PROD-016,1,2566.0,2566.0,COMPLETED,2026-09-10 16:03:17
ORD-7801,SEL-001,CUST-0343,PROD-078,2,4136.83,8273.66,COMPLETED,2026-09-10 16:12:12
ORD-7802,SEL-001,CUST-0490,PROD-082,1,2635.81,2635.81,COMPLETED,2026-09-10 16:20:26
ORD-7803,SEL-001,CUST-0161,PROD-020,1,3690.08,3690.08,COMPLETED,2026-09-10 16:29:19
ORD-7804,SEL-001,CUST-0457,PROD-025,1,910.79,910.79,COMPLETED,2026-09-10 16:37:21
ORD-7805,SEL-001,CUST-0112,PROD-052,1,1823.27,1823.27,COMPLETED,2026-09-10 16:45:57
ORD-7806,SEL-001,CUST-0455,PROD-038,1,3774.97,3774.97,COMPLETED,2026-09-10 16:54:30
ORD-7807,SEL-001,CUST-0499,P17,1,1100.0,1100.0,COMPLETED,2026-09-10 17:03:19
ORD-7808,SEL-001,CUST-0377,PROD-051,1,1800.54,1800.54,COMPLETED,2026-09-10 17:11:57
ORD-7809,SEL-001,CUST-0042,PROD-100,1,4377.08,4377.08,COMPLETED,2026-09-10 17:20:27
ORD-7810,SEL-001,CUST-0127,PROD-097,2,1871.88,3743.76,COMPLETED,2026-09-10 17:28:43
ORD-7811,SEL-001,CUST-0218,PROD-006,1,3125.97,3125.97,COMPLETED,2026-09-10 17:37:22
ORD-7812,SEL-001,CUST-0160,PROD-080,2,1375.74,2751.48,COMPLETED,2026-09-10 17:45:37
ORD-7813,SEL-001,CUST-0479,PROD-076,1,3035.61,3035.61,COMPLETED,2026-09-10 17:54:29
ORD-7814,SEL-001,CUST-0466,PROD-091,1,450.24,450.24,COMPLETED,2026-09-10 18:03:03
ORD-7815,SEL-001,CUST-0498,PROD-064,1,2617.04,2617.04,COMPLETED,2026-09-10 18:11:14
ORD-7816,SEL-001,CUST-0230,PROD-023,1,3217.09,3217.09,COMPLETED,2026-09-10 18:19:46
ORD-7817,SEL-001,CUST-0011,PROD-028,1,644.17,644.17,COMPLETED,2026-09-10 18:28:18
ORD-7818,SEL-001,CUST-0438,PROD-089,1,2415.49,2415.49,COMPLETED,2026-09-10 18:37:00
ORD-7819,SEL-001,CUST-0366,PROD-019,1,2754.38,2754.38,COMPLETED,2026-09-10 18:45:40
ORD-7820,SEL-001,CUST-0177,PROD-056,1,3004.15,3004.15,COMPLETED,2026-09-10 18:53:57
ORD-7821,SEL-001,CUST-0382,PROD-069,1,386.43,386.43,COMPLETED,2026-09-10 19:02:38
ORD-7822,SEL-001,CUST-0249,PROD-056,1,3004.15,3004.15,COMPLETED,2026-09-10 19:11:02
ORD-7823,SEL-001,CUST-0366,PROD-071,1,1387.9,1387.9,COMPLETED,2026-09-10 19:19:52
ORD-7824,SEL-001,CUST-0337,PROD-071,1,1387.9,1387.9,COMPLETED,2026-09-10 19:28:19
ORD-7825,SEL-001,CUST-0098,PROD-083,1,1366.65,1366.65,COMPLETED,2026-09-10 19:36:52
ORD-7826,SEL-001,CUST-0398,PROD-071,1,1387.9,1387.9,COMPLETED,2026-09-10 19:45:11
ORD-7827,SEL-001,CUST-0453,PROD-006,1,3125.97,3125.97,COMPLETED,2026-09-10 19:53:53
ORD-7828,SEL-001,CUST-0181,PROD-059,1,3348.79,3348.79,COMPLETED,2026-09-10 20:02:17
ORD-7829,SEL-001,CUST-0315,PROD-075,1,1587.38,1587.38,COMPLETED,2026-09-10 20:10:58
ORD-7830,SEL-001,CUST-0219,PROD-076,1,3035.61,3035.61,COMPLETED,2026-09-10 20:19:37
ORD-7831,SEL-001,CUST-0164,PROD-091,1,450.24,450.24,COMPLETED,2026-09-10 20:27:52
ORD-7832,SEL-001,CUST-0418,PROD-084,1,2734.49,2734.49,COMPLETED,2026-09-10 20:36:18
ORD-7833,SEL-001,CUST-0371,PROD-100,2,4377.08,8754.16,COMPLETED,2026-09-10 20:44:50
ORD-7834,SEL-001,CUST-0296,PROD-052,1,1823.27,1823.27,COMPLETED,2026-09-10 20:53:43
ORD-7835,SEL-001,CUST-0259,PROD-054,1,1384.66,1384.66,COMPLETED,2026-09-10 21:02:06
ORD-7836,SEL-001,CUST-0479,P17,1,1100.0,1100.0,COMPLETED,2026-09-10 21:10:43
ORD-7837,SEL-001,CUST-0313,PROD-033,1,3351.36,3351.36,COMPLETED,2026-09-10 21:19:00
ORD-7838,SEL-001,CUST-0384,PROD-048,1,679.26,679.26,COMPLETED,2026-09-10 21:27:38
ORD-7839,SEL-001,CUST-0419,PROD-025,1,910.79,910.79,COMPLETED,2026-09-10 21:36:08
ORD-7840,SEL-001,CUST-0035,PROD-013,1,362.78,362.78,COMPLETED,2026-09-10 21:44:53
ORD-7841,SEL-001,CUST-0182,PROD-096,1,519.99,519.99,COMPLETED,2026-09-10 21:53:28
ORD-7842,SEL-001,CUST-0306,PROD-040,1,3912.25,3912.25,COMPLETED,2026-09-10 22:01:38
ORD-7843,SEL-001,CUST-0414,PROD-030,1,3851.85,3851.85,COMPLETED,2026-09-10 22:10:37
ORD-7844,SEL-001,CUST-0006,PROD-043,1,444.75,444.75,COMPLETED,2026-09-10 22:19:02
ORD-7845,SEL-001,CUST-0122,PROD-019,1,2754.38,2754.38,COMPLETED,2026-09-10 22:27:30
ORD-7846,SEL-001,CUST-0444,PROD-065,1,3159.61,3159.61,COMPLETED,2026-09-10 22:36:00
ORD-7847,SEL-001,CUST-0491,P17,1,1100.0,1100.0,COMPLETED,2026-09-10 22:44:49
ORD-7848,SEL-001,CUST-0348,PROD-082,1,2635.81,2635.81,COMPLETED,2026-09-10 22:53:17
ORD-7849,SEL-001,CUST-0042,PROD-068,1,1223.45,1223.45,COMPLETED,2026-09-10 23:01:39
ORD-7850,SEL-001,CUST-0385,PROD-040,1,3912.25,3912.25,COMPLETED,2026-09-10 23:10:13
ORD-7851,SEL-001,CUST-0384,PROD-018,2,1186.87,2373.74,COMPLETED,2026-09-10 23:18:54
ORD-7852,SEL-001,CUST-0083,PROD-041,2,2703.75,5407.5,COMPLETED,2026-09-10 23:27:27
ORD-7853,SEL-001,CUST-0439,PROD-028,1,644.17,644.17,COMPLETED,2026-09-10 23:35:55
ORD-7854,SEL-001,CUST-0489,PROD-014,2,1095.06,2190.12,COMPLETED,2026-09-10 23:44:29
ORD-7855,SEL-001,CUST-0207,PROD-031,1,2815.84,2815.84,COMPLETED,2026-09-10 23:52:51
ORD-7856,SEL-001,CUST-0172,PROD-075,2,1587.38,3174.76,COMPLETED,2026-09-11 00:01:31
ORD-7857,SEL-001,CUST-0014,PROD-069,1,386.43,386.43,COMPLETED,2026-09-11 00:09:39
ORD-7858,SEL-001,CUST-0361,PROD-071,2,1387.9,2775.8,COMPLETED,2026-09-11 00:18:18
ORD-7859,SEL-001,CUST-0020,P17,1,1100.0,1100.0,COMPLETED,2026-09-11 00:27:04
ORD-7860,SEL-001,CUST-0362,PROD-070,1,1590.68,1590.68,COMPLETED,2026-09-11 00:35:17
ORD-7861,SEL-001,CUST-0135,PROD-009,1,2043.17,2043.17,COMPLETED,2026-09-11 00:44:03
ORD-7862,SEL-001,CUST-0229,PROD-081,1,1298.17,1298.17,COMPLETED,2026-09-11 00:52:36
ORD-7863,SEL-001,CUST-0291,PROD-062,2,4455.47,8910.94,COMPLETED,2026-09-11 01:01:00
ORD-7864,SEL-001,CUST-0341,PROD-003,1,1418.87,1418.87,COMPLETED,2026-09-11 01:09:29
ORD-7865,SEL-001,CUST-0254,PROD-093,1,2916.65,2916.65,COMPLETED,2026-09-11 01:18:17
ORD-7866,SEL-001,CUST-0023,PROD-009,2,2043.17,4086.34,COMPLETED,2026-09-11 01:26:31
ORD-7867,SEL-001,CUST-0432,PROD-009,1,2043.17,2043.17,COMPLETED,2026-09-11 01:35:09
ORD-7868,SEL-001,CUST-0063,PROD-047,1,1239.36,1239.36,COMPLETED,2026-09-11 01:43:38
ORD-7869,SEL-001,CUST-0156,PROD-093,1,2916.65,2916.65,COMPLETED,2026-09-11 01:52:22
ORD-7870,SEL-001,CUST-0351,PROD-087,1,1182.11,1182.11,COMPLETED,2026-09-11 02:00:40
ORD-7871,SEL-001,CUST-0387,PROD-089,1,2415.49,2415.49,COMPLETED,2026-09-11 02:09:21
ORD-BURST-1,SEL-001,CUST-0028,PROD-042,1,899.0,899.0,COMPLETED,2026-09-11 02:10:00
ORD-BURST-2,SEL-001,CUST-0020,PROD-042,1,899.0,899.0,COMPLETED,2026-09-11 02:11:05
ORD-BURST-3,SEL-001,CUST-0043,PROD-042,1,899.0,899.0,COMPLETED,2026-09-11 02:12:10
ORD-BURST-4,SEL-001,CUST-0040,PROD-042,1,899.0,899.0,COMPLETED,2026-09-11 02:13:15
ORD-BURST-5,SEL-001,CUST-0050,PROD-042,1,899.0,899.0,COMPLETED,2026-09-11 02:14:20
ORD-BURST-6,SEL-001,CUST-0037,PROD-042,1,899.0,899.0,COMPLETED,2026-09-11 02:15:25
ORD-BURST-7,SEL-001,CUST-0023,PROD-042,1,899.0,899.0,COMPLETED,2026-09-11 02:16:30
ORD-BURST-8,SEL-001,CUST-0034,PROD-042,1,899.0,899.0,COMPLETED,2026-09-11 02:17:35
ORD-7872,SEL-001,CUST-0194,PROD-010,1,376.64,376.64,COMPLETED,2026-09-11 02:17:55
ORD-BURST-9,SEL-001,CUST-0043,PROD-042,1,899.0,899.0,COMPLETED,2026-09-11 02:18:40
ORD-BURST-10,SEL-001,CUST-0049,PROD-042,1,899.0,899.0,COMPLETED,2026-09-11 02:19:45
ORD-BURST-11,SEL-001,CUST-0030,PROD-042,1,899.0,899.0,COMPLETED,2026-09-11 02:20:50
ORD-BURST-12,SEL-001,CUST-0004,PROD-042,1,899.0,899.0,COMPLETED,2026-09-11 02:21:55
ORD-7873,SEL-001,CUST-0457,PROD-075,1,1587.38,1587.38,COMPLETED,2026-09-11 02:26:31
ORD-7874,SEL-001,CUST-0435,PROD-063,1,2970.0,2970.0,COMPLETED,2026-09-11 02:35:12
ORD-7875,SEL-001,CUST-0190,PROD-028,1,644.17,644.17,COMPLETED,2026-09-11 02:43:45
ORD-7876,SEL-001,CUST-0066,PROD-078,1,4136.83,4136.83,COMPLETED,2026-09-11 02:51:50
ORD-7877,SEL-001,CUST-0115,PROD-083,1,1366.65,1366.65,COMPLETED,2026-09-11 03:00:38
ORD-7878,SEL-001,CUST-0260,PROD-005,1,3380.0,3380.0,COMPLETED,2026-09-11 03:09:00
ORD-7879,SEL-001,CUST-0164,PROD-065,1,3159.61,3159.61,COMPLETED,2026-09-11 03:17:32
ORD-7880,SEL-001,CUST-0044,PROD-059,1,3348.79,3348.79,COMPLETED,2026-09-11 03:26:22
ORD-7881,SEL-001,CUST-0276,PROD-088,1,4489.53,4489.53,COMPLETED,2026-09-11 03:34:31
ORD-7882,SEL-001,CUST-0337,PROD-040,1,3912.25,3912.25,COMPLETED,2026-09-11 03:43:18
ORD-7883,SEL-001,CUST-0325,PROD-045,2,1479.9,2959.8,COMPLETED,2026-09-11 03:51:52
ORD-7884,SEL-001,CUST-0170,PROD-073,1,4257.37,4257.37,COMPLETED,2026-09-11 04:00:20
ORD-7885,SEL-001,CUST-0167,PROD-051,1,1800.54,1800.54,COMPLETED,2026-09-11 04:08:56
ORD-7886,SEL-001,CUST-0143,PROD-077,1,1931.44,1931.44,COMPLETED,2026-09-11 04:17:36
ORD-7887,SEL-001,CUST-0230,PROD-073,1,4257.37,4257.37,COMPLETED,2026-09-11 04:25:46
ORD-7888,SEL-001,CUST-0117,PROD-054,2,1384.66,2769.32,COMPLETED,2026-09-11 04:34:26
ORD-7889,SEL-001,CUST-0326,PROD-046,1,589.12,589.12,COMPLETED,2026-09-11 04:43:15
ORD-7890,SEL-001,CUST-0096,PROD-045,1,1479.9,1479.9,COMPLETED,2026-09-11 04:51:25
ORD-7891,SEL-001,CUST-0173,PROD-087,1,1182.11,1182.11,COMPLETED,2026-09-11 05:00:12
ORD-7892,SEL-001,CUST-0435,P17,1,1100.0,1100.0,COMPLETED,2026-09-11 05:08:45
ORD-7893,SEL-001,CUST-0304,PROD-059,1,3348.79,3348.79,COMPLETED,2026-09-11 05:17:15
ORD-7894,SEL-001,CUST-0270,PROD-076,2,3035.61,6071.22,COMPLETED,2026-09-11 05:25:52
ORD-7895,SEL-001,CUST-0460,PROD-014,1,1095.06,1095.06,COMPLETED,2026-09-11 05:34:19
ORD-7896,SEL-001,CUST-0234,PROD-087,1,1182.11,1182.11,COMPLETED,2026-09-11 05:42:30
ORD-7897,SEL-001,CUST-0394,PROD-040,1,3912.25,3912.25,COMPLETED,2026-09-11 05:51:01
ORD-7898,SEL-001,CUST-0401,PROD-052,1,1823.27,1823.27,COMPLETED,2026-09-11 05:59:36
ORD-7899,SEL-001,CUST-0252,PROD-002,2,356.3,712.6,COMPLETED,2026-09-11 06:08:26
ORD-7900,SEL-001,CUST-0455,P17,1,1100.0,1100.0,COMPLETED,2026-09-11 06:17:07
ORD-7901,SEL-001,CUST-0210,PROD-067,1,3548.0,3548.0,COMPLETED,2026-09-11 06:25:22
ORD-7902,SEL-001,CUST-0492,PROD-099,1,2498.74,2498.74,COMPLETED,2026-09-11 06:33:45
ORD-7903,SEL-001,CUST-0255,PROD-034,1,2528.97,2528.97,COMPLETED,2026-09-11 06:42:43
ORD-7904,SEL-001,CUST-0059,PROD-016,1,2566.0,2566.0,COMPLETED,2026-09-11 06:50:47
ORD-7905,SEL-001,CUST-0119,PROD-042,1,3244.43,3244.43,COMPLETED,2026-09-11 06:59:17
ORD-7906,SEL-001,CUST-0338,PROD-097,1,1871.88,1871.88,COMPLETED,2026-09-11 07:07:58
ORD-7907,SEL-001,CUST-0431,PROD-055,1,4230.78,4230.78,COMPLETED,2026-09-11 07:16:30
ORD-7908,SEL-001,CUST-0448,PROD-033,1,3351.36,3351.36,COMPLETED,2026-09-11 07:25:13
ORD-7909,SEL-001,CUST-0387,PROD-100,1,4377.08,4377.08,COMPLETED,2026-09-11 07:33:27
ORD-7910,SEL-001,CUST-0263,PROD-060,1,944.46,944.46,COMPLETED,2026-09-11 07:42:05
ORD-7911,SEL-001,CUST-0257,PROD-074,1,3974.56,3974.56,COMPLETED,2026-09-11 07:50:53
ORD-7912,SEL-001,CUST-0083,PROD-003,1,1418.87,1418.87,COMPLETED,2026-09-11 07:59:20
ORD-7913,SEL-001,CUST-0476,PROD-025,1,910.79,910.79,COMPLETED,2026-09-11 08:07:37
ORD-7914,SEL-001,CUST-0148,PROD-032,1,3680.3,3680.3,COMPLETED,2026-09-11 08:16:30
ORD-7915,SEL-001,CUST-0353,PROD-048,1,679.26,679.26,COMPLETED,2026-09-11 08:24:49
ORD-7916,SEL-001,CUST-0238,PROD-011,2,1179.21,2358.42,COMPLETED,2026-09-11 08:33:15
ORD-7917,SEL-001,CUST-0126,PROD-098,1,4483.52,4483.52,COMPLETED,2026-09-11 08:41:42
ORD-7918,SEL-001,CUST-0080,PROD-049,1,1431.39,1431.39,COMPLETED,2026-09-11 08:50:40
ORD-7919,SEL-001,CUST-0498,PROD-089,1,2415.49,2415.49,COMPLETED,2026-09-11 08:58:46
ORD-7920,SEL-001,CUST-0047,PROD-086,1,1947.45,1947.45,COMPLETED,2026-09-11 09:07:28
ORD-7921,SEL-001,CUST-0173,PROD-082,1,2635.81,2635.81,COMPLETED,2026-09-11 09:16:16
ORD-7922,SEL-001,CUST-0462,P17,1,1100.0,1100.0,COMPLETED,2026-09-11 09:24:51
ORD-7923,SEL-001,CUST-0053,PROD-052,1,1823.27,1823.27,COMPLETED,2026-09-11 09:33:09
ORD-7924,SEL-001,CUST-0017,P17,1,1100.0,1100.0,COMPLETED,2026-09-11 09:41:51
ORD-7925,SEL-001,CUST-0136,PROD-055,1,4230.78,4230.78,COMPLETED,2026-09-11 09:50:07
ORD-7926,SEL-001,CUST-0126,PROD-047,1,1239.36,1239.36,COMPLETED,2026-09-11 09:59:00
ORD-7927,SEL-001,CUST-0070,PROD-055,1,4230.78,4230.78,COMPLETED,2026-09-11 10:07:23
ORD-7928,SEL-001,CUST-0494,PROD-086,1,1947.45,1947.45,COMPLETED,2026-09-11 10:15:37
ORD-7929,SEL-001,CUST-0160,PROD-019,1,2754.38,2754.38,COMPLETED,2026-09-11 10:24:26
ORD-7930,SEL-001,CUST-0141,PROD-043,1,444.75,444.75,COMPLETED,2026-09-11 10:32:56
ORD-7931,SEL-001,CUST-0450,PROD-020,1,3690.08,3690.08,COMPLETED,2026-09-11 10:41:35
ORD-7932,SEL-001,CUST-0320,PROD-069,1,386.43,386.43,COMPLETED,2026-09-11 10:50:03
ORD-7933,SEL-001,CUST-0419,PROD-040,2,3912.25,7824.5,COMPLETED,2026-09-11 10:58:33
ORD-7934,SEL-001,CUST-0069,PROD-072,1,1146.68,1146.68,COMPLETED,2026-09-11 11:06:53
ORD-7935,SEL-001,CUST-0262,PROD-027,2,1680.53,3361.06,COMPLETED,2026-09-11 11:15:30
ORD-7936,SEL-001,CUST-0171,PROD-022,1,3674.73,3674.73,COMPLETED,2026-09-11 11:24:11
ORD-7937,SEL-001,CUST-0475,PROD-041,1,2703.75,2703.75,COMPLETED,2026-09-11 11:32:23
ORD-7938,SEL-001,CUST-0261,PROD-088,2,4489.53,8979.06,COMPLETED,2026-09-11 11:41:16
ORD-7939,SEL-001,CUST-0414,PROD-034,1,2528.97,2528.97,COMPLETED,2026-09-11 11:49:41
ORD-7940,SEL-001,CUST-0068,PROD-036,1,1858.77,1858.77,COMPLETED,2026-09-11 11:58:28
ORD-7941,SEL-001,CUST-0248,PROD-100,2,4377.08,8754.16,COMPLETED,2026-09-11 12:06:46
ORD-7942,SEL-001,CUST-0407,PROD-005,1,3380.0,3380.0,COMPLETED,2026-09-11 12:15:11
ORD-7943,SEL-001,CUST-0025,PROD-050,1,2951.66,2951.66,COMPLETED,2026-09-11 12:23:36
ORD-7944,SEL-001,CUST-0070,PROD-070,1,1590.68,1590.68,COMPLETED,2026-09-11 12:32:36
ORD-7945,SEL-001,CUST-0235,PROD-047,1,1239.36,1239.36,COMPLETED,2026-09-11 12:41:00
ORD-7946,SEL-001,CUST-0117,PROD-072,1,1146.68,1146.68,COMPLETED,2026-09-11 12:49:29
ORD-7947,SEL-001,CUST-0335,PROD-003,1,1418.87,1418.87,COMPLETED,2026-09-11 12:57:52
ORD-7948,SEL-001,CUST-0454,PROD-004,1,1198.65,1198.65,COMPLETED,2026-09-11 13:06:15
ORD-7949,SEL-001,CUST-0415,PROD-094,1,3616.34,3616.34,COMPLETED,2026-09-11 13:14:55
ORD-7950,SEL-001,CUST-0387,PROD-074,1,3974.56,3974.56,COMPLETED,2026-09-11 13:23:22
ORD-7951,SEL-001,CUST-0114,PROD-081,1,1298.17,1298.17,COMPLETED,2026-09-11 13:32:18
ORD-7952,SEL-001,CUST-0289,PROD-018,1,1186.87,1186.87,COMPLETED,2026-09-11 13:40:38
ORD-7953,SEL-001,CUST-0054,PROD-038,1,3774.97,3774.97,COMPLETED,2026-09-11 13:49:21
ORD-7954,SEL-001,CUST-0030,PROD-048,1,679.26,679.26,COMPLETED,2026-09-11 13:57:52
ORD-7955,SEL-001,CUST-0349,PROD-100,1,4377.08,4377.08,COMPLETED,2026-09-11 14:06:23
ORD-7956,SEL-001,CUST-0306,PROD-068,1,1223.45,1223.45,COMPLETED,2026-09-11 14:14:52
ORD-7957,SEL-001,CUST-0236,PROD-046,1,589.12,589.12,COMPLETED,2026-09-11 14:23:08
ORD-7958,SEL-001,CUST-0047,PROD-064,1,2617.04,2617.04,COMPLETED,2026-09-11 14:31:49
ORD-7959,SEL-001,CUST-0372,PROD-040,1,3912.25,3912.25,COMPLETED,2026-09-11 14:40:21
ORD-7960,SEL-001,CUST-0365,PROD-059,1,3348.79,3348.79,COMPLETED,2026-09-11 14:48:51
ORD-7961,SEL-001,CUST-0230,PROD-093,1,2916.65,2916.65,COMPLETED,2026-09-11 14:57:17
ORD-7962,SEL-001,CUST-0349,PROD-085,1,4065.75,4065.75,COMPLETED,2026-09-11 15:05:53
ORD-7963,SEL-001,CUST-0271,PROD-019,2,2754.38,5508.76,COMPLETED,2026-09-11 15:14:19
ORD-7964,SEL-001,CUST-0083,PROD-027,1,1680.53,1680.53,COMPLETED,2026-09-11 15:22:48
ORD-7965,SEL-001,CUST-0244,PROD-060,1,944.46,944.46,COMPLETED,2026-09-11 15:31:24
ORD-7966,SEL-001,CUST-0016,PROD-036,2,1858.77,3717.54,COMPLETED,2026-09-11 15:40:14
ORD-7967,SEL-001,CUST-0200,PROD-047,1,1239.36,1239.36,COMPLETED,2026-09-11 15:48:53
ORD-7968,SEL-001,CUST-0119,PROD-016,2,2566.0,5132.0,COMPLETED,2026-09-11 15:57:08
ORD-7969,SEL-001,CUST-0070,P17,1,1100.0,1100.0,COMPLETED,2026-09-11 16:05:58
ORD-7970,SEL-001,CUST-0245,PROD-038,1,3774.97,3774.97,COMPLETED,2026-09-11 16:14:01
ORD-7971,SEL-001,CUST-0087,PROD-068,2,1223.45,2446.9,COMPLETED,2026-09-11 16:22:43
ORD-7972,SEL-001,CUST-0400,PROD-054,1,1384.66,1384.66,COMPLETED,2026-09-11 16:31:19
ORD-7973,SEL-001,CUST-0106,PROD-041,1,2703.75,2703.75,COMPLETED,2026-09-11 16:39:42
ORD-7974,SEL-001,CUST-0118,PROD-059,1,3348.79,3348.79,COMPLETED,2026-09-11 16:48:33
ORD-7975,SEL-001,CUST-0226,PROD-028,1,644.17,644.17,COMPLETED,2026-09-11 16:57:03
ORD-7976,SEL-001,CUST-0096,PROD-045,1,1479.9,1479.9,COMPLETED,2026-09-11 17:05:31
ORD-7977,SEL-001,CUST-0388,PROD-033,1,3351.36,3351.36,COMPLETED,2026-09-11 17:13:59
ORD-7978,SEL-001,CUST-0489,PROD-067,1,3548.0,3548.0,COMPLETED,2026-09-11 17:22:25
ORD-7979,SEL-001,CUST-0404,PROD-044,1,1218.57,1218.57,COMPLETED,2026-09-11 17:31:10
ORD-7980,SEL-001,CUST-0463,PROD-032,1,3680.3,3680.3,COMPLETED,2026-09-11 17:39:32
ORD-7981,SEL-001,CUST-0003,PROD-072,1,1146.68,1146.68,COMPLETED,2026-09-11 17:47:58
ORD-7982,SEL-001,CUST-0016,PROD-073,2,4257.37,8514.74,COMPLETED,2026-09-11 17:56:32
ORD-7983,SEL-001,CUST-0108,PROD-060,1,944.46,944.46,COMPLETED,2026-09-11 18:05:16
ORD-7984,SEL-001,CUST-0054,PROD-079,1,2200.12,2200.12,COMPLETED,2026-09-11 18:13:36
ORD-7985,SEL-001,CUST-0141,PROD-095,1,2044.18,2044.18,COMPLETED,2026-09-11 18:22:31
ORD-7986,SEL-001,CUST-0393,PROD-089,1,2415.49,2415.49,COMPLETED,2026-09-11 18:31:01
ORD-7987,SEL-001,CUST-0311,PROD-090,1,636.37,636.37,COMPLETED,2026-09-11 18:39:16
ORD-7988,SEL-001,CUST-0367,P17,1,1100.0,1100.0,COMPLETED,2026-09-11 18:47:54
ORD-7989,SEL-001,CUST-0015,PROD-081,1,1298.17,1298.17,COMPLETED,2026-09-11 18:56:14
ORD-7990,SEL-001,CUST-0386,PROD-075,1,1587.38,1587.38,COMPLETED,2026-09-11 19:05:11
ORD-7991,SEL-001,CUST-0093,PROD-083,1,1366.65,1366.65,COMPLETED,2026-09-11 19:13:24
ORD-7992,SEL-001,CUST-0020,PROD-027,1,1680.53,1680.53,COMPLETED,2026-09-11 19:22:09
ORD-7993,SEL-001,CUST-0465,PROD-080,1,1375.74,1375.74,COMPLETED,2026-09-11 19:30:37
ORD-7994,SEL-001,CUST-0059,PROD-058,1,977.34,977.34,COMPLETED,2026-09-11 19:39:01
ORD-7995,SEL-001,CUST-0101,P17,2,1100.0,2200.0,COMPLETED,2026-09-11 19:47:27
ORD-7996,SEL-001,CUST-0407,PROD-001,2,2967.56,5935.12,COMPLETED,2026-09-11 19:55:55
ORD-7997,SEL-001,CUST-0239,PROD-022,2,3674.73,7349.46,COMPLETED,2026-09-11 20:04:28
ORD-7998,SEL-001,CUST-0485,PROD-004,1,1198.65,1198.65,COMPLETED,2026-09-11 20:13:01
ORD-7999,SEL-001,CUST-0217,PROD-045,1,1479.9,1479.9,COMPLETED,2026-09-11 20:21:47
ORD-8000,SEL-001,CUST-0175,PROD-044,2,1218.57,2437.14,COMPLETED,2026-09-11 20:30:12
ORD-8001,SEL-001,CUST-0156,PROD-038,1,3774.97,3774.97,COMPLETED,2026-09-11 20:38:37
ORD-8002,SEL-001,CUST-0462,PROD-053,1,1140.4,1140.4,COMPLETED,2026-09-11 20:47:11
ORD-8003,SEL-001,CUST-0229,PROD-055,2,4230.78,8461.56,COMPLETED,2026-09-11 20:55:42
ORD-8004,SEL-001,CUST-0064,PROD-089,1,2415.49,2415.49,COMPLETED,2026-09-11 21:04:39
ORD-8005,SEL-001,CUST-0471,PROD-071,1,1387.9,1387.9,COMPLETED,2026-09-11 21:13:12
ORD-8006,SEL-001,CUST-0024,PROD-089,1,2415.49,2415.49,COMPLETED,2026-09-11 21:21:43
ORD-8007,SEL-001,CUST-0250,PROD-034,1,2528.97,2528.97,COMPLETED,2026-09-11 21:29:49
ORD-8008,SEL-001,CUST-0446,PROD-074,2,3974.56,7949.12,COMPLETED,2026-09-11 21:38:37
ORD-8009,SEL-001,CUST-0450,PROD-092,1,716.01,716.01,COMPLETED,2026-09-11 21:47:15
ORD-8010,SEL-001,CUST-0496,P17,1,1100.0,1100.0,COMPLETED,2026-09-11 21:55:30
ORD-8011,SEL-001,CUST-0450,PROD-073,1,4257.37,4257.37,COMPLETED,2026-09-11 22:04:15
ORD-8012,SEL-001,CUST-0357,PROD-047,1,1239.36,1239.36,COMPLETED,2026-09-11 22:12:55
ORD-8013,SEL-001,CUST-0039,PROD-012,1,2397.76,2397.76,COMPLETED,2026-09-11 22:21:17
ORD-8014,SEL-001,CUST-0224,PROD-020,2,3690.08,7380.16,COMPLETED,2026-09-11 22:30:00
ORD-8015,SEL-001,CUST-0259,PROD-031,1,2815.84,2815.84,COMPLETED,2026-09-11 22:38:05
ORD-8016,SEL-001,CUST-0458,PROD-059,1,3348.79,3348.79,COMPLETED,2026-09-11 22:46:54
ORD-8017,SEL-001,CUST-0143,PROD-015,1,3012.01,3012.01,COMPLETED,2026-09-11 22:55:12
ORD-8018,SEL-001,CUST-0344,PROD-019,2,2754.38,5508.76,COMPLETED,2026-09-11 23:04:00
ORD-8019,SEL-001,CUST-0480,PROD-002,1,356.3,356.3,COMPLETED,2026-09-11 23:12:18
ORD-8020,SEL-001,CUST-0103,PROD-009,1,2043.17,2043.17,COMPLETED,2026-09-11 23:21:01
ORD-8021,SEL-001,CUST-0202,PROD-023,2,3217.09,6434.18,COMPLETED,2026-09-11 23:29:26
ORD-8022,SEL-001,CUST-0302,PROD-007,1,4041.76,4041.76,COMPLETED,2026-09-11 23:38:15
ORD-8023,SEL-001,CUST-0492,PROD-093,1,2916.65,2916.65,COMPLETED,2026-09-11 23:46:49
ORD-8024,SEL-001,CUST-0176,PROD-016,1,2566.0,2566.0,COMPLETED,2026-09-11 23:55:21
ORD-8025,SEL-001,CUST-0095,PROD-020,2,3690.08,7380.16,COMPLETED,2026-09-12 00:03:38
ORD-8026,SEL-001,CUST-0338,PROD-074,1,3974.56,3974.56,COMPLETED,2026-09-12 00:12:09
ORD-8027,SEL-001,CUST-0120,PROD-040,1,3912.25,3912.25,COMPLETED,2026-09-12 00:20:38
ORD-8028,SEL-001,CUST-0011,P17,1,1100.0,1100.0,COMPLETED,2026-09-12 00:29:11
ORD-8029,SEL-001,CUST-0449,PROD-063,1,2970.0,2970.0,COMPLETED,2026-09-12 00:37:31
ORD-8030,SEL-001,CUST-0311,PROD-027,1,1680.53,1680.53,COMPLETED,2026-09-12 00:46:23
ORD-8031,SEL-001,CUST-0038,PROD-032,1,3680.3,3680.3,COMPLETED,2026-09-12 00:54:43
ORD-8032,SEL-001,CUST-0097,PROD-066,1,3832.12,3832.12,COMPLETED,2026-09-12 01:03:27
ORD-8033,SEL-001,CUST-0137,PROD-087,1,1182.11,1182.11,COMPLETED,2026-09-12 01:11:56
ORD-8034,SEL-001,CUST-0369,PROD-004,1,1198.65,1198.65,COMPLETED,2026-09-12 01:20:38
ORD-8035,SEL-001,CUST-0023,P17,1,1100.0,1100.0,COMPLETED,2026-09-12 01:28:57
ORD-8036,SEL-001,CUST-0143,PROD-032,2,3680.3,7360.6,COMPLETED,2026-09-12 01:37:42
ORD-8037,SEL-001,CUST-0402,PROD-076,1,3035.61,3035.61,COMPLETED,2026-09-12 01:45:49
ORD-8038,SEL-001,CUST-0159,PROD-037,1,2596.17,2596.17,COMPLETED,2026-09-12 01:54:35
ORD-8039,SEL-001,CUST-0339,PROD-049,1,1431.39,1431.39,COMPLETED,2026-09-12 02:02:54
ORD-8040,SEL-001,CUST-0224,PROD-011,2,1179.21,2358.42,COMPLETED,2026-09-12 02:11:38
ORD-8041,SEL-001,CUST-0251,PROD-001,1,2967.56,2967.56,COMPLETED,2026-09-12 02:20:18
ORD-8042,SEL-001,CUST-0427,PROD-055,1,4230.78,4230.78,COMPLETED,2026-09-12 02:28:39
ORD-8043,SEL-001,CUST-0277,PROD-040,1,3912.25,3912.25,COMPLETED,2026-09-12 02:37:24
ORD-8044,SEL-001,CUST-0186,PROD-081,1,1298.17,1298.17,COMPLETED,2026-09-12 02:45:48
ORD-8045,SEL-001,CUST-0310,PROD-061,1,1862.69,1862.69,COMPLETED,2026-09-12 02:54:27
ORD-8046,SEL-001,CUST-0352,PROD-011,1,1179.21,1179.21,COMPLETED,2026-09-12 03:02:44
ORD-8047,SEL-001,CUST-0113,PROD-075,1,1587.38,1587.38,COMPLETED,2026-09-12 03:11:30
ORD-8048,SEL-001,CUST-0419,PROD-016,1,2566.0,2566.0,COMPLETED,2026-09-12 03:20:06
ORD-8049,SEL-001,CUST-0237,PROD-016,1,2566.0,2566.0,COMPLETED,2026-09-12 03:28:12
ORD-8050,SEL-001,CUST-0357,P17,1,1100.0,1100.0,COMPLETED,2026-09-12 03:37:05
ORD-8051,SEL-001,CUST-0473,PROD-054,1,1384.66,1384.66,COMPLETED,2026-09-12 03:45:24
ORD-8052,SEL-001,CUST-0187,PROD-086,1,1947.45,1947.45,COMPLETED,2026-09-12 03:53:50
ORD-8053,SEL-001,CUST-0333,PROD-050,1,2951.66,2951.66,COMPLETED,2026-09-12 04:02:34
ORD-8054,SEL-001,CUST-0302,PROD-074,1,3974.56,3974.56,COMPLETED,2026-09-12 04:11:09
ORD-8055,SEL-001,CUST-0420,PROD-048,1,679.26,679.26,COMPLETED,2026-09-12 04:19:45
ORD-8056,SEL-001,CUST-0403,PROD-058,1,977.34,977.34,COMPLETED,2026-09-12 04:28:25
ORD-8057,SEL-001,CUST-0419,PROD-056,1,3004.15,3004.15,COMPLETED,2026-09-12 04:36:40
ORD-8058,SEL-001,CUST-0499,PROD-072,1,1146.68,1146.68,COMPLETED,2026-09-12 04:45:16
ORD-8059,SEL-001,CUST-0436,PROD-076,1,3035.61,3035.61,COMPLETED,2026-09-12 04:53:43
ORD-8060,SEL-001,CUST-0475,PROD-063,1,2970.0,2970.0,COMPLETED,2026-09-12 05:02:15
ORD-8061,SEL-001,CUST-0276,PROD-068,1,1223.45,1223.45,COMPLETED,2026-09-12 05:10:56
ORD-8062,SEL-001,CUST-0074,PROD-039,1,2878.71,2878.71,COMPLETED,2026-09-12 05:19:24
ORD-8063,SEL-001,CUST-0221,PROD-090,1,636.37,636.37,COMPLETED,2026-09-12 05:27:41
ORD-8064,SEL-001,CUST-0456,PROD-077,1,1931.44,1931.44,COMPLETED,2026-09-12 05:36:26
ORD-8065,SEL-001,CUST-0119,PROD-056,1,3004.15,3004.15,COMPLETED,2026-09-12 05:45:06
ORD-8066,SEL-001,CUST-0195,PROD-018,1,1186.87,1186.87,COMPLETED,2026-09-12 05:53:18
ORD-8067,SEL-001,CUST-0104,PROD-032,1,3680.3,3680.3,COMPLETED,2026-09-12 06:02:02
ORD-8068,SEL-001,CUST-0127,PROD-012,1,2397.76,2397.76,COMPLETED,2026-09-12 06:10:29
ORD-8069,SEL-001,CUST-0421,PROD-031,1,2815.84,2815.84,COMPLETED,2026-09-12 06:19:11
ORD-P17-3,SEL-001,CUST-0013,P17,1,1100.0,1100.0,REFUNDED,2026-09-12 06:20:00
ORD-8070,SEL-001,CUST-0472,PROD-066,1,3832.12,3832.12,COMPLETED,2026-09-12 06:27:28
ORD-8071,SEL-001,CUST-0166,PROD-064,1,2617.04,2617.04,COMPLETED,2026-09-12 06:36:14
ORD-8072,SEL-001,CUST-0183,PROD-051,1,1800.54,1800.54,COMPLETED,2026-09-12 06:44:38
ORD-8073,SEL-001,CUST-0211,PROD-033,1,3351.36,3351.36,COMPLETED,2026-09-12 06:53:07
ORD-8074,SEL-001,CUST-0109,PROD-058,2,977.34,1954.68,COMPLETED,2026-09-12 07:01:49
ORD-8075,SEL-001,CUST-0333,PROD-092,2,716.01,1432.02,COMPLETED,2026-09-12 07:10:11
ORD-8076,SEL-001,CUST-0179,PROD-055,2,4230.78,8461.56,COMPLETED,2026-09-12 07:18:47
ORD-8077,SEL-001,CUST-0127,PROD-027,1,1680.53,1680.53,COMPLETED,2026-09-12 07:27:37
ORD-8078,SEL-001,CUST-0295,PROD-096,1,519.99,519.99,COMPLETED,2026-09-12 07:36:07
ORD-8079,SEL-001,CUST-0238,PROD-019,1,2754.38,2754.38,COMPLETED,2026-09-12 07:44:16
ORD-8080,SEL-001,CUST-0024,PROD-077,1,1931.44,1931.44,COMPLETED,2026-09-12 07:53:14
ORD-8081,SEL-001,CUST-0397,PROD-095,1,2044.18,2044.18,COMPLETED,2026-09-12 08:01:21
ORD-8082,SEL-001,CUST-0479,PROD-082,1,2635.81,2635.81,COMPLETED,2026-09-12 08:10:03
ORD-8083,SEL-001,CUST-0304,PROD-088,2,4489.53,8979.06,COMPLETED,2026-09-12 08:18:27
ORD-8084,SEL-001,CUST-0269,PROD-015,1,3012.01,3012.01,COMPLETED,2026-09-12 08:27:07
ORD-8085,SEL-001,CUST-0223,PROD-094,1,3616.34,3616.34,COMPLETED,2026-09-12 08:35:32
ORD-8086,SEL-001,CUST-0047,PROD-001,1,2967.56,2967.56,COMPLETED,2026-09-12 08:43:59
ORD-8087,SEL-001,CUST-0435,PROD-010,1,376.64,376.64,COMPLETED,2026-09-12 08:52:56
ORD-8088,SEL-001,CUST-0318,PROD-093,1,2916.65,2916.65,COMPLETED,2026-09-12 09:01:27
ORD-8089,SEL-001,CUST-0005,PROD-085,1,4065.75,4065.75,COMPLETED,2026-09-12 09:10:00
ORD-8090,SEL-001,CUST-0064,PROD-047,1,1239.36,1239.36,COMPLETED,2026-09-12 09:18:10
ORD-8091,SEL-001,CUST-0141,PROD-094,1,3616.34,3616.34,COMPLETED,2026-09-12 09:26:58
ORD-8092,SEL-001,CUST-0418,PROD-035,1,4385.74,4385.74,COMPLETED,2026-09-12 09:35:19
ORD-8093,SEL-001,CUST-0049,PROD-055,1,4230.78,4230.78,COMPLETED,2026-09-12 09:43:43
ORD-8094,SEL-001,CUST-0309,PROD-087,1,1182.11,1182.11,COMPLETED,2026-09-12 09:52:21
ORD-8095,SEL-001,CUST-0097,PROD-050,1,2951.66,2951.66,COMPLETED,2026-09-12 10:00:55
ORD-8096,SEL-001,CUST-0047,PROD-002,1,356.3,356.3,COMPLETED,2026-09-12 10:09:35
ORD-8097,SEL-001,CUST-0161,PROD-077,1,1931.44,1931.44,COMPLETED,2026-09-12 10:18:00
ORD-P17-2,SEL-001,CUST-0012,P17,1,1100.0,1100.0,REFUNDED,2026-09-12 10:20:00
ORD-8098,SEL-001,CUST-0345,PROD-021,1,277.62,277.62,COMPLETED,2026-09-12 10:26:24
ORD-8099,SEL-001,CUST-0153,PROD-045,1,1479.9,1479.9,COMPLETED,2026-09-12 10:35:11
ORD-8100,SEL-001,CUST-0390,PROD-077,1,1931.44,1931.44,COMPLETED,2026-09-12 10:43:27
ORD-8101,SEL-001,CUST-0095,PROD-075,1,1587.38,1587.38,COMPLETED,2026-09-12 10:52:29
ORD-8102,SEL-001,CUST-0406,PROD-018,1,1186.87,1186.87,COMPLETED,2026-09-12 11:00:50
ORD-8103,SEL-001,CUST-0013,PROD-002,1,356.3,356.3,COMPLETED,2026-09-12 11:09:05
ORD-8104,SEL-001,CUST-0090,PROD-043,1,444.75,444.75,COMPLETED,2026-09-12 11:17:52
ORD-8105,SEL-001,CUST-0067,PROD-063,1,2970.0,2970.0,COMPLETED,2026-09-12 11:26:36
ORD-8106,SEL-001,CUST-0224,PROD-033,1,3351.36,3351.36,COMPLETED,2026-09-12 11:34:54
ORD-8107,SEL-001,CUST-0228,PROD-029,1,661.04,661.04,COMPLETED,2026-09-12 11:43:15
ORD-8108,SEL-001,CUST-0055,PROD-013,1,362.78,362.78,COMPLETED,2026-09-12 11:52:12
ORD-8109,SEL-001,CUST-0055,PROD-088,1,4489.53,4489.53,COMPLETED,2026-09-12 12:00:28
ORD-8110,SEL-001,CUST-0296,P17,1,1100.0,1100.0,COMPLETED,2026-09-12 12:09:11
ORD-8111,SEL-001,CUST-0027,PROD-009,1,2043.17,2043.17,COMPLETED,2026-09-12 12:17:41
ORD-8112,SEL-001,CUST-0107,PROD-029,1,661.04,661.04,COMPLETED,2026-09-12 12:25:54
ORD-8113,SEL-001,CUST-0081,PROD-095,1,2044.18,2044.18,COMPLETED,2026-09-12 12:34:36
ORD-8114,SEL-001,CUST-0170,PROD-037,1,2596.17,2596.17,COMPLETED,2026-09-12 12:43:23
ORD-8115,SEL-001,CUST-0361,PROD-073,1,4257.37,4257.37,COMPLETED,2026-09-12 12:51:33
ORD-8116,SEL-001,CUST-0310,PROD-029,1,661.04,661.04,COMPLETED,2026-09-12 13:00:26
ORD-8117,SEL-001,CUST-0057,PROD-057,1,2838.81,2838.81,COMPLETED,2026-09-12 13:08:50
ORD-8118,SEL-001,CUST-0404,PROD-060,1,944.46,944.46,COMPLETED,2026-09-12 13:17:25
ORD-8119,SEL-001,CUST-0411,PROD-095,1,2044.18,2044.18,COMPLETED,2026-09-12 13:25:44
ORD-8120,SEL-001,CUST-0091,P17,2,1100.0,2200.0,COMPLETED,2026-09-12 13:34:13
ORD-8121,SEL-001,CUST-0370,PROD-077,1,1931.44,1931.44,COMPLETED,2026-09-12 13:43:00
ORD-8122,SEL-001,CUST-0202,PROD-028,1,644.17,644.17,COMPLETED,2026-09-12 13:51:18
ORD-8123,SEL-001,CUST-0422,PROD-100,1,4377.08,4377.08,COMPLETED,2026-09-12 13:59:50
ORD-8124,SEL-001,CUST-0048,PROD-021,1,277.62,277.62,COMPLETED,2026-09-12 14:08:34
ORD-8125,SEL-001,CUST-0004,PROD-060,1,944.46,944.46,COMPLETED,2026-09-12 14:17:10
ORD-P17-1,SEL-001,CUST-0011,P17,1,1100.0,1100.0,REFUNDED,2026-09-12 14:20:00
ORD-8126,SEL-001,CUST-0491,PROD-092,1,716.01,716.01,COMPLETED,2026-09-12 14:25:48
ORD-8127,SEL-001,CUST-0261,PROD-081,1,1298.17,1298.17,COMPLETED,2026-09-12 14:34:06
ORD-8128,SEL-001,CUST-0472,PROD-086,1,1947.45,1947.45,COMPLETED,2026-09-12 14:42:38
ORD-8129,SEL-001,CUST-0112,PROD-097,1,1871.88,1871.88,COMPLETED,2026-09-12 14:51:25
ORD-8130,SEL-001,CUST-0302,PROD-008,1,619.49,619.49,COMPLETED,2026-09-12 14:59:29
ORD-8131,SEL-001,CUST-0176,PROD-055,1,4230.78,4230.78,COMPLETED,2026-09-12 15:08:04
ORD-8132,SEL-001,CUST-0453,PROD-052,1,1823.27,1823.27,COMPLETED,2026-09-12 15:16:46
ORD-8133,SEL-001,CUST-0085,PROD-040,2,3912.25,7824.5,COMPLETED,2026-09-12 15:25:19
ORD-8134,SEL-001,CUST-0149,PROD-054,1,1384.66,1384.66,COMPLETED,2026-09-12 15:33:43
ORD-8135,SEL-001,CUST-0147,PROD-046,1,589.12,589.12,COMPLETED,2026-09-12 15:42:30
ORD-8136,SEL-001,CUST-0212,PROD-068,1,1223.45,1223.45,COMPLETED,2026-09-12 15:51:01
ORD-8137,SEL-001,CUST-0172,PROD-053,1,1140.4,1140.4,COMPLETED,2026-09-12 15:59:14
ORD-8138,SEL-001,CUST-0161,PROD-041,2,2703.75,5407.5,COMPLETED,2026-09-12 16:07:58
ORD-8139,SEL-001,CUST-0264,PROD-094,1,3616.34,3616.34,COMPLETED,2026-09-12 16:16:42
ORD-8140,SEL-001,CUST-0346,PROD-091,1,450.24,450.24,COMPLETED,2026-09-12 16:25:06
ORD-8141,SEL-001,CUST-0210,PROD-053,1,1140.4,1140.4,COMPLETED,2026-09-12 16:33:38
ORD-8142,SEL-001,CUST-0472,PROD-030,1,3851.85,3851.85,COMPLETED,2026-09-12 16:42:13
ORD-8143,SEL-001,CUST-0079,PROD-051,1,1800.54,1800.54,COMPLETED,2026-09-12 16:50:35
ORD-8144,SEL-001,CUST-0072,PROD-073,1,4257.37,4257.37,COMPLETED,2026-09-12 16:59:17
ORD-8145,SEL-001,CUST-0167,PROD-034,1,2528.97,2528.97,COMPLETED,2026-09-12 17:07:33
ORD-8146,SEL-001,CUST-0325,PROD-093,1,2916.65,2916.65,COMPLETED,2026-09-12 17:16:19
ORD-8147,SEL-001,CUST-0249,PROD-006,1,3125.97,3125.97,COMPLETED,2026-09-12 17:24:40
ORD-8148,SEL-001,CUST-0220,PROD-008,1,619.49,619.49,COMPLETED,2026-09-12 17:33:34
ORD-8149,SEL-001,CUST-0280,PROD-063,1,2970.0,2970.0,COMPLETED,2026-09-12 17:41:38
ORD-8150,SEL-001,CUST-0063,P17,1,1100.0,1100.0,COMPLETED,2026-09-12 17:50:13
ORD-8151,SEL-001,CUST-0077,PROD-086,1,1947.45,1947.45,COMPLETED,2026-09-12 17:59:05
ORD-8152,SEL-001,CUST-0327,PROD-012,1,2397.76,2397.76,COMPLETED,2026-09-12 18:07:32
ORD-8153,SEL-001,CUST-0479,PROD-051,2,1800.54,3601.08,COMPLETED,2026-09-12 18:16:15
ORD-8154,SEL-001,CUST-0236,PROD-087,1,1182.11,1182.11,COMPLETED,2026-09-12 18:24:17
ORD-8155,SEL-001,CUST-0102,PROD-070,1,1590.68,1590.68,COMPLETED,2026-09-12 18:32:59
ORD-8156,SEL-001,CUST-0337,PROD-064,1,2617.04,2617.04,COMPLETED,2026-09-12 18:41:42
ORD-8157,SEL-001,CUST-0026,PROD-057,1,2838.81,2838.81,COMPLETED,2026-09-12 18:49:53
ORD-8158,SEL-001,CUST-0221,PROD-049,1,1431.39,1431.39,COMPLETED,2026-09-12 18:58:37
ORD-8159,SEL-001,CUST-0221,PROD-001,1,2967.56,2967.56,COMPLETED,2026-09-12 19:07:04
ORD-8160,SEL-001,CUST-0108,PROD-065,1,3159.61,3159.61,COMPLETED,2026-09-12 19:15:38
ORD-8161,SEL-001,CUST-0464,PROD-068,1,1223.45,1223.45,COMPLETED,2026-09-12 19:24:12
ORD-8162,SEL-001,CUST-0404,PROD-022,1,3674.73,3674.73,COMPLETED,2026-09-12 19:32:43
ORD-8163,SEL-001,CUST-0195,PROD-019,1,2754.38,2754.38,COMPLETED,2026-09-12 19:41:18
ORD-8164,SEL-001,CUST-0168,PROD-021,1,277.62,277.62,COMPLETED,2026-09-12 19:49:42
ORD-8165,SEL-001,CUST-0368,PROD-053,2,1140.4,2280.8,COMPLETED,2026-09-12 19:58:19
ORD-8166,SEL-001,CUST-0365,PROD-008,1,619.49,619.49,COMPLETED,2026-09-12 20:07:01
ORD-8167,SEL-001,CUST-0099,PROD-088,1,4489.53,4489.53,COMPLETED,2026-09-12 20:15:19
ORD-8168,SEL-001,CUST-0450,PROD-054,1,1384.66,1384.66,COMPLETED,2026-09-12 20:24:14
ORD-8169,SEL-001,CUST-0480,PROD-077,1,1931.44,1931.44,COMPLETED,2026-09-12 20:32:21
ORD-8170,SEL-001,CUST-0025,PROD-066,1,3832.12,3832.12,COMPLETED,2026-09-12 20:41:07
ORD-8171,SEL-001,CUST-0198,PROD-096,1,519.99,519.99,COMPLETED,2026-09-12 20:49:39
ORD-8172,SEL-001,CUST-0483,PROD-022,1,3674.73,3674.73,COMPLETED,2026-09-12 20:58:09
ORD-8173,SEL-001,CUST-0131,PROD-097,1,1871.88,1871.88,COMPLETED,2026-09-12 21:06:54
ORD-8174,SEL-001,CUST-0333,PROD-080,1,1375.74,1375.74,COMPLETED,2026-09-12 21:15:22
ORD-8175,SEL-001,CUST-0319,PROD-054,1,1384.66,1384.66,COMPLETED,2026-09-12 21:23:43
ORD-8176,SEL-001,CUST-0140,PROD-072,2,1146.68,2293.36,COMPLETED,2026-09-12 21:32:11
ORD-8177,SEL-001,CUST-0121,PROD-070,1,1590.68,1590.68,COMPLETED,2026-09-12 21:40:54
ORD-8178,SEL-001,CUST-0297,PROD-035,1,4385.74,4385.74,COMPLETED,2026-09-12 21:49:18
ORD-8179,SEL-001,CUST-0070,PROD-027,1,1680.53,1680.53,COMPLETED,2026-09-12 21:58:03
ORD-8180,SEL-001,CUST-0127,PROD-079,1,2200.12,2200.12,COMPLETED,2026-09-12 22:06:35
ORD-8181,SEL-001,CUST-0082,PROD-004,1,1198.65,1198.65,COMPLETED,2026-09-12 22:14:47
ORD-8182,SEL-001,CUST-0392,PROD-004,1,1198.65,1198.65,COMPLETED,2026-09-12 22:23:30
ORD-8183,SEL-001,CUST-0051,PROD-028,1,644.17,644.17,COMPLETED,2026-09-12 22:32:04
ORD-8184,SEL-001,CUST-0423,PROD-098,1,4483.52,4483.52,COMPLETED,2026-09-12 22:40:45
ORD-8185,SEL-001,CUST-0394,P17,1,1100.0,1100.0,COMPLETED,2026-09-12 22:49:00
ORD-8186,SEL-001,CUST-0024,PROD-016,1,2566.0,2566.0,COMPLETED,2026-09-12 22:57:38
ORD-8187,SEL-001,CUST-0096,P17,1,1100.0,1100.0,COMPLETED,2026-09-12 23:06:10
ORD-8188,SEL-001,CUST-0010,PROD-032,1,3680.3,3680.3,COMPLETED,2026-09-12 23:14:46
ORD-8189,SEL-001,CUST-0326,PROD-074,1,3974.56,3974.56,COMPLETED,2026-09-12 23:23:14
ORD-8190,SEL-001,CUST-0336,PROD-097,1,1871.88,1871.88,COMPLETED,2026-09-12 23:31:34
ORD-8191,SEL-001,CUST-0445,PROD-028,1,644.17,644.17,COMPLETED,2026-09-12 23:40:15
ORD-8192,SEL-001,CUST-0436,PROD-031,1,2815.84,2815.84,COMPLETED,2026-09-12 23:48:44
ORD-8193,SEL-001,CUST-0262,PROD-062,1,4455.47,4455.47,COMPLETED,2026-09-12 23:57:34
ORD-8194,SEL-001,CUST-0146,PROD-039,1,2878.71,2878.71,COMPLETED,2026-09-13 00:05:49
ORD-8195,SEL-001,CUST-0500,PROD-092,1,716.01,716.01,COMPLETED,2026-09-13 00:14:25
ORD-8196,SEL-001,CUST-0248,PROD-024,2,1696.06,3392.12,COMPLETED,2026-09-13 00:22:47
ORD-8197,SEL-001,CUST-0024,PROD-085,2,4065.75,8131.5,COMPLETED,2026-09-13 00:31:16
ORD-8198,SEL-001,CUST-0441,PROD-094,1,3616.34,3616.34,COMPLETED,2026-09-13 00:39:47
ORD-8199,SEL-001,CUST-0329,PROD-027,1,1680.53,1680.53,COMPLETED,2026-09-13 00:48:37
ORD-8200,SEL-001,CUST-0007,P17,2,1100.0,2200.0,COMPLETED,2026-09-13 00:57:12
ORD-8201,SEL-001,CUST-0092,PROD-010,1,376.64,376.64,COMPLETED,2026-09-13 01:05:29
ORD-8202,SEL-001,CUST-0387,PROD-092,1,716.01,716.01,COMPLETED,2026-09-13 01:14:18
ORD-8203,SEL-001,CUST-0336,PROD-021,1,277.62,277.62,COMPLETED,2026-09-13 01:22:31
ORD-8204,SEL-001,CUST-0240,PROD-093,1,2916.65,2916.65,COMPLETED,2026-09-13 01:31:12
ORD-8205,SEL-001,CUST-0382,PROD-050,1,2951.66,2951.66,COMPLETED,2026-09-13 01:40:00
ORD-8206,SEL-001,CUST-0388,PROD-058,1,977.34,977.34,COMPLETED,2026-09-13 01:48:27
ORD-8207,SEL-001,CUST-0473,PROD-095,1,2044.18,2044.18,COMPLETED,2026-09-13 01:56:49
ORD-8208,SEL-001,CUST-0307,P17,1,1100.0,1100.0,COMPLETED,2026-09-13 02:05:38
ORD-8209,SEL-001,CUST-0204,PROD-097,1,1871.88,1871.88,COMPLETED,2026-09-13 02:13:56
ORD-8210,SEL-001,CUST-0009,PROD-006,1,3125.97,3125.97,COMPLETED,2026-09-13 02:22:36
ORD-8211,SEL-001,CUST-0352,PROD-044,1,1218.57,1218.57,COMPLETED,2026-09-13 02:30:59
ORD-8212,SEL-001,CUST-0485,PROD-047,1,1239.36,1239.36,COMPLETED,2026-09-13 02:39:25
ORD-8213,SEL-001,CUST-0144,PROD-008,1,619.49,619.49,COMPLETED,2026-09-13 02:48:04
ORD-8214,SEL-001,CUST-0408,PROD-068,1,1223.45,1223.45,COMPLETED,2026-09-13 02:56:30
ORD-8215,SEL-001,CUST-0150,PROD-063,1,2970.0,2970.0,COMPLETED,2026-09-13 03:05:09
ORD-8216,SEL-001,CUST-0259,PROD-058,1,977.34,977.34,COMPLETED,2026-09-13 03:13:39
ORD-8217,SEL-001,CUST-0287,PROD-030,2,3851.85,7703.7,COMPLETED,2026-09-13 03:21:56
ORD-8218,SEL-001,CUST-0140,PROD-006,1,3125.97,3125.97,COMPLETED,2026-09-13 03:30:40
ORD-8219,SEL-001,CUST-0168,PROD-001,1,2967.56,2967.56,COMPLETED,2026-09-13 03:39:10
ORD-8220,SEL-001,CUST-0086,PROD-077,2,1931.44,3862.88,COMPLETED,2026-09-13 03:47:46
ORD-8221,SEL-001,CUST-0071,PROD-073,1,4257.37,4257.37,COMPLETED,2026-09-13 03:56:27
ORD-8222,SEL-001,CUST-0465,PROD-002,1,356.3,356.3,COMPLETED,2026-09-13 04:04:53
ORD-8223,SEL-001,CUST-0033,PROD-033,1,3351.36,3351.36,COMPLETED,2026-09-13 04:13:13
ORD-8224,SEL-001,CUST-0197,PROD-010,2,376.64,753.28,COMPLETED,2026-09-13 04:22:07
ORD-8225,SEL-001,CUST-0016,PROD-006,1,3125.97,3125.97,COMPLETED,2026-09-13 04:30:23
ORD-8226,SEL-001,CUST-0241,PROD-035,2,4385.74,8771.48,COMPLETED,2026-09-13 04:39:05
ORD-8227,SEL-001,CUST-0369,PROD-007,1,4041.76,4041.76,COMPLETED,2026-09-13 04:47:19
ORD-8228,SEL-001,CUST-0481,PROD-057,1,2838.81,2838.81,COMPLETED,2026-09-13 04:56:00
ORD-8229,SEL-001,CUST-0208,PROD-081,1,1298.17,1298.17,COMPLETED,2026-09-13 05:04:38
ORD-8230,SEL-001,CUST-0403,PROD-008,1,619.49,619.49,COMPLETED,2026-09-13 05:13:23
ORD-8231,SEL-001,CUST-0158,PROD-070,1,1590.68,1590.68,COMPLETED,2026-09-13 05:21:25
ORD-8232,SEL-001,CUST-0337,PROD-074,1,3974.56,3974.56,COMPLETED,2026-09-13 05:30:14
ORD-8233,SEL-001,CUST-0486,PROD-043,1,444.75,444.75,COMPLETED,2026-09-13 05:38:53
ORD-8234,SEL-001,CUST-0206,PROD-054,2,1384.66,2769.32,COMPLETED,2026-09-13 05:47:23
ORD-8235,SEL-001,CUST-0067,PROD-052,1,1823.27,1823.27,COMPLETED,2026-09-13 05:55:43
ORD-8236,SEL-001,CUST-0291,PROD-013,1,362.78,362.78,COMPLETED,2026-09-13 06:04:06
ORD-8237,SEL-001,CUST-0478,PROD-060,1,944.46,944.46,COMPLETED,2026-09-13 06:12:39
ORD-8238,SEL-001,CUST-0079,PROD-072,1,1146.68,1146.68,COMPLETED,2026-09-13 06:21:37
ORD-8239,SEL-001,CUST-0491,PROD-058,1,977.34,977.34,COMPLETED,2026-09-13 06:29:52
ORD-8240,SEL-001,CUST-0337,PROD-025,1,910.79,910.79,COMPLETED,2026-09-13 06:38:27
ORD-8241,SEL-001,CUST-0181,PROD-083,1,1366.65,1366.65,COMPLETED,2026-09-13 06:47:14
ORD-8242,SEL-001,CUST-0289,PROD-031,1,2815.84,2815.84,COMPLETED,2026-09-13 06:55:33
ORD-8243,SEL-001,CUST-0235,PROD-080,1,1375.74,1375.74,COMPLETED,2026-09-13 07:03:54
ORD-8244,SEL-001,CUST-0322,PROD-090,1,636.37,636.37,COMPLETED,2026-09-13 07:12:27
ORD-8245,SEL-001,CUST-0084,PROD-033,1,3351.36,3351.36,COMPLETED,2026-09-13 07:20:53
ORD-8246,SEL-001,CUST-0295,PROD-086,1,1947.45,1947.45,COMPLETED,2026-09-13 07:29:32
ORD-8247,SEL-001,CUST-0271,PROD-050,1,2951.66,2951.66,COMPLETED,2026-09-13 07:38:22
ORD-8248,SEL-001,CUST-0347,PROD-075,1,1587.38,1587.38,COMPLETED,2026-09-13 07:46:34
ORD-8249,SEL-001,CUST-0202,PROD-045,1,1479.9,1479.9,COMPLETED,2026-09-13 07:55:26
ORD-8250,SEL-001,CUST-0284,PROD-054,1,1384.66,1384.66,COMPLETED,2026-09-13 08:03:36
ORD-8251,SEL-001,CUST-0498,PROD-032,1,3680.3,3680.3,COMPLETED,2026-09-13 08:12:31
ORD-8252,SEL-001,CUST-0426,PROD-040,2,3912.25,7824.5,COMPLETED,2026-09-13 08:20:45
ORD-8253,SEL-001,CUST-0081,PROD-014,1,1095.06,1095.06,COMPLETED,2026-09-13 08:29:30
ORD-8254,SEL-001,CUST-0400,PROD-034,1,2528.97,2528.97,COMPLETED,2026-09-13 08:37:50
ORD-8255,SEL-001,CUST-0204,PROD-033,2,3351.36,6702.72,COMPLETED,2026-09-13 08:46:25
ORD-8256,SEL-001,CUST-0498,PROD-028,1,644.17,644.17,COMPLETED,2026-09-13 08:54:51
ORD-8257,SEL-001,CUST-0285,PROD-028,1,644.17,644.17,COMPLETED,2026-09-13 09:03:34
ORD-8258,SEL-001,CUST-0142,PROD-047,1,1239.36,1239.36,COMPLETED,2026-09-13 09:11:59
ORD-8259,SEL-001,CUST-0453,PROD-040,1,3912.25,3912.25,COMPLETED,2026-09-13 09:20:51
ORD-8260,SEL-001,CUST-0076,PROD-014,1,1095.06,1095.06,COMPLETED,2026-09-13 09:29:23
ORD-8261,SEL-001,CUST-0136,PROD-073,1,4257.37,4257.37,COMPLETED,2026-09-13 09:37:44
ORD-8262,SEL-001,CUST-0392,PROD-081,1,1298.17,1298.17,COMPLETED,2026-09-13 09:46:03
ORD-8263,SEL-001,CUST-0439,PROD-039,1,2878.71,2878.71,COMPLETED,2026-09-13 09:54:35
ORD-8264,SEL-001,CUST-0188,PROD-080,1,1375.74,1375.74,COMPLETED,2026-09-13 10:03:30
ORD-8265,SEL-001,CUST-0140,PROD-083,1,1366.65,1366.65,COMPLETED,2026-09-13 10:11:47
ORD-8266,SEL-001,CUST-0199,PROD-076,1,3035.61,3035.61,COMPLETED,2026-09-13 10:20:27
ORD-8267,SEL-001,CUST-0089,PROD-094,1,3616.34,3616.34,COMPLETED,2026-09-13 10:28:52
ORD-8268,SEL-001,CUST-0319,PROD-064,1,2617.04,2617.04,COMPLETED,2026-09-13 10:37:39
ORD-8269,SEL-001,CUST-0061,PROD-001,1,2967.56,2967.56,COMPLETED,2026-09-13 10:46:08
ORD-8270,SEL-001,CUST-0134,PROD-084,1,2734.49,2734.49,COMPLETED,2026-09-13 10:54:18
ORD-8271,SEL-001,CUST-0143,PROD-073,1,4257.37,4257.37,COMPLETED,2026-09-13 11:03:14
ORD-8272,SEL-001,CUST-0025,PROD-060,1,944.46,944.46,COMPLETED,2026-09-13 11:11:26
ORD-8273,SEL-001,CUST-0167,PROD-010,1,376.64,376.64,COMPLETED,2026-09-13 11:19:59
ORD-8274,SEL-001,CUST-0129,PROD-039,2,2878.71,5757.42,COMPLETED,2026-09-13 11:28:27
ORD-8275,SEL-001,CUST-0274,PROD-050,2,2951.66,5903.32,COMPLETED,2026-09-13 11:37:10
ORD-8291,SEL-001,CUST-0189,PROD-005,50,1700.0,85000.0,PENDING_REVIEW,2026-09-13 11:45:00
ORD-8276,SEL-001,CUST-0025,PROD-082,1,2635.81,2635.81,COMPLETED,2026-09-13 11:45:50
ORD-8277,SEL-001,CUST-0007,PROD-095,1,2044.18,2044.18,COMPLETED,2026-09-13 11:54:12
ORD-8278,SEL-001,CUST-0014,PROD-077,1,1931.44,1931.44,COMPLETED,2026-09-13 12:02:54
ORD-8279,SEL-001,CUST-0468,PROD-014,2,1095.06,2190.12,COMPLETED,2026-09-13 12:11:17
ORD-8280,SEL-001,CUST-0408,PROD-063,1,2970.0,2970.0,COMPLETED,2026-09-13 12:20:02
ORD-8281,SEL-001,CUST-0198,PROD-055,1,4230.78,4230.78,COMPLETED,2026-09-13 12:28:08
ORD-8282,SEL-001,CUST-0043,PROD-002,1,356.3,356.3,COMPLETED,2026-09-13 12:36:53
ORD-8283,SEL-001,CUST-0002,PROD-025,1,910.79,910.79,COMPLETED,2026-09-13 12:45:21
ORD-8284,SEL-001,CUST-0131,PROD-024,2,1696.06,3392.12,COMPLETED,2026-09-13 12:54:12
ORD-8285,SEL-001,CUST-0476,PROD-070,1,1590.68,1590.68,COMPLETED,2026-09-13 13:02:32
ORD-8286,SEL-001,CUST-0262,PROD-082,1,2635.81,2635.81,COMPLETED,2026-09-13 13:11:14
ORD-8287,SEL-001,CUST-0284,PROD-011,1,1179.21,1179.21,COMPLETED,2026-09-13 13:19:20
ORD-8288,SEL-001,CUST-0152,PROD-005,2,3380.0,6760.0,COMPLETED,2026-09-13 13:28:08
ORD-8289,SEL-001,CUST-0195,PROD-082,1,2635.81,2635.81,COMPLETED,2026-09-13 13:36:47
ORD-8290,SEL-001,CUST-0134,PROD-008,1,619.49,619.49,COMPLETED,2026-09-13 13:45:24
ORD-8291,SEL-001,CUST-0430,PROD-033,1,3351.36,3351.36,COMPLETED,2026-09-13 13:53:36
ORD-8292,SEL-001,CUST-0432,PROD-032,1,3680.3,3680.3,COMPLETED,2026-09-13 14:02:07
ORD-8293,SEL-001,CUST-0035,PROD-046,1,589.12,589.12,COMPLETED,2026-09-13 14:10:45
ORD-8294,SEL-001,CUST-0475,PROD-095,1,2044.18,2044.18,COMPLETED,2026-09-13 14:19:26
ORD-8295,SEL-001,CUST-0234,PROD-085,1,4065.75,4065.75,COMPLETED,2026-09-13 14:27:44
ORD-8296,SEL-001,CUST-0386,PROD-090,1,636.37,636.37,COMPLETED,2026-09-13 14:36:36
ORD-8297,SEL-001,CUST-0118,P17,1,1100.0,1100.0,COMPLETED,2026-09-13 14:44:58
ORD-8298,SEL-001,CUST-0338,PROD-083,1,1366.65,1366.65,COMPLETED,2026-09-13 14:53:27
ORD-8299,SEL-001,CUST-0228,PROD-061,1,1862.69,1862.69,COMPLETED,2026-09-13 15:01:56
ORD-8300,SEL-001,CUST-0189,PROD-078,1,4136.83,4136.83,COMPLETED,2026-09-13 15:10:17
ORD-8301,SEL-001,CUST-0163,P17,1,1100.0,1100.0,COMPLETED,2026-09-13 15:18:51
ORD-8302,SEL-001,CUST-0029,PROD-044,2,1218.57,2437.14,COMPLETED,2026-09-13 15:27:38
ORD-8303,SEL-001,CUST-0448,PROD-046,1,589.12,589.12,COMPLETED,2026-09-13 15:35:52
ORD-8304,SEL-001,CUST-0324,PROD-055,1,4230.78,4230.78,COMPLETED,2026-09-13 15:44:43
ORD-8305,SEL-001,CUST-0109,PROD-087,1,1182.11,1182.11,COMPLETED,2026-09-13 15:53:09
ORD-8306,SEL-001,CUST-0465,PROD-011,1,1179.21,1179.21,COMPLETED,2026-09-13 16:01:28
ORD-8307,SEL-001,CUST-0257,PROD-050,1,2951.66,2951.66,COMPLETED,2026-09-13 16:10:02
ORD-8308,SEL-001,CUST-0430,PROD-014,1,1095.06,1095.06,COMPLETED,2026-09-13 16:18:41
ORD-8309,SEL-001,CUST-0438,PROD-075,1,1587.38,1587.38,COMPLETED,2026-09-13 16:27:08
ORD-8310,SEL-001,CUST-0311,PROD-042,1,3244.43,3244.43,COMPLETED,2026-09-13 16:36:01
ORD-8311,SEL-001,CUST-0411,PROD-032,1,3680.3,3680.3,COMPLETED,2026-09-13 16:44:13
ORD-8312,SEL-001,CUST-0484,PROD-005,1,3380.0,3380.0,COMPLETED,2026-09-13 16:53:04
ORD-8313,SEL-001,CUST-0472,PROD-047,1,1239.36,1239.36,COMPLETED,2026-09-13 17:01:26
ORD-8314,SEL-001,CUST-0115,PROD-033,1,3351.36,3351.36,COMPLETED,2026-09-13 17:10:13
ORD-8315,SEL-001,CUST-0181,PROD-096,1,519.99,519.99,COMPLETED,2026-09-13 17:18:40
ORD-8316,SEL-001,CUST-0483,PROD-096,1,519.99,519.99,COMPLETED,2026-09-13 17:26:54
ORD-8317,SEL-001,CUST-0407,PROD-082,1,2635.81,2635.81,COMPLETED,2026-09-13 17:35:35
ORD-8318,SEL-001,CUST-0167,PROD-021,2,277.62,555.24,COMPLETED,2026-09-13 17:44:18
ORD-8319,SEL-001,CUST-0465,PROD-036,1,1858.77,1858.77,COMPLETED,2026-09-13 17:52:45
ORD-8320,SEL-001,CUST-0168,PROD-027,1,1680.53,1680.53,COMPLETED,2026-09-13 18:01:10
ORD-8321,SEL-001,CUST-0348,PROD-073,1,4257.37,4257.37,COMPLETED,2026-09-13 18:09:37
ORD-8322,SEL-001,CUST-0115,PROD-044,1,1218.57,1218.57,COMPLETED,2026-09-13 18:18:27
ORD-8323,SEL-001,CUST-0287,PROD-012,1,2397.76,2397.76,COMPLETED,2026-09-13 18:26:34
ORD-8324,SEL-001,CUST-0066,PROD-054,1,1384.66,1384.66,COMPLETED,2026-09-13 18:35:35
ORD-8325,SEL-001,CUST-0164,PROD-089,1,2415.49,2415.49,COMPLETED,2026-09-13 18:44:05
ORD-8326,SEL-001,CUST-0346,PROD-062,1,4455.47,4455.47,COMPLETED,2026-09-13 18:52:15
ORD-8327,SEL-001,CUST-0315,PROD-010,1,376.64,376.64,COMPLETED,2026-09-13 19:00:46
ORD-8328,SEL-001,CUST-0086,P17,1,1100.0,1100.0,COMPLETED,2026-09-13 19:09:36
ORD-8329,SEL-001,CUST-0204,PROD-027,1,1680.53,1680.53,COMPLETED,2026-09-13 19:17:45
ORD-8330,SEL-001,CUST-0270,PROD-068,1,1223.45,1223.45,COMPLETED,2026-09-13 19:26:19
ORD-8331,SEL-001,CUST-0092,PROD-045,2,1479.9,2959.8,COMPLETED,2026-09-13 19:35:05
ORD-8332,SEL-001,CUST-0338,PROD-065,1,3159.61,3159.61,COMPLETED,2026-09-13 19:43:27
ORD-8333,SEL-001,CUST-0314,PROD-011,1,1179.21,1179.21,COMPLETED,2026-09-13 19:52:24
ORD-8334,SEL-001,CUST-0126,PROD-095,1,2044.18,2044.18,COMPLETED,2026-09-13 20:00:27
ORD-8335,SEL-001,CUST-0418,PROD-037,1,2596.17,2596.17,COMPLETED,2026-09-13 20:09:14
ORD-8336,SEL-001,CUST-0215,PROD-056,1,3004.15,3004.15,COMPLETED,2026-09-13 20:17:37
ORD-8337,SEL-001,CUST-0323,PROD-026,1,4318.16,4318.16,COMPLETED,2026-09-13 20:26:02
ORD-8338,SEL-001,CUST-0277,PROD-021,1,277.62,277.62,COMPLETED,2026-09-13 20:34:51
ORD-8339,SEL-001,CUST-0124,PROD-063,1,2970.0,2970.0,COMPLETED,2026-09-13 20:43:24
ORD-8340,SEL-001,CUST-0256,PROD-060,1,944.46,944.46,COMPLETED,2026-09-13 20:51:51
ORD-8341,SEL-001,CUST-0392,PROD-049,1,1431.39,1431.39,COMPLETED,2026-09-13 21:00:20
ORD-8342,SEL-001,CUST-0317,PROD-027,1,1680.53,1680.53,COMPLETED,2026-09-13 21:08:52
ORD-8343,SEL-001,CUST-0315,PROD-090,1,636.37,636.37,COMPLETED,2026-09-13 21:17:17
ORD-8344,SEL-001,CUST-0370,PROD-007,1,4041.76,4041.76,COMPLETED,2026-09-13 21:26:09
ORD-8345,SEL-001,CUST-0162,PROD-031,1,2815.84,2815.84,COMPLETED,2026-09-13 21:34:36
ORD-8346,SEL-001,CUST-0385,PROD-089,1,2415.49,2415.49,COMPLETED,2026-09-13 21:43:13
ORD-8347,SEL-001,CUST-0043,PROD-087,1,1182.11,1182.11,COMPLETED,2026-09-13 21:51:50
ORD-8348,SEL-001,CUST-0267,PROD-096,1,519.99,519.99,COMPLETED,2026-09-13 22:00:14
ORD-8349,SEL-001,CUST-0193,PROD-056,1,3004.15,3004.15,COMPLETED,2026-09-13 22:08:30
ORD-8350,SEL-001,CUST-0198,PROD-092,1,716.01,716.01,COMPLETED,2026-09-13 22:16:58
ORD-8351,SEL-001,CUST-0383,PROD-040,1,3912.25,3912.25,COMPLETED,2026-09-13 22:25:33
ORD-8352,SEL-001,CUST-0055,PROD-054,2,1384.66,2769.32,COMPLETED,2026-09-13 22:34:07
ORD-8353,SEL-001,CUST-0377,PROD-085,1,4065.75,4065.75,COMPLETED,2026-09-13 22:42:41
ORD-8354,SEL-001,CUST-0457,PROD-032,1,3680.3,3680.3,COMPLETED,2026-09-13 22:51:33
ORD-8355,SEL-001,CUST-0224,PROD-062,2,4455.47,8910.94,COMPLETED,2026-09-13 22:59:40
ORD-8356,SEL-001,CUST-0018,PROD-095,1,2044.18,2044.18,COMPLETED,2026-09-13 23:08:32
ORD-8357,SEL-001,CUST-0318,PROD-060,1,944.46,944.46,COMPLETED,2026-09-13 23:16:59
ORD-8358,SEL-001,CUST-0093,PROD-068,2,1223.45,2446.9,COMPLETED,2026-09-13 23:25:32
ORD-8359,SEL-001,CUST-0044,PROD-092,1,716.01,716.01,COMPLETED,2026-09-13 23:34:15
ORD-8360,SEL-001,CUST-0309,PROD-011,1,1179.21,1179.21,COMPLETED,2026-09-13 23:42:45
ORD-8361,SEL-001,CUST-0299,PROD-091,1,450.24,450.24,COMPLETED,2026-09-13 23:51:10
ORD-8362,SEL-001,CUST-0419,PROD-038,2,3774.97,7549.94,COMPLETED,2026-09-13 23:59:49
ORD-8363,SEL-001,CUST-0165,PROD-075,1,1587.38,1587.38,COMPLETED,2026-09-14 00:08:19
ORD-8364,SEL-001,CUST-0190,PROD-020,2,3690.08,7380.16,COMPLETED,2026-09-14 00:16:57
ORD-8365,SEL-001,CUST-0270,PROD-069,1,386.43,386.43,COMPLETED,2026-09-14 00:25:22
ORD-8366,SEL-001,CUST-0005,PROD-065,1,3159.61,3159.61,COMPLETED,2026-09-14 00:33:59
ORD-8367,SEL-001,CUST-0352,PROD-006,1,3125.97,3125.97,COMPLETED,2026-09-14 00:42:22
ORD-8368,SEL-001,CUST-0232,PROD-096,2,519.99,1039.98,COMPLETED,2026-09-14 00:50:47
ORD-8369,SEL-001,CUST-0217,PROD-098,1,4483.52,4483.52,COMPLETED,2026-09-14 00:59:14
ORD-8370,SEL-001,CUST-0381,PROD-065,1,3159.61,3159.61,COMPLETED,2026-09-14 01:07:40
ORD-8371,SEL-001,CUST-0159,PROD-060,1,944.46,944.46,COMPLETED,2026-09-14 01:16:33
ORD-8372,SEL-001,CUST-0326,PROD-035,1,4385.74,4385.74,COMPLETED,2026-09-14 01:25:09
ORD-8373,SEL-001,CUST-0128,PROD-013,1,362.78,362.78,COMPLETED,2026-09-14 01:33:36
ORD-8374,SEL-001,CUST-0250,P17,1,1100.0,1100.0,COMPLETED,2026-09-14 01:42:10
ORD-8375,SEL-001,CUST-0454,PROD-062,1,4455.47,4455.47,COMPLETED,2026-09-14 01:50:32
ORD-8376,SEL-001,CUST-0148,PROD-092,1,716.01,716.01,COMPLETED,2026-09-14 01:59:03
ORD-8377,SEL-001,CUST-0104,PROD-098,1,4483.52,4483.52,COMPLETED,2026-09-14 02:07:51
ORD-8378,SEL-001,CUST-0461,PROD-012,2,2397.76,4795.52,COMPLETED,2026-09-14 02:16:17
ORD-8379,SEL-001,CUST-0465,PROD-067,2,3548.0,7096.0,COMPLETED,2026-09-14 02:24:41
ORD-8380,SEL-001,CUST-0381,PROD-089,1,2415.49,2415.49,COMPLETED,2026-09-14 02:33:11
ORD-8381,SEL-001,CUST-0214,PROD-054,1,1384.66,1384.66,COMPLETED,2026-09-14 02:41:53
ORD-8382,SEL-001,CUST-0155,PROD-073,1,4257.37,4257.37,COMPLETED,2026-09-14 02:50:32
ORD-8383,SEL-001,CUST-0199,PROD-082,1,2635.81,2635.81,COMPLETED,2026-09-14 02:58:43
ORD-8384,SEL-001,CUST-0161,PROD-053,1,1140.4,1140.4,COMPLETED,2026-09-14 03:07:19
ORD-8385,SEL-001,CUST-0107,PROD-054,2,1384.66,2769.32,COMPLETED,2026-09-14 03:15:47
ORD-8386,SEL-001,CUST-0465,PROD-010,1,376.64,376.64,COMPLETED,2026-09-14 03:24:20
ORD-8387,SEL-001,CUST-0207,P17,1,1100.0,1100.0,COMPLETED,2026-09-14 03:33:03
ORD-8388,SEL-001,CUST-0220,PROD-058,1,977.34,977.34,COMPLETED,2026-09-14 03:41:38
ORD-8389,SEL-001,CUST-0430,PROD-050,1,2951.66,2951.66,COMPLETED,2026-09-14 03:50:05
ORD-8390,SEL-001,CUST-0247,PROD-065,1,3159.61,3159.61,COMPLETED,2026-09-14 03:58:36
ORD-8391,SEL-001,CUST-0102,PROD-055,2,4230.78,8461.56,COMPLETED,2026-09-14 04:07:15
ORD-8392,SEL-001,CUST-0254,PROD-034,1,2528.97,2528.97,COMPLETED,2026-09-14 04:15:29
ORD-8393,SEL-001,CUST-0426,PROD-024,1,1696.06,1696.06,COMPLETED,2026-09-14 04:24:24
ORD-8394,SEL-001,CUST-0041,PROD-018,1,1186.87,1186.87,COMPLETED,2026-09-14 04:32:51
ORD-8395,SEL-001,CUST-0248,PROD-076,2,3035.61,6071.22,COMPLETED,2026-09-14 04:41:04
ORD-8396,SEL-001,CUST-0250,PROD-014,1,1095.06,1095.06,COMPLETED,2026-09-14 04:49:35
ORD-8397,SEL-001,CUST-0258,PROD-032,1,3680.3,3680.3,COMPLETED,2026-09-14 04:58:31
ORD-8398,SEL-001,CUST-0429,PROD-086,1,1947.45,1947.45,COMPLETED,2026-09-14 05:06:37
ORD-8399,SEL-001,CUST-0216,PROD-023,1,3217.09,3217.09,COMPLETED,2026-09-14 05:15:09
ORD-8400,SEL-001,CUST-0214,PROD-083,1,1366.65,1366.65,COMPLETED,2026-09-14 05:23:52
ORD-8401,SEL-001,CUST-0201,PROD-038,1,3774.97,3774.97,COMPLETED,2026-09-14 05:32:24
ORD-8402,SEL-001,CUST-0410,PROD-039,2,2878.71,5757.42,COMPLETED,2026-09-14 05:40:54
ORD-8403,SEL-001,CUST-0019,PROD-096,1,519.99,519.99,COMPLETED,2026-09-14 05:49:39
ORD-8404,SEL-001,CUST-0386,PROD-099,1,2498.74,2498.74,COMPLETED,2026-09-14 05:57:55
ORD-8405,SEL-001,CUST-0443,PROD-049,1,1431.39,1431.39,COMPLETED,2026-09-14 06:06:30
ORD-8406,SEL-001,CUST-0350,PROD-044,1,1218.57,1218.57,COMPLETED,2026-09-14 06:14:57
ORD-8407,SEL-001,CUST-0264,PROD-020,1,3690.08,3690.08,COMPLETED,2026-09-14 06:23:42
ORD-8408,SEL-001,CUST-0002,PROD-055,2,4230.78,8461.56,COMPLETED,2026-09-14 06:32:14
ORD-8409,SEL-001,CUST-0299,PROD-086,2,1947.45,3894.9,COMPLETED,2026-09-14 06:40:52
ORD-8410,SEL-001,CUST-0035,PROD-026,2,4318.16,8636.32,COMPLETED,2026-09-14 06:49:22
ORD-8411,SEL-001,CUST-0033,PROD-013,1,362.78,362.78,COMPLETED,2026-09-14 06:58:00
ORD-8412,SEL-001,CUST-0041,PROD-078,1,4136.83,4136.83,COMPLETED,2026-09-14 07:06:29
ORD-8413,SEL-001,CUST-0201,PROD-051,1,1800.54,1800.54,COMPLETED,2026-09-14 07:14:57
ORD-8414,SEL-001,CUST-0316,PROD-023,1,3217.09,3217.09,COMPLETED,2026-09-14 07:23:39
ORD-8415,SEL-001,CUST-0213,PROD-042,1,3244.43,3244.43,COMPLETED,2026-09-14 07:31:46
ORD-8416,SEL-001,CUST-0099,PROD-088,1,4489.53,4489.53,COMPLETED,2026-09-14 07:40:13
ORD-8417,SEL-001,CUST-0342,PROD-036,2,1858.77,3717.54,COMPLETED,2026-09-14 07:48:50
ORD-8418,SEL-001,CUST-0252,PROD-045,1,1479.9,1479.9,COMPLETED,2026-09-14 07:57:25
ORD-8419,SEL-001,CUST-0056,PROD-020,1,3690.08,3690.08,COMPLETED,2026-09-14 08:06:13
ORD-8420,SEL-001,CUST-0433,PROD-089,1,2415.49,2415.49,COMPLETED,2026-09-14 08:14:26
ORD-8421,SEL-001,CUST-0299,PROD-007,1,4041.76,4041.76,COMPLETED,2026-09-14 08:22:57
ORD-8422,SEL-001,CUST-0128,PROD-052,1,1823.27,1823.27,COMPLETED,2026-09-14 08:31:49
ORD-8423,SEL-001,CUST-0405,PROD-090,2,636.37,1272.74,COMPLETED,2026-09-14 08:40:12
ORD-8424,SEL-001,CUST-0146,PROD-080,1,1375.74,1375.74,COMPLETED,2026-09-14 08:48:34
ORD-8425,SEL-001,CUST-0257,PROD-093,1,2916.65,2916.65,COMPLETED,2026-09-14 08:57:04
ORD-8426,SEL-001,CUST-0258,PROD-001,2,2967.56,5935.12,COMPLETED,2026-09-14 09:05:50
ORD-8427,SEL-001,CUST-0142,PROD-057,1,2838.81,2838.81,COMPLETED,2026-09-14 09:14:09
ORD-8428,SEL-001,CUST-0126,PROD-011,1,1179.21,1179.21,COMPLETED,2026-09-14 09:22:40
ORD-8429,SEL-001,CUST-0430,PROD-066,2,3832.12,7664.24,COMPLETED,2026-09-14 09:31:23
ORD-8430,SEL-001,CUST-0361,PROD-097,1,1871.88,1871.88,COMPLETED,2026-09-14 09:39:46
ORD-8431,SEL-001,CUST-0168,PROD-091,2,450.24,900.48,COMPLETED,2026-09-14 09:48:34
ORD-8432,SEL-001,CUST-0456,P17,1,1100.0,1100.0,COMPLETED,2026-09-14 09:56:46
ORD-8433,SEL-001,CUST-0298,PROD-025,1,910.79,910.79,COMPLETED,2026-09-14 10:05:26
ORD-8434,SEL-001,CUST-0380,PROD-059,1,3348.79,3348.79,COMPLETED,2026-09-14 10:13:58
ORD-8435,SEL-001,CUST-0443,PROD-093,2,2916.65,5833.3,COMPLETED,2026-09-14 10:22:35
ORD-8436,SEL-001,CUST-0433,PROD-081,1,1298.17,1298.17,COMPLETED,2026-09-14 10:31:11
ORD-8437,SEL-001,CUST-0452,PROD-091,2,450.24,900.48,COMPLETED,2026-09-14 10:39:56
ORD-8438,SEL-001,CUST-0189,PROD-093,1,2916.65,2916.65,COMPLETED,2026-09-14 10:48:20
ORD-8439,SEL-001,CUST-0073,PROD-073,1,4257.37,4257.37,COMPLETED,2026-09-14 10:56:37
ORD-8440,SEL-001,CUST-0392,PROD-097,1,1871.88,1871.88,COMPLETED,2026-09-14 11:05:28
ORD-8441,SEL-001,CUST-0008,PROD-075,1,1587.38,1587.38,COMPLETED,2026-09-14 11:14:00
ORD-8442,SEL-001,CUST-0236,P17,1,1100.0,1100.0,COMPLETED,2026-09-14 11:22:27
ORD-8443,SEL-001,CUST-0344,PROD-005,1,3380.0,3380.0,COMPLETED,2026-09-14 11:30:49
ORD-8444,SEL-001,CUST-0480,PROD-001,1,2967.56,2967.56,COMPLETED,2026-09-14 11:39:12
ORD-8445,SEL-001,CUST-0463,PROD-082,1,2635.81,2635.81,COMPLETED,2026-09-14 11:48:10
ORD-8446,SEL-001,CUST-0052,PROD-021,1,277.62,277.62,COMPLETED,2026-09-14 11:56:32
ORD-8447,SEL-001,CUST-0219,PROD-062,1,4455.47,4455.47,COMPLETED,2026-09-14 12:05:06
ORD-8448,SEL-001,CUST-0484,P17,1,1100.0,1100.0,COMPLETED,2026-09-14 12:13:24
ORD-8449,SEL-001,CUST-0129,PROD-049,1,1431.39,1431.39,COMPLETED,2026-09-14 12:22:15
ORD-8450,SEL-001,CUST-0328,PROD-081,1,1298.17,1298.17,COMPLETED,2026-09-14 12:30:37
ORD-8451,SEL-001,CUST-0439,PROD-037,1,2596.17,2596.17,COMPLETED,2026-09-14 12:39:16
ORD-8452,SEL-001,CUST-0209,PROD-005,1,3380.0,3380.0,COMPLETED,2026-09-14 12:47:45
ORD-8453,SEL-001,CUST-0104,PROD-010,1,376.64,376.64,COMPLETED,2026-09-14 12:56:13
ORD-8454,SEL-001,CUST-0303,PROD-044,1,1218.57,1218.57,COMPLETED,2026-09-14 13:04:31
ORD-8455,SEL-001,CUST-0335,PROD-096,2,519.99,1039.98,COMPLETED,2026-09-14 13:13:20
ORD-8456,SEL-001,CUST-0387,PROD-065,1,3159.61,3159.61,COMPLETED,2026-09-14 13:21:36
ORD-8457,SEL-001,CUST-0083,PROD-013,1,362.78,362.78,COMPLETED,2026-09-14 13:30:34
ORD-8458,SEL-001,CUST-0217,PROD-054,1,1384.66,1384.66,COMPLETED,2026-09-14 13:38:44
ORD-8459,SEL-001,CUST-0399,PROD-007,1,4041.76,4041.76,COMPLETED,2026-09-14 13:47:26
ORD-8460,SEL-001,CUST-0027,PROD-012,1,2397.76,2397.76,COMPLETED,2026-09-14 13:56:00
ORD-8461,SEL-001,CUST-0162,PROD-060,1,944.46,944.46,COMPLETED,2026-09-14 14:04:42
ORD-8462,SEL-001,CUST-0344,PROD-005,1,3380.0,3380.0,COMPLETED,2026-09-14 14:13:06
ORD-8463,SEL-001,CUST-0164,PROD-057,2,2838.81,5677.62,COMPLETED,2026-09-14 14:21:50
ORD-8464,SEL-001,CUST-0159,PROD-037,1,2596.17,2596.17,COMPLETED,2026-09-14 14:30:12
ORD-8465,SEL-001,CUST-0119,PROD-082,2,2635.81,5271.62,COMPLETED,2026-09-14 14:38:42
ORD-8466,SEL-001,CUST-0054,PROD-074,1,3974.56,3974.56,COMPLETED,2026-09-14 14:47:04
ORD-8467,SEL-001,CUST-0255,PROD-029,1,661.04,661.04,COMPLETED,2026-09-14 14:55:40
ORD-8468,SEL-001,CUST-0180,PROD-085,1,4065.75,4065.75,COMPLETED,2026-09-14 15:04:00
ORD-8469,SEL-001,CUST-0364,PROD-081,1,1298.17,1298.17,COMPLETED,2026-09-14 15:12:57
ORD-8470,SEL-001,CUST-0299,PROD-026,1,4318.16,4318.16,COMPLETED,2026-09-14 15:21:32
ORD-8471,SEL-001,CUST-0383,P17,1,1100.0,1100.0,COMPLETED,2026-09-14 15:30:03
ORD-8472,SEL-001,CUST-0033,PROD-041,1,2703.75,2703.75,COMPLETED,2026-09-14 15:38:17
ORD-8473,SEL-001,CUST-0421,PROD-094,1,3616.34,3616.34,COMPLETED,2026-09-14 15:47:03
ORD-8474,SEL-001,CUST-0127,PROD-091,1,450.24,450.24,COMPLETED,2026-09-14 15:55:16
ORD-8475,SEL-001,CUST-0200,PROD-005,2,3380.0,6760.0,COMPLETED,2026-09-14 16:03:58
ORD-8476,SEL-001,CUST-0431,PROD-074,2,3974.56,7949.12,COMPLETED,2026-09-14 16:12:21
ORD-8477,SEL-001,CUST-0037,PROD-100,2,4377.08,8754.16,COMPLETED,2026-09-14 16:21:14
ORD-8478,SEL-001,CUST-0109,PROD-061,1,1862.69,1862.69,COMPLETED,2026-09-14 16:29:40
ORD-8479,SEL-001,CUST-0149,PROD-084,1,2734.49,2734.49,COMPLETED,2026-09-14 16:38:01
ORD-8480,SEL-001,CUST-0101,PROD-021,1,277.62,277.62,COMPLETED,2026-09-14 16:46:40
ORD-8481,SEL-001,CUST-0325,PROD-088,1,4489.53,4489.53,COMPLETED,2026-09-14 16:55:02
ORD-8482,SEL-001,CUST-0198,PROD-032,1,3680.3,3680.3,COMPLETED,2026-09-14 17:03:34
ORD-8483,SEL-001,CUST-0063,PROD-040,1,3912.25,3912.25,COMPLETED,2026-09-14 17:12:16
ORD-8484,SEL-001,CUST-0114,PROD-014,1,1095.06,1095.06,COMPLETED,2026-09-14 17:20:36
ORD-8485,SEL-001,CUST-0029,PROD-058,1,977.34,977.34,COMPLETED,2026-09-14 17:29:18
ORD-8486,SEL-001,CUST-0304,PROD-091,1,450.24,450.24,COMPLETED,2026-09-14 17:37:39
ORD-8487,SEL-001,CUST-0283,PROD-098,1,4483.52,4483.52,COMPLETED,2026-09-14 17:46:26
ORD-8488,SEL-001,CUST-0080,PROD-057,1,2838.81,2838.81,COMPLETED,2026-09-14 17:55:10
ORD-8489,SEL-001,CUST-0184,PROD-097,2,1871.88,3743.76,COMPLETED,2026-09-14 18:03:14
ORD-8490,SEL-001,CUST-0007,PROD-002,1,356.3,356.3,COMPLETED,2026-09-14 18:12:11
ORD-8491,SEL-001,CUST-0057,PROD-083,1,1366.65,1366.65,COMPLETED,2026-09-14 18:20:32
ORD-8492,SEL-001,CUST-0340,PROD-049,1,1431.39,1431.39,COMPLETED,2026-09-14 18:29:04
ORD-8493,SEL-001,CUST-0033,PROD-052,1,1823.27,1823.27,COMPLETED,2026-09-14 18:37:35
ORD-8494,SEL-001,CUST-0486,PROD-047,1,1239.36,1239.36,COMPLETED,2026-09-14 18:46:08
ORD-8495,SEL-001,CUST-0118,PROD-098,1,4483.52,4483.52,COMPLETED,2026-09-14 18:54:35
ORD-8496,SEL-001,CUST-0498,PROD-087,1,1182.11,1182.11,COMPLETED,2026-09-14 19:03:06
ORD-8497,SEL-001,CUST-0075,PROD-042,1,3244.43,3244.43,COMPLETED,2026-09-14 19:11:46
ORD-8498,SEL-001,CUST-0486,PROD-007,1,4041.76,4041.76,COMPLETED,2026-09-14 19:20:27
ORD-8499,SEL-001,CUST-0486,PROD-014,1,1095.06,1095.06,COMPLETED,2026-09-14 19:28:44
ORD-8500,SEL-001,CUST-0244,PROD-030,1,3851.85,3851.85,COMPLETED,2026-09-14 19:37:18
ORD-8501,SEL-001,CUST-0236,PROD-095,1,2044.18,2044.18,COMPLETED,2026-09-14 19:45:47
ORD-8502,SEL-001,CUST-0189,PROD-053,1,1140.4,1140.4,COMPLETED,2026-09-14 19:54:29
ORD-8503,SEL-001,CUST-0005,PROD-070,1,1590.68,1590.68,COMPLETED,2026-09-14 20:02:59
ORD-8504,SEL-001,CUST-0441,PROD-034,1,2528.97,2528.97,COMPLETED,2026-09-14 20:11:16
ORD-8505,SEL-001,CUST-0389,PROD-066,2,3832.12,7664.24,COMPLETED,2026-09-14 20:19:51
ORD-8506,SEL-001,CUST-0321,PROD-096,2,519.99,1039.98,COMPLETED,2026-09-14 20:28:47
ORD-8507,SEL-001,CUST-0124,PROD-100,1,4377.08,4377.08,COMPLETED,2026-09-14 20:37:12
ORD-8508,SEL-001,CUST-0320,PROD-047,1,1239.36,1239.36,COMPLETED,2026-09-14 20:45:31
ORD-8509,SEL-001,CUST-0028,PROD-041,2,2703.75,5407.5,COMPLETED,2026-09-14 20:54:08
ORD-8510,SEL-001,CUST-0241,PROD-082,1,2635.81,2635.81,COMPLETED,2026-09-14 21:02:49
ORD-8511,SEL-001,CUST-0004,PROD-026,1,4318.16,4318.16,COMPLETED,2026-09-14 21:11:15
ORD-8512,SEL-001,CUST-0379,PROD-019,1,2754.38,2754.38,COMPLETED,2026-09-14 21:19:51
ORD-8513,SEL-001,CUST-0269,PROD-050,1,2951.66,2951.66,COMPLETED,2026-09-14 21:28:23
ORD-8514,SEL-001,CUST-0262,PROD-049,1,1431.39,1431.39,COMPLETED,2026-09-14 21:36:56
ORD-8515,SEL-001,CUST-0129,PROD-093,1,2916.65,2916.65,COMPLETED,2026-09-14 21:45:29
ORD-8516,SEL-001,CUST-0324,PROD-027,1,1680.53,1680.53,COMPLETED,2026-09-14 21:53:44
ORD-8517,SEL-001,CUST-0241,PROD-057,1,2838.81,2838.81,COMPLETED,2026-09-14 22:02:18
ORD-8518,SEL-001,CUST-0270,PROD-025,2,910.79,1821.58,COMPLETED,2026-09-14 22:10:55
ORD-8519,SEL-001,CUST-0092,PROD-036,1,1858.77,1858.77,COMPLETED,2026-09-14 22:19:18
ORD-8520,SEL-001,CUST-0090,PROD-090,1,636.37,636.37,COMPLETED,2026-09-14 22:28:16
ORD-8521,SEL-001,CUST-0001,PROD-098,2,4483.52,8967.04,COMPLETED,2026-09-14 22:36:40
ORD-8522,SEL-001,CUST-0124,PROD-033,2,3351.36,6702.72,COMPLETED,2026-09-14 22:45:01
ORD-8523,SEL-001,CUST-0185,PROD-048,1,679.26,679.26,COMPLETED,2026-09-14 22:53:38
ORD-8524,SEL-001,CUST-0085,PROD-068,2,1223.45,2446.9,COMPLETED,2026-09-14 23:02:14
ORD-8525,SEL-001,CUST-0134,PROD-007,2,4041.76,8083.52,COMPLETED,2026-09-14 23:10:29
ORD-8526,SEL-001,CUST-0015,PROD-021,1,277.62,277.62,COMPLETED,2026-09-14 23:19:06
ORD-8527,SEL-001,CUST-0168,PROD-079,1,2200.12,2200.12,COMPLETED,2026-09-14 23:27:37
ORD-8528,SEL-001,CUST-0417,PROD-049,1,1431.39,1431.39,COMPLETED,2026-09-14 23:36:21
ORD-8529,SEL-001,CUST-0407,PROD-092,1,716.01,716.01,COMPLETED,2026-09-14 23:45:01
ORD-8530,SEL-001,CUST-0076,PROD-047,1,1239.36,1239.36,COMPLETED,2026-09-14 23:53:13
ORD-8531,SEL-001,CUST-0277,PROD-069,1,386.43,386.43,COMPLETED,2026-09-15 00:02:06
ORD-8532,SEL-001,CUST-0108,PROD-050,1,2951.66,2951.66,COMPLETED,2026-09-15 00:10:31
ORD-8533,SEL-001,CUST-0448,PROD-023,1,3217.09,3217.09,COMPLETED,2026-09-15 00:19:09
ORD-8534,SEL-001,CUST-0186,PROD-023,1,3217.09,3217.09,COMPLETED,2026-09-15 00:27:42
ORD-8535,SEL-001,CUST-0149,PROD-086,1,1947.45,1947.45,COMPLETED,2026-09-15 00:36:07
ORD-8536,SEL-001,CUST-0104,PROD-071,1,1387.9,1387.9,COMPLETED,2026-09-15 00:44:31
ORD-8537,SEL-001,CUST-0081,PROD-020,1,3690.08,3690.08,COMPLETED,2026-09-15 00:53:06
ORD-8538,SEL-001,CUST-0208,PROD-007,1,4041.76,4041.76,COMPLETED,2026-09-15 01:01:51
ORD-8539,SEL-001,CUST-0454,PROD-037,1,2596.17,2596.17,COMPLETED,2026-09-15 01:10:20
ORD-8540,SEL-001,CUST-0414,PROD-033,2,3351.36,6702.72,COMPLETED,2026-09-15 01:18:40
ORD-8541,SEL-001,CUST-0349,P17,2,1100.0,2200.0,COMPLETED,2026-09-15 01:27:26
ORD-8542,SEL-001,CUST-0354,PROD-053,1,1140.4,1140.4,COMPLETED,2026-09-15 01:36:01
ORD-8543,SEL-001,CUST-0385,PROD-068,1,1223.45,1223.45,COMPLETED,2026-09-15 01:44:08
ORD-8544,SEL-001,CUST-0038,PROD-001,1,2967.56,2967.56,COMPLETED,2026-09-15 01:52:44
ORD-8545,SEL-001,CUST-0468,PROD-049,1,1431.39,1431.39,COMPLETED,2026-09-15 02:01:27
ORD-8546,SEL-001,CUST-0039,PROD-014,1,1095.06,1095.06,COMPLETED,2026-09-15 02:09:51
ORD-8547,SEL-001,CUST-0219,PROD-049,1,1431.39,1431.39,COMPLETED,2026-09-15 02:18:28
ORD-8548,SEL-001,CUST-0023,PROD-008,1,619.49,619.49,COMPLETED,2026-09-15 02:27:07
ORD-8549,SEL-001,CUST-0152,PROD-003,1,1418.87,1418.87,COMPLETED,2026-09-15 02:35:16
ORD-8550,SEL-001,CUST-0338,PROD-066,1,3832.12,3832.12,COMPLETED,2026-09-15 02:44:07
ORD-8551,SEL-001,CUST-0422,PROD-018,2,1186.87,2373.74,COMPLETED,2026-09-15 02:52:49
ORD-8552,SEL-001,CUST-0013,PROD-081,1,1298.17,1298.17,COMPLETED,2026-09-15 03:01:22
ORD-8553,SEL-001,CUST-0241,PROD-029,1,661.04,661.04,COMPLETED,2026-09-15 03:09:34
ORD-8554,SEL-001,CUST-0221,PROD-023,2,3217.09,6434.18,COMPLETED,2026-09-15 03:17:58
ORD-8555,SEL-001,CUST-0109,PROD-074,1,3974.56,3974.56,COMPLETED,2026-09-15 03:26:56
ORD-8556,SEL-001,CUST-0434,PROD-059,1,3348.79,3348.79,COMPLETED,2026-09-15 03:35:08
ORD-8557,SEL-001,CUST-0008,PROD-097,1,1871.88,1871.88,COMPLETED,2026-09-15 03:44:01
ORD-8558,SEL-001,CUST-0087,PROD-085,1,4065.75,4065.75,COMPLETED,2026-09-15 03:52:04
ORD-8559,SEL-001,CUST-0384,P17,1,1100.0,1100.0,COMPLETED,2026-09-15 04:01:05
ORD-8560,SEL-001,CUST-0277,PROD-029,1,661.04,661.04,COMPLETED,2026-09-15 04:09:16
ORD-8561,SEL-001,CUST-0392,PROD-059,1,3348.79,3348.79,COMPLETED,2026-09-15 04:17:55
ORD-8562,SEL-001,CUST-0377,PROD-022,1,3674.73,3674.73,COMPLETED,2026-09-15 04:26:20
ORD-8563,SEL-001,CUST-0356,PROD-097,1,1871.88,1871.88,COMPLETED,2026-09-15 04:35:01
ORD-8564,SEL-001,CUST-0421,PROD-065,2,3159.61,6319.22,COMPLETED,2026-09-15 04:43:16
ORD-8565,SEL-001,CUST-0183,PROD-024,1,1696.06,1696.06,COMPLETED,2026-09-15 04:51:50
ORD-8566,SEL-001,CUST-0182,PROD-057,2,2838.81,5677.62,COMPLETED,2026-09-15 05:00:41
ORD-8567,SEL-001,CUST-0498,PROD-054,1,1384.66,1384.66,COMPLETED,2026-09-15 05:08:56
ORD-8568,SEL-001,CUST-0024,PROD-098,1,4483.52,4483.52,COMPLETED,2026-09-15 05:17:55
ORD-8569,SEL-001,CUST-0070,PROD-077,1,1931.44,1931.44,COMPLETED,2026-09-15 05:26:19
ORD-8570,SEL-001,CUST-0123,PROD-089,1,2415.49,2415.49,COMPLETED,2026-09-15 05:34:38
ORD-8571,SEL-001,CUST-0387,PROD-033,1,3351.36,3351.36,COMPLETED,2026-09-15 05:43:24
ORD-8572,SEL-001,CUST-0499,PROD-030,1,3851.85,3851.85,COMPLETED,2026-09-15 05:51:58
ORD-8573,SEL-001,CUST-0389,PROD-087,1,1182.11,1182.11,COMPLETED,2026-09-15 06:00:06
ORD-8574,SEL-001,CUST-0182,PROD-077,1,1931.44,1931.44,COMPLETED,2026-09-15 06:08:49
ORD-8575,SEL-001,CUST-0375,PROD-046,1,589.12,589.12,COMPLETED,2026-09-15 06:17:35
ORD-8576,SEL-001,CUST-0211,PROD-013,1,362.78,362.78,COMPLETED,2026-09-15 06:25:57
ORD-8577,SEL-001,CUST-0425,PROD-084,1,2734.49,2734.49,COMPLETED,2026-09-15 06:34:20
ORD-8578,SEL-001,CUST-0171,PROD-097,1,1871.88,1871.88,COMPLETED,2026-09-15 06:42:45
ORD-8579,SEL-001,CUST-0438,PROD-014,1,1095.06,1095.06,COMPLETED,2026-09-15 06:51:33
ORD-8580,SEL-001,CUST-0061,PROD-028,1,644.17,644.17,COMPLETED,2026-09-15 06:59:59
ORD-8581,SEL-001,CUST-0315,PROD-033,1,3351.36,3351.36,COMPLETED,2026-09-15 07:08:22
ORD-8582,SEL-001,CUST-0119,PROD-089,1,2415.49,2415.49,COMPLETED,2026-09-15 07:17:15
ORD-8583,SEL-001,CUST-0129,PROD-002,1,356.3,356.3,COMPLETED,2026-09-15 07:25:55
ORD-8584,SEL-001,CUST-0202,PROD-065,1,3159.61,3159.61,COMPLETED,2026-09-15 07:34:08
ORD-8585,SEL-001,CUST-0203,PROD-063,1,2970.0,2970.0,COMPLETED,2026-09-15 07:42:45
ORD-8586,SEL-001,CUST-0143,PROD-052,1,1823.27,1823.27,COMPLETED,2026-09-15 07:51:25
ORD-8587,SEL-001,CUST-0374,PROD-038,2,3774.97,7549.94,COMPLETED,2026-09-15 07:59:45
ORD-8588,SEL-001,CUST-0054,PROD-072,1,1146.68,1146.68,COMPLETED,2026-09-15 08:08:14
ORD-8589,SEL-001,CUST-0257,PROD-046,1,589.12,589.12,COMPLETED,2026-09-15 08:16:44
ORD-8590,SEL-001,CUST-0348,PROD-081,1,1298.17,1298.17,COMPLETED,2026-09-15 08:25:27
ORD-8591,SEL-001,CUST-0127,PROD-015,1,3012.01,3012.01,COMPLETED,2026-09-15 08:34:00
ORD-8592,SEL-001,CUST-0397,PROD-062,2,4455.47,8910.94,COMPLETED,2026-09-15 08:42:33
ORD-8593,SEL-001,CUST-0471,PROD-072,1,1146.68,1146.68,COMPLETED,2026-09-15 08:51:08
ORD-8594,SEL-001,CUST-0112,PROD-013,1,362.78,362.78,COMPLETED,2026-09-15 08:59:19
ORD-8595,SEL-001,CUST-0036,PROD-020,1,3690.08,3690.08,COMPLETED,2026-09-15 09:08:06
ORD-8596,SEL-001,CUST-0128,PROD-063,1,2970.0,2970.0,COMPLETED,2026-09-15 09:16:24
ORD-8597,SEL-001,CUST-0425,PROD-066,1,3832.12,3832.12,COMPLETED,2026-09-15 09:25:13
ORD-8598,SEL-001,CUST-0108,PROD-098,2,4483.52,8967.04,COMPLETED,2026-09-15 09:33:26
ORD-8599,SEL-001,CUST-0070,PROD-051,1,1800.54,1800.54,COMPLETED,2026-09-15 09:42:09
ORD-8600,SEL-001,CUST-0097,PROD-072,1,1146.68,1146.68,COMPLETED,2026-09-15 09:50:41
ORD-8601,SEL-001,CUST-0361,PROD-012,1,2397.76,2397.76,COMPLETED,2026-09-15 09:59:11
ORD-8602,SEL-001,CUST-0251,PROD-039,1,2878.71,2878.71,COMPLETED,2026-09-15 10:07:53
ORD-8603,SEL-001,CUST-0251,PROD-084,1,2734.49,2734.49,COMPLETED,2026-09-15 10:16:29
ORD-8604,SEL-001,CUST-0390,PROD-079,1,2200.12,2200.12,COMPLETED,2026-09-15 10:24:46
ORD-8605,SEL-001,CUST-0274,PROD-040,1,3912.25,3912.25,COMPLETED,2026-09-15 10:33:24
ORD-8606,SEL-001,CUST-0173,PROD-058,1,977.34,977.34,COMPLETED,2026-09-15 10:42:09
ORD-8607,SEL-001,CUST-0476,P17,1,1100.0,1100.0,COMPLETED,2026-09-15 10:50:38
ORD-8608,SEL-001,CUST-0176,PROD-052,1,1823.27,1823.27,COMPLETED,2026-09-15 10:58:46
ORD-8609,SEL-001,CUST-0050,PROD-067,2,3548.0,7096.0,COMPLETED,2026-09-15 11:07:37
ORD-8610,SEL-001,CUST-0255,PROD-041,1,2703.75,2703.75,COMPLETED,2026-09-15 11:16:12
ORD-8611,SEL-001,CUST-0110,P17,2,1100.0,2200.0,COMPLETED,2026-09-15 11:24:51
ORD-8612,SEL-001,CUST-0054,PROD-065,1,3159.61,3159.61,COMPLETED,2026-09-15 11:33:20
ORD-8613,SEL-001,CUST-0233,PROD-087,1,1182.11,1182.11,COMPLETED,2026-09-15 11:41:48
ORD-8614,SEL-001,CUST-0302,PROD-041,1,2703.75,2703.75,COMPLETED,2026-09-15 11:50:17
ORD-8615,SEL-001,CUST-0127,PROD-009,1,2043.17,2043.17,COMPLETED,2026-09-15 11:58:44
ORD-8616,SEL-001,CUST-0170,PROD-072,2,1146.68,2293.36,COMPLETED,2026-09-15 12:07:30
ORD-8617,SEL-001,CUST-0468,PROD-019,1,2754.38,2754.38,COMPLETED,2026-09-15 12:16:04
ORD-8618,SEL-001,CUST-0082,PROD-009,1,2043.17,2043.17,COMPLETED,2026-09-15 12:24:29
ORD-8619,SEL-001,CUST-0301,PROD-022,1,3674.73,3674.73,COMPLETED,2026-09-15 12:33:03
ORD-8620,SEL-001,CUST-0329,PROD-066,1,3832.12,3832.12,COMPLETED,2026-09-15 12:41:30
ORD-8621,SEL-001,CUST-0296,PROD-075,1,1587.38,1587.38,COMPLETED,2026-09-15 12:49:51
ORD-8622,SEL-001,CUST-0327,PROD-013,1,362.78,362.78,COMPLETED,2026-09-15 12:58:15
ORD-8623,SEL-001,CUST-0399,PROD-048,1,679.26,679.26,COMPLETED,2026-09-15 13:07:04
ORD-8624,SEL-001,CUST-0362,PROD-028,1,644.17,644.17,COMPLETED,2026-09-15 13:15:20
ORD-8625,SEL-001,CUST-0272,PROD-073,1,4257.37,4257.37,COMPLETED,2026-09-15 13:23:54
ORD-8626,SEL-001,CUST-0421,PROD-097,1,1871.88,1871.88,COMPLETED,2026-09-15 13:32:38
ORD-8627,SEL-001,CUST-0364,PROD-013,1,362.78,362.78,COMPLETED,2026-09-15 13:41:12
ORD-8628,SEL-001,CUST-0031,PROD-035,1,4385.74,4385.74,COMPLETED,2026-09-15 13:49:27
ORD-8629,SEL-001,CUST-0024,PROD-100,2,4377.08,8754.16,COMPLETED,2026-09-15 13:58:12
ORD-8630,SEL-001,CUST-0217,PROD-100,1,4377.08,4377.08,COMPLETED,2026-09-15 14:06:55
ORD-8631,SEL-001,CUST-0249,PROD-053,1,1140.4,1140.4,COMPLETED,2026-09-15 14:15:23
ORD-8632,SEL-001,CUST-0288,PROD-043,1,444.75,444.75,COMPLETED,2026-09-15 14:23:59
ORD-8633,SEL-001,CUST-0474,PROD-035,1,4385.74,4385.74,COMPLETED,2026-09-15 14:32:22
ORD-8634,SEL-001,CUST-0295,PROD-077,1,1931.44,1931.44,COMPLETED,2026-09-15 14:40:55
ORD-8635,SEL-001,CUST-0409,PROD-077,1,1931.44,1931.44,COMPLETED,2026-09-15 14:49:15
ORD-8636,SEL-001,CUST-0209,PROD-042,2,3244.43,6488.86,COMPLETED,2026-09-15 14:57:57
ORD-8637,SEL-001,CUST-0188,PROD-060,1,944.46,944.46,COMPLETED,2026-09-15 15:06:46
ORD-8638,SEL-001,CUST-0342,PROD-032,2,3680.3,7360.6,COMPLETED,2026-09-15 15:15:18
ORD-8639,SEL-001,CUST-0467,PROD-090,1,636.37,636.37,COMPLETED,2026-09-15 15:23:22
ORD-8640,SEL-001,CUST-0357,PROD-083,1,1366.65,1366.65,COMPLETED,2026-09-15 15:32:15
ORD-8641,SEL-001,CUST-0355,PROD-059,1,3348.79,3348.79,COMPLETED,2026-09-15 15:40:37
ORD-8642,SEL-001,CUST-0206,P17,1,1100.0,1100.0,COMPLETED,2026-09-15 15:49:18
ORD-8643,SEL-001,CUST-0115,PROD-033,1,3351.36,3351.36,COMPLETED,2026-09-15 15:57:57
ORD-8644,SEL-001,CUST-0194,PROD-008,1,619.49,619.49,COMPLETED,2026-09-15 16:06:11
ORD-8645,SEL-001,CUST-0051,PROD-051,1,1800.54,1800.54,COMPLETED,2026-09-15 16:15:00
ORD-8646,SEL-001,CUST-0246,PROD-001,1,2967.56,2967.56,COMPLETED,2026-09-15 16:23:08
ORD-8647,SEL-001,CUST-0230,PROD-091,1,450.24,450.24,COMPLETED,2026-09-15 16:32:04
ORD-8648,SEL-001,CUST-0221,PROD-042,1,3244.43,3244.43,COMPLETED,2026-09-15 16:40:22
ORD-8649,SEL-001,CUST-0152,PROD-090,1,636.37,636.37,COMPLETED,2026-09-15 16:49:04
ORD-8650,SEL-001,CUST-0470,P17,1,1100.0,1100.0,COMPLETED,2026-09-15 16:57:31
ORD-8651,SEL-001,CUST-0052,PROD-093,1,2916.65,2916.65,COMPLETED,2026-09-15 17:06:04
ORD-8652,SEL-001,CUST-0443,PROD-057,1,2838.81,2838.81,COMPLETED,2026-09-15 17:14:46
ORD-8653,SEL-001,CUST-0127,PROD-051,1,1800.54,1800.54,COMPLETED,2026-09-15 17:22:58
ORD-8654,SEL-001,CUST-0035,PROD-040,2,3912.25,7824.5,COMPLETED,2026-09-15 17:31:39
ORD-8655,SEL-001,CUST-0065,PROD-007,1,4041.76,4041.76,COMPLETED,2026-09-15 17:40:08
ORD-8656,SEL-001,CUST-0457,PROD-084,1,2734.49,2734.49,COMPLETED,2026-09-15 17:48:39
ORD-8657,SEL-001,CUST-0011,PROD-014,1,1095.06,1095.06,COMPLETED,2026-09-15 17:57:16
ORD-8658,SEL-001,CUST-0017,PROD-024,1,1696.06,1696.06,COMPLETED,2026-09-15 18:05:40
ORD-8659,SEL-001,CUST-0016,PROD-061,1,1862.69,1862.69,COMPLETED,2026-09-15 18:14:09
ORD-8660,SEL-001,CUST-0406,PROD-008,1,619.49,619.49,COMPLETED,2026-09-15 18:22:37
ORD-8661,SEL-001,CUST-0225,PROD-042,1,3244.43,3244.43,COMPLETED,2026-09-15 18:31:17
ORD-8662,SEL-001,CUST-0143,PROD-084,1,2734.49,2734.49,COMPLETED,2026-09-15 18:39:42
ORD-8663,SEL-001,CUST-0143,PROD-029,1,661.04,661.04,COMPLETED,2026-09-15 18:48:27
ORD-8664,SEL-001,CUST-0382,PROD-010,1,376.64,376.64,COMPLETED,2026-09-15 18:56:57
ORD-8665,SEL-001,CUST-0284,PROD-031,2,2815.84,5631.68,COMPLETED,2026-09-15 19:05:24
ORD-8666,SEL-001,CUST-0171,PROD-024,1,1696.06,1696.06,COMPLETED,2026-09-15 19:14:15
ORD-8667,SEL-001,CUST-0228,PROD-097,2,1871.88,3743.76,COMPLETED,2026-09-15 19:22:42
ORD-8668,SEL-001,CUST-0152,PROD-048,1,679.26,679.26,COMPLETED,2026-09-15 19:31:01
ORD-8669,SEL-001,CUST-0016,PROD-095,1,2044.18,2044.18,COMPLETED,2026-09-15 19:39:24
ORD-8670,SEL-001,CUST-0005,PROD-021,1,277.62,277.62,COMPLETED,2026-09-15 19:48:08
ORD-8671,SEL-001,CUST-0205,PROD-035,1,4385.74,4385.74,COMPLETED,2026-09-15 19:56:42
ORD-8672,SEL-001,CUST-0176,PROD-076,1,3035.61,3035.61,COMPLETED,2026-09-15 20:05:03
ORD-8673,SEL-001,CUST-0280,PROD-084,1,2734.49,2734.49,COMPLETED,2026-09-15 20:13:52
ORD-8674,SEL-001,CUST-0204,PROD-052,1,1823.27,1823.27,COMPLETED,2026-09-15 20:22:19
ORD-8675,SEL-001,CUST-0197,PROD-043,1,444.75,444.75,COMPLETED,2026-09-15 20:30:35
ORD-8676,SEL-001,CUST-0248,PROD-076,2,3035.61,6071.22,COMPLETED,2026-09-15 20:39:08
ORD-8677,SEL-001,CUST-0186,PROD-075,1,1587.38,1587.38,COMPLETED,2026-09-15 20:48:08
ORD-8678,SEL-001,CUST-0302,PROD-009,1,2043.17,2043.17,COMPLETED,2026-09-15 20:56:18
ORD-8679,SEL-001,CUST-0102,PROD-033,1,3351.36,3351.36,COMPLETED,2026-09-15 21:05:07
ORD-8680,SEL-001,CUST-0011,PROD-080,2,1375.74,2751.48,COMPLETED,2026-09-15 21:13:34
ORD-8681,SEL-001,CUST-0058,PROD-035,1,4385.74,4385.74,COMPLETED,2026-09-15 21:21:51
ORD-8682,SEL-001,CUST-0350,PROD-041,1,2703.75,2703.75,COMPLETED,2026-09-15 21:30:26
ORD-8683,SEL-001,CUST-0221,PROD-032,1,3680.3,3680.3,COMPLETED,2026-09-15 21:39:19
ORD-8684,SEL-001,CUST-0346,PROD-100,1,4377.08,4377.08,COMPLETED,2026-09-15 21:47:49
ORD-8685,SEL-001,CUST-0049,PROD-001,1,2967.56,2967.56,COMPLETED,2026-09-15 21:56:10
ORD-8686,SEL-001,CUST-0086,PROD-057,1,2838.81,2838.81,COMPLETED,2026-09-15 22:04:29
ORD-8687,SEL-001,CUST-0023,PROD-072,1,1146.68,1146.68,COMPLETED,2026-09-15 22:13:06
ORD-8688,SEL-001,CUST-0127,PROD-039,1,2878.71,2878.71,COMPLETED,2026-09-15 22:21:38
ORD-8689,SEL-001,CUST-0332,PROD-094,2,3616.34,7232.68,COMPLETED,2026-09-15 22:30:29
ORD-8690,SEL-001,CUST-0206,PROD-063,1,2970.0,2970.0,COMPLETED,2026-09-15 22:39:02
ORD-8691,SEL-001,CUST-0373,P17,2,1100.0,2200.0,COMPLETED,2026-09-15 22:47:06
ORD-8692,SEL-001,CUST-0413,PROD-002,1,356.3,356.3,COMPLETED,2026-09-15 22:55:55
ORD-8693,SEL-001,CUST-0022,PROD-035,1,4385.74,4385.74,COMPLETED,2026-09-15 23:04:26
ORD-8694,SEL-001,CUST-0430,P17,2,1100.0,2200.0,COMPLETED,2026-09-15 23:13:05
ORD-8695,SEL-001,CUST-0058,PROD-007,1,4041.76,4041.76,COMPLETED,2026-09-15 23:21:38
ORD-8696,SEL-001,CUST-0114,PROD-083,1,1366.65,1366.65,COMPLETED,2026-09-15 23:30:09
ORD-8697,SEL-001,CUST-0415,PROD-076,1,3035.61,3035.61,COMPLETED,2026-09-15 23:38:32
ORD-8698,SEL-001,CUST-0399,PROD-009,1,2043.17,2043.17,COMPLETED,2026-09-15 23:46:54
ORD-8699,SEL-001,CUST-0156,PROD-018,2,1186.87,2373.74,COMPLETED,2026-09-15 23:55:41
ORD-8700,SEL-001,CUST-0490,PROD-056,2,3004.15,6008.3,COMPLETED,2026-09-16 00:04:24
ORD-8701,SEL-001,CUST-0133,PROD-015,1,3012.01,3012.01,COMPLETED,2026-09-16 00:12:51
ORD-8702,SEL-001,CUST-0178,PROD-025,1,910.79,910.79,COMPLETED,2026-09-16 00:21:22
ORD-8703,SEL-001,CUST-0419,PROD-080,1,1375.74,1375.74,COMPLETED,2026-09-16 00:29:45
ORD-8704,SEL-001,CUST-0135,PROD-089,1,2415.49,2415.49,COMPLETED,2026-09-16 00:38:29
ORD-8705,SEL-001,CUST-0089,PROD-075,1,1587.38,1587.38,COMPLETED,2026-09-16 00:47:02
ORD-8706,SEL-001,CUST-0371,PROD-096,1,519.99,519.99,COMPLETED,2026-09-16 00:55:09
ORD-8707,SEL-001,CUST-0182,PROD-016,1,2566.0,2566.0,COMPLETED,2026-09-16 01:04:00
ORD-8708,SEL-001,CUST-0436,PROD-066,1,3832.12,3832.12,COMPLETED,2026-09-16 01:12:26
ORD-8709,SEL-001,CUST-0295,PROD-008,1,619.49,619.49,COMPLETED,2026-09-16 01:20:52
ORD-8710,SEL-001,CUST-0346,PROD-038,1,3774.97,3774.97,COMPLETED,2026-09-16 01:29:33
ORD-8711,SEL-001,CUST-0021,PROD-019,2,2754.38,5508.76,COMPLETED,2026-09-16 01:37:58
ORD-8712,SEL-001,CUST-0450,P17,1,1100.0,1100.0,COMPLETED,2026-09-16 01:46:37
ORD-8713,SEL-001,CUST-0242,PROD-035,2,4385.74,8771.48,COMPLETED,2026-09-16 01:54:51
ORD-8714,SEL-001,CUST-0470,PROD-033,1,3351.36,3351.36,COMPLETED,2026-09-16 02:03:40
ORD-8715,SEL-001,CUST-0458,PROD-073,1,4257.37,4257.37,COMPLETED,2026-09-16 02:11:59
ORD-8716,SEL-001,CUST-0186,PROD-042,1,3244.43,3244.43,COMPLETED,2026-09-16 02:20:52
ORD-8717,SEL-001,CUST-0007,PROD-065,1,3159.61,3159.61,COMPLETED,2026-09-16 02:29:23
ORD-8718,SEL-001,CUST-0494,P17,1,1100.0,1100.0,COMPLETED,2026-09-16 02:38:00
ORD-8719,SEL-001,CUST-0474,PROD-019,1,2754.38,2754.38,COMPLETED,2026-09-16 02:46:30
ORD-8720,SEL-001,CUST-0181,PROD-066,1,3832.12,3832.12,COMPLETED,2026-09-16 02:54:52
ORD-8721,SEL-001,CUST-0314,PROD-049,1,1431.39,1431.39,COMPLETED,2026-09-16 03:03:21
ORD-8722,SEL-001,CUST-0469,PROD-019,2,2754.38,5508.76,COMPLETED,2026-09-16 03:12:01
ORD-8723,SEL-001,CUST-0072,PROD-069,1,386.43,386.43,COMPLETED,2026-09-16 03:20:17
ORD-8724,SEL-001,CUST-0175,PROD-033,1,3351.36,3351.36,COMPLETED,2026-09-16 03:28:59
ORD-8725,SEL-001,CUST-0311,PROD-045,2,1479.9,2959.8,COMPLETED,2026-09-16 03:37:39
ORD-8726,SEL-001,CUST-0428,PROD-096,1,519.99,519.99,COMPLETED,2026-09-16 03:46:03
ORD-8727,SEL-001,CUST-0493,PROD-018,2,1186.87,2373.74,COMPLETED,2026-09-16 03:54:48
ORD-8728,SEL-001,CUST-0348,PROD-054,1,1384.66,1384.66,COMPLETED,2026-09-16 04:02:54
ORD-8729,SEL-001,CUST-0469,P17,1,1100.0,1100.0,COMPLETED,2026-09-16 04:11:51
ORD-8730,SEL-001,CUST-0147,PROD-029,1,661.04,661.04,COMPLETED,2026-09-16 04:20:14
ORD-8731,SEL-001,CUST-0049,PROD-083,1,1366.65,1366.65,COMPLETED,2026-09-16 04:28:36
ORD-8732,SEL-001,CUST-0016,PROD-024,2,1696.06,3392.12,COMPLETED,2026-09-16 04:37:02
ORD-8733,SEL-001,CUST-0424,PROD-085,1,4065.75,4065.75,COMPLETED,2026-09-16 04:45:35
ORD-8734,SEL-001,CUST-0294,PROD-055,1,4230.78,4230.78,COMPLETED,2026-09-16 04:54:31
ORD-8735,SEL-001,CUST-0132,PROD-083,1,1366.65,1366.65,COMPLETED,2026-09-16 05:02:59
ORD-8736,SEL-001,CUST-0475,PROD-085,2,4065.75,8131.5,COMPLETED,2026-09-16 05:11:30
ORD-8737,SEL-001,CUST-0118,PROD-032,1,3680.3,3680.3,COMPLETED,2026-09-16 05:19:58
ORD-8738,SEL-001,CUST-0202,P17,1,1100.0,1100.0,COMPLETED,2026-09-16 05:28:18
ORD-8739,SEL-001,CUST-0365,PROD-080,1,1375.74,1375.74,COMPLETED,2026-09-16 05:37:00
ORD-8740,SEL-001,CUST-0444,PROD-037,1,2596.17,2596.17,COMPLETED,2026-09-16 05:45:23
ORD-8741,SEL-001,CUST-0116,P17,1,1100.0,1100.0,COMPLETED,2026-09-16 05:54:07
ORD-8742,SEL-001,CUST-0392,PROD-058,1,977.34,977.34,COMPLETED,2026-09-16 06:02:49
ORD-8743,SEL-001,CUST-0186,PROD-044,1,1218.57,1218.57,COMPLETED,2026-09-16 06:11:01
ORD-8744,SEL-001,CUST-0412,PROD-045,1,1479.9,1479.9,COMPLETED,2026-09-16 06:19:46
ORD-8745,SEL-001,CUST-0145,PROD-056,2,3004.15,6008.3,COMPLETED,2026-09-16 06:28:26
ORD-8746,SEL-001,CUST-0098,PROD-075,1,1587.38,1587.38,COMPLETED,2026-09-16 06:36:41
ORD-8747,SEL-001,CUST-0251,PROD-065,2,3159.61,6319.22,COMPLETED,2026-09-16 06:45:18
ORD-8748,SEL-001,CUST-0009,PROD-086,1,1947.45,1947.45,COMPLETED,2026-09-16 06:53:58
ORD-8749,SEL-001,CUST-0321,PROD-076,1,3035.61,3035.61,COMPLETED,2026-09-16 07:02:27
ORD-8750,SEL-001,CUST-0258,PROD-040,1,3912.25,3912.25,COMPLETED,2026-09-16 07:10:58
ORD-8751,SEL-001,CUST-0197,PROD-093,1,2916.65,2916.65,COMPLETED,2026-09-16 07:19:37
ORD-8752,SEL-001,CUST-0270,P17,1,1100.0,1100.0,COMPLETED,2026-09-16 07:27:46
ORD-8753,SEL-001,CUST-0163,PROD-011,2,1179.21,2358.42,COMPLETED,2026-09-16 07:36:42
ORD-8754,SEL-001,CUST-0331,PROD-038,1,3774.97,3774.97,COMPLETED,2026-09-16 07:45:07
ORD-8755,SEL-001,CUST-0232,PROD-009,1,2043.17,2043.17,COMPLETED,2026-09-16 07:53:37
ORD-8756,SEL-001,CUST-0404,PROD-092,1,716.01,716.01,COMPLETED,2026-09-16 08:02:05
ORD-8757,SEL-001,CUST-0116,PROD-042,1,3244.43,3244.43,COMPLETED,2026-09-16 08:10:48
ORD-8758,SEL-001,CUST-0168,PROD-075,1,1587.38,1587.38,COMPLETED,2026-09-16 08:19:14
ORD-8759,SEL-001,CUST-0365,PROD-096,1,519.99,519.99,COMPLETED,2026-09-16 08:27:29
ORD-8760,SEL-001,CUST-0171,PROD-007,1,4041.76,4041.76,COMPLETED,2026-09-16 08:36:18
ORD-8761,SEL-001,CUST-0254,PROD-055,1,4230.78,4230.78,COMPLETED,2026-09-16 08:44:36
ORD-8762,SEL-001,CUST-0469,PROD-049,2,1431.39,2862.78,COMPLETED,2026-09-16 08:53:18
ORD-8763,SEL-001,CUST-0492,PROD-080,2,1375.74,2751.48,COMPLETED,2026-09-16 09:01:58
ORD-8764,SEL-001,CUST-0044,PROD-071,1,1387.9,1387.9,COMPLETED,2026-09-16 09:10:24
ORD-8765,SEL-001,CUST-0407,PROD-006,1,3125.97,3125.97,COMPLETED,2026-09-16 09:19:05
ORD-8766,SEL-001,CUST-0404,P17,1,1100.0,1100.0,COMPLETED,2026-09-16 09:27:10
ORD-8767,SEL-001,CUST-0209,PROD-077,1,1931.44,1931.44,COMPLETED,2026-09-16 09:36:08
ORD-8768,SEL-001,CUST-0165,PROD-076,1,3035.61,3035.61,COMPLETED,2026-09-16 09:44:16
ORD-8769,SEL-001,CUST-0393,PROD-006,1,3125.97,3125.97,COMPLETED,2026-09-16 09:53:04
ORD-8770,SEL-001,CUST-0324,PROD-086,2,1947.45,3894.9,COMPLETED,2026-09-16 10:01:21
ORD-8771,SEL-001,CUST-0136,PROD-046,1,589.12,589.12,COMPLETED,2026-09-16 10:10:12
ORD-8772,SEL-001,CUST-0140,PROD-023,1,3217.09,3217.09,COMPLETED,2026-09-16 10:18:27
ORD-8773,SEL-001,CUST-0151,PROD-093,1,2916.65,2916.65,COMPLETED,2026-09-16 10:27:14
ORD-8774,SEL-001,CUST-0179,P17,1,1100.0,1100.0,COMPLETED,2026-09-16 10:35:39
ORD-8775,SEL-001,CUST-0437,PROD-045,1,1479.9,1479.9,COMPLETED,2026-09-16 10:44:04
ORD-8776,SEL-001,CUST-0080,PROD-009,1,2043.17,2043.17,COMPLETED,2026-09-16 10:52:44
ORD-8777,SEL-001,CUST-0132,PROD-031,1,2815.84,2815.84,COMPLETED,2026-09-16 11:01:31
ORD-8778,SEL-001,CUST-0192,PROD-088,1,4489.53,4489.53,COMPLETED,2026-09-16 11:09:48
ORD-8779,SEL-001,CUST-0463,P17,1,1100.0,1100.0,COMPLETED,2026-09-16 11:18:15
ORD-8780,SEL-001,CUST-0273,PROD-042,1,3244.43,3244.43,COMPLETED,2026-09-16 11:26:49
ORD-8781,SEL-001,CUST-0154,PROD-076,1,3035.61,3035.61,COMPLETED,2026-09-16 11:35:11
ORD-8782,SEL-001,CUST-0241,PROD-010,1,376.64,376.64,COMPLETED,2026-09-16 11:43:43
ORD-8783,SEL-001,CUST-0445,PROD-053,1,1140.4,1140.4,COMPLETED,2026-09-16 11:52:20
ORD-8784,SEL-001,CUST-0306,P17,1,1100.0,1100.0,COMPLETED,2026-09-16 12:01:05
ORD-8785,SEL-001,CUST-0455,PROD-053,1,1140.4,1140.4,COMPLETED,2026-09-16 12:09:31
ORD-8786,SEL-001,CUST-0140,PROD-096,1,519.99,519.99,COMPLETED,2026-09-16 12:18:12
ORD-8787,SEL-001,CUST-0088,PROD-030,1,3851.85,3851.85,COMPLETED,2026-09-16 12:26:52
ORD-8788,SEL-001,CUST-0415,PROD-095,1,2044.18,2044.18,COMPLETED,2026-09-16 12:35:16
ORD-8789,SEL-001,CUST-0101,PROD-074,1,3974.56,3974.56,COMPLETED,2026-09-16 12:43:51
ORD-8790,SEL-001,CUST-0167,PROD-094,1,3616.34,3616.34,COMPLETED,2026-09-16 12:52:10
ORD-8791,SEL-001,CUST-0164,PROD-061,2,1862.69,3725.38,COMPLETED,2026-09-16 13:00:37
ORD-8792,SEL-001,CUST-0029,PROD-023,1,3217.09,3217.09,COMPLETED,2026-09-16 13:09:26
ORD-8793,SEL-001,CUST-0153,PROD-050,1,2951.66,2951.66,COMPLETED,2026-09-16 13:17:54
ORD-8794,SEL-001,CUST-0348,PROD-010,1,376.64,376.64,COMPLETED,2026-09-16 13:26:30
ORD-8795,SEL-001,CUST-0313,PROD-078,1,4136.83,4136.83,COMPLETED,2026-09-16 13:34:47
ORD-8796,SEL-001,CUST-0122,PROD-074,1,3974.56,3974.56,COMPLETED,2026-09-16 13:43:40
ORD-8797,SEL-001,CUST-0226,PROD-090,1,636.37,636.37,COMPLETED,2026-09-16 13:52:12
ORD-8798,SEL-001,CUST-0391,P17,1,1100.0,1100.0,COMPLETED,2026-09-16 14:00:42
ORD-8799,SEL-001,CUST-0173,PROD-052,1,1823.27,1823.27,COMPLETED,2026-09-16 14:09:13
ORD-8800,SEL-001,CUST-0075,PROD-016,1,2566.0,2566.0,COMPLETED,2026-09-16 14:17:32
ORD-8801,SEL-001,CUST-0040,PROD-008,1,619.49,619.49,COMPLETED,2026-09-16 14:26:13
ORD-8802,SEL-001,CUST-0495,PROD-092,1,716.01,716.01,COMPLETED,2026-09-16 14:34:47
ORD-8803,SEL-001,CUST-0430,PROD-014,1,1095.06,1095.06,COMPLETED,2026-09-16 14:43:05
ORD-8804,SEL-001,CUST-0392,PROD-097,1,1871.88,1871.88,COMPLETED,2026-09-16 14:51:39
ORD-8805,SEL-001,CUST-0244,PROD-086,1,1947.45,1947.45,COMPLETED,2026-09-16 15:00:23
ORD-8806,SEL-001,CUST-0477,PROD-081,2,1298.17,2596.34,COMPLETED,2026-09-16 15:08:43
ORD-8807,SEL-001,CUST-0163,PROD-070,1,1590.68,1590.68,COMPLETED,2026-09-16 15:17:23
ORD-8808,SEL-001,CUST-0032,PROD-039,1,2878.71,2878.71,COMPLETED,2026-09-16 15:25:58
ORD-8809,SEL-001,CUST-0019,PROD-024,1,1696.06,1696.06,COMPLETED,2026-09-16 15:34:32
ORD-8810,SEL-001,CUST-0312,PROD-013,1,362.78,362.78,COMPLETED,2026-09-16 15:42:52
ORD-8811,SEL-001,CUST-0499,PROD-062,1,4455.47,4455.47,COMPLETED,2026-09-16 15:51:17
ORD-8812,SEL-001,CUST-0127,PROD-090,1,636.37,636.37,COMPLETED,2026-09-16 16:00:02
ORD-8813,SEL-001,CUST-0201,PROD-025,1,910.79,910.79,COMPLETED,2026-09-16 16:08:20
ORD-8814,SEL-001,CUST-0081,PROD-056,1,3004.15,3004.15,COMPLETED,2026-09-16 16:16:48
ORD-8815,SEL-001,CUST-0039,PROD-062,1,4455.47,4455.47,COMPLETED,2026-09-16 16:25:29
ORD-8816,SEL-001,CUST-0035,PROD-023,1,3217.09,3217.09,COMPLETED,2026-09-16 16:34:11
ORD-8817,SEL-001,CUST-0370,PROD-053,1,1140.4,1140.4,COMPLETED,2026-09-16 16:42:26
ORD-8818,SEL-001,CUST-0465,PROD-072,1,1146.68,1146.68,COMPLETED,2026-09-16 16:51:17
ORD-8819,SEL-001,CUST-0189,P17,1,1100.0,1100.0,COMPLETED,2026-09-16 16:59:50
ORD-8820,SEL-001,CUST-0343,P17,2,1100.0,2200.0,COMPLETED,2026-09-16 17:08:15
ORD-8821,SEL-001,CUST-0402,PROD-099,1,2498.74,2498.74,COMPLETED,2026-09-16 17:16:32
ORD-8822,SEL-001,CUST-0091,PROD-029,1,661.04,661.04,COMPLETED,2026-09-16 17:25:27
ORD-8823,SEL-001,CUST-0279,PROD-068,1,1223.45,1223.45,COMPLETED,2026-09-16 17:33:41
ORD-8824,SEL-001,CUST-0458,PROD-077,1,1931.44,1931.44,COMPLETED,2026-09-16 17:42:32
ORD-8825,SEL-001,CUST-0081,PROD-086,1,1947.45,1947.45,COMPLETED,2026-09-16 17:51:11
ORD-8826,SEL-001,CUST-0212,PROD-047,1,1239.36,1239.36,COMPLETED,2026-09-16 17:59:21
ORD-8827,SEL-001,CUST-0460,PROD-014,1,1095.06,1095.06,COMPLETED,2026-09-16 18:07:49
ORD-8828,SEL-001,CUST-0282,PROD-093,1,2916.65,2916.65,COMPLETED,2026-09-16 18:16:20
ORD-8829,SEL-001,CUST-0479,PROD-041,1,2703.75,2703.75,COMPLETED,2026-09-16 18:24:50
ORD-8830,SEL-001,CUST-0483,PROD-004,1,1198.65,1198.65,COMPLETED,2026-09-16 18:33:50
ORD-8831,SEL-001,CUST-0334,P17,1,1100.0,1100.0,COMPLETED,2026-09-16 18:41:56
ORD-8832,SEL-001,CUST-0464,PROD-088,1,4489.53,4489.53,COMPLETED,2026-09-16 18:50:42
ORD-8833,SEL-001,CUST-0412,PROD-033,1,3351.36,3351.36,COMPLETED,2026-09-16 18:59:12
ORD-8834,SEL-001,CUST-0229,PROD-099,1,2498.74,2498.74,COMPLETED,2026-09-16 19:07:35
ORD-8835,SEL-001,CUST-0100,PROD-082,1,2635.81,2635.81,COMPLETED,2026-09-16 19:16:13
ORD-8836,SEL-001,CUST-0480,PROD-039,1,2878.71,2878.71,COMPLETED,2026-09-16 19:24:40
ORD-8837,SEL-001,CUST-0294,PROD-030,1,3851.85,3851.85,COMPLETED,2026-09-16 19:33:28
ORD-8838,SEL-001,CUST-0441,PROD-089,1,2415.49,2415.49,COMPLETED,2026-09-16 19:42:05
ORD-8839,SEL-001,CUST-0059,PROD-010,1,376.64,376.64,COMPLETED,2026-09-16 19:50:25
ORD-8840,SEL-001,CUST-0149,PROD-082,1,2635.81,2635.81,COMPLETED,2026-09-16 19:58:56
ORD-8841,SEL-001,CUST-0026,PROD-022,1,3674.73,3674.73,COMPLETED,2026-09-16 20:07:23
ORD-8842,SEL-001,CUST-0466,PROD-033,1,3351.36,3351.36,COMPLETED,2026-09-16 20:15:55
ORD-8843,SEL-001,CUST-0320,PROD-083,1,1366.65,1366.65,COMPLETED,2026-09-16 20:24:18
ORD-8844,SEL-001,CUST-0139,PROD-076,1,3035.61,3035.61,COMPLETED,2026-09-16 20:32:52
ORD-8845,SEL-001,CUST-0194,P17,1,1100.0,1100.0,COMPLETED,2026-09-16 20:41:35
ORD-8846,SEL-001,CUST-0298,PROD-072,1,1146.68,1146.68,COMPLETED,2026-09-16 20:50:04
ORD-8847,SEL-001,CUST-0369,PROD-056,1,3004.15,3004.15,COMPLETED,2026-09-16 20:58:41
ORD-8848,SEL-001,CUST-0271,PROD-068,1,1223.45,1223.45,COMPLETED,2026-09-16 21:07:18
ORD-8849,SEL-001,CUST-0305,PROD-045,2,1479.9,2959.8,COMPLETED,2026-09-16 21:15:53
ORD-8850,SEL-001,CUST-0060,PROD-081,1,1298.17,1298.17,COMPLETED,2026-09-16 21:24:16
ORD-8851,SEL-001,CUST-0136,PROD-093,1,2916.65,2916.65,COMPLETED,2026-09-16 21:32:42
ORD-8852,SEL-001,CUST-0223,PROD-073,1,4257.37,4257.37,COMPLETED,2026-09-16 21:41:35
ORD-8853,SEL-001,CUST-0245,PROD-036,1,1858.77,1858.77,COMPLETED,2026-09-16 21:49:46
ORD-8854,SEL-001,CUST-0073,PROD-036,1,1858.77,1858.77,COMPLETED,2026-09-16 21:58:12
ORD-8855,SEL-001,CUST-0463,PROD-080,1,1375.74,1375.74,COMPLETED,2026-09-16 22:06:54
ORD-8856,SEL-001,CUST-0427,PROD-043,1,444.75,444.75,COMPLETED,2026-09-16 22:15:32
ORD-8857,SEL-001,CUST-0276,PROD-029,1,661.04,661.04,COMPLETED,2026-09-16 22:24:07
ORD-8858,SEL-001,CUST-0021,PROD-004,2,1198.65,2397.3,COMPLETED,2026-09-16 22:32:37
ORD-8859,SEL-001,CUST-0164,PROD-095,1,2044.18,2044.18,COMPLETED,2026-09-16 22:40:50
ORD-8860,SEL-001,CUST-0282,PROD-005,1,3380.0,3380.0,COMPLETED,2026-09-16 22:49:32
ORD-8861,SEL-001,CUST-0115,PROD-024,1,1696.06,1696.06,COMPLETED,2026-09-16 22:58:12
ORD-8862,SEL-001,CUST-0379,PROD-014,2,1095.06,2190.12,COMPLETED,2026-09-16 23:06:47
ORD-8863,SEL-001,CUST-0127,PROD-008,1,619.49,619.49,COMPLETED,2026-09-16 23:15:05
ORD-8864,SEL-001,CUST-0122,PROD-025,2,910.79,1821.58,COMPLETED,2026-09-16 23:23:41
ORD-8865,SEL-001,CUST-0242,PROD-075,1,1587.38,1587.38,COMPLETED,2026-09-16 23:32:33
ORD-8866,SEL-001,CUST-0258,PROD-091,1,450.24,450.24,COMPLETED,2026-09-16 23:40:40
ORD-8867,SEL-001,CUST-0269,PROD-063,1,2970.0,2970.0,COMPLETED,2026-09-16 23:49:07
ORD-8868,SEL-001,CUST-0259,PROD-071,1,1387.9,1387.9,COMPLETED,2026-09-16 23:57:54
ORD-8869,SEL-001,CUST-0098,PROD-055,1,4230.78,4230.78,COMPLETED,2026-09-17 00:06:26
ORD-8870,SEL-001,CUST-0234,PROD-083,1,1366.65,1366.65,COMPLETED,2026-09-17 00:14:58
ORD-8871,SEL-001,CUST-0224,PROD-053,1,1140.4,1140.4,COMPLETED,2026-09-17 00:23:42
ORD-8872,SEL-001,CUST-0256,PROD-042,2,3244.43,6488.86,COMPLETED,2026-09-17 00:32:05
ORD-8873,SEL-001,CUST-0451,PROD-088,1,4489.53,4489.53,COMPLETED,2026-09-17 00:40:44
ORD-8874,SEL-001,CUST-0339,PROD-091,1,450.24,450.24,COMPLETED,2026-09-17 00:49:02
ORD-8875,SEL-001,CUST-0313,PROD-094,2,3616.34,7232.68,COMPLETED,2026-09-17 00:57:53
ORD-8876,SEL-001,CUST-0352,PROD-057,1,2838.81,2838.81,COMPLETED,2026-09-17 01:05:55
ORD-8877,SEL-001,CUST-0487,PROD-046,1,589.12,589.12,COMPLETED,2026-09-17 01:14:49
ORD-8878,SEL-001,CUST-0149,PROD-003,1,1418.87,1418.87,COMPLETED,2026-09-17 01:23:10
ORD-8879,SEL-001,CUST-0378,PROD-064,1,2617.04,2617.04,COMPLETED,2026-09-17 01:31:33
ORD-8880,SEL-001,CUST-0105,PROD-099,2,2498.74,4997.48,COMPLETED,2026-09-17 01:40:13
ORD-8881,SEL-001,CUST-0085,PROD-082,1,2635.81,2635.81,COMPLETED,2026-09-17 01:48:49
ORD-8882,SEL-001,CUST-0303,PROD-071,1,1387.9,1387.9,COMPLETED,2026-09-17 01:57:35
ORD-8883,SEL-001,CUST-0344,PROD-001,1,2967.56,2967.56,COMPLETED,2026-09-17 02:05:55
ORD-8884,SEL-001,CUST-0103,PROD-001,1,2967.56,2967.56,COMPLETED,2026-09-17 02:14:35
ORD-8885,SEL-001,CUST-0317,PROD-019,1,2754.38,2754.38,COMPLETED,2026-09-17 02:22:54
ORD-8886,SEL-001,CUST-0485,PROD-099,1,2498.74,2498.74,COMPLETED,2026-09-17 02:31:35
ORD-8887,SEL-001,CUST-0179,PROD-025,2,910.79,1821.58,COMPLETED,2026-09-17 02:39:48
ORD-8888,SEL-001,CUST-0230,PROD-100,1,4377.08,4377.08,COMPLETED,2026-09-17 02:48:33
ORD-8889,SEL-001,CUST-0281,PROD-058,1,977.34,977.34,COMPLETED,2026-09-17 02:57:04
ORD-8890,SEL-001,CUST-0248,PROD-067,2,3548.0,7096.0,COMPLETED,2026-09-17 03:05:29
ORD-8891,SEL-001,CUST-0450,PROD-099,1,2498.74,2498.74,COMPLETED,2026-09-17 03:14:14
ORD-8892,SEL-001,CUST-0372,PROD-040,1,3912.25,3912.25,COMPLETED,2026-09-17 03:22:58
ORD-8893,SEL-001,CUST-0124,P17,2,1100.0,2200.0,COMPLETED,2026-09-17 03:31:15
ORD-8894,SEL-001,CUST-0019,PROD-068,1,1223.45,1223.45,COMPLETED,2026-09-17 03:39:50
ORD-8895,SEL-001,CUST-0287,PROD-065,1,3159.61,3159.61,COMPLETED,2026-09-17 03:48:17
ORD-8896,SEL-001,CUST-0478,PROD-016,1,2566.0,2566.0,COMPLETED,2026-09-17 03:57:00
ORD-8897,SEL-001,CUST-0203,PROD-086,1,1947.45,1947.45,COMPLETED,2026-09-17 04:05:25
ORD-8898,SEL-001,CUST-0247,PROD-045,1,1479.9,1479.9,COMPLETED,2026-09-17 04:13:55
ORD-8899,SEL-001,CUST-0377,PROD-042,1,3244.43,3244.43,COMPLETED,2026-09-17 04:22:19
ORD-8900,SEL-001,CUST-0484,PROD-082,1,2635.81,2635.81,COMPLETED,2026-09-17 04:30:54
ORD-8901,SEL-001,CUST-0338,PROD-002,1,356.3,356.3,COMPLETED,2026-09-17 04:39:44
ORD-8902,SEL-001,CUST-0423,PROD-069,1,386.43,386.43,COMPLETED,2026-09-17 04:48:10
ORD-8903,SEL-001,CUST-0034,P17,1,1100.0,1100.0,COMPLETED,2026-09-17 04:56:37
ORD-8904,SEL-001,CUST-0271,PROD-028,1,644.17,644.17,COMPLETED,2026-09-17 05:05:02
ORD-8905,SEL-001,CUST-0185,PROD-081,1,1298.17,1298.17,COMPLETED,2026-09-17 05:13:48
ORD-8906,SEL-001,CUST-0148,PROD-003,1,1418.87,1418.87,COMPLETED,2026-09-17 05:22:00
ORD-8907,SEL-001,CUST-0405,PROD-098,1,4483.52,4483.52,COMPLETED,2026-09-17 05:30:30
ORD-8908,SEL-001,CUST-0195,P17,1,1100.0,1100.0,COMPLETED,2026-09-17 05:39:13
ORD-8909,SEL-001,CUST-0421,PROD-044,1,1218.57,1218.57,COMPLETED,2026-09-17 05:47:54
ORD-8910,SEL-001,CUST-0046,PROD-037,1,2596.17,2596.17,COMPLETED,2026-09-17 05:56:18
ORD-8911,SEL-001,CUST-0336,PROD-006,1,3125.97,3125.97,COMPLETED,2026-09-17 06:04:58
ORD-8912,SEL-001,CUST-0283,PROD-083,1,1366.65,1366.65,COMPLETED,2026-09-17 06:13:19
ORD-8913,SEL-001,CUST-0245,P17,2,1100.0,2200.0,COMPLETED,2026-09-17 06:22:01
ORD-8914,SEL-001,CUST-0020,PROD-050,1,2951.66,2951.66,COMPLETED,2026-09-17 06:30:34
ORD-8915,SEL-001,CUST-0124,PROD-084,1,2734.49,2734.49,COMPLETED,2026-09-17 06:39:04
ORD-8916,SEL-001,CUST-0333,PROD-006,2,3125.97,6251.94,COMPLETED,2026-09-17 06:47:45
ORD-8917,SEL-001,CUST-0202,PROD-028,1,644.17,644.17,COMPLETED,2026-09-17 06:56:09
ORD-8918,SEL-001,CUST-0085,PROD-042,1,3244.43,3244.43,COMPLETED,2026-09-17 07:04:48
ORD-8919,SEL-001,CUST-0249,P17,1,1100.0,1100.0,COMPLETED,2026-09-17 07:12:56
ORD-8920,SEL-001,CUST-0401,PROD-038,2,3774.97,7549.94,COMPLETED,2026-09-17 07:21:27
ORD-8921,SEL-001,CUST-0140,PROD-079,1,2200.12,2200.12,COMPLETED,2026-09-17 07:30:05
ORD-8922,SEL-001,CUST-0360,PROD-078,1,4136.83,4136.83,COMPLETED,2026-09-17 07:38:41
ORD-8923,SEL-001,CUST-0134,PROD-076,2,3035.61,6071.22,COMPLETED,2026-09-17 07:47:02
ORD-8924,SEL-001,CUST-0140,PROD-093,1,2916.65,2916.65,COMPLETED,2026-09-17 07:55:33
ORD-8925,SEL-001,CUST-0378,PROD-081,1,1298.17,1298.17,COMPLETED,2026-09-17 08:04:30
ORD-8926,SEL-001,CUST-0006,PROD-049,1,1431.39,1431.39,COMPLETED,2026-09-17 08:12:46
ORD-8927,SEL-001,CUST-0297,PROD-058,1,977.34,977.34,COMPLETED,2026-09-17 08:21:27
ORD-8928,SEL-001,CUST-0488,PROD-015,2,3012.01,6024.02,COMPLETED,2026-09-17 08:29:42
ORD-8929,SEL-001,CUST-0274,PROD-014,1,1095.06,1095.06,COMPLETED,2026-09-17 08:38:44
ORD-8930,SEL-001,CUST-0195,PROD-087,1,1182.11,1182.11,COMPLETED,2026-09-17 08:46:55
ORD-8931,SEL-001,CUST-0052,PROD-042,1,3244.43,3244.43,COMPLETED,2026-09-17 08:55:19
ORD-8932,SEL-001,CUST-0190,PROD-015,1,3012.01,3012.01,COMPLETED,2026-09-17 09:03:54
ORD-8933,SEL-001,CUST-0056,PROD-052,1,1823.27,1823.27,COMPLETED,2026-09-17 09:12:35
ORD-8934,SEL-001,CUST-0395,PROD-097,2,1871.88,3743.76,COMPLETED,2026-09-17 09:20:59
ORD-8935,SEL-001,CUST-0256,PROD-082,1,2635.81,2635.81,COMPLETED,2026-09-17 09:29:55
ORD-8936,SEL-001,CUST-0187,P17,1,1100.0,1100.0,COMPLETED,2026-09-17 09:38:06
ORD-8937,SEL-001,CUST-0316,PROD-016,1,2566.0,2566.0,COMPLETED,2026-09-17 09:46:46
ORD-8938,SEL-001,CUST-0046,PROD-100,1,4377.08,4377.08,COMPLETED,2026-09-17 09:55:09
ORD-8939,SEL-001,CUST-0458,PROD-049,2,1431.39,2862.78,COMPLETED,2026-09-17 10:03:35
ORD-8940,SEL-001,CUST-0428,PROD-033,1,3351.36,3351.36,COMPLETED,2026-09-17 10:12:14
ORD-8941,SEL-001,CUST-0019,PROD-034,1,2528.97,2528.97,COMPLETED,2026-09-17 10:20:48
ORD-8942,SEL-001,CUST-0134,PROD-045,1,1479.9,1479.9,COMPLETED,2026-09-17 10:29:23
ORD-8943,SEL-001,CUST-0074,PROD-054,1,1384.66,1384.66,COMPLETED,2026-09-17 10:38:02
ORD-8944,SEL-001,CUST-0132,PROD-087,1,1182.11,1182.11,COMPLETED,2026-09-17 10:46:25
ORD-8945,SEL-001,CUST-0428,PROD-094,1,3616.34,3616.34,COMPLETED,2026-09-17 10:54:49
ORD-8946,SEL-001,CUST-0305,PROD-055,1,4230.78,4230.78,COMPLETED,2026-09-17 11:03:26
ORD-8947,SEL-001,CUST-0281,PROD-057,1,2838.81,2838.81,COMPLETED,2026-09-17 11:12:15
ORD-8948,SEL-001,CUST-0377,PROD-023,1,3217.09,3217.09,COMPLETED,2026-09-17 11:20:32
ORD-8949,SEL-001,CUST-0361,PROD-037,1,2596.17,2596.17,COMPLETED,2026-09-17 11:28:55
ORD-8950,SEL-001,CUST-0134,PROD-035,1,4385.74,4385.74,COMPLETED,2026-09-17 11:37:40
ORD-8951,SEL-001,CUST-0064,PROD-025,1,910.79,910.79,COMPLETED,2026-09-17 11:46:21
ORD-8952,SEL-001,CUST-0198,PROD-026,1,4318.16,4318.16,COMPLETED,2026-09-17 11:54:41
ORD-8953,SEL-001,CUST-0079,PROD-027,1,1680.53,1680.53,COMPLETED,2026-09-17 12:03:26
ORD-8954,SEL-001,CUST-0353,PROD-010,1,376.64,376.64,COMPLETED,2026-09-17 12:12:02
ORD-8955,SEL-001,CUST-0140,PROD-081,1,1298.17,1298.17,COMPLETED,2026-09-17 12:20:18
ORD-8956,SEL-001,CUST-0174,P17,1,1100.0,1100.0,COMPLETED,2026-09-17 12:28:54
ORD-8957,SEL-001,CUST-0032,PROD-036,1,1858.77,1858.77,COMPLETED,2026-09-17 12:37:31
ORD-8958,SEL-001,CUST-0357,P17,1,1100.0,1100.0,COMPLETED,2026-09-17 12:45:48
ORD-8959,SEL-001,CUST-0097,PROD-005,1,3380.0,3380.0,COMPLETED,2026-09-17 12:54:27
ORD-8960,SEL-001,CUST-0109,PROD-014,1,1095.06,1095.06,COMPLETED,2026-09-17 13:03:06
ORD-8961,SEL-001,CUST-0241,PROD-032,1,3680.3,3680.3,COMPLETED,2026-09-17 13:11:32
ORD-8962,SEL-001,CUST-0230,PROD-093,1,2916.65,2916.65,COMPLETED,2026-09-17 13:19:55
ORD-8963,SEL-001,CUST-0315,PROD-065,1,3159.61,3159.61,COMPLETED,2026-09-17 13:28:51
ORD-8964,SEL-001,CUST-0325,PROD-098,1,4483.52,4483.52,COMPLETED,2026-09-17 13:37:13
ORD-8965,SEL-001,CUST-0362,PROD-038,1,3774.97,3774.97,COMPLETED,2026-09-17 13:45:47
ORD-8966,SEL-001,CUST-0149,PROD-079,1,2200.12,2200.12,COMPLETED,2026-09-17 13:54:17
ORD-8967,SEL-001,CUST-0251,PROD-064,1,2617.04,2617.04,COMPLETED,2026-09-17 14:02:44
ORD-8968,SEL-001,CUST-0385,PROD-053,1,1140.4,1140.4,COMPLETED,2026-09-17 14:11:26
ORD-8969,SEL-001,CUST-0494,PROD-088,1,4489.53,4489.53,COMPLETED,2026-09-17 14:19:54
ORD-8970,SEL-001,CUST-0460,PROD-065,1,3159.61,3159.61,COMPLETED,2026-09-17 14:28:21
ORD-8971,SEL-001,CUST-0039,PROD-092,1,716.01,716.01,COMPLETED,2026-09-17 14:36:46
ORD-8972,SEL-001,CUST-0248,PROD-002,1,356.3,356.3,COMPLETED,2026-09-17 14:45:15
ORD-8973,SEL-001,CUST-0107,PROD-069,1,386.43,386.43,COMPLETED,2026-09-17 14:54:13
ORD-8974,SEL-001,CUST-0164,PROD-086,2,1947.45,3894.9,COMPLETED,2026-09-17 15:02:36
ORD-8975,SEL-001,CUST-0009,PROD-052,1,1823.27,1823.27,COMPLETED,2026-09-17 15:11:04
ORD-8976,SEL-001,CUST-0128,PROD-069,1,386.43,386.43,COMPLETED,2026-09-17 15:19:25
ORD-8977,SEL-001,CUST-0114,PROD-089,1,2415.49,2415.49,COMPLETED,2026-09-17 15:28:11
ORD-8978,SEL-001,CUST-0188,PROD-010,1,376.64,376.64,COMPLETED,2026-09-17 15:36:51
ORD-8979,SEL-001,CUST-0343,PROD-073,1,4257.37,4257.37,COMPLETED,2026-09-17 15:45:24
ORD-8980,SEL-001,CUST-0249,PROD-012,2,2397.76,4795.52,COMPLETED,2026-09-17 15:53:39
ORD-8981,SEL-001,CUST-0012,PROD-100,1,4377.08,4377.08,COMPLETED,2026-09-17 16:02:02
ORD-8982,SEL-001,CUST-0094,PROD-049,1,1431.39,1431.39,COMPLETED,2026-09-17 16:10:59
ORD-8983,SEL-001,CUST-0487,PROD-084,1,2734.49,2734.49,COMPLETED,2026-09-17 16:19:05
ORD-8984,SEL-001,CUST-0488,PROD-082,1,2635.81,2635.81,COMPLETED,2026-09-17 16:28:03
ORD-8985,SEL-001,CUST-0492,PROD-082,1,2635.81,2635.81,COMPLETED,2026-09-17 16:36:37
ORD-8986,SEL-001,CUST-0445,PROD-055,2,4230.78,8461.56,COMPLETED,2026-09-17 16:44:44
ORD-8987,SEL-001,CUST-0398,PROD-006,2,3125.97,6251.94,COMPLETED,2026-09-17 16:53:37
ORD-8988,SEL-001,CUST-0272,PROD-010,1,376.64,376.64,COMPLETED,2026-09-17 17:01:45
ORD-8989,SEL-001,CUST-0456,PROD-084,1,2734.49,2734.49,COMPLETED,2026-09-17 17:10:35
ORD-8990,SEL-001,CUST-0453,PROD-005,1,3380.0,3380.0,COMPLETED,2026-09-17 17:19:07
ORD-8991,SEL-001,CUST-0182,PROD-055,1,4230.78,4230.78,COMPLETED,2026-09-17 17:27:40
ORD-8992,SEL-001,CUST-0026,PROD-028,1,644.17,644.17,COMPLETED,2026-09-17 17:36:04
ORD-8993,SEL-001,CUST-0286,PROD-087,2,1182.11,2364.22,COMPLETED,2026-09-17 17:44:37
ORD-8994,SEL-001,CUST-0227,PROD-061,2,1862.69,3725.38,COMPLETED,2026-09-17 17:52:58
ORD-8995,SEL-001,CUST-0499,PROD-036,1,1858.77,1858.77,COMPLETED,2026-09-17 18:01:50
ORD-8996,SEL-001,CUST-0317,P17,2,1100.0,2200.0,COMPLETED,2026-09-17 18:10:07
ORD-8997,SEL-001,CUST-0027,PROD-095,1,2044.18,2044.18,COMPLETED,2026-09-17 18:19:02
ORD-8998,SEL-001,CUST-0021,PROD-081,1,1298.17,1298.17,COMPLETED,2026-09-17 18:27:30
ORD-8999,SEL-001,CUST-0253,PROD-042,2,3244.43,6488.86,COMPLETED,2026-09-17 18:35:46
ORD-9000,SEL-001,CUST-0367,PROD-068,1,1223.45,1223.45,COMPLETED,2026-09-17 18:44:25
ORD-9001,SEL-001,CUST-0237,PROD-016,2,2566.0,5132.0,COMPLETED,2026-09-17 18:52:46
ORD-9002,SEL-001,CUST-0306,PROD-027,1,1680.53,1680.53,COMPLETED,2026-09-17 19:01:17
ORD-9003,SEL-001,CUST-0348,PROD-099,1,2498.74,2498.74,COMPLETED,2026-09-17 19:10:06
ORD-9004,SEL-001,CUST-0304,PROD-087,1,1182.11,1182.11,COMPLETED,2026-09-17 19:18:26
ORD-9005,SEL-001,CUST-0458,PROD-099,2,2498.74,4997.48,COMPLETED,2026-09-17 19:27:16
ORD-9006,SEL-001,CUST-0044,PROD-052,1,1823.27,1823.27,COMPLETED,2026-09-17 19:35:41
ORD-9007,SEL-001,CUST-0233,PROD-008,1,619.49,619.49,COMPLETED,2026-09-17 19:44:01
ORD-9008,SEL-001,CUST-0294,PROD-035,1,4385.74,4385.74,COMPLETED,2026-09-17 19:52:51
ORD-9009,SEL-001,CUST-0307,PROD-031,1,2815.84,2815.84,COMPLETED,2026-09-17 20:01:10
ORD-9010,SEL-001,CUST-0333,PROD-003,1,1418.87,1418.87,COMPLETED,2026-09-17 20:09:49
ORD-9011,SEL-001,CUST-0125,PROD-047,1,1239.36,1239.36,COMPLETED,2026-09-17 20:18:18
ORD-9012,SEL-001,CUST-0383,PROD-005,1,3380.0,3380.0,COMPLETED,2026-09-17 20:26:48
ORD-9013,SEL-001,CUST-0060,PROD-019,1,2754.38,2754.38,COMPLETED,2026-09-17 20:35:12
ORD-9014,SEL-001,CUST-0117,PROD-076,1,3035.61,3035.61,COMPLETED,2026-09-17 20:44:03
ORD-9015,SEL-001,CUST-0413,PROD-087,1,1182.11,1182.11,COMPLETED,2026-09-17 20:52:13
ORD-9016,SEL-001,CUST-0060,PROD-040,1,3912.25,3912.25,COMPLETED,2026-09-17 21:00:42
ORD-9017,SEL-001,CUST-0347,PROD-027,1,1680.53,1680.53,COMPLETED,2026-09-17 21:09:33
ORD-9018,SEL-001,CUST-0415,PROD-007,1,4041.76,4041.76,COMPLETED,2026-09-17 21:17:51
ORD-9019,SEL-001,CUST-0381,PROD-098,1,4483.52,4483.52,COMPLETED,2026-09-17 21:26:30
ORD-9020,SEL-001,CUST-0119,PROD-013,1,362.78,362.78,COMPLETED,2026-09-17 21:34:57
ORD-9021,SEL-001,CUST-0080,PROD-001,1,2967.56,2967.56,COMPLETED,2026-09-17 21:43:52
ORD-9022,SEL-001,CUST-0062,PROD-075,1,1587.38,1587.38,COMPLETED,2026-09-17 21:52:08
ORD-9023,SEL-001,CUST-0129,PROD-098,1,4483.52,4483.52,COMPLETED,2026-09-17 22:00:49
ORD-9024,SEL-001,CUST-0186,P17,1,1100.0,1100.0,COMPLETED,2026-09-17 22:09:16
ORD-9025,SEL-001,CUST-0003,PROD-097,1,1871.88,1871.88,COMPLETED,2026-09-17 22:17:30
ORD-9026,SEL-001,CUST-0409,PROD-082,1,2635.81,2635.81,COMPLETED,2026-09-17 22:26:16
ORD-9027,SEL-001,CUST-0187,PROD-012,1,2397.76,2397.76,COMPLETED,2026-09-17 22:34:41
ORD-9028,SEL-001,CUST-0094,PROD-031,1,2815.84,2815.84,COMPLETED,2026-09-17 22:43:17
ORD-9029,SEL-001,CUST-0096,PROD-068,1,1223.45,1223.45,COMPLETED,2026-09-17 22:52:00
ORD-9030,SEL-001,CUST-0028,PROD-042,1,3244.43,3244.43,COMPLETED,2026-09-17 23:00:13
ORD-9031,SEL-001,CUST-0099,PROD-058,1,977.34,977.34,COMPLETED,2026-09-17 23:09:12
ORD-9032,SEL-001,CUST-0155,PROD-048,1,679.26,679.26,COMPLETED,2026-09-17 23:17:35
ORD-9033,SEL-001,CUST-0078,PROD-064,2,2617.04,5234.08,COMPLETED,2026-09-17 23:25:52
ORD-9034,SEL-001,CUST-0434,PROD-089,1,2415.49,2415.49,COMPLETED,2026-09-17 23:34:38
ORD-9035,SEL-001,CUST-0202,PROD-041,1,2703.75,2703.75,COMPLETED,2026-09-17 23:42:56
ORD-9036,SEL-001,CUST-0320,PROD-068,1,1223.45,1223.45,COMPLETED,2026-09-17 23:51:39
ORD-9037,SEL-001,CUST-0418,PROD-032,1,3680.3,3680.3,COMPLETED,2026-09-18 00:00:07
ORD-9038,SEL-001,CUST-0444,PROD-012,1,2397.76,2397.76,COMPLETED,2026-09-18 00:08:37
ORD-9039,SEL-001,CUST-0060,PROD-090,1,636.37,636.37,COMPLETED,2026-09-18 00:17:07
ORD-9040,SEL-001,CUST-0455,PROD-054,1,1384.66,1384.66,COMPLETED,2026-09-18 00:25:42
ORD-9041,SEL-001,CUST-0479,PROD-010,2,376.64,753.28,COMPLETED,2026-09-18 00:34:24
ORD-9042,SEL-001,CUST-0454,PROD-012,1,2397.76,2397.76,COMPLETED,2026-09-18 00:43:01
ORD-9043,SEL-001,CUST-0210,PROD-042,1,3244.43,3244.43,COMPLETED,2026-09-18 00:51:28
ORD-9044,SEL-001,CUST-0028,PROD-061,1,1862.69,1862.69,COMPLETED,2026-09-18 00:59:59
ORD-9045,SEL-001,CUST-0333,PROD-012,2,2397.76,4795.52,COMPLETED,2026-09-18 01:08:14
ORD-9046,SEL-001,CUST-0046,PROD-050,1,2951.66,2951.66,COMPLETED,2026-09-18 01:17:12
ORD-9047,SEL-001,CUST-0059,P17,1,1100.0,1100.0,COMPLETED,2026-09-18 01:25:16
ORD-9048,SEL-001,CUST-0047,PROD-067,1,3548.0,3548.0,COMPLETED,2026-09-18 01:34:14
ORD-9049,SEL-001,CUST-0084,P17,1,1100.0,1100.0,COMPLETED,2026-09-18 01:42:33
ORD-9050,SEL-001,CUST-0195,PROD-055,1,4230.78,4230.78,COMPLETED,2026-09-18 01:51:09
ORD-9051,SEL-001,CUST-0033,PROD-084,2,2734.49,5468.98,COMPLETED,2026-09-18 01:59:41
ORD-9052,SEL-001,CUST-0439,PROD-052,1,1823.27,1823.27,COMPLETED,2026-09-18 02:08:04
ORD-9053,SEL-001,CUST-0225,PROD-020,2,3690.08,7380.16,COMPLETED,2026-09-18 02:16:54
ORD-9054,SEL-001,CUST-0446,PROD-035,1,4385.74,4385.74,COMPLETED,2026-09-18 02:25:12
ORD-9055,SEL-001,CUST-0339,PROD-009,1,2043.17,2043.17,COMPLETED,2026-09-18 02:34:02
ORD-9056,SEL-001,CUST-0163,PROD-085,1,4065.75,4065.75,COMPLETED,2026-09-18 02:42:19
ORD-9057,SEL-001,CUST-0466,PROD-019,1,2754.38,2754.38,COMPLETED,2026-09-18 02:50:44
ORD-9058,SEL-001,CUST-0330,PROD-038,1,3774.97,3774.97,COMPLETED,2026-09-18 02:59:09
ORD-9059,SEL-001,CUST-0217,PROD-034,1,2528.97,2528.97,COMPLETED,2026-09-18 03:07:42
ORD-9060,SEL-001,CUST-0487,PROD-045,1,1479.9,1479.9,COMPLETED,2026-09-18 03:16:37
ORD-9061,SEL-001,CUST-0077,PROD-089,1,2415.49,2415.49,COMPLETED,2026-09-18 03:25:03
ORD-9062,SEL-001,CUST-0433,PROD-037,1,2596.17,2596.17,COMPLETED,2026-09-18 03:33:18
ORD-9063,SEL-001,CUST-0474,PROD-056,1,3004.15,3004.15,COMPLETED,2026-09-18 03:42:12
ORD-9064,SEL-001,CUST-0162,P17,1,1100.0,1100.0,COMPLETED,2026-09-18 03:50:45
ORD-9065,SEL-001,CUST-0148,PROD-089,2,2415.49,4830.98,COMPLETED,2026-09-18 03:59:18
ORD-9066,SEL-001,CUST-0335,PROD-029,1,661.04,661.04,COMPLETED,2026-09-18 04:07:53
ORD-9067,SEL-001,CUST-0381,PROD-031,1,2815.84,2815.84,COMPLETED,2026-09-18 04:16:09
ORD-9068,SEL-001,CUST-0485,PROD-077,1,1931.44,1931.44,COMPLETED,2026-09-18 04:24:28
ORD-9069,SEL-001,CUST-0275,PROD-088,1,4489.53,4489.53,COMPLETED,2026-09-18 04:33:15
ORD-9070,SEL-001,CUST-0028,PROD-099,1,2498.74,2498.74,COMPLETED,2026-09-18 04:41:44
ORD-9071,SEL-001,CUST-0055,PROD-042,1,3244.43,3244.43,COMPLETED,2026-09-18 04:50:12
ORD-9072,SEL-001,CUST-0146,PROD-064,1,2617.04,2617.04,COMPLETED,2026-09-18 04:58:56
ORD-9073,SEL-001,CUST-0191,PROD-084,2,2734.49,5468.98,COMPLETED,2026-09-18 05:07:15
ORD-9074,SEL-001,CUST-0389,PROD-005,1,3380.0,3380.0,COMPLETED,2026-09-18 05:15:53
ORD-9075,SEL-001,CUST-0185,PROD-047,1,1239.36,1239.36,COMPLETED,2026-09-18 05:24:36
ORD-9076,SEL-001,CUST-0431,PROD-041,1,2703.75,2703.75,COMPLETED,2026-09-18 05:33:09
ORD-9077,SEL-001,CUST-0289,PROD-003,1,1418.87,1418.87,COMPLETED,2026-09-18 05:41:42
ORD-9078,SEL-001,CUST-0168,PROD-072,1,1146.68,1146.68,COMPLETED,2026-09-18 05:50:05
ORD-9079,SEL-001,CUST-0010,PROD-046,1,589.12,589.12,COMPLETED,2026-09-18 05:58:41
ORD-9080,SEL-001,CUST-0182,P17,1,1100.0,1100.0,COMPLETED,2026-09-18 06:07:23
ORD-9081,SEL-001,CUST-0258,PROD-035,1,4385.74,4385.74,COMPLETED,2026-09-18 06:15:29
ORD-9082,SEL-001,CUST-0259,PROD-027,1,1680.53,1680.53,COMPLETED,2026-09-18 06:24:09
ORD-9083,SEL-001,CUST-0457,PROD-010,1,376.64,376.64,COMPLETED,2026-09-18 06:32:49
ORD-9084,SEL-001,CUST-0306,PROD-035,1,4385.74,4385.74,COMPLETED,2026-09-18 06:41:03
ORD-9085,SEL-001,CUST-0473,PROD-049,1,1431.39,1431.39,COMPLETED,2026-09-18 06:49:56
ORD-9086,SEL-001,CUST-0457,PROD-004,1,1198.65,1198.65,COMPLETED,2026-09-18 06:58:25
ORD-9087,SEL-001,CUST-0382,PROD-051,1,1800.54,1800.54,COMPLETED,2026-09-18 07:07:00
ORD-9088,SEL-001,CUST-0063,PROD-086,1,1947.45,1947.45,COMPLETED,2026-09-18 07:15:33
ORD-9089,SEL-001,CUST-0171,PROD-071,1,1387.9,1387.9,COMPLETED,2026-09-18 07:23:59
ORD-9090,SEL-001,CUST-0108,PROD-011,1,1179.21,1179.21,COMPLETED,2026-09-18 07:32:18
ORD-9091,SEL-001,CUST-0071,PROD-089,1,2415.49,2415.49,COMPLETED,2026-09-18 07:41:00
ORD-9092,SEL-001,CUST-0177,PROD-055,1,4230.78,4230.78,COMPLETED,2026-09-18 07:49:44
ORD-9093,SEL-001,CUST-0359,PROD-034,1,2528.97,2528.97,COMPLETED,2026-09-18 07:58:03
ORD-9094,SEL-001,CUST-0255,PROD-064,1,2617.04,2617.04,COMPLETED,2026-09-18 08:06:26
ORD-9095,SEL-001,CUST-0252,PROD-063,2,2970.0,5940.0,COMPLETED,2026-09-18 08:15:13
ORD-9096,SEL-001,CUST-0052,PROD-040,1,3912.25,3912.25,COMPLETED,2026-09-18 08:23:50
ORD-9097,SEL-001,CUST-0305,PROD-062,1,4455.47,4455.47,COMPLETED,2026-09-18 08:32:11
ORD-9098,SEL-001,CUST-0234,PROD-091,1,450.24,450.24,COMPLETED,2026-09-18 08:40:46
ORD-9099,SEL-001,CUST-0441,PROD-073,1,4257.37,4257.37,COMPLETED,2026-09-18 08:49:03
ORD-9100,SEL-001,CUST-0169,PROD-083,1,1366.65,1366.65,COMPLETED,2026-09-18 08:57:59
ORD-9101,SEL-001,CUST-0353,PROD-088,1,4489.53,4489.53,COMPLETED,2026-09-18 09:06:17
ORD-9102,SEL-001,CUST-0496,PROD-029,1,661.04,661.04,COMPLETED,2026-09-18 09:15:03
ORD-9103,SEL-001,CUST-0251,PROD-075,1,1587.38,1587.38,COMPLETED,2026-09-18 09:23:15
ORD-9104,SEL-001,CUST-0370,PROD-055,2,4230.78,8461.56,COMPLETED,2026-09-18 09:31:58
ORD-9105,SEL-001,CUST-0066,PROD-011,1,1179.21,1179.21,COMPLETED,2026-09-18 09:40:16
ORD-9106,SEL-001,CUST-0455,PROD-031,1,2815.84,2815.84,COMPLETED,2026-09-18 09:49:07
ORD-9107,SEL-001,CUST-0244,PROD-048,2,679.26,1358.52,COMPLETED,2026-09-18 09:57:18
ORD-9108,SEL-001,CUST-0445,PROD-074,1,3974.56,3974.56,COMPLETED,2026-09-18 10:05:55
ORD-9109,SEL-001,CUST-0417,PROD-094,2,3616.34,7232.68,COMPLETED,2026-09-18 10:14:46
ORD-9110,SEL-001,CUST-0422,PROD-024,1,1696.06,1696.06,COMPLETED,2026-09-18 10:22:58
ORD-9111,SEL-001,CUST-0286,PROD-032,1,3680.3,3680.3,COMPLETED,2026-09-18 10:31:27
ORD-9112,SEL-001,CUST-0441,PROD-008,2,619.49,1238.98,COMPLETED,2026-09-18 10:40:20
ORD-9113,SEL-001,CUST-0295,PROD-075,1,1587.38,1587.38,COMPLETED,2026-09-18 10:48:53
ORD-9114,SEL-001,CUST-0007,PROD-046,1,589.12,589.12,COMPLETED,2026-09-18 10:57:17
ORD-9115,SEL-001,CUST-0106,PROD-022,1,3674.73,3674.73,COMPLETED,2026-09-18 11:05:50
ORD-9116,SEL-001,CUST-0218,PROD-095,1,2044.18,2044.18,COMPLETED,2026-09-18 11:14:09
ORD-9117,SEL-001,CUST-0028,PROD-080,2,1375.74,2751.48,COMPLETED,2026-09-18 11:22:58
ORD-9118,SEL-001,CUST-0035,PROD-080,1,1375.74,1375.74,COMPLETED,2026-09-18 11:31:24
ORD-9119,SEL-001,CUST-0279,PROD-092,1,716.01,716.01,COMPLETED,2026-09-18 11:40:09
ORD-9120,SEL-001,CUST-0412,PROD-001,1,2967.56,2967.56,COMPLETED,2026-09-18 11:48:39
ORD-9121,SEL-001,CUST-0225,PROD-030,1,3851.85,3851.85,COMPLETED,2026-09-18 11:57:07
ORD-9122,SEL-001,CUST-0107,PROD-086,1,1947.45,1947.45,COMPLETED,2026-09-18 12:05:44
ORD-9123,SEL-001,CUST-0157,PROD-041,1,2703.75,2703.75,COMPLETED,2026-09-18 12:13:56
ORD-9124,SEL-001,CUST-0452,PROD-002,1,356.3,356.3,COMPLETED,2026-09-18 12:22:38
ORD-9125,SEL-001,CUST-0165,PROD-065,1,3159.61,3159.61,COMPLETED,2026-09-18 12:31:06
ORD-9126,SEL-001,CUST-0136,PROD-013,1,362.78,362.78,COMPLETED,2026-09-18 12:39:56
ORD-9127,SEL-001,CUST-0342,PROD-023,1,3217.09,3217.09,COMPLETED,2026-09-18 12:47:59
ORD-9128,SEL-001,CUST-0165,PROD-018,1,1186.87,1186.87,COMPLETED,2026-09-18 12:56:47
ORD-9129,SEL-001,CUST-0247,PROD-071,1,1387.9,1387.9,COMPLETED,2026-09-18 13:05:18
ORD-9130,SEL-001,CUST-0249,PROD-029,1,661.04,661.04,COMPLETED,2026-09-18 13:13:51
ORD-9131,SEL-001,CUST-0395,PROD-042,2,3244.43,6488.86,COMPLETED,2026-09-18 13:22:20
ORD-9132,SEL-001,CUST-0111,PROD-058,1,977.34,977.34,COMPLETED,2026-09-18 13:30:46
ORD-9133,SEL-001,CUST-0349,PROD-008,1,619.49,619.49,COMPLETED,2026-09-18 13:39:24
ORD-9134,SEL-001,CUST-0110,PROD-030,1,3851.85,3851.85,COMPLETED,2026-09-18 13:47:55
ORD-9135,SEL-001,CUST-0368,PROD-012,2,2397.76,4795.52,COMPLETED,2026-09-18 13:56:17
ORD-9136,SEL-001,CUST-0171,PROD-029,1,661.04,661.04,COMPLETED,2026-09-18 14:05:05
ORD-9137,SEL-001,CUST-0372,PROD-025,1,910.79,910.79,COMPLETED,2026-09-18 14:13:25
ORD-9138,SEL-001,CUST-0253,PROD-060,1,944.46,944.46,COMPLETED,2026-09-18 14:22:06
ORD-9139,SEL-001,CUST-0293,PROD-028,1,644.17,644.17,COMPLETED,2026-09-18 14:30:38
ORD-9140,SEL-001,CUST-0298,PROD-007,2,4041.76,8083.52,COMPLETED,2026-09-18 14:39:13
ORD-9141,SEL-001,CUST-0190,PROD-006,1,3125.97,3125.97,COMPLETED,2026-09-18 14:47:57
ORD-9142,SEL-001,CUST-0094,PROD-058,2,977.34,1954.68,COMPLETED,2026-09-18 14:56:12
ORD-9143,SEL-001,CUST-0221,PROD-062,1,4455.47,4455.47,COMPLETED,2026-09-18 15:04:41
ORD-9144,SEL-001,CUST-0472,PROD-099,1,2498.74,2498.74,COMPLETED,2026-09-18 15:13:29
ORD-9145,SEL-001,CUST-0295,PROD-004,1,1198.65,1198.65,COMPLETED,2026-09-18 15:21:40
ORD-9146,SEL-001,CUST-0414,PROD-057,1,2838.81,2838.81,COMPLETED,2026-09-18 15:30:20
ORD-9147,SEL-001,CUST-0417,PROD-021,2,277.62,555.24,COMPLETED,2026-09-18 15:38:40
ORD-9148,SEL-001,CUST-0319,PROD-071,1,1387.9,1387.9,COMPLETED,2026-09-18 15:47:13
ORD-9149,SEL-001,CUST-0434,PROD-090,2,636.37,1272.74,COMPLETED,2026-09-18 15:55:44
ORD-9150,SEL-001,CUST-0276,PROD-078,1,4136.83,4136.83,COMPLETED,2026-09-18 16:04:45
ORD-9151,SEL-001,CUST-0213,PROD-096,1,519.99,519.99,COMPLETED,2026-09-18 16:13:15
ORD-9152,SEL-001,CUST-0488,PROD-096,1,519.99,519.99,COMPLETED,2026-09-18 16:21:30
ORD-9153,SEL-001,CUST-0423,PROD-034,1,2528.97,2528.97,COMPLETED,2026-09-18 16:29:54
ORD-9154,SEL-001,CUST-0134,PROD-082,1,2635.81,2635.81,COMPLETED,2026-09-18 16:38:34
ORD-9155,SEL-001,CUST-0472,PROD-089,1,2415.49,2415.49,COMPLETED,2026-09-18 16:47:24
ORD-9156,SEL-001,CUST-0144,P17,1,1100.0,1100.0,COMPLETED,2026-09-18 16:55:53
ORD-9157,SEL-001,CUST-0202,PROD-041,1,2703.75,2703.75,COMPLETED,2026-09-18 17:04:23
ORD-9158,SEL-001,CUST-0019,PROD-004,1,1198.65,1198.65,COMPLETED,2026-09-18 17:12:39
ORD-9159,SEL-001,CUST-0322,PROD-005,1,3380.0,3380.0,COMPLETED,2026-09-18 17:21:31
ORD-9160,SEL-001,CUST-0199,PROD-003,1,1418.87,1418.87,COMPLETED,2026-09-18 17:29:37
ORD-9161,SEL-001,CUST-0403,PROD-056,1,3004.15,3004.15,COMPLETED,2026-09-18 17:38:33
ORD-9162,SEL-001,CUST-0500,PROD-006,2,3125.97,6251.94,COMPLETED,2026-09-18 17:46:41
ORD-9163,SEL-001,CUST-0366,PROD-046,1,589.12,589.12,COMPLETED,2026-09-18 17:55:22
ORD-9164,SEL-001,CUST-0406,PROD-094,2,3616.34,7232.68,COMPLETED,2026-09-18 18:04:01
ORD-9165,SEL-001,CUST-0088,PROD-003,1,1418.87,1418.87,COMPLETED,2026-09-18 18:12:28
ORD-9166,SEL-001,CUST-0310,PROD-037,1,2596.17,2596.17,COMPLETED,2026-09-18 18:21:07
ORD-9167,SEL-001,CUST-0217,PROD-025,1,910.79,910.79,COMPLETED,2026-09-18 18:29:35
ORD-9168,SEL-001,CUST-0170,PROD-012,2,2397.76,4795.52,COMPLETED,2026-09-18 18:38:12
ORD-9169,SEL-001,CUST-0457,PROD-050,1,2951.66,2951.66,COMPLETED,2026-09-18 18:46:46
ORD-9170,SEL-001,CUST-0031,PROD-016,1,2566.0,2566.0,COMPLETED,2026-09-18 18:55:08
ORD-9171,SEL-001,CUST-0158,PROD-044,2,1218.57,2437.14,COMPLETED,2026-09-18 19:03:29
ORD-9172,SEL-001,CUST-0476,PROD-100,1,4377.08,4377.08,COMPLETED,2026-09-18 19:12:27
ORD-9173,SEL-001,CUST-0351,PROD-062,2,4455.47,8910.94,COMPLETED,2026-09-18 19:20:46
ORD-9174,SEL-001,CUST-0199,PROD-099,1,2498.74,2498.74,COMPLETED,2026-09-18 19:29:26
ORD-9175,SEL-001,CUST-0354,PROD-030,1,3851.85,3851.85,COMPLETED,2026-09-18 19:37:38
ORD-9176,SEL-001,CUST-0063,PROD-052,1,1823.27,1823.27,COMPLETED,2026-09-18 19:46:16
ORD-9177,SEL-001,CUST-0494,PROD-053,1,1140.4,1140.4,COMPLETED,2026-09-18 19:54:50
ORD-9178,SEL-001,CUST-0195,PROD-037,1,2596.17,2596.17,COMPLETED,2026-09-18 20:03:21
ORD-9179,SEL-001,CUST-0311,PROD-024,1,1696.06,1696.06,COMPLETED,2026-09-18 20:12:01
ORD-9180,SEL-001,CUST-0341,PROD-024,1,1696.06,1696.06,COMPLETED,2026-09-18 20:20:47
ORD-9181,SEL-001,CUST-0046,PROD-031,2,2815.84,5631.68,COMPLETED,2026-09-18 20:29:16
ORD-9182,SEL-001,CUST-0483,PROD-088,1,4489.53,4489.53,COMPLETED,2026-09-18 20:37:29
ORD-9183,SEL-001,CUST-0305,PROD-021,1,277.62,277.62,COMPLETED,2026-09-18 20:46:16
ORD-9184,SEL-001,CUST-0167,PROD-012,1,2397.76,2397.76,COMPLETED,2026-09-18 20:54:48
ORD-9185,SEL-001,CUST-0154,PROD-074,2,3974.56,7949.12,COMPLETED,2026-09-18 21:03:24
ORD-9186,SEL-001,CUST-0197,PROD-098,2,4483.52,8967.04,COMPLETED,2026-09-18 21:11:39
ORD-9187,SEL-001,CUST-0121,PROD-075,1,1587.38,1587.38,COMPLETED,2026-09-18 21:20:14
ORD-9188,SEL-001,CUST-0380,PROD-065,1,3159.61,3159.61,COMPLETED,2026-09-18 21:28:51
ORD-9189,SEL-001,CUST-0204,PROD-087,1,1182.11,1182.11,COMPLETED,2026-09-18 21:37:21
ORD-9190,SEL-001,CUST-0438,PROD-027,1,1680.53,1680.53,COMPLETED,2026-09-18 21:45:46
ORD-9191,SEL-001,CUST-0141,PROD-045,1,1479.9,1479.9,COMPLETED,2026-09-18 21:54:17
ORD-9192,SEL-001,CUST-0233,P17,1,1100.0,1100.0,COMPLETED,2026-09-18 22:02:59
ORD-9193,SEL-001,CUST-0227,PROD-059,1,3348.79,3348.79,COMPLETED,2026-09-18 22:11:23
ORD-9194,SEL-001,CUST-0386,PROD-079,1,2200.12,2200.12,COMPLETED,2026-09-18 22:19:58
ORD-9195,SEL-001,CUST-0458,PROD-049,1,1431.39,1431.39,COMPLETED,2026-09-18 22:28:24
ORD-9196,SEL-001,CUST-0337,PROD-027,1,1680.53,1680.53,COMPLETED,2026-09-18 22:37:08
ORD-9197,SEL-001,CUST-0255,PROD-002,1,356.3,356.3,COMPLETED,2026-09-18 22:45:40
ORD-9198,SEL-001,CUST-0439,PROD-074,1,3974.56,3974.56,COMPLETED,2026-09-18 22:54:18
ORD-9199,SEL-001,CUST-0335,PROD-028,1,644.17,644.17,COMPLETED,2026-09-18 23:02:53
ORD-9200,SEL-001,CUST-0344,PROD-054,1,1384.66,1384.66,COMPLETED,2026-09-18 23:11:18
ORD-9201,SEL-001,CUST-0143,PROD-062,2,4455.47,8910.94,COMPLETED,2026-09-18 23:19:57
ORD-9202,SEL-001,CUST-0140,P17,1,1100.0,1100.0,COMPLETED,2026-09-18 23:28:05
ORD-9203,SEL-001,CUST-0484,PROD-018,2,1186.87,2373.74,COMPLETED,2026-09-18 23:36:48
ORD-9204,SEL-001,CUST-0010,PROD-047,1,1239.36,1239.36,COMPLETED,2026-09-18 23:45:30
ORD-9205,SEL-001,CUST-0145,P17,1,1100.0,1100.0,COMPLETED,2026-09-18 23:53:58
ORD-9206,SEL-001,CUST-0450,PROD-059,1,3348.79,3348.79,COMPLETED,2026-09-19 00:02:30
ORD-9207,SEL-001,CUST-0323,PROD-034,2,2528.97,5057.94,COMPLETED,2026-09-19 00:10:55
ORD-9208,SEL-001,CUST-0282,PROD-044,1,1218.57,1218.57,COMPLETED,2026-09-19 00:19:38
ORD-9209,SEL-001,CUST-0243,PROD-097,1,1871.88,1871.88,COMPLETED,2026-09-19 00:28:07
ORD-9210,SEL-001,CUST-0174,PROD-024,1,1696.06,1696.06,COMPLETED,2026-09-19 00:36:45
ORD-9211,SEL-001,CUST-0014,PROD-044,2,1218.57,2437.14,COMPLETED,2026-09-19 00:45:01
ORD-9212,SEL-001,CUST-0231,PROD-094,1,3616.34,3616.34,COMPLETED,2026-09-19 00:53:44
ORD-9213,SEL-001,CUST-0357,PROD-061,1,1862.69,1862.69,COMPLETED,2026-09-19 01:02:17
ORD-9214,SEL-001,CUST-0451,PROD-008,2,619.49,1238.98,COMPLETED,2026-09-19 01:10:43
ORD-9215,SEL-001,CUST-0431,PROD-021,1,277.62,277.62,COMPLETED,2026-09-19 01:19:07
ORD-9216,SEL-001,CUST-0419,PROD-031,1,2815.84,2815.84,COMPLETED,2026-09-19 01:27:44
ORD-9217,SEL-001,CUST-0277,P17,1,1100.0,1100.0,COMPLETED,2026-09-19 01:36:22
ORD-9218,SEL-001,CUST-0349,PROD-034,1,2528.97,2528.97,COMPLETED,2026-09-19 01:44:48
ORD-9219,SEL-001,CUST-0308,PROD-037,1,2596.17,2596.17,COMPLETED,2026-09-19 01:53:31
ORD-9220,SEL-001,CUST-0492,PROD-051,1,1800.54,1800.54,COMPLETED,2026-09-19 02:01:40
ORD-9221,SEL-001,CUST-0245,PROD-100,1,4377.08,4377.08,COMPLETED,2026-09-19 02:10:18
ORD-9222,SEL-001,CUST-0143,PROD-054,2,1384.66,2769.32,COMPLETED,2026-09-19 02:18:47
ORD-9223,SEL-001,CUST-0301,PROD-025,2,910.79,1821.58,COMPLETED,2026-09-19 02:27:17
ORD-9224,SEL-001,CUST-0012,PROD-088,1,4489.53,4489.53,COMPLETED,2026-09-19 02:35:57
ORD-9225,SEL-001,CUST-0091,PROD-013,1,362.78,362.78,COMPLETED,2026-09-19 02:44:39
ORD-9226,SEL-001,CUST-0314,PROD-008,1,619.49,619.49,COMPLETED,2026-09-19 02:53:05
ORD-9227,SEL-001,CUST-0028,PROD-006,1,3125.97,3125.97,COMPLETED,2026-09-19 03:01:30
ORD-9228,SEL-001,CUST-0387,PROD-040,1,3912.25,3912.25,COMPLETED,2026-09-19 03:10:02
ORD-9229,SEL-001,CUST-0107,PROD-062,1,4455.47,4455.47,COMPLETED,2026-09-19 03:18:32
ORD-9230,SEL-001,CUST-0294,PROD-023,1,3217.09,3217.09,COMPLETED,2026-09-19 03:27:13
ORD-9231,SEL-001,CUST-0051,PROD-012,1,2397.76,2397.76,COMPLETED,2026-09-19 03:35:41
ORD-9232,SEL-001,CUST-0181,PROD-079,1,2200.12,2200.12,COMPLETED,2026-09-19 03:44:24
ORD-9233,SEL-001,CUST-0294,PROD-054,2,1384.66,2769.32,COMPLETED,2026-09-19 03:52:41
ORD-9234,SEL-001,CUST-0055,PROD-071,1,1387.9,1387.9,COMPLETED,2026-09-19 04:01:10
ORD-9235,SEL-001,CUST-0135,PROD-046,1,589.12,589.12,COMPLETED,2026-09-19 04:09:43
ORD-9236,SEL-001,CUST-0335,PROD-025,1,910.79,910.79,COMPLETED,2026-09-19 04:18:14
ORD-9237,SEL-001,CUST-0384,PROD-048,1,679.26,679.26,COMPLETED,2026-09-19 04:27:12
ORD-9238,SEL-001,CUST-0349,PROD-075,1,1587.38,1587.38,COMPLETED,2026-09-19 04:35:29
ORD-9239,SEL-001,CUST-0475,PROD-025,1,910.79,910.79,COMPLETED,2026-09-19 04:44:18
ORD-9240,SEL-001,CUST-0183,PROD-087,1,1182.11,1182.11,COMPLETED,2026-09-19 04:52:35
ORD-9241,SEL-001,CUST-0082,PROD-039,1,2878.71,2878.71,COMPLETED,2026-09-19 05:01:20
ORD-9242,SEL-001,CUST-0124,PROD-071,1,1387.9,1387.9,COMPLETED,2026-09-19 05:09:39
ORD-9243,SEL-001,CUST-0125,P17,2,1100.0,2200.0,COMPLETED,2026-09-19 05:18:19
ORD-9244,SEL-001,CUST-0244,PROD-088,1,4489.53,4489.53,COMPLETED,2026-09-19 05:26:42
ORD-9245,SEL-001,CUST-0105,PROD-052,1,1823.27,1823.27,COMPLETED,2026-09-19 05:35:18
ORD-9246,SEL-001,CUST-0169,PROD-021,1,277.62,277.62,COMPLETED,2026-09-19 05:43:59
ORD-9247,SEL-001,CUST-0143,PROD-084,1,2734.49,2734.49,COMPLETED,2026-09-19 05:52:09
ORD-9248,SEL-001,CUST-0262,PROD-060,1,944.46,944.46,COMPLETED,2026-09-19 06:00:59
ORD-9249,SEL-001,CUST-0237,PROD-063,1,2970.0,2970.0,COMPLETED,2026-09-19 06:09:31
ORD-9250,SEL-001,CUST-0451,PROD-073,1,4257.37,4257.37,COMPLETED,2026-09-19 06:17:57
ORD-9251,SEL-001,CUST-0411,PROD-068,2,1223.45,2446.9,COMPLETED,2026-09-19 06:26:15
ORD-9252,SEL-001,CUST-0250,PROD-064,1,2617.04,2617.04,COMPLETED,2026-09-19 06:35:01
ORD-9253,SEL-001,CUST-0043,PROD-003,1,1418.87,1418.87,COMPLETED,2026-09-19 06:43:36
ORD-9254,SEL-001,CUST-0402,PROD-049,2,1431.39,2862.78,COMPLETED,2026-09-19 06:52:16
ORD-9255,SEL-001,CUST-0161,PROD-096,1,519.99,519.99,COMPLETED,2026-09-19 07:00:33
ORD-9256,SEL-001,CUST-0113,PROD-066,1,3832.12,3832.12,COMPLETED,2026-09-19 07:09:08
ORD-9257,SEL-001,CUST-0459,P17,1,1100.0,1100.0,COMPLETED,2026-09-19 07:17:47
ORD-9258,SEL-001,CUST-0305,PROD-036,1,1858.77,1858.77,COMPLETED,2026-09-19 07:26:01
ORD-9259,SEL-001,CUST-0029,PROD-024,1,1696.06,1696.06,COMPLETED,2026-09-19 07:34:43
ORD-9260,SEL-001,CUST-0052,PROD-051,1,1800.54,1800.54,COMPLETED,2026-09-19 07:43:30
ORD-9261,SEL-001,CUST-0041,PROD-048,1,679.26,679.26,COMPLETED,2026-09-19 07:51:33
ORD-9262,SEL-001,CUST-0016,PROD-093,1,2916.65,2916.65,COMPLETED,2026-09-19 08:00:07
ORD-9263,SEL-001,CUST-0227,PROD-012,1,2397.76,2397.76,COMPLETED,2026-09-19 08:08:49
ORD-9264,SEL-001,CUST-0024,PROD-092,1,716.01,716.01,COMPLETED,2026-09-19 08:17:31
ORD-9265,SEL-001,CUST-0141,PROD-012,2,2397.76,4795.52,COMPLETED,2026-09-19 08:25:55
ORD-9266,SEL-001,CUST-0488,P17,1,1100.0,1100.0,COMPLETED,2026-09-19 08:34:26
ORD-9267,SEL-001,CUST-0484,PROD-090,2,636.37,1272.74,COMPLETED,2026-09-19 08:42:50
ORD-9268,SEL-001,CUST-0110,PROD-031,1,2815.84,2815.84,COMPLETED,2026-09-19 08:51:32
ORD-9269,SEL-001,CUST-0338,PROD-001,1,2967.56,2967.56,COMPLETED,2026-09-19 09:00:10
ORD-9270,SEL-001,CUST-0290,PROD-021,1,277.62,277.62,COMPLETED,2026-09-19 09:08:31
ORD-9271,SEL-001,CUST-0316,PROD-021,2,277.62,555.24,COMPLETED,2026-09-19 09:17:11
ORD-9272,SEL-001,CUST-0008,PROD-054,1,1384.66,1384.66,COMPLETED,2026-09-19 09:25:34
ORD-9273,SEL-001,CUST-0139,PROD-076,1,3035.61,3035.61,COMPLETED,2026-09-19 09:34:08
ORD-9274,SEL-001,CUST-0469,PROD-011,2,1179.21,2358.42,COMPLETED,2026-09-19 09:42:35
ORD-9275,SEL-001,CUST-0278,PROD-036,1,1858.77,1858.77,COMPLETED,2026-09-19 09:51:12
ORD-9276,SEL-001,CUST-0286,PROD-004,2,1198.65,2397.3,COMPLETED,2026-09-19 10:00:00
ORD-9277,SEL-001,CUST-0174,PROD-041,1,2703.75,2703.75,COMPLETED,2026-09-19 10:08:15
ORD-9278,SEL-001,CUST-0058,PROD-042,1,3244.43,3244.43,COMPLETED,2026-09-19 10:17:00
ORD-9279,SEL-001,CUST-0472,PROD-053,1,1140.4,1140.4,COMPLETED,2026-09-19 10:25:40
ORD-9280,SEL-001,CUST-0208,PROD-025,1,910.79,910.79,COMPLETED,2026-09-19 10:33:57
ORD-9281,SEL-001,CUST-0408,PROD-097,1,1871.88,1871.88,COMPLETED,2026-09-19 10:42:22
ORD-9282,SEL-001,CUST-0214,PROD-042,1,3244.43,3244.43,COMPLETED,2026-09-19 10:50:59
ORD-9283,SEL-001,CUST-0171,PROD-041,1,2703.75,2703.75,COMPLETED,2026-09-19 10:59:46
ORD-9284,SEL-001,CUST-0206,PROD-097,1,1871.88,1871.88,COMPLETED,2026-09-19 11:07:59
ORD-9285,SEL-001,CUST-0340,PROD-065,1,3159.61,3159.61,COMPLETED,2026-09-19 11:16:30
ORD-9286,SEL-001,CUST-0390,PROD-034,2,2528.97,5057.94,COMPLETED,2026-09-19 11:25:17
ORD-9287,SEL-001,CUST-0256,PROD-014,1,1095.06,1095.06,COMPLETED,2026-09-19 11:33:31
ORD-9288,SEL-001,CUST-0424,PROD-049,1,1431.39,1431.39,COMPLETED,2026-09-19 11:42:15
ORD-9289,SEL-001,CUST-0485,PROD-064,1,2617.04,2617.04,COMPLETED,2026-09-19 11:50:31
ORD-9290,SEL-001,CUST-0467,PROD-072,1,1146.68,1146.68,COMPLETED,2026-09-19 11:59:14
ORD-9291,SEL-001,CUST-0196,PROD-042,2,3244.43,6488.86,COMPLETED,2026-09-19 12:07:52
ORD-9292,SEL-001,CUST-0149,PROD-039,2,2878.71,5757.42,COMPLETED,2026-09-19 12:16:30
ORD-9293,SEL-001,CUST-0320,PROD-034,1,2528.97,2528.97,COMPLETED,2026-09-19 12:24:43
ORD-9294,SEL-001,CUST-0405,PROD-068,1,1223.45,1223.45,COMPLETED,2026-09-19 12:33:26
ORD-9295,SEL-001,CUST-0023,PROD-016,1,2566.0,2566.0,COMPLETED,2026-09-19 12:42:10
ORD-9296,SEL-001,CUST-0213,PROD-023,1,3217.09,3217.09,COMPLETED,2026-09-19 12:50:36
ORD-9297,SEL-001,CUST-0486,PROD-006,1,3125.97,3125.97,COMPLETED,2026-09-19 12:59:06
ORD-9298,SEL-001,CUST-0372,PROD-065,1,3159.61,3159.61,COMPLETED,2026-09-19 13:07:32
ORD-9299,SEL-001,CUST-0475,P17,2,1100.0,2200.0,COMPLETED,2026-09-19 13:16:20
ORD-9300,SEL-001,CUST-0225,PROD-006,1,3125.97,3125.97,COMPLETED,2026-09-19 13:24:25
ORD-9301,SEL-001,CUST-0113,PROD-074,1,3974.56,3974.56,COMPLETED,2026-09-19 13:33:03
ORD-9302,SEL-001,CUST-0306,PROD-060,1,944.46,944.46,COMPLETED,2026-09-19 13:41:34
ORD-9303,SEL-001,CUST-0025,PROD-016,2,2566.0,5132.0,COMPLETED,2026-09-19 13:50:20
ORD-9304,SEL-001,CUST-0020,P17,1,1100.0,1100.0,COMPLETED,2026-09-19 13:58:41
ORD-9305,SEL-001,CUST-0426,PROD-045,1,1479.9,1479.9,COMPLETED,2026-09-19 14:07:25
ORD-9306,SEL-001,CUST-0275,PROD-001,2,2967.56,5935.12,COMPLETED,2026-09-19 14:15:58
ORD-9307,SEL-001,CUST-0129,PROD-037,2,2596.17,5192.34,COMPLETED,2026-09-19 14:24:24
ORD-9308,SEL-001,CUST-0053,PROD-055,2,4230.78,8461.56,COMPLETED,2026-09-19 14:32:52
ORD-9309,SEL-001,CUST-0222,P17,1,1100.0,1100.0,COMPLETED,2026-09-19 14:41:12
ORD-9310,SEL-001,CUST-0409,PROD-071,1,1387.9,1387.9,COMPLETED,2026-09-19 14:49:49
ORD-9311,SEL-001,CUST-0061,PROD-002,2,356.3,712.6,COMPLETED,2026-09-19 14:58:43
ORD-9312,SEL-001,CUST-0057,PROD-058,2,977.34,1954.68,COMPLETED,2026-09-19 15:06:52
ORD-9313,SEL-001,CUST-0249,PROD-026,1,4318.16,4318.16,COMPLETED,2026-09-19 15:15:39
ORD-9314,SEL-001,CUST-0499,PROD-089,1,2415.49,2415.49,COMPLETED,2026-09-19 15:24:21
ORD-9315,SEL-001,CUST-0053,PROD-099,1,2498.74,2498.74,COMPLETED,2026-09-19 15:32:42
ORD-9316,SEL-001,CUST-0138,PROD-089,1,2415.49,2415.49,COMPLETED,2026-09-19 15:41:21
ORD-9317,SEL-001,CUST-0303,PROD-069,2,386.43,772.86,COMPLETED,2026-09-19 15:49:40
ORD-9318,SEL-001,CUST-0091,PROD-022,1,3674.73,3674.73,COMPLETED,2026-09-19 15:58:02
ORD-9319,SEL-001,CUST-0032,PROD-054,1,1384.66,1384.66,COMPLETED,2026-09-19 16:06:36
ORD-9320,SEL-001,CUST-0184,PROD-085,1,4065.75,4065.75,COMPLETED,2026-09-19 16:15:08
ORD-9321,SEL-001,CUST-0448,PROD-092,1,716.01,716.01,COMPLETED,2026-09-19 16:23:48
ORD-9322,SEL-001,CUST-0124,PROD-029,2,661.04,1322.08,COMPLETED,2026-09-19 16:32:30
ORD-9323,SEL-001,CUST-0181,PROD-080,1,1375.74,1375.74,COMPLETED,2026-09-19 16:40:59
ORD-9324,SEL-001,CUST-0461,PROD-010,1,376.64,376.64,COMPLETED,2026-09-19 16:49:26
ORD-9325,SEL-001,CUST-0208,PROD-045,1,1479.9,1479.9,COMPLETED,2026-09-19 16:58:02
ORD-9326,SEL-001,CUST-0383,PROD-007,1,4041.76,4041.76,COMPLETED,2026-09-19 17:06:43
ORD-9327,SEL-001,CUST-0193,PROD-025,2,910.79,1821.58,COMPLETED,2026-09-19 17:15:15
ORD-9328,SEL-001,CUST-0076,PROD-036,1,1858.77,1858.77,COMPLETED,2026-09-19 17:23:39
ORD-9329,SEL-001,CUST-0468,P17,1,1100.0,1100.0,COMPLETED,2026-09-19 17:32:22
ORD-9330,SEL-001,CUST-0287,PROD-060,1,944.46,944.46,COMPLETED,2026-09-19 17:40:38
ORD-9331,SEL-001,CUST-0333,PROD-064,2,2617.04,5234.08,COMPLETED,2026-09-19 17:49:25
ORD-9332,SEL-001,CUST-0469,PROD-037,2,2596.17,5192.34,COMPLETED,2026-09-19 17:57:46
ORD-9333,SEL-001,CUST-0328,P17,1,1100.0,1100.0,COMPLETED,2026-09-19 18:06:02
ORD-9334,SEL-001,CUST-0148,PROD-031,2,2815.84,5631.68,COMPLETED,2026-09-19 18:14:49
ORD-9335,SEL-001,CUST-0289,PROD-004,1,1198.65,1198.65,COMPLETED,2026-09-19 18:23:30
ORD-9336,SEL-001,CUST-0116,PROD-041,1,2703.75,2703.75,COMPLETED,2026-09-19 18:31:38
ORD-9337,SEL-001,CUST-0363,PROD-090,2,636.37,1272.74,COMPLETED,2026-09-19 18:40:09
ORD-9338,SEL-001,CUST-0020,PROD-073,2,4257.37,8514.74,COMPLETED,2026-09-19 18:49:09
ORD-9339,SEL-001,CUST-0191,PROD-001,1,2967.56,2967.56,COMPLETED,2026-09-19 18:57:28
ORD-9340,SEL-001,CUST-0027,PROD-041,1,2703.75,2703.75,COMPLETED,2026-09-19 19:06:04
ORD-9341,SEL-001,CUST-0135,P17,1,1100.0,1100.0,COMPLETED,2026-09-19 19:14:18
ORD-9342,SEL-001,CUST-0082,PROD-055,1,4230.78,4230.78,COMPLETED,2026-09-19 19:22:49
ORD-9343,SEL-001,CUST-0003,PROD-099,1,2498.74,2498.74,COMPLETED,2026-09-19 19:31:27
ORD-9344,SEL-001,CUST-0026,PROD-016,2,2566.0,5132.0,COMPLETED,2026-09-19 19:40:18
ORD-9345,SEL-001,CUST-0168,PROD-043,1,444.75,444.75,COMPLETED,2026-09-19 19:48:55
ORD-9346,SEL-001,CUST-0261,PROD-070,1,1590.68,1590.68,COMPLETED,2026-09-19 19:57:14
ORD-9347,SEL-001,CUST-0196,PROD-022,1,3674.73,3674.73,COMPLETED,2026-09-19 20:05:29
ORD-9348,SEL-001,CUST-0084,PROD-029,1,661.04,661.04,COMPLETED,2026-09-19 20:14:15
ORD-9349,SEL-001,CUST-0493,PROD-010,1,376.64,376.64,COMPLETED,2026-09-19 20:22:37
ORD-9350,SEL-001,CUST-0060,PROD-021,1,277.62,277.62,COMPLETED,2026-09-19 20:31:06
ORD-9351,SEL-001,CUST-0225,PROD-061,1,1862.69,1862.69,COMPLETED,2026-09-19 20:40:02
ORD-9352,SEL-001,CUST-0007,PROD-016,1,2566.0,2566.0,COMPLETED,2026-09-19 20:48:20
ORD-9353,SEL-001,CUST-0355,PROD-068,1,1223.45,1223.45,COMPLETED,2026-09-19 20:57:05
ORD-9354,SEL-001,CUST-0184,PROD-038,1,3774.97,3774.97,COMPLETED,2026-09-19 21:05:14
ORD-9355,SEL-001,CUST-0480,PROD-064,1,2617.04,2617.04,COMPLETED,2026-09-19 21:14:08
ORD-9356,SEL-001,CUST-0377,PROD-009,1,2043.17,2043.17,COMPLETED,2026-09-19 21:22:26
ORD-9357,SEL-001,CUST-0429,PROD-099,1,2498.74,2498.74,COMPLETED,2026-09-19 21:31:19
ORD-9358,SEL-001,CUST-0075,PROD-049,1,1431.39,1431.39,COMPLETED,2026-09-19 21:39:41
ORD-9359,SEL-001,CUST-0136,PROD-066,1,3832.12,3832.12,COMPLETED,2026-09-19 21:48:12
ORD-9360,SEL-001,CUST-0291,PROD-087,1,1182.11,1182.11,COMPLETED,2026-09-19 21:56:27
ORD-9361,SEL-001,CUST-0025,PROD-007,1,4041.76,4041.76,COMPLETED,2026-09-19 22:05:17
ORD-9362,SEL-001,CUST-0024,PROD-020,1,3690.08,3690.08,COMPLETED,2026-09-19 22:13:55
ORD-9363,SEL-001,CUST-0105,PROD-079,1,2200.12,2200.12,COMPLETED,2026-09-19 22:22:05
ORD-9364,SEL-001,CUST-0331,PROD-009,1,2043.17,2043.17,COMPLETED,2026-09-19 22:30:38
ORD-9365,SEL-001,CUST-0297,PROD-025,1,910.79,910.79,COMPLETED,2026-09-19 22:39:18
ORD-9366,SEL-001,CUST-0180,PROD-025,1,910.79,910.79,COMPLETED,2026-09-19 22:47:51
ORD-9367,SEL-001,CUST-0496,PROD-077,2,1931.44,3862.88,COMPLETED,2026-09-19 22:56:33
ORD-9368,SEL-001,CUST-0216,PROD-016,1,2566.0,2566.0,COMPLETED,2026-09-19 23:05:12
ORD-9369,SEL-001,CUST-0164,PROD-038,1,3774.97,3774.97,COMPLETED,2026-09-19 23:13:32
ORD-9370,SEL-001,CUST-0476,PROD-069,1,386.43,386.43,COMPLETED,2026-09-19 23:22:06
ORD-9371,SEL-001,CUST-0450,PROD-030,1,3851.85,3851.85,COMPLETED,2026-09-19 23:30:33
ORD-9372,SEL-001,CUST-0066,PROD-036,1,1858.77,1858.77,COMPLETED,2026-09-19 23:38:51
ORD-9373,SEL-001,CUST-0417,PROD-067,1,3548.0,3548.0,COMPLETED,2026-09-19 23:47:29
ORD-9374,SEL-001,CUST-0339,PROD-001,1,2967.56,2967.56,COMPLETED,2026-09-19 23:55:58
ORD-9375,SEL-001,CUST-0372,PROD-020,1,3690.08,3690.08,COMPLETED,2026-09-20 00:04:46
ORD-9376,SEL-001,CUST-0399,PROD-100,1,4377.08,4377.08,COMPLETED,2026-09-20 00:12:59
ORD-9377,SEL-001,CUST-0195,PROD-039,1,2878.71,2878.71,COMPLETED,2026-09-20 00:22:00
ORD-9378,SEL-001,CUST-0079,PROD-095,1,2044.18,2044.18,COMPLETED,2026-09-20 00:30:23
ORD-9379,SEL-001,CUST-0260,PROD-055,1,4230.78,4230.78,COMPLETED,2026-09-20 00:38:58
ORD-9380,SEL-001,CUST-0106,PROD-063,1,2970.0,2970.0,COMPLETED,2026-09-20 00:47:18
ORD-9381,SEL-001,CUST-0397,PROD-019,1,2754.38,2754.38,COMPLETED,2026-09-20 00:55:56
ORD-9382,SEL-001,CUST-0289,PROD-012,1,2397.76,2397.76,COMPLETED,2026-09-20 01:04:12
ORD-9383,SEL-001,CUST-0087,PROD-064,1,2617.04,2617.04,COMPLETED,2026-09-20 01:13:00
ORD-9384,SEL-001,CUST-0051,PROD-051,1,1800.54,1800.54,COMPLETED,2026-09-20 01:21:26
ORD-9385,SEL-001,CUST-0408,PROD-053,1,1140.4,1140.4,COMPLETED,2026-09-20 01:30:15
ORD-9386,SEL-001,CUST-0479,PROD-023,1,3217.09,3217.09,COMPLETED,2026-09-20 01:38:35
ORD-9387,SEL-001,CUST-0217,PROD-074,1,3974.56,3974.56,COMPLETED,2026-09-20 01:47:19
ORD-9388,SEL-001,CUST-0438,PROD-088,2,4489.53,8979.06,COMPLETED,2026-09-20 01:55:35
ORD-9389,SEL-001,CUST-0082,PROD-007,1,4041.76,4041.76,COMPLETED,2026-09-20 02:04:24
ORD-9390,SEL-001,CUST-0088,PROD-035,1,4385.74,4385.74,COMPLETED,2026-09-20 02:12:38
ORD-9391,SEL-001,CUST-0217,PROD-010,1,376.64,376.64,COMPLETED,2026-09-20 02:20:59
ORD-9392,SEL-001,CUST-0324,PROD-086,1,1947.45,1947.45,COMPLETED,2026-09-20 02:29:36
ORD-9393,SEL-001,CUST-0227,P17,1,1100.0,1100.0,COMPLETED,2026-09-20 02:38:22
ORD-9394,SEL-001,CUST-0109,PROD-093,1,2916.65,2916.65,COMPLETED,2026-09-20 02:46:51
ORD-9395,SEL-001,CUST-0178,PROD-034,1,2528.97,2528.97,COMPLETED,2026-09-20 02:55:35
ORD-9396,SEL-001,CUST-0283,PROD-035,2,4385.74,8771.48,COMPLETED,2026-09-20 03:03:54
ORD-9397,SEL-001,CUST-0131,PROD-041,1,2703.75,2703.75,COMPLETED,2026-09-20 03:12:18
ORD-9398,SEL-001,CUST-0469,PROD-018,1,1186.87,1186.87,COMPLETED,2026-09-20 03:20:58
ORD-9399,SEL-001,CUST-0036,PROD-065,1,3159.61,3159.61,COMPLETED,2026-09-20 03:29:22
ORD-9400,SEL-001,CUST-0383,PROD-039,1,2878.71,2878.71,COMPLETED,2026-09-20 03:38:01
ORD-9401,SEL-001,CUST-0453,PROD-082,1,2635.81,2635.81,COMPLETED,2026-09-20 03:46:39
ORD-9402,SEL-001,CUST-0272,PROD-072,1,1146.68,1146.68,COMPLETED,2026-09-20 03:54:52
ORD-9403,SEL-001,CUST-0269,PROD-083,1,1366.65,1366.65,COMPLETED,2026-09-20 04:03:38
ORD-9404,SEL-001,CUST-0124,P17,1,1100.0,1100.0,COMPLETED,2026-09-20 04:12:22
ORD-9405,SEL-001,CUST-0271,PROD-037,2,2596.17,5192.34,COMPLETED,2026-09-20 04:20:44
ORD-9406,SEL-001,CUST-0489,PROD-070,2,1590.68,3181.36,COMPLETED,2026-09-20 04:29:25
ORD-9407,SEL-001,CUST-0376,PROD-092,1,716.01,716.01,COMPLETED,2026-09-20 04:37:52
ORD-9408,SEL-001,CUST-0431,PROD-044,1,1218.57,1218.57,COMPLETED,2026-09-20 04:46:07
ORD-9409,SEL-001,CUST-0305,PROD-093,1,2916.65,2916.65,COMPLETED,2026-09-20 04:54:51
ORD-9410,SEL-001,CUST-0255,PROD-021,1,277.62,277.62,COMPLETED,2026-09-20 05:03:11
ORD-9411,SEL-001,CUST-0181,PROD-079,1,2200.12,2200.12,COMPLETED,2026-09-20 05:11:41
ORD-9412,SEL-001,CUST-0271,PROD-002,2,356.3,712.6,COMPLETED,2026-09-20 05:20:13
ORD-9413,SEL-001,CUST-0367,PROD-033,2,3351.36,6702.72,COMPLETED,2026-09-20 05:28:52
ORD-9414,SEL-001,CUST-0227,PROD-053,2,1140.4,2280.8,COMPLETED,2026-09-20 05:37:26
ORD-9415,SEL-001,CUST-0315,PROD-066,1,3832.12,3832.12,COMPLETED,2026-09-20 05:46:07
ORD-9416,SEL-001,CUST-0324,PROD-044,1,1218.57,1218.57,COMPLETED,2026-09-20 05:54:31
ORD-9417,SEL-001,CUST-0172,PROD-055,1,4230.78,4230.78,COMPLETED,2026-09-20 06:03:01
ORD-9418,SEL-001,CUST-0294,PROD-060,1,944.46,944.46,COMPLETED,2026-09-20 06:11:30
ORD-9419,SEL-001,CUST-0242,PROD-006,1,3125.97,3125.97,COMPLETED,2026-09-20 06:20:10
ORD-9420,SEL-001,CUST-0397,PROD-030,1,3851.85,3851.85,COMPLETED,2026-09-20 06:28:39
ORD-9421,SEL-001,CUST-0476,PROD-053,1,1140.4,1140.4,COMPLETED,2026-09-20 06:37:30
ORD-9422,SEL-001,CUST-0316,PROD-026,1,4318.16,4318.16,COMPLETED,2026-09-20 06:45:40
ORD-9423,SEL-001,CUST-0269,PROD-020,1,3690.08,3690.08,COMPLETED,2026-09-20 06:54:24
ORD-9424,SEL-001,CUST-0333,PROD-054,1,1384.66,1384.66,COMPLETED,2026-09-20 07:02:50
ORD-9425,SEL-001,CUST-0045,PROD-047,1,1239.36,1239.36,COMPLETED,2026-09-20 07:11:22
ORD-9426,SEL-001,CUST-0284,PROD-040,1,3912.25,3912.25,COMPLETED,2026-09-20 07:20:01
ORD-9427,SEL-001,CUST-0362,PROD-099,1,2498.74,2498.74,COMPLETED,2026-09-20 07:28:15
ORD-9428,SEL-001,CUST-0119,PROD-001,1,2967.56,2967.56,COMPLETED,2026-09-20 07:37:00
ORD-9429,SEL-001,CUST-0040,PROD-055,1,4230.78,4230.78,COMPLETED,2026-09-20 07:45:40
ORD-9430,SEL-001,CUST-0326,PROD-075,1,1587.38,1587.38,COMPLETED,2026-09-20 07:54:01
ORD-9431,SEL-001,CUST-0401,P17,2,1100.0,2200.0,COMPLETED,2026-09-20 08:02:40
ORD-9432,SEL-001,CUST-0306,PROD-051,1,1800.54,1800.54,COMPLETED,2026-09-20 08:10:54
ORD-9433,SEL-001,CUST-0166,PROD-040,2,3912.25,7824.5,COMPLETED,2026-09-20 08:19:52
ORD-9434,SEL-001,CUST-0050,PROD-067,2,3548.0,7096.0,COMPLETED,2026-09-20 08:27:58
ORD-9435,SEL-001,CUST-0336,PROD-063,1,2970.0,2970.0,COMPLETED,2026-09-20 08:36:33
ORD-9436,SEL-001,CUST-0354,PROD-001,2,2967.56,5935.12,COMPLETED,2026-09-20 08:45:21
ORD-9437,SEL-001,CUST-0366,PROD-086,1,1947.45,1947.45,COMPLETED,2026-09-20 08:53:59
ORD-9438,SEL-001,CUST-0458,PROD-026,1,4318.16,4318.16,COMPLETED,2026-09-20 09:02:35
ORD-9439,SEL-001,CUST-0081,PROD-051,1,1800.54,1800.54,COMPLETED,2026-09-20 09:10:44
ORD-9440,SEL-001,CUST-0292,PROD-006,1,3125.97,3125.97,COMPLETED,2026-09-20 09:19:22
ORD-9441,SEL-001,CUST-0348,PROD-097,2,1871.88,3743.76,COMPLETED,2026-09-20 09:27:59
ORD-9442,SEL-001,CUST-0254,PROD-086,2,1947.45,3894.9,COMPLETED,2026-09-20 09:36:40
ORD-9443,SEL-001,CUST-0012,PROD-023,1,3217.09,3217.09,COMPLETED,2026-09-20 09:45:16
ORD-9444,SEL-001,CUST-0465,PROD-032,1,3680.3,3680.3,COMPLETED,2026-09-20 09:53:31
ORD-9445,SEL-001,CUST-0391,PROD-044,1,1218.57,1218.57,COMPLETED,2026-09-20 10:01:59
ORD-9446,SEL-001,CUST-0469,PROD-041,2,2703.75,5407.5,COMPLETED,2026-09-20 10:10:43
ORD-9447,SEL-001,CUST-0252,PROD-034,1,2528.97,2528.97,COMPLETED,2026-09-20 10:19:22
ORD-9448,SEL-001,CUST-0081,PROD-090,1,636.37,636.37,COMPLETED,2026-09-20 10:27:26
ORD-9449,SEL-001,CUST-0430,PROD-071,1,1387.9,1387.9,COMPLETED,2026-09-20 10:36:20
ORD-9450,SEL-001,CUST-0307,PROD-072,1,1146.68,1146.68,COMPLETED,2026-09-20 10:44:41
ORD-9451,SEL-001,CUST-0379,PROD-034,1,2528.97,2528.97,COMPLETED,2026-09-20 10:53:31
ORD-9452,SEL-001,CUST-0166,PROD-068,1,1223.45,1223.45,COMPLETED,2026-09-20 11:02:02
ORD-9453,SEL-001,CUST-0391,PROD-013,1,362.78,362.78,COMPLETED,2026-09-20 11:10:11
ORD-9454,SEL-001,CUST-0119,P17,1,1100.0,1100.0,COMPLETED,2026-09-20 11:19:01
ORD-9455,SEL-001,CUST-0309,PROD-059,1,3348.79,3348.79,COMPLETED,2026-09-20 11:27:14
ORD-9456,SEL-001,CUST-0148,PROD-100,1,4377.08,4377.08,COMPLETED,2026-09-20 11:36:06
ORD-9457,SEL-001,CUST-0159,PROD-059,1,3348.79,3348.79,COMPLETED,2026-09-20 11:44:36
ORD-9458,SEL-001,CUST-0256,PROD-094,1,3616.34,3616.34,COMPLETED,2026-09-20 11:53:15
ORD-9459,SEL-001,CUST-0439,PROD-059,1,3348.79,3348.79,COMPLETED,2026-09-20 12:01:28
ORD-9460,SEL-001,CUST-0202,PROD-080,1,1375.74,1375.74,COMPLETED,2026-09-20 12:10:15
ORD-9461,SEL-001,CUST-0379,PROD-028,1,644.17,644.17,COMPLETED,2026-09-20 12:18:48
ORD-9462,SEL-001,CUST-0408,P17,1,1100.0,1100.0,COMPLETED,2026-09-20 12:27:13
ORD-9463,SEL-001,CUST-0446,PROD-005,1,3380.0,3380.0,COMPLETED,2026-09-20 12:35:48
ORD-9464,SEL-001,CUST-0150,PROD-079,1,2200.12,2200.12,COMPLETED,2026-09-20 12:44:08
ORD-9465,SEL-001,CUST-0034,PROD-034,1,2528.97,2528.97,COMPLETED,2026-09-20 12:52:38
ORD-9466,SEL-001,CUST-0217,PROD-045,2,1479.9,2959.8,COMPLETED,2026-09-20 13:01:07
ORD-9467,SEL-001,CUST-0026,PROD-099,1,2498.74,2498.74,COMPLETED,2026-09-20 13:09:59
ORD-9468,SEL-001,CUST-0001,PROD-047,1,1239.36,1239.36,COMPLETED,2026-09-20 13:18:09
ORD-9469,SEL-001,CUST-0186,PROD-068,1,1223.45,1223.45,COMPLETED,2026-09-20 13:26:41
ORD-9470,SEL-001,CUST-0180,PROD-045,2,1479.9,2959.8,COMPLETED,2026-09-20 13:35:32
ORD-9471,SEL-001,CUST-0115,PROD-034,1,2528.97,2528.97,COMPLETED,2026-09-20 13:44:07
ORD-9472,SEL-001,CUST-0355,P17,1,1100.0,1100.0,COMPLETED,2026-09-20 13:52:29
ORD-9473,SEL-001,CUST-0111,PROD-094,1,3616.34,3616.34,COMPLETED,2026-09-20 14:01:07
ORD-9474,SEL-001,CUST-0150,PROD-058,1,977.34,977.34,COMPLETED,2026-09-20 14:09:39
ORD-9475,SEL-001,CUST-0138,PROD-080,1,1375.74,1375.74,COMPLETED,2026-09-20 14:18:20
ORD-9476,SEL-001,CUST-0373,PROD-020,1,3690.08,3690.08,COMPLETED,2026-09-20 14:26:45
ORD-9477,SEL-001,CUST-0407,PROD-051,1,1800.54,1800.54,COMPLETED,2026-09-20 14:34:58
ORD-9478,SEL-001,CUST-0262,PROD-033,1,3351.36,3351.36,COMPLETED,2026-09-20 14:43:48
ORD-9479,SEL-001,CUST-0259,PROD-099,1,2498.74,2498.74,COMPLETED,2026-09-20 14:52:16
ORD-9480,SEL-001,CUST-0250,PROD-004,1,1198.65,1198.65,COMPLETED,2026-09-20 15:00:33
ORD-9481,SEL-001,CUST-0331,PROD-082,1,2635.81,2635.81,COMPLETED,2026-09-20 15:09:34
ORD-9482,SEL-001,CUST-0112,PROD-052,1,1823.27,1823.27,COMPLETED,2026-09-20 15:17:57
ORD-9483,SEL-001,CUST-0448,PROD-026,1,4318.16,4318.16,COMPLETED,2026-09-20 15:26:29
ORD-9484,SEL-001,CUST-0002,PROD-064,1,2617.04,2617.04,COMPLETED,2026-09-20 15:34:44
ORD-9485,SEL-001,CUST-0252,PROD-066,1,3832.12,3832.12,COMPLETED,2026-09-20 15:43:35
ORD-9486,SEL-001,CUST-0329,PROD-078,2,4136.83,8273.66,COMPLETED,2026-09-20 15:52:11
ORD-9487,SEL-001,CUST-0169,PROD-084,1,2734.49,2734.49,COMPLETED,2026-09-20 16:00:37
ORD-9488,SEL-001,CUST-0428,PROD-050,1,2951.66,2951.66,COMPLETED,2026-09-20 16:09:01
ORD-9489,SEL-001,CUST-0154,PROD-035,1,4385.74,4385.74,COMPLETED,2026-09-20 16:17:36
ORD-9490,SEL-001,CUST-0280,PROD-065,2,3159.61,6319.22,COMPLETED,2026-09-20 16:26:10
ORD-9491,SEL-001,CUST-0456,PROD-068,1,1223.45,1223.45,COMPLETED,2026-09-20 16:34:46
ORD-9492,SEL-001,CUST-0310,P17,1,1100.0,1100.0,COMPLETED,2026-09-20 16:43:19
ORD-9493,SEL-001,CUST-0162,PROD-074,1,3974.56,3974.56,COMPLETED,2026-09-20 16:51:31
ORD-9494,SEL-001,CUST-0229,PROD-070,1,1590.68,1590.68,COMPLETED,2026-09-20 17:00:09
ORD-9495,SEL-001,CUST-0051,PROD-043,1,444.75,444.75,COMPLETED,2026-09-20 17:09:02
ORD-9496,SEL-001,CUST-0037,PROD-058,1,977.34,977.34,COMPLETED,2026-09-20 17:17:10
ORD-9497,SEL-001,CUST-0407,PROD-083,1,1366.65,1366.65,COMPLETED,2026-09-20 17:25:38
ORD-9498,SEL-001,CUST-0197,PROD-079,1,2200.12,2200.12,COMPLETED,2026-09-20 17:34:36
ORD-9499,SEL-001,CUST-0238,PROD-081,1,1298.17,1298.17,COMPLETED,2026-09-20 17:43:07
ORD-9500,SEL-001,CUST-0411,P17,1,1100.0,1100.0,COMPLETED,2026-09-20 17:51:12
