transaction_id,order_id,entity_type,entity_id,amount,direction,type,timestamp
TX-5001,ORD-1001,CUSTOMER,CUST-0228,3655.67,INFLOW,ORDER_PAYMENT,2026-08-01 08:59:45
TX-5002,ORD-1002,CUSTOMER,CUST-0240,1100.0,INFLOW,ORDER_PAYMENT,2026-08-01 09:08:37
TX-5003,ORD-1003,CUSTOMER,CUST-0499,4336.35,INFLOW,ORDER_PAYMENT,2026-08-01 09:16:59
TX-5004,ORD-1004,CUSTOMER,CUST-0370,3310.04,INFLOW,ORDER_PAYMENT,2026-08-01 09:24:58
TX-5005,ORD-1005,CUSTOMER,CUST-0153,674.08,INFLOW,ORDER_PAYMENT,2026-08-01 09:33:33
TX-5006,ORD-1006,CUSTOMER,CUST-0489,4093.93,INFLOW,ORDER_PAYMENT,2026-08-01 09:41:54
TX-5007,ORD-1007,CUSTOMER,CUST-0156,6493.62,INFLOW,ORDER_PAYMENT,2026-08-01 09:50:24
TX-5008,ORD-1008,CUSTOMER,CUST-0191,3554.02,INFLOW,ORDER_PAYMENT,2026-08-01 09:58:53
TX-5009,ORD-1009,CUSTOMER,CUST-0176,2788.05,INFLOW,ORDER_PAYMENT,2026-08-01 10:07:16
TX-5010,ORD-1010,CUSTOMER,CUST-0123,4272.95,INFLOW,ORDER_PAYMENT,2026-08-01 10:15:40
TX-5011,ORD-1011,CUSTOMER,CUST-0120,4226.7,INFLOW,ORDER_PAYMENT,2026-08-01 10:23:47
TX-5012,ORD-1012,CUSTOMER,CUST-0035,2788.05,INFLOW,ORDER_PAYMENT,2026-08-01 10:32:27
TX-5013,ORD-1013,CUSTOMER,CUST-0129,2788.05,INFLOW,ORDER_PAYMENT,2026-08-01 10:40:33
TX-5014,ORD-1014,CUSTOMER,CUST-0146,535.08,INFLOW,ORDER_PAYMENT,2026-08-01 10:49:15
TX-5015,ORD-1015,CUSTOMER,CUST-0279,3722.35,INFLOW,ORDER_PAYMENT,2026-08-01 10:57:43
TX-5016,ORD-1016,CUSTOMER,CUST-0347,1544.47,INFLOW,ORDER_PAYMENT,2026-08-01 11:06:05
TX-5017,ORD-1017,CUSTOMER,CUST-0220,3985.8,INFLOW,ORDER_PAYMENT,2026-08-01 11:14:07
TX-5018,ORD-1018,CUSTOMER,CUST-0070,3786.85,INFLOW,ORDER_PAYMENT,2026-08-01 11:22:34
TX-5019,ORD-1019,CUSTOMER,CUST-0038,883.38,INFLOW,ORDER_PAYMENT,2026-08-01 11:31:09
TX-5020,ORD-1020,CUSTOMER,CUST-0489,2419.53,INFLOW,ORDER_PAYMENT,2026-08-01 11:39:39
TX-5021,ORD-1021,CUSTOMER,CUST-0012,883.38,INFLOW,ORDER_PAYMENT,2026-08-01 11:47:56
TX-5022,ORD-1022,CUSTOMER,CUST-0146,3590.3,INFLOW,ORDER_PAYMENT,2026-08-01 11:56:10
TX-5023,ORD-1023,CUSTOMER,CUST-0143,1125.08,INFLOW,ORDER_PAYMENT,2026-08-01 12:04:53
TX-5024,ORD-1024,CUSTOMER,CUST-0097,3569.25,INFLOW,ORDER_PAYMENT,2026-08-01 12:13:19
TX-5025,ORD-1025,CUSTOMER,CUST-0270,2483.23,INFLOW,ORDER_PAYMENT,2026-08-01 12:21:36
TX-5026,ORD-1026,CUSTOMER,CUST-0060,1544.47,INFLOW,ORDER_PAYMENT,2026-08-01 12:29:44
TX-5027,ORD-1027,CUSTOMER,CUST-0406,535.08,INFLOW,ORDER_PAYMENT,2026-08-01 12:38:30
TX-5028,ORD-1028,CUSTOMER,CUST-0082,3063.16,INFLOW,ORDER_PAYMENT,2026-08-01 12:46:47
TX-5029,ORD-1029,CUSTOMER,CUST-0493,656.92,INFLOW,ORDER_PAYMENT,2026-08-01 12:55:06
TX-5030,ORD-1030,CUSTOMER,CUST-0484,4074.31,INFLOW,ORDER_PAYMENT,2026-08-01 13:03:27
TX-5031,ORD-1031,CUSTOMER,CUST-0213,3527.16,INFLOW,ORDER_PAYMENT,2026-08-01 13:12:04
TX-5032,ORD-1032,CUSTOMER,CUST-0363,358.12,INFLOW,ORDER_PAYMENT,2026-08-01 13:20:16
TX-5033,ORD-1033,CUSTOMER,CUST-0169,4074.31,INFLOW,ORDER_PAYMENT,2026-08-01 13:28:43
TX-5034,ORD-1034,CUSTOMER,CUST-0277,3737.74,INFLOW,ORDER_PAYMENT,2026-08-01 13:37:24
TX-5035,ORD-1035,CUSTOMER,CUST-0342,1636.78,INFLOW,ORDER_PAYMENT,2026-08-01 13:45:34
TX-5036,ORD-1036,CUSTOMER,CUST-0252,2449.37,INFLOW,ORDER_PAYMENT,2026-08-01 13:54:09
TX-5037,ORD-1037,CUSTOMER,CUST-0195,3904.05,INFLOW,ORDER_PAYMENT,2026-08-01 14:02:26
TX-5038,ORD-1038,CUSTOMER,CUST-0271,3904.05,INFLOW,ORDER_PAYMENT,2026-08-01 14:10:40
TX-5039,ORD-1039,CUSTOMER,CUST-0369,306.7,INFLOW,ORDER_PAYMENT,2026-08-01 14:18:59
TX-5040,ORD-1040,CUSTOMER,CUST-0317,6126.32,INFLOW,ORDER_PAYMENT,2026-08-01 14:27:36
TX-5041,ORD-1041,CUSTOMER,CUST-0149,3305.06,INFLOW,ORDER_PAYMENT,2026-08-01 14:35:51
TX-5042,ORD-1042,CUSTOMER,CUST-0419,582.68,INFLOW,ORDER_PAYMENT,2026-08-01 14:44:14
TX-5043,ORD-1043,CUSTOMER,CUST-0418,4093.93,INFLOW,ORDER_PAYMENT,2026-08-01 14:52:33
TX-5044,ORD-1044,CUSTOMER,CUST-0143,3314.53,INFLOW,ORDER_PAYMENT,2026-08-01 15:00:56
TX-5045,ORD-1045,CUSTOMER,CUST-0083,3310.04,INFLOW,ORDER_PAYMENT,2026-08-01 15:09:28
TX-5046,ORD-1046,CUSTOMER,CUST-0239,3564.2,INFLOW,ORDER_PAYMENT,2026-08-01 15:17:45
TX-5047,ORD-1047,CUSTOMER,CUST-0223,1418.34,INFLOW,ORDER_PAYMENT,2026-08-01 15:26:09
TX-5048,ORD-1048,CUSTOMER,CUST-0136,2152.34,INFLOW,ORDER_PAYMENT,2026-08-01 15:34:43
TX-5049,ORD-1049,CUSTOMER,CUST-0373,3052.92,INFLOW,ORDER_PAYMENT,2026-08-01 15:43:11
TX-5050,ORD-1050,CUSTOMER,CUST-0357,4093.93,INFLOW,ORDER_PAYMENT,2026-08-01 15:51:18
TX-5051,ORD-1051,CUSTOMER,CUST-0398,3412.17,INFLOW,ORDER_PAYMENT,2026-08-01 16:00:06
TX-5052,ORD-1052,CUSTOMER,CUST-0253,3564.2,INFLOW,ORDER_PAYMENT,2026-08-01 16:08:23
TX-5053,ORD-1053,CUSTOMER,CUST-0386,4424.97,INFLOW,ORDER_PAYMENT,2026-08-01 16:16:56
TX-5054,ORD-1054,CUSTOMER,CUST-0188,889.09,INFLOW,ORDER_PAYMENT,2026-08-01 16:25:00
TX-5055,ORD-1055,CUSTOMER,CUST-0449,2252.3,INFLOW,ORDER_PAYMENT,2026-08-01 16:33:33
TX-5056,ORD-1056,CUSTOMER,CUST-0152,851.72,INFLOW,ORDER_PAYMENT,2026-08-01 16:41:41
TX-5057,ORD-1057,CUSTOMER,CUST-0378,3637.58,INFLOW,ORDER_PAYMENT,2026-08-01 16:50:28
TX-5058,ORD-1058,CUSTOMER,CUST-0364,826.99,INFLOW,ORDER_PAYMENT,2026-08-01 16:58:55
TX-5059,ORD-1059,CUSTOMER,CUST-0453,1100.0,INFLOW,ORDER_PAYMENT,2026-08-01 17:07:07
TX-5060,ORD-1060,CUSTOMER,CUST-0035,2419.53,INFLOW,ORDER_PAYMENT,2026-08-01 17:15:27
TX-5061,ORD-1061,CUSTOMER,CUST-0285,1992.9,INFLOW,ORDER_PAYMENT,2026-08-01 17:23:55
TX-5062,ORD-1062,CUSTOMER,CUST-0066,3211.6,INFLOW,ORDER_PAYMENT,2026-08-01 17:32:29
TX-5063,ORD-1063,CUSTOMER,CUST-0159,4898.74,INFLOW,ORDER_PAYMENT,2026-08-01 17:40:55
TX-5064,ORD-1064,CUSTOMER,CUST-0109,526.84,INFLOW,ORDER_PAYMENT,2026-08-01 17:48:58
TX-5065,ORD-1065,CUSTOMER,CUST-0057,2419.53,INFLOW,ORDER_PAYMENT,2026-08-01 17:57:27
TX-5066,ORD-1066,CUSTOMER,CUST-0260,3063.16,INFLOW,ORDER_PAYMENT,2026-08-01 18:05:49
TX-5067,ORD-1067,CUSTOMER,CUST-0073,2065.51,INFLOW,ORDER_PAYMENT,2026-08-01 18:14:32
TX-5068,ORD-1068,CUSTOMER,CUST-0049,1231.42,INFLOW,ORDER_PAYMENT,2026-08-01 18:22:48
TX-5069,ORD-1069,CUSTOMER,CUST-0319,670.05,INFLOW,ORDER_PAYMENT,2026-08-01 18:31:15
TX-5070,ORD-1070,CUSTOMER,CUST-0078,3196.07,INFLOW,ORDER_PAYMENT,2026-08-01 18:39:41
TX-5071,ORD-1071,CUSTOMER,CUST-0193,2560.05,INFLOW,ORDER_PAYMENT,2026-08-01 18:47:47
TX-5072,ORD-1072,CUSTOMER,CUST-0023,3024.83,INFLOW,ORDER_PAYMENT,2026-08-01 18:56:14
TX-5073,ORD-1073,CUSTOMER,CUST-0347,1340.1,INFLOW,ORDER_PAYMENT,2026-08-01 19:04:28
TX-5074,ORD-1074,CUSTOMER,CUST-0010,3786.85,INFLOW,ORDER_PAYMENT,2026-08-01 19:13:02
TX-5075,ORD-1075,CUSTOMER,CUST-0285,3737.74,INFLOW,ORDER_PAYMENT,2026-08-01 19:21:25
TX-5076,ORD-1076,CUSTOMER,CUST-0067,258.84,INFLOW,ORDER_PAYMENT,2026-08-01 19:30:07
TX-5077,ORD-1077,CUSTOMER,CUST-0484,4076.43,INFLOW,ORDER_PAYMENT,2026-08-01 19:38:08
TX-5078,ORD-1078,CUSTOMER,CUST-0070,4030.3,INFLOW,ORDER_PAYMENT,2026-08-01 19:46:37
TX-5079,ORD-1079,CUSTOMER,CUST-0225,3527.16,INFLOW,ORDER_PAYMENT,2026-08-01 19:55:05
TX-5080,ORD-1080,CUSTOMER,CUST-0354,2788.05,INFLOW,ORDER_PAYMENT,2026-08-01 20:03:17
TX-5081,ORD-1081,CUSTOMER,CUST-0417,3246.81,INFLOW,ORDER_PAYMENT,2026-08-01 20:12:00
TX-5082,ORD-1082,CUSTOMER,CUST-0393,3412.17,INFLOW,ORDER_PAYMENT,2026-08-01 20:20:23
TX-5083,ORD-1083,CUSTOMER,CUST-0341,1924.84,INFLOW,ORDER_PAYMENT,2026-08-01 20:28:52
TX-5084,ORD-1084,CUSTOMER,CUST-0259,3088.94,INFLOW,ORDER_PAYMENT,2026-08-01 20:36:54
TX-5085,ORD-1085,CUSTOMER,CUST-0338,3211.6,INFLOW,ORDER_PAYMENT,2026-08-01 20:45:31
TX-5086,ORD-1086,CUSTOMER,CUST-0191,2788.05,INFLOW,ORDER_PAYMENT,2026-08-01 20:53:56
TX-5087,ORD-1087,CUSTOMER,CUST-0288,3684.61,INFLOW,ORDER_PAYMENT,2026-08-01 21:02:17
TX-5088,ORD-1088,CUSTOMER,CUST-0241,3052.92,INFLOW,ORDER_PAYMENT,2026-08-01 21:10:56
TX-5089,ORD-1089,CUSTOMER,CUST-0217,4101.12,INFLOW,ORDER_PAYMENT,2026-08-01 21:19:16
TX-5090,ORD-1090,CUSTOMER,CUST-0447,7180.6,INFLOW,ORDER_PAYMENT,2026-08-01 21:27:34
TX-5091,ORD-1091,CUSTOMER,CUST-0195,4294.61,INFLOW,ORDER_PAYMENT,2026-08-01 21:35:47
TX-5092,ORD-1092,CUSTOMER,CUST-0428,818.39,INFLOW,ORDER_PAYMENT,2026-08-01 21:44:22
TX-5093,ORD-1093,CUSTOMER,CUST-0318,1605.72,INFLOW,ORDER_PAYMENT,2026-08-01 21:52:32
TX-5094,ORD-1094,CUSTOMER,CUST-0060,3024.83,INFLOW,ORDER_PAYMENT,2026-08-01 22:01:03
TX-5095,ORD-1095,CUSTOMER,CUST-0075,2065.51,INFLOW,ORDER_PAYMENT,2026-08-01 22:09:15
TX-5096,ORD-1096,CUSTOMER,CUST-0011,1100.0,INFLOW,ORDER_PAYMENT,2026-08-01 22:17:40
TX-5097,ORD-1097,CUSTOMER,CUST-0497,2065.51,INFLOW,ORDER_PAYMENT,2026-08-01 22:26:12
TX-5098,ORD-1098,CUSTOMER,CUST-0344,2419.53,INFLOW,ORDER_PAYMENT,2026-08-01 22:34:50
TX-5099,ORD-1099,CUSTOMER,CUST-0302,883.38,INFLOW,ORDER_PAYMENT,2026-08-01 22:43:06
TX-5100,ORD-1100,CUSTOMER,CUST-0133,826.99,INFLOW,ORDER_PAYMENT,2026-08-01 22:51:15
TX-5101,ORD-1101,CUSTOMER,CUST-0434,557.56,INFLOW,ORDER_PAYMENT,2026-08-01 22:59:50
TX-5102,ORD-1102,CUSTOMER,CUST-0186,2439.3,INFLOW,ORDER_PAYMENT,2026-08-01 23:08:12
TX-5103,ORD-1103,CUSTOMER,CUST-0100,3569.25,INFLOW,ORDER_PAYMENT,2026-08-01 23:16:35
TX-5104,ORD-1104,CUSTOMER,CUST-0088,1231.42,INFLOW,ORDER_PAYMENT,2026-08-01 23:25:01
TX-5105,ORD-1105,CUSTOMER,CUST-0027,6610.12,INFLOW,ORDER_PAYMENT,2026-08-01 23:33:21
TX-5106,ORD-1106,CUSTOMER,CUST-0027,3855.71,INFLOW,ORDER_PAYMENT,2026-08-01 23:41:57
TX-5107,ORD-1107,CUSTOMER,CUST-0346,4424.97,INFLOW,ORDER_PAYMENT,2026-08-01 23:50:14
TX-5108,ORD-1108,CUSTOMER,CUST-0235,2644.13,INFLOW,ORDER_PAYMENT,2026-08-01 23:58:38
TX-5109,ORD-1109,CUSTOMER,CUST-0255,3211.6,INFLOW,ORDER_PAYMENT,2026-08-02 00:07:04
TX-5110,ORD-1110,CUSTOMER,CUST-0474,1434.09,INFLOW,ORDER_PAYMENT,2026-08-02 00:15:14
TX-5111,ORD-1111,CUSTOMER,CUST-0272,1100.0,INFLOW,ORDER_PAYMENT,2026-08-02 00:24:02
TX-5112,ORD-1112,CUSTOMER,CUST-0065,2449.37,INFLOW,ORDER_PAYMENT,2026-08-02 00:32:23
TX-5113,ORD-1113,CUSTOMER,CUST-0168,3024.83,INFLOW,ORDER_PAYMENT,2026-08-02 00:40:49
TX-5114,ORD-1114,CUSTOMER,CUST-0056,3303.71,INFLOW,ORDER_PAYMENT,2026-08-02 00:49:04
TX-5115,ORD-1115,CUSTOMER,CUST-0216,291.34,INFLOW,ORDER_PAYMENT,2026-08-02 00:57:13
TX-5116,ORD-1116,CUSTOMER,CUST-0474,4336.35,INFLOW,ORDER_PAYMENT,2026-08-02 01:06:05
TX-5117,ORD-1117,CUSTOMER,CUST-0451,1076.17,INFLOW,ORDER_PAYMENT,2026-08-02 01:14:00
TX-5118,ORD-1118,CUSTOMER,CUST-0314,2452.83,INFLOW,ORDER_PAYMENT,2026-08-02 01:22:43
TX-5119,ORD-1119,CUSTOMER,CUST-0477,3655.67,INFLOW,ORDER_PAYMENT,2026-08-02 01:31:14
TX-5120,ORD-1120,CUSTOMER,CUST-0288,3564.2,INFLOW,ORDER_PAYMENT,2026-08-02 01:39:34
TX-5121,ORD-1121,CUSTOMER,CUST-0412,2200.0,INFLOW,ORDER_PAYMENT,2026-08-02 01:47:48
TX-5122,ORD-1122,CUSTOMER,CUST-0279,358.12,INFLOW,ORDER_PAYMENT,2026-08-02 01:56:14
TX-5123,ORD-1123,CUSTOMER,CUST-0224,1882.85,INFLOW,ORDER_PAYMENT,2026-08-02 02:04:45
TX-5124,ORD-1124,CUSTOMER,CUST-0373,1231.42,INFLOW,ORDER_PAYMENT,2026-08-02 02:13:02
TX-5125,ORD-1125,CUSTOMER,CUST-0472,826.99,INFLOW,ORDER_PAYMENT,2026-08-02 02:21:19
TX-5126,ORD-1126,CUSTOMER,CUST-0384,826.99,INFLOW,ORDER_PAYMENT,2026-08-02 02:30:05
TX-5127,ORD-1127,CUSTOMER,CUST-0070,3904.05,INFLOW,ORDER_PAYMENT,2026-08-02 02:38:00
TX-5128,ORD-1128,CUSTOMER,CUST-0500,358.12,INFLOW,ORDER_PAYMENT,2026-08-02 02:46:30
TX-5129,ORD-1129,CUSTOMER,CUST-0023,3897.52,INFLOW,ORDER_PAYMENT,2026-08-02 02:54:49
TX-5130,ORD-1130,CUSTOMER,CUST-0172,4448.99,INFLOW,ORDER_PAYMENT,2026-08-02 03:03:21
TX-5131,ORD-1131,CUSTOMER,CUST-0490,526.84,INFLOW,ORDER_PAYMENT,2026-08-02 03:11:54
TX-5132,ORD-1132,CUSTOMER,CUST-0458,4458.58,INFLOW,ORDER_PAYMENT,2026-08-02 03:20:05
TX-5133,ORD-1133,CUSTOMER,CUST-0032,4093.93,INFLOW,ORDER_PAYMENT,2026-08-02 03:28:53
TX-5134,ORD-1134,CUSTOMER,CUST-0447,3904.31,INFLOW,ORDER_PAYMENT,2026-08-02 03:36:55
TX-5135,ORD-1135,CUSTOMER,CUST-0040,3621.3,INFLOW,ORDER_PAYMENT,2026-08-02 03:45:32
TX-5136,ORD-1136,CUSTOMER,CUST-0265,2180.0,INFLOW,ORDER_PAYMENT,2026-08-02 03:53:37
TX-5137,ORD-1137,CUSTOMER,CUST-0429,414.04,INFLOW,ORDER_PAYMENT,2026-08-02 04:02:08
TX-5138,ORD-1138,CUSTOMER,CUST-0220,674.08,INFLOW,ORDER_PAYMENT,2026-08-02 04:10:33
TX-5139,ORD-1139,CUSTOMER,CUST-0467,3655.67,INFLOW,ORDER_PAYMENT,2026-08-02 04:18:51
TX-5140,ORD-1140,CUSTOMER,CUST-0180,883.38,INFLOW,ORDER_PAYMENT,2026-08-02 04:27:10
TX-5141,ORD-1141,CUSTOMER,CUST-0150,2449.37,INFLOW,ORDER_PAYMENT,2026-08-02 04:35:51
TX-5142,ORD-1142,CUSTOMER,CUST-0322,2180.0,INFLOW,ORDER_PAYMENT,2026-08-02 04:44:25
TX-5143,ORD-1143,CUSTOMER,CUST-0139,1948.31,INFLOW,ORDER_PAYMENT,2026-08-02 04:52:44
TX-5144,ORD-1144,CUSTOMER,CUST-0253,1299.1,INFLOW,ORDER_PAYMENT,2026-08-02 05:01:13
TX-5145,ORD-1145,CUSTOMER,CUST-0003,674.08,INFLOW,ORDER_PAYMENT,2026-08-02 05:09:11
TX-5146,ORD-1146,CUSTOMER,CUST-0420,3855.71,INFLOW,ORDER_PAYMENT,2026-08-02 05:17:56
TX-5147,ORD-1147,CUSTOMER,CUST-0029,4257.97,INFLOW,ORDER_PAYMENT,2026-08-02 05:26:21
TX-5148,ORD-1148,CUSTOMER,CUST-0094,557.56,INFLOW,ORDER_PAYMENT,2026-08-02 05:34:37
TX-5149,ORD-1149,CUSTOMER,CUST-0243,4030.3,INFLOW,ORDER_PAYMENT,2026-08-02 05:43:03
TX-5150,ORD-1150,CUSTOMER,CUST-0353,3310.04,INFLOW,ORDER_PAYMENT,2026-08-02 05:51:23
TX-5151,ORD-1151,CUSTOMER,CUST-0318,4257.97,INFLOW,ORDER_PAYMENT,2026-08-02 05:59:40
TX-5152,ORD-1152,CUSTOMER,CUST-0105,3569.25,INFLOW,ORDER_PAYMENT,2026-08-02 06:08:19
TX-5153,ORD-1153,CUSTOMER,CUST-0098,1904.59,INFLOW,ORDER_PAYMENT,2026-08-02 06:16:50
TX-5154,ORD-1154,CUSTOMER,CUST-0313,8152.86,INFLOW,ORDER_PAYMENT,2026-08-02 06:24:54
TX-5155,ORD-1155,CUSTOMER,CUST-0339,2483.23,INFLOW,ORDER_PAYMENT,2026-08-02 06:33:36
TX-5156,ORD-1156,CUSTOMER,CUST-0074,1605.72,INFLOW,ORDER_PAYMENT,2026-08-02 06:41:58
TX-5157,ORD-1157,CUSTOMER,CUST-0201,3554.02,INFLOW,ORDER_PAYMENT,2026-08-02 06:50:07
TX-5158,ORD-1158,CUSTOMER,CUST-0363,1605.72,INFLOW,ORDER_PAYMENT,2026-08-02 06:58:29
TX-5159,ORD-1159,CUSTOMER,CUST-0483,670.05,INFLOW,ORDER_PAYMENT,2026-08-02 07:07:02
TX-5160,ORD-1160,CUSTOMER,CUST-0259,3904.05,INFLOW,ORDER_PAYMENT,2026-08-02 07:15:21
TX-5161,ORD-1161,CUSTOMER,CUST-0169,3855.71,INFLOW,ORDER_PAYMENT,2026-08-02 07:23:34
TX-5162,ORD-1162,CUSTOMER,CUST-0082,2644.13,INFLOW,ORDER_PAYMENT,2026-08-02 07:32:13
TX-5163,ORD-1163,CUSTOMER,CUST-0071,1299.1,INFLOW,ORDER_PAYMENT,2026-08-02 07:40:32
TX-5164,ORD-1164,CUSTOMER,CUST-0282,2439.3,INFLOW,ORDER_PAYMENT,2026-08-02 07:48:53
TX-5165,ORD-1165,CUSTOMER,CUST-0257,670.05,INFLOW,ORDER_PAYMENT,2026-08-02 07:57:28
TX-5166,ORD-1166,CUSTOMER,CUST-0139,1948.31,INFLOW,ORDER_PAYMENT,2026-08-02 08:05:44
TX-5167,ORD-1167,CUSTOMER,CUST-0421,3303.71,INFLOW,ORDER_PAYMENT,2026-08-02 08:14:13
TX-5168,ORD-1168,CUSTOMER,CUST-0427,3570.49,INFLOW,ORDER_PAYMENT,2026-08-02 08:22:20
TX-5169,ORD-1169,CUSTOMER,CUST-0295,674.08,INFLOW,ORDER_PAYMENT,2026-08-02 08:30:58
TX-5170,ORD-1170,CUSTOMER,CUST-0327,1004.29,INFLOW,ORDER_PAYMENT,2026-08-02 08:39:32
TX-5171,ORD-1171,CUSTOMER,CUST-0252,4458.58,INFLOW,ORDER_PAYMENT,2026-08-02 08:47:57
TX-5172,ORD-1172,CUSTOMER,CUST-0478,3637.58,INFLOW,ORDER_PAYMENT,2026-08-02 08:55:57
TX-5173,ORD-1173,CUSTOMER,CUST-0164,2008.58,INFLOW,ORDER_PAYMENT,2026-08-02 09:04:47
TX-5174,ORD-1174,CUSTOMER,CUST-0332,883.38,INFLOW,ORDER_PAYMENT,2026-08-02 09:13:14
TX-5175,ORD-1175,CUSTOMER,CUST-0326,2483.23,INFLOW,ORDER_PAYMENT,2026-08-02 09:21:15
TX-5176,ORD-1176,CUSTOMER,CUST-0256,1100.0,INFLOW,ORDER_PAYMENT,2026-08-02 09:29:48
TX-5177,ORD-1177,CUSTOMER,CUST-0166,258.84,INFLOW,ORDER_PAYMENT,2026-08-02 09:38:15
TX-5178,ORD-1178,CUSTOMER,CUST-0480,3063.16,INFLOW,ORDER_PAYMENT,2026-08-02 09:46:29
TX-5179,ORD-1179,CUSTOMER,CUST-0106,2252.3,INFLOW,ORDER_PAYMENT,2026-08-02 09:54:50
TX-5180,ORD-1180,CUSTOMER,CUST-0312,3569.25,INFLOW,ORDER_PAYMENT,2026-08-02 10:03:18
TX-5181,ORD-1181,CUSTOMER,CUST-0362,4074.31,INFLOW,ORDER_PAYMENT,2026-08-02 10:11:43
TX-5182,ORD-1182,CUSTOMER,CUST-0190,3246.81,INFLOW,ORDER_PAYMENT,2026-08-02 10:20:02
TX-5183,ORD-1183,CUSTOMER,CUST-0447,263.42,INFLOW,ORDER_PAYMENT,2026-08-02 10:28:38
TX-5184,ORD-1184,CUSTOMER,CUST-0111,883.38,INFLOW,ORDER_PAYMENT,2026-08-02 10:36:49
TX-5185,ORD-1185,CUSTOMER,CUST-0352,1231.42,INFLOW,ORDER_PAYMENT,2026-08-02 10:45:17
TX-5186,ORD-1186,CUSTOMER,CUST-0147,1070.16,INFLOW,ORDER_PAYMENT,2026-08-02 10:53:55
TX-5187,ORD-1187,CUSTOMER,CUST-0465,1100.0,INFLOW,ORDER_PAYMENT,2026-08-02 11:02:17
TX-5188,ORD-1188,CUSTOMER,CUST-0396,2644.13,INFLOW,ORDER_PAYMENT,2026-08-02 11:10:18
TX-5189,ORD-1189,CUSTOMER,CUST-0024,889.09,INFLOW,ORDER_PAYMENT,2026-08-02 11:18:48
TX-5190,ORD-1190,CUSTOMER,CUST-0259,4448.99,INFLOW,ORDER_PAYMENT,2026-08-02 11:27:13
TX-5191,ORD-1191,CUSTOMER,CUST-0223,1924.84,INFLOW,ORDER_PAYMENT,2026-08-02 11:36:00
TX-5192,ORD-1192,CUSTOMER,CUST-0252,4054.3,INFLOW,ORDER_PAYMENT,2026-08-02 11:43:57
TX-5193,ORD-1193,CUSTOMER,CUST-0240,3527.16,INFLOW,ORDER_PAYMENT,2026-08-02 11:52:18
TX-5194,ORD-1194,CUSTOMER,CUST-0041,3246.81,INFLOW,ORDER_PAYMENT,2026-08-02 12:00:53
TX-5195,ORD-1195,CUSTOMER,CUST-0152,1604.68,INFLOW,ORDER_PAYMENT,2026-08-02 12:09:24
TX-5196,ORD-1196,CUSTOMER,CUST-0485,8897.98,INFLOW,ORDER_PAYMENT,2026-08-02 12:17:47
TX-5197,ORD-1197,CUSTOMER,CUST-0164,1100.0,INFLOW,ORDER_PAYMENT,2026-08-02 12:26:02
TX-5198,ORD-1198,CUSTOMER,CUST-0205,1924.84,INFLOW,ORDER_PAYMENT,2026-08-02 12:34:19
TX-5199,ORD-1199,CUSTOMER,CUST-0016,1434.09,INFLOW,ORDER_PAYMENT,2026-08-02 12:42:58
TX-5200,ORD-1200,CUSTOMER,CUST-0400,2439.3,INFLOW,ORDER_PAYMENT,2026-08-02 12:51:28
TX-5201,ORD-1201,CUSTOMER,CUST-0099,1004.29,INFLOW,ORDER_PAYMENT,2026-08-02 12:59:40
TX-5202,ORD-1202,CUSTOMER,CUST-0216,4030.3,INFLOW,ORDER_PAYMENT,2026-08-02 13:08:17
TX-5203,ORD-1203,CUSTOMER,CUST-0037,3063.16,INFLOW,ORDER_PAYMENT,2026-08-02 13:16:40
TX-5204,ORD-1204,CUSTOMER,CUST-0031,3849.68,INFLOW,ORDER_PAYMENT,2026-08-02 13:24:57
TX-5205,ORD-1205,CUSTOMER,CUST-0389,3310.04,INFLOW,ORDER_PAYMENT,2026-08-02 13:33:08
TX-5206,ORD-1206,CUSTOMER,CUST-0151,2459.94,INFLOW,ORDER_PAYMENT,2026-08-02 13:41:36
TX-5207,ORD-1207,CUSTOMER,CUST-0321,535.08,INFLOW,ORDER_PAYMENT,2026-08-02 13:49:58
TX-5208,ORD-1208,CUSTOMER,CUST-0084,862.36,INFLOW,ORDER_PAYMENT,2026-08-02 13:58:19
TX-5209,ORD-1209,CUSTOMER,CUST-0150,2483.23,INFLOW,ORDER_PAYMENT,2026-08-02 14:07:00
TX-5210,ORD-1210,CUSTOMER,CUST-0026,414.04,INFLOW,ORDER_PAYMENT,2026-08-02 14:15:11
TX-5211,ORD-1211,CUSTOMER,CUST-0007,291.34,INFLOW,ORDER_PAYMENT,2026-08-02 14:23:37
TX-5212,ORD-1212,CUSTOMER,CUST-0366,3849.68,INFLOW,ORDER_PAYMENT,2026-08-02 14:32:02
TX-5213,ORD-1213,CUSTOMER,CUST-0384,4878.6,INFLOW,ORDER_PAYMENT,2026-08-02 14:40:31
TX-5214,ORD-1214,CUSTOMER,CUST-0339,889.09,INFLOW,ORDER_PAYMENT,2026-08-02 14:48:59
TX-5215,ORD-1215,CUSTOMER,CUST-0382,674.08,INFLOW,ORDER_PAYMENT,2026-08-02 14:57:27
TX-5216,ORD-1216,CUSTOMER,CUST-0116,7635.02,INFLOW,ORDER_PAYMENT,2026-08-02 15:05:57
TX-5217,ORD-1217,CUSTOMER,CUST-0416,1653.98,INFLOW,ORDER_PAYMENT,2026-08-02 15:14:21
TX-5218,ORD-1218,CUSTOMER,CUST-0115,3412.17,INFLOW,ORDER_PAYMENT,2026-08-02 15:22:46
TX-5219,ORD-1219,CUSTOMER,CUST-0079,7573.7,INFLOW,ORDER_PAYMENT,2026-08-02 15:31:00
TX-5220,ORD-1220,CUSTOMER,CUST-0127,829.04,INFLOW,ORDER_PAYMENT,2026-08-02 15:39:09
TX-5221,ORD-1221,CUSTOMER,CUST-0390,4294.61,INFLOW,ORDER_PAYMENT,2026-08-02 15:47:33
TX-5222,ORD-1222,CUSTOMER,CUST-0484,414.04,INFLOW,ORDER_PAYMENT,2026-08-02 15:55:54
TX-5223,ORD-1223,CUSTOMER,CUST-0178,2419.53,INFLOW,ORDER_PAYMENT,2026-08-02 16:04:38
TX-5224,ORD-1224,CUSTOMER,CUST-0423,358.12,INFLOW,ORDER_PAYMENT,2026-08-02 16:12:55
TX-5225,ORD-1225,CUSTOMER,CUST-0220,4448.99,INFLOW,ORDER_PAYMENT,2026-08-02 16:21:18
TX-5226,ORD-1226,CUSTOMER,CUST-0233,3063.16,INFLOW,ORDER_PAYMENT,2026-08-02 16:29:54
TX-5227,ORD-1227,CUSTOMER,CUST-0037,3722.35,INFLOW,ORDER_PAYMENT,2026-08-02 16:38:11
TX-5228,ORD-1228,CUSTOMER,CUST-0158,291.34,INFLOW,ORDER_PAYMENT,2026-08-02 16:46:43
TX-5229,ORD-1229,CUSTOMER,CUST-0211,1904.59,INFLOW,ORDER_PAYMENT,2026-08-02 16:55:03
TX-5230,ORD-1230,CUSTOMER,CUST-0426,3855.71,INFLOW,ORDER_PAYMENT,2026-08-02 17:03:32
TX-5231,ORD-1231,CUSTOMER,CUST-0043,4458.58,INFLOW,ORDER_PAYMENT,2026-08-02 17:11:38
TX-5232,ORD-1232,CUSTOMER,CUST-0275,3554.02,INFLOW,ORDER_PAYMENT,2026-08-02 17:19:59
TX-5233,ORD-1233,CUSTOMER,CUST-0413,2644.13,INFLOW,ORDER_PAYMENT,2026-08-02 17:28:19
TX-5234,ORD-1234,CUSTOMER,CUST-0177,291.34,INFLOW,ORDER_PAYMENT,2026-08-02 17:37:01
TX-5235,ORD-1235,CUSTOMER,CUST-0145,3527.16,INFLOW,ORDER_PAYMENT,2026-08-02 17:45:07
TX-5236,ORD-1236,CUSTOMER,CUST-0442,3554.02,INFLOW,ORDER_PAYMENT,2026-08-02 17:53:55
TX-5237,ORD-1237,CUSTOMER,CUST-0069,6392.14,INFLOW,ORDER_PAYMENT,2026-08-02 18:01:53
TX-5238,ORD-1238,CUSTOMER,CUST-0457,656.92,INFLOW,ORDER_PAYMENT,2026-08-02 18:10:40
TX-5239,ORD-1239,CUSTOMER,CUST-0493,1434.09,INFLOW,ORDER_PAYMENT,2026-08-02 18:18:45
TX-5240,ORD-1240,CUSTOMER,CUST-0223,4093.93,INFLOW,ORDER_PAYMENT,2026-08-02 18:27:27
TX-5241,ORD-1241,CUSTOMER,CUST-0022,2452.83,INFLOW,ORDER_PAYMENT,2026-08-02 18:35:32
TX-5242,ORD-1242,CUSTOMER,CUST-0211,1544.47,INFLOW,ORDER_PAYMENT,2026-08-02 18:44:12
TX-5243,ORD-1243,CUSTOMER,CUST-0008,4030.3,INFLOW,ORDER_PAYMENT,2026-08-02 18:52:25
TX-5244,ORD-1244,CUSTOMER,CUST-0213,3482.21,INFLOW,ORDER_PAYMENT,2026-08-02 19:00:40
TX-5245,ORD-1245,CUSTOMER,CUST-0383,2452.83,INFLOW,ORDER_PAYMENT,2026-08-02 19:09:19
TX-5246,ORD-1246,CUSTOMER,CUST-0222,3527.16,INFLOW,ORDER_PAYMENT,2026-08-02 19:17:41
TX-5247,ORD-1247,CUSTOMER,CUST-0214,2560.05,INFLOW,ORDER_PAYMENT,2026-08-02 19:26:15
TX-5248,ORD-1248,CUSTOMER,CUST-0039,1904.59,INFLOW,ORDER_PAYMENT,2026-08-02 19:34:39
TX-5249,ORD-1249,CUSTOMER,CUST-0474,3904.05,INFLOW,ORDER_PAYMENT,2026-08-02 19:42:58
TX-5250,ORD-1250,CUSTOMER,CUST-0463,1904.59,INFLOW,ORDER_PAYMENT,2026-08-02 19:51:19
TX-5251,ORD-1251,CUSTOMER,CUST-0350,2644.13,INFLOW,ORDER_PAYMENT,2026-08-02 19:59:44
TX-5252,ORD-1252,CUSTOMER,CUST-0196,3052.92,INFLOW,ORDER_PAYMENT,2026-08-02 20:07:58
TX-5253,ORD-1253,CUSTOMER,CUST-0440,431.18,INFLOW,ORDER_PAYMENT,2026-08-02 20:16:37
TX-5254,ORD-1254,CUSTOMER,CUST-0180,3786.85,INFLOW,ORDER_PAYMENT,2026-08-02 20:24:51
TX-5255,ORD-1255,CUSTOMER,CUST-0310,7795.04,INFLOW,ORDER_PAYMENT,2026-08-02 20:33:24
TX-5256,ORD-1256,CUSTOMER,CUST-0073,826.99,INFLOW,ORDER_PAYMENT,2026-08-02 20:41:30
TX-5257,ORD-1257,CUSTOMER,CUST-0177,1862.43,INFLOW,ORDER_PAYMENT,2026-08-02 20:50:14
TX-5258,ORD-1258,CUSTOMER,CUST-0469,3855.71,INFLOW,ORDER_PAYMENT,2026-08-02 20:58:27
TX-5259,ORD-1259,CUSTOMER,CUST-0183,6620.08,INFLOW,ORDER_PAYMENT,2026-08-02 21:06:54
TX-5260,ORD-1260,CUSTOMER,CUST-0343,4337.59,INFLOW,ORDER_PAYMENT,2026-08-02 21:15:17
TX-5261,ORD-1261,CUSTOMER,CUST-0497,3297.77,INFLOW,ORDER_PAYMENT,2026-08-02 21:23:36
TX-5262,ORD-1262,CUSTOMER,CUST-0450,2419.53,INFLOW,ORDER_PAYMENT,2026-08-02 21:32:02
TX-5263,ORD-1263,CUSTOMER,CUST-0413,8187.86,INFLOW,ORDER_PAYMENT,2026-08-02 21:40:31
TX-5264,ORD-1264,CUSTOMER,CUST-0001,4076.43,INFLOW,ORDER_PAYMENT,2026-08-02 21:48:41
TX-5265,ORD-1265,CUSTOMER,CUST-0270,517.68,INFLOW,ORDER_PAYMENT,2026-08-02 21:57:02
TX-5266,ORD-1266,CUSTOMER,CUST-0261,4101.12,INFLOW,ORDER_PAYMENT,2026-08-02 22:05:54
TX-5267,ORD-1267,CUSTOMER,CUST-0433,2200.0,INFLOW,ORDER_PAYMENT,2026-08-02 22:13:57
TX-5268,ORD-1268,CUSTOMER,CUST-0209,3024.83,INFLOW,ORDER_PAYMENT,2026-08-02 22:22:40
TX-5269,ORD-1269,CUSTOMER,CUST-0316,526.84,INFLOW,ORDER_PAYMENT,2026-08-02 22:30:45
TX-5270,ORD-1270,CUSTOMER,CUST-0134,3817.51,INFLOW,ORDER_PAYMENT,2026-08-02 22:39:09
TX-5271,ORD-1271,CUSTOMER,CUST-0156,2065.51,INFLOW,ORDER_PAYMENT,2026-08-02 22:47:39
TX-5272,ORD-1272,CUSTOMER,CUST-0464,2788.05,INFLOW,ORDER_PAYMENT,2026-08-02 22:55:57
TX-5273,ORD-1273,CUSTOMER,CUST-0213,6620.08,INFLOW,ORDER_PAYMENT,2026-08-02 23:04:20
TX-5274,ORD-1274,CUSTOMER,CUST-0313,1732.3,INFLOW,ORDER_PAYMENT,2026-08-02 23:12:43
TX-5275,ORD-1275,CUSTOMER,CUST-0083,851.72,INFLOW,ORDER_PAYMENT,2026-08-02 23:21:15
TX-5276,ORD-1276,CUSTOMER,CUST-0069,3310.04,INFLOW,ORDER_PAYMENT,2026-08-02 23:29:30
TX-5277,ORD-1277,CUSTOMER,CUST-0457,2252.3,INFLOW,ORDER_PAYMENT,2026-08-02 23:38:09
TX-5278,ORD-1278,CUSTOMER,CUST-0411,3196.07,INFLOW,ORDER_PAYMENT,2026-08-02 23:46:22
TX-5279,ORD-1279,CUSTOMER,CUST-0076,1992.9,INFLOW,ORDER_PAYMENT,2026-08-02 23:54:52
TX-5280,ORD-1280,CUSTOMER,CUST-0257,3196.07,INFLOW,ORDER_PAYMENT,2026-08-03 00:03:27
TX-5281,ORD-1281,CUSTOMER,CUST-0096,3412.17,INFLOW,ORDER_PAYMENT,2026-08-03 00:11:26
TX-5282,ORD-1282,CUSTOMER,CUST-0282,4054.3,INFLOW,ORDER_PAYMENT,2026-08-03 00:20:13
TX-5283,ORD-1283,CUSTOMER,CUST-0487,1076.17,INFLOW,ORDER_PAYMENT,2026-08-03 00:28:35
TX-5284,ORD-1284,CUSTOMER,CUST-0442,4390.3,INFLOW,ORDER_PAYMENT,2026-08-03 00:37:01
TX-5285,ORD-1285,CUSTOMER,CUST-0094,3637.58,INFLOW,ORDER_PAYMENT,2026-08-03 00:45:05
TX-5286,ORD-1286,CUSTOMER,CUST-0134,4390.3,INFLOW,ORDER_PAYMENT,2026-08-03 00:53:43
TX-5287,ORD-1287,CUSTOMER,CUST-0130,818.39,INFLOW,ORDER_PAYMENT,2026-08-03 01:02:02
TX-5288,ORD-1288,CUSTOMER,CUST-0232,1434.09,INFLOW,ORDER_PAYMENT,2026-08-03 01:10:16
TX-5289,ORD-1289,CUSTOMER,CUST-0005,1544.47,INFLOW,ORDER_PAYMENT,2026-08-03 01:18:54
TX-5290,ORD-1290,CUSTOMER,CUST-0035,1924.84,INFLOW,ORDER_PAYMENT,2026-08-03 01:27:15
TX-5291,ORD-1291,CUSTOMER,CUST-0044,3564.2,INFLOW,ORDER_PAYMENT,2026-08-03 01:35:27
TX-5292,ORD-1292,CUSTOMER,CUST-0121,6126.32,INFLOW,ORDER_PAYMENT,2026-08-03 01:43:59
TX-5293,ORD-1293,CUSTOMER,CUST-0038,4226.7,INFLOW,ORDER_PAYMENT,2026-08-03 01:52:24
TX-5294,ORD-1294,CUSTOMER,CUST-0007,1434.09,INFLOW,ORDER_PAYMENT,2026-08-03 02:00:59
TX-5295,ORD-1295,CUSTOMER,CUST-0379,4458.58,INFLOW,ORDER_PAYMENT,2026-08-03 02:09:22
TX-5296,ORD-1296,CUSTOMER,CUST-0132,7140.98,INFLOW,ORDER_PAYMENT,2026-08-03 02:17:39
TX-5297,ORD-1297,CUSTOMER,CUST-0461,3196.07,INFLOW,ORDER_PAYMENT,2026-08-03 02:25:52
TX-5298,ORD-1298,CUSTOMER,CUST-0100,1100.0,INFLOW,ORDER_PAYMENT,2026-08-03 02:34:11
TX-5299,ORD-1299,CUSTOMER,CUST-0030,1125.08,INFLOW,ORDER_PAYMENT,2026-08-03 02:42:44
TX-5300,ORD-1300,CUSTOMER,CUST-0197,656.92,INFLOW,ORDER_PAYMENT,2026-08-03 02:51:20
TX-5301,ORD-1301,CUSTOMER,CUST-0144,1299.1,INFLOW,ORDER_PAYMENT,2026-08-03 02:59:32
TX-5302,ORD-1302,CUSTOMER,CUST-0481,6629.06,INFLOW,ORDER_PAYMENT,2026-08-03 03:08:04
TX-5303,ORD-1303,CUSTOMER,CUST-0305,3655.67,INFLOW,ORDER_PAYMENT,2026-08-03 03:16:32
TX-5304,ORD-1304,CUSTOMER,CUST-0282,8060.6,INFLOW,ORDER_PAYMENT,2026-08-03 03:25:04
TX-5305,ORD-1305,CUSTOMER,CUST-0008,2446.64,INFLOW,ORDER_PAYMENT,2026-08-03 03:33:23
TX-5306,ORD-1306,CUSTOMER,CUST-0426,431.18,INFLOW,ORDER_PAYMENT,2026-08-03 03:41:30
TX-5307,ORD-1307,CUSTOMER,CUST-0214,613.4,INFLOW,ORDER_PAYMENT,2026-08-03 03:50:12
TX-5308,ORD-1308,CUSTOMER,CUST-0073,1605.72,INFLOW,ORDER_PAYMENT,2026-08-03 03:58:18
TX-5309,ORD-1309,CUSTOMER,CUST-0323,258.84,INFLOW,ORDER_PAYMENT,2026-08-03 04:06:42
TX-5310,ORD-1310,CUSTOMER,CUST-0291,826.99,INFLOW,ORDER_PAYMENT,2026-08-03 04:15:17
TX-5311,ORD-1311,CUSTOMER,CUST-0193,3904.05,INFLOW,ORDER_PAYMENT,2026-08-03 04:23:30
TX-5312,ORD-1312,CUSTOMER,CUST-0182,1100.0,INFLOW,ORDER_PAYMENT,2026-08-03 04:31:56
TX-5313,ORD-1313,CUSTOMER,CUST-0144,3817.51,INFLOW,ORDER_PAYMENT,2026-08-03 04:40:20
TX-5314,ORD-1314,CUSTOMER,CUST-0092,4257.97,INFLOW,ORDER_PAYMENT,2026-08-03 04:48:53
TX-5315,ORD-1315,CUSTOMER,CUST-0202,3554.02,INFLOW,ORDER_PAYMENT,2026-08-03 04:57:20
TX-5316,ORD-1316,CUSTOMER,CUST-0150,2419.53,INFLOW,ORDER_PAYMENT,2026-08-03 05:05:32
TX-5317,ORD-1317,CUSTOMER,CUST-0371,3536.78,INFLOW,ORDER_PAYMENT,2026-08-03 05:14:02
TX-5318,ORD-1318,CUSTOMER,CUST-0279,1231.42,INFLOW,ORDER_PAYMENT,2026-08-03 05:22:18
TX-5319,ORD-1319,CUSTOMER,CUST-0361,1992.9,INFLOW,ORDER_PAYMENT,2026-08-03 05:30:46
TX-5320,ORD-1320,CUSTOMER,CUST-0082,1100.0,INFLOW,ORDER_PAYMENT,2026-08-03 05:39:05
TX-5321,ORD-1321,CUSTOMER,CUST-0347,3297.77,INFLOW,ORDER_PAYMENT,2026-08-03 05:47:45
TX-5322,ORD-1322,CUSTOMER,CUST-0326,3063.16,INFLOW,ORDER_PAYMENT,2026-08-03 05:56:11
TX-5323,ORD-1323,CUSTOMER,CUST-0312,3569.25,INFLOW,ORDER_PAYMENT,2026-08-03 06:04:31
TX-5324,ORD-1324,CUSTOMER,CUST-0079,1524.23,INFLOW,ORDER_PAYMENT,2026-08-03 06:12:38
TX-5325,ORD-1325,CUSTOMER,CUST-0356,1524.23,INFLOW,ORDER_PAYMENT,2026-08-03 06:21:03
TX-5326,ORD-1326,CUSTOMER,CUST-0425,3063.16,INFLOW,ORDER_PAYMENT,2026-08-03 06:29:36
TX-5327,ORD-1327,CUSTOMER,CUST-0217,4093.93,INFLOW,ORDER_PAYMENT,2026-08-03 06:38:08
TX-5328,ORD-1328,CUSTOMER,CUST-0240,3786.85,INFLOW,ORDER_PAYMENT,2026-08-03 06:46:24
TX-5329,ORD-1329,CUSTOMER,CUST-0339,1524.23,INFLOW,ORDER_PAYMENT,2026-08-03 06:54:32
TX-5330,ORD-1330,CUSTOMER,CUST-0001,889.09,INFLOW,ORDER_PAYMENT,2026-08-03 07:03:17
TX-5331,ORD-1331,CUSTOMER,CUST-0444,656.92,INFLOW,ORDER_PAYMENT,2026-08-03 07:11:29
TX-5332,ORD-1332,CUSTOMER,CUST-0106,1778.18,INFLOW,ORDER_PAYMENT,2026-08-03 07:20:08
TX-5333,ORD-1333,CUSTOMER,CUST-0107,2452.83,INFLOW,ORDER_PAYMENT,2026-08-03 07:28:22
TX-5334,ORD-1334,CUSTOMER,CUST-0425,4272.95,INFLOW,ORDER_PAYMENT,2026-08-03 07:36:49
TX-5335,ORD-1335,CUSTOMER,CUST-0256,1418.34,INFLOW,ORDER_PAYMENT,2026-08-03 07:45:00
TX-5336,ORD-1336,CUSTOMER,CUST-0257,7054.32,INFLOW,ORDER_PAYMENT,2026-08-03 07:53:38
TX-5337,ORD-1337,CUSTOMER,CUST-0081,1862.43,INFLOW,ORDER_PAYMENT,2026-08-03 08:01:49
TX-5338,ORD-1338,CUSTOMER,CUST-0339,6629.06,INFLOW,ORDER_PAYMENT,2026-08-03 08:10:08
TX-5339,ORD-1339,CUSTOMER,CUST-0038,4337.59,INFLOW,ORDER_PAYMENT,2026-08-03 08:18:38
TX-5340,ORD-1340,CUSTOMER,CUST-0380,1948.31,INFLOW,ORDER_PAYMENT,2026-08-03 08:27:01
TX-5341,ORD-1341,CUSTOMER,CUST-0372,3684.61,INFLOW,ORDER_PAYMENT,2026-08-03 08:35:41
TX-5342,ORD-1342,CUSTOMER,CUST-0367,1948.31,INFLOW,ORDER_PAYMENT,2026-08-03 08:44:09
TX-5343,ORD-1343,CUSTOMER,CUST-0077,582.68,INFLOW,ORDER_PAYMENT,2026-08-03 08:52:08
TX-5344,ORD-1344,CUSTOMER,CUST-0200,4336.35,INFLOW,ORDER_PAYMENT,2026-08-03 09:00:34
TX-5345,ORD-1345,CUSTOMER,CUST-0141,6126.32,INFLOW,ORDER_PAYMENT,2026-08-03 09:09:17
TX-5346,ORD-1346,CUSTOMER,CUST-0440,263.42,INFLOW,ORDER_PAYMENT,2026-08-03 09:17:43
TX-5347,ORD-1347,CUSTOMER,CUST-0117,3569.25,INFLOW,ORDER_PAYMENT,2026-08-03 09:26:03
TX-5348,ORD-1348,CUSTOMER,CUST-0456,1100.0,INFLOW,ORDER_PAYMENT,2026-08-03 09:34:21
TX-5349,ORD-1349,CUSTOMER,CUST-0128,1732.3,INFLOW,ORDER_PAYMENT,2026-08-03 09:42:33
TX-5350,ORD-1350,CUSTOMER,CUST-0496,306.7,INFLOW,ORDER_PAYMENT,2026-08-03 09:51:23
TX-5351,ORD-1351,CUSTOMER,CUST-0487,3985.8,INFLOW,ORDER_PAYMENT,2026-08-03 09:59:42
TX-5352,ORD-1352,CUSTOMER,CUST-0117,4101.12,INFLOW,ORDER_PAYMENT,2026-08-03 10:08:04
TX-5353,ORD-1353,CUSTOMER,CUST-0101,3554.02,INFLOW,ORDER_PAYMENT,2026-08-03 10:16:07
TX-5354,ORD-1354,CUSTOMER,CUST-0241,2788.05,INFLOW,ORDER_PAYMENT,2026-08-03 10:24:52
TX-5355,ORD-1355,CUSTOMER,CUST-0471,3817.51,INFLOW,ORDER_PAYMENT,2026-08-03 10:33:24
TX-5356,ORD-1356,CUSTOMER,CUST-0376,6595.54,INFLOW,ORDER_PAYMENT,2026-08-03 10:41:45
TX-5357,ORD-1357,CUSTOMER,CUST-0311,1768.39,INFLOW,ORDER_PAYMENT,2026-08-03 10:49:54
TX-5358,ORD-1358,CUSTOMER,CUST-0269,2452.83,INFLOW,ORDER_PAYMENT,2026-08-03 10:58:34
TX-5359,ORD-1359,CUSTOMER,CUST-0387,2200.0,INFLOW,ORDER_PAYMENT,2026-08-03 11:06:55
TX-5360,ORD-1360,CUSTOMER,CUST-0035,4257.97,INFLOW,ORDER_PAYMENT,2026-08-03 11:15:00
TX-5361,ORD-1361,CUSTOMER,CUST-0403,8152.86,INFLOW,ORDER_PAYMENT,2026-08-03 11:23:30
TX-5362,ORD-1362,CUSTOMER,CUST-0014,4424.97,INFLOW,ORDER_PAYMENT,2026-08-03 11:31:45
TX-5363,ORD-1363,CUSTOMER,CUST-0387,2439.3,INFLOW,ORDER_PAYMENT,2026-08-03 11:40:08
TX-5364,ORD-1364,CUSTOMER,CUST-0360,1004.29,INFLOW,ORDER_PAYMENT,2026-08-03 11:48:53
TX-5365,ORD-1365,CUSTOMER,CUST-0307,258.84,INFLOW,ORDER_PAYMENT,2026-08-03 11:57:01
TX-5366,ORD-1366,CUSTOMER,CUST-0265,4294.61,INFLOW,ORDER_PAYMENT,2026-08-03 12:05:46
TX-5367,ORD-1367,CUSTOMER,CUST-0144,1778.18,INFLOW,ORDER_PAYMENT,2026-08-03 12:14:10
TX-5368,ORD-1368,CUSTOMER,CUST-0237,4272.95,INFLOW,ORDER_PAYMENT,2026-08-03 12:22:10
TX-5369,ORD-1369,CUSTOMER,CUST-0075,1229.97,INFLOW,ORDER_PAYMENT,2026-08-03 12:30:30
TX-5370,ORD-1370,CUSTOMER,CUST-0351,3590.3,INFLOW,ORDER_PAYMENT,2026-08-03 12:38:56
TX-5371,ORD-1371,CUSTOMER,CUST-0383,1090.0,INFLOW,ORDER_PAYMENT,2026-08-03 12:47:23
TX-5372,ORD-1372,CUSTOMER,CUST-0179,5120.1,INFLOW,ORDER_PAYMENT,2026-08-03 12:55:53
TX-5373,ORD-1373,CUSTOMER,CUST-0084,3063.16,INFLOW,ORDER_PAYMENT,2026-08-03 13:04:24
TX-5374,ORD-1374,CUSTOMER,CUST-0304,4074.31,INFLOW,ORDER_PAYMENT,2026-08-03 13:12:58
TX-5375,ORD-1375,CUSTOMER,CUST-0182,4257.97,INFLOW,ORDER_PAYMENT,2026-08-03 13:21:15
TX-5376,ORD-1376,CUSTOMER,CUST-0460,5120.1,INFLOW,ORDER_PAYMENT,2026-08-03 13:29:30
TX-5377,ORD-1377,CUSTOMER,CUST-0029,4030.3,INFLOW,ORDER_PAYMENT,2026-08-03 13:37:57
TX-5378,ORD-1378,CUSTOMER,CUST-0132,883.38,INFLOW,ORDER_PAYMENT,2026-08-03 13:46:19
TX-5379,ORD-1379,CUSTOMER,CUST-0497,8780.6,INFLOW,ORDER_PAYMENT,2026-08-03 13:54:45
TX-5380,ORD-1380,CUSTOMER,CUST-0051,535.08,INFLOW,ORDER_PAYMENT,2026-08-03 14:03:06
TX-5381,ORD-1381,CUSTOMER,CUST-0398,4458.58,INFLOW,ORDER_PAYMENT,2026-08-03 14:11:36
TX-5382,ORD-1382,CUSTOMER,CUST-0081,3904.05,INFLOW,ORDER_PAYMENT,2026-08-03 14:19:50
TX-5383,ORD-1383,CUSTOMER,CUST-0493,306.7,INFLOW,ORDER_PAYMENT,2026-08-03 14:28:07
TX-5384,ORD-1384,CUSTOMER,CUST-0418,2446.64,INFLOW,ORDER_PAYMENT,2026-08-03 14:36:51
TX-5385,ORD-1385,CUSTOMER,CUST-0132,535.08,INFLOW,ORDER_PAYMENT,2026-08-03 14:44:59
TX-5386,ORD-1386,CUSTOMER,CUST-0051,1418.34,INFLOW,ORDER_PAYMENT,2026-08-03 14:53:27
TX-5387,ORD-1387,CUSTOMER,CUST-0356,4337.59,INFLOW,ORDER_PAYMENT,2026-08-03 15:01:41
TX-5388,ORD-1388,CUSTOMER,CUST-0120,2836.68,INFLOW,ORDER_PAYMENT,2026-08-03 15:10:15
TX-5389,ORD-1389,CUSTOMER,CUST-0281,4093.93,INFLOW,ORDER_PAYMENT,2026-08-03 15:18:40
TX-5390,ORD-1390,CUSTOMER,CUST-0396,3196.07,INFLOW,ORDER_PAYMENT,2026-08-03 15:26:59
TX-5391,ORD-1391,CUSTOMER,CUST-0191,3024.83,INFLOW,ORDER_PAYMENT,2026-08-03 15:35:23
TX-5392,ORD-1392,CUSTOMER,CUST-0268,8545.9,INFLOW,ORDER_PAYMENT,2026-08-03 15:43:56
TX-5393,ORD-1393,CUSTOMER,CUST-0452,1862.43,INFLOW,ORDER_PAYMENT,2026-08-03 15:52:12
TX-5394,ORD-1394,CUSTOMER,CUST-0277,2560.05,INFLOW,ORDER_PAYMENT,2026-08-03 16:00:53
TX-5395,ORD-1395,CUSTOMER,CUST-0209,1125.08,INFLOW,ORDER_PAYMENT,2026-08-03 16:09:20
TX-5396,ORD-1396,CUSTOMER,CUST-0208,3024.83,INFLOW,ORDER_PAYMENT,2026-08-03 16:17:45
TX-5397,ORD-1397,CUSTOMER,CUST-0430,7573.7,INFLOW,ORDER_PAYMENT,2026-08-03 16:26:04
TX-5398,ORD-1398,CUSTOMER,CUST-0170,3310.04,INFLOW,ORDER_PAYMENT,2026-08-03 16:34:16
TX-5399,ORD-1399,CUSTOMER,CUST-0497,3482.21,INFLOW,ORDER_PAYMENT,2026-08-03 16:42:55
TX-5400,ORD-1400,CUSTOMER,CUST-0434,3314.53,INFLOW,ORDER_PAYMENT,2026-08-03 16:51:16
TX-5401,ORD-1401,CUSTOMER,CUST-0488,818.39,INFLOW,ORDER_PAYMENT,2026-08-03 16:59:35
TX-5402,ORD-1402,CUSTOMER,CUST-0409,2757.05,INFLOW,ORDER_PAYMENT,2026-08-03 17:07:45
TX-5403,ORD-1403,CUSTOMER,CUST-0396,263.42,INFLOW,ORDER_PAYMENT,2026-08-03 17:16:16
TX-5404,ORD-1404,CUSTOMER,CUST-0207,4839.06,INFLOW,ORDER_PAYMENT,2026-08-03 17:24:45
TX-5405,ORD-1405,CUSTOMER,CUST-0084,1904.59,INFLOW,ORDER_PAYMENT,2026-08-03 17:32:56
TX-5406,ORD-1406,CUSTOMER,CUST-0500,2452.83,INFLOW,ORDER_PAYMENT,2026-08-03 17:41:24
TX-5407,ORD-1407,CUSTOMER,CUST-0347,3737.74,INFLOW,ORDER_PAYMENT,2026-08-03 17:49:46
TX-5408,ORD-1408,CUSTOMER,CUST-0332,3655.67,INFLOW,ORDER_PAYMENT,2026-08-03 17:58:32
TX-5409,ORD-1409,CUSTOMER,CUST-0045,263.42,INFLOW,ORDER_PAYMENT,2026-08-03 18:06:40
TX-5410,ORD-1410,CUSTOMER,CUST-0312,358.12,INFLOW,ORDER_PAYMENT,2026-08-03 18:14:51
TX-5411,ORD-1411,CUSTOMER,CUST-0024,291.34,INFLOW,ORDER_PAYMENT,2026-08-03 18:23:39
TX-5412,ORD-1412,CUSTOMER,CUST-0367,3684.61,INFLOW,ORDER_PAYMENT,2026-08-03 18:31:56
TX-5413,ORD-1413,CUSTOMER,CUST-0146,414.04,INFLOW,ORDER_PAYMENT,2026-08-03 18:40:23
TX-5414,ORD-1414,CUSTOMER,CUST-0385,7475.48,INFLOW,ORDER_PAYMENT,2026-08-03 18:48:43
TX-5415,ORD-1415,CUSTOMER,CUST-0237,4448.99,INFLOW,ORDER_PAYMENT,2026-08-03 18:57:17
TX-5416,ORD-1416,CUSTOMER,CUST-0141,4257.97,INFLOW,ORDER_PAYMENT,2026-08-03 19:05:33
TX-5417,ORD-1417,CUSTOMER,CUST-0142,4448.99,INFLOW,ORDER_PAYMENT,2026-08-03 19:14:05
TX-5418,ORD-1418,CUSTOMER,CUST-0127,431.18,INFLOW,ORDER_PAYMENT,2026-08-03 19:22:12
TX-5419,ORD-1419,CUSTOMER,CUST-0009,4390.3,INFLOW,ORDER_PAYMENT,2026-08-03 19:30:45
TX-5420,ORD-1420,CUSTOMER,CUST-0148,4336.35,INFLOW,ORDER_PAYMENT,2026-08-03 19:39:08
TX-5421,ORD-1421,CUSTOMER,CUST-0337,431.18,INFLOW,ORDER_PAYMENT,2026-08-03 19:47:35
TX-5422,ORD-1422,CUSTOMER,CUST-0079,1703.44,INFLOW,ORDER_PAYMENT,2026-08-03 19:55:53
TX-5423,ORD-1423,CUSTOMER,CUST-0028,851.72,INFLOW,ORDER_PAYMENT,2026-08-03 20:04:09
TX-5424,ORD-1424,CUSTOMER,CUST-0235,4448.99,INFLOW,ORDER_PAYMENT,2026-08-03 20:12:38
TX-5425,ORD-1425,CUSTOMER,CUST-0434,4337.59,INFLOW,ORDER_PAYMENT,2026-08-03 20:21:01
TX-5426,ORD-1426,CUSTOMER,CUST-0242,431.18,INFLOW,ORDER_PAYMENT,2026-08-03 20:29:38
TX-5427,ORD-1427,CUSTOMER,CUST-0466,1904.59,INFLOW,ORDER_PAYMENT,2026-08-03 20:37:58
TX-5428,ORD-1428,CUSTOMER,CUST-0003,670.05,INFLOW,ORDER_PAYMENT,2026-08-03 20:46:22
TX-5429,ORD-1429,CUSTOMER,CUST-0296,1882.85,INFLOW,ORDER_PAYMENT,2026-08-03 20:54:29
TX-5430,ORD-1430,CUSTOMER,CUST-0059,3722.35,INFLOW,ORDER_PAYMENT,2026-08-03 21:02:57
TX-5431,ORD-1431,CUSTOMER,CUST-0160,2439.3,INFLOW,ORDER_PAYMENT,2026-08-03 21:11:19
TX-5432,ORD-1432,CUSTOMER,CUST-0124,1862.43,INFLOW,ORDER_PAYMENT,2026-08-03 21:19:36
TX-5433,ORD-1433,CUSTOMER,CUST-0140,4294.61,INFLOW,ORDER_PAYMENT,2026-08-03 21:28:08
TX-5434,ORD-1434,CUSTOMER,CUST-0339,4905.66,INFLOW,ORDER_PAYMENT,2026-08-03 21:36:34
TX-5435,ORD-1435,CUSTOMER,CUST-0243,3196.07,INFLOW,ORDER_PAYMENT,2026-08-03 21:45:12
TX-5436,ORD-1436,CUSTOMER,CUST-0353,670.05,INFLOW,ORDER_PAYMENT,2026-08-03 21:53:20
TX-5437,ORD-1437,CUSTOMER,CUST-0328,414.04,INFLOW,ORDER_PAYMENT,2026-08-03 22:01:48
TX-5438,ORD-1438,CUSTOMER,CUST-0406,2200.0,INFLOW,ORDER_PAYMENT,2026-08-03 22:10:13
TX-5439,ORD-1439,CUSTOMER,CUST-0180,2446.64,INFLOW,ORDER_PAYMENT,2026-08-03 22:18:26
TX-5440,ORD-1440,CUSTOMER,CUST-0063,1768.39,INFLOW,ORDER_PAYMENT,2026-08-03 22:26:53
TX-5441,ORD-1441,CUSTOMER,CUST-0212,3737.74,INFLOW,ORDER_PAYMENT,2026-08-03 22:35:13
TX-5442,ORD-1442,CUSTOMER,CUST-0251,2483.23,INFLOW,ORDER_PAYMENT,2026-08-03 22:43:39
TX-5443,ORD-1443,CUSTOMER,CUST-0025,3855.71,INFLOW,ORDER_PAYMENT,2026-08-03 22:52:02
TX-5444,ORD-1444,CUSTOMER,CUST-0133,1924.84,INFLOW,ORDER_PAYMENT,2026-08-03 23:00:31
TX-5445,ORD-1445,CUSTOMER,CUST-0002,8849.94,INFLOW,ORDER_PAYMENT,2026-08-03 23:09:06
TX-5446,ORD-1446,CUSTOMER,CUST-0161,4257.97,INFLOW,ORDER_PAYMENT,2026-08-03 23:17:15
TX-5447,ORD-1447,CUSTOMER,CUST-0207,4272.95,INFLOW,ORDER_PAYMENT,2026-08-03 23:25:52
TX-5448,ORD-1448,CUSTOMER,CUST-0168,829.04,INFLOW,ORDER_PAYMENT,2026-08-03 23:34:06
TX-5449,ORD-1449,CUSTOMER,CUST-0194,517.68,INFLOW,ORDER_PAYMENT,2026-08-03 23:42:40
TX-5450,ORD-1450,CUSTOMER,CUST-0032,1418.34,INFLOW,ORDER_PAYMENT,2026-08-03 23:50:57
TX-5451,ORD-1451,CUSTOMER,CUST-0457,3024.83,INFLOW,ORDER_PAYMENT,2026-08-03 23:59:17
TX-5452,ORD-1452,CUSTOMER,CUST-0249,2560.05,INFLOW,ORDER_PAYMENT,2026-08-04 00:07:50
TX-5453,ORD-1453,CUSTOMER,CUST-0117,826.99,INFLOW,ORDER_PAYMENT,2026-08-04 00:16:14
TX-5454,ORD-1454,CUSTOMER,CUST-0497,4076.43,INFLOW,ORDER_PAYMENT,2026-08-04 00:24:23
TX-5455,ORD-1455,CUSTOMER,CUST-0110,3303.71,INFLOW,ORDER_PAYMENT,2026-08-04 00:32:46
TX-5456,ORD-1456,CUSTOMER,CUST-0466,7311.34,INFLOW,ORDER_PAYMENT,2026-08-04 00:41:35
TX-5457,ORD-1457,CUSTOMER,CUST-0359,3817.51,INFLOW,ORDER_PAYMENT,2026-08-04 00:49:44
TX-5458,ORD-1458,CUSTOMER,CUST-0311,674.08,INFLOW,ORDER_PAYMENT,2026-08-04 00:58:13
TX-5459,ORD-1459,CUSTOMER,CUST-0200,4226.7,INFLOW,ORDER_PAYMENT,2026-08-04 01:06:50
TX-5460,ORD-1460,CUSTOMER,CUST-0329,4337.59,INFLOW,ORDER_PAYMENT,2026-08-04 01:15:04
TX-5461,ORD-1461,CUSTOMER,CUST-0442,4257.97,INFLOW,ORDER_PAYMENT,2026-08-04 01:23:15
TX-5462,ORD-1462,CUSTOMER,CUST-0258,4458.58,INFLOW,ORDER_PAYMENT,2026-08-04 01:31:54
TX-5463,ORD-1463,CUSTOMER,CUST-0386,1100.0,INFLOW,ORDER_PAYMENT,2026-08-04 01:40:12
TX-5464,ORD-1464,CUSTOMER,CUST-0342,291.34,INFLOW,ORDER_PAYMENT,2026-08-04 01:48:45
TX-5465,ORD-1465,CUSTOMER,CUST-0318,1076.17,INFLOW,ORDER_PAYMENT,2026-08-04 01:56:50
TX-5466,ORD-1466,CUSTOMER,CUST-0262,2419.53,INFLOW,ORDER_PAYMENT,2026-08-04 02:05:30
TX-5467,ORD-1467,CUSTOMER,CUST-0278,3817.51,INFLOW,ORDER_PAYMENT,2026-08-04 02:13:55
TX-5468,ORD-1468,CUSTOMER,CUST-0117,1992.9,INFLOW,ORDER_PAYMENT,2026-08-04 02:22:18
TX-5469,ORD-1469,CUSTOMER,CUST-0114,1004.29,INFLOW,ORDER_PAYMENT,2026-08-04 02:30:30
TX-5470,ORD-1470,CUSTOMER,CUST-0456,1004.29,INFLOW,ORDER_PAYMENT,2026-08-04 02:38:53
TX-5471,ORD-1471,CUSTOMER,CUST-0027,4131.02,INFLOW,ORDER_PAYMENT,2026-08-04 02:47:32
TX-5472,ORD-1472,CUSTOMER,CUST-0059,2757.05,INFLOW,ORDER_PAYMENT,2026-08-04 02:55:45
TX-5473,ORD-1473,CUSTOMER,CUST-0168,414.04,INFLOW,ORDER_PAYMENT,2026-08-04 03:04:16
TX-5474,ORD-1474,CUSTOMER,CUST-0416,1090.0,INFLOW,ORDER_PAYMENT,2026-08-04 03:12:40
TX-5475,ORD-1475,CUSTOMER,CUST-0448,1299.1,INFLOW,ORDER_PAYMENT,2026-08-04 03:21:04
TX-5476,ORD-1476,CUSTOMER,CUST-0376,4878.6,INFLOW,ORDER_PAYMENT,2026-08-04 03:29:38
TX-5477,ORD-1477,CUSTOMER,CUST-0471,3211.6,INFLOW,ORDER_PAYMENT,2026-08-04 03:37:53
TX-5478,ORD-1478,CUSTOMER,CUST-0286,3412.17,INFLOW,ORDER_PAYMENT,2026-08-04 03:46:27
TX-5479,ORD-1479,CUSTOMER,CUST-0490,1732.3,INFLOW,ORDER_PAYMENT,2026-08-04 03:54:47
TX-5480,ORD-1480,CUSTOMER,CUST-0442,3722.35,INFLOW,ORDER_PAYMENT,2026-08-04 04:02:47
TX-5481,ORD-1481,CUSTOMER,CUST-0092,6423.2,INFLOW,ORDER_PAYMENT,2026-08-04 04:11:36
TX-5482,ORD-1482,CUSTOMER,CUST-0297,3786.85,INFLOW,ORDER_PAYMENT,2026-08-04 04:19:41
TX-5483,ORD-1483,CUSTOMER,CUST-0114,3314.53,INFLOW,ORDER_PAYMENT,2026-08-04 04:28:09
TX-5484,ORD-1484,CUSTOMER,CUST-0248,4054.3,INFLOW,ORDER_PAYMENT,2026-08-04 04:36:26
TX-5485,ORD-1485,CUSTOMER,CUST-0003,4458.58,INFLOW,ORDER_PAYMENT,2026-08-04 04:44:58
TX-5486,ORD-1486,CUSTOMER,CUST-0346,3737.74,INFLOW,ORDER_PAYMENT,2026-08-04 04:53:27
TX-5487,ORD-1487,CUSTOMER,CUST-0207,674.08,INFLOW,ORDER_PAYMENT,2026-08-04 05:01:47
TX-5488,ORD-1488,CUSTOMER,CUST-0425,3196.07,INFLOW,ORDER_PAYMENT,2026-08-04 05:10:22
TX-5489,ORD-1489,CUSTOMER,CUST-0142,2788.05,INFLOW,ORDER_PAYMENT,2026-08-04 05:18:40
TX-5490,ORD-1490,CUSTOMER,CUST-0374,582.68,INFLOW,ORDER_PAYMENT,2026-08-04 05:26:54
TX-5491,ORD-1491,CUSTOMER,CUST-0060,1904.59,INFLOW,ORDER_PAYMENT,2026-08-04 05:35:23
TX-5492,ORD-1492,CUSTOMER,CUST-0390,7795.04,INFLOW,ORDER_PAYMENT,2026-08-04 05:43:43
TX-5493,ORD-1493,CUSTOMER,CUST-0344,3305.06,INFLOW,ORDER_PAYMENT,2026-08-04 05:51:58
TX-5494,ORD-1494,CUSTOMER,CUST-0370,3817.51,INFLOW,ORDER_PAYMENT,2026-08-04 06:00:37
TX-5495,ORD-1495,CUSTOMER,CUST-0122,3314.53,INFLOW,ORDER_PAYMENT,2026-08-04 06:09:10
TX-5496,ORD-1496,CUSTOMER,CUST-0235,6105.84,INFLOW,ORDER_PAYMENT,2026-08-04 06:17:14
TX-5497,ORD-1497,CUSTOMER,CUST-0434,2439.3,INFLOW,ORDER_PAYMENT,2026-08-04 06:25:36
TX-5498,ORD-1498,CUSTOMER,CUST-0340,2589.06,INFLOW,ORDER_PAYMENT,2026-08-04 06:34:12
TX-5499,ORD-1499,CUSTOMER,CUST-0286,306.7,INFLOW,ORDER_PAYMENT,2026-08-04 06:42:49
TX-5500,ORD-1500,CUSTOMER,CUST-0277,6105.84,INFLOW,ORDER_PAYMENT,2026-08-04 06:50:53
TX-5501,ORD-1501,CUSTOMER,CUST-0500,826.99,INFLOW,ORDER_PAYMENT,2026-08-04 06:59:24
TX-5502,ORD-1502,CUSTOMER,CUST-0258,358.12,INFLOW,ORDER_PAYMENT,2026-08-04 07:07:39
TX-5503,ORD-1503,CUSTOMER,CUST-0386,6964.42,INFLOW,ORDER_PAYMENT,2026-08-04 07:16:04
TX-5504,ORD-1504,CUSTOMER,CUST-0367,263.42,INFLOW,ORDER_PAYMENT,2026-08-04 07:24:47
TX-5505,ORD-1505,CUSTOMER,CUST-0282,2757.05,INFLOW,ORDER_PAYMENT,2026-08-04 07:32:54
TX-5506,ORD-1506,CUSTOMER,CUST-0033,656.92,INFLOW,ORDER_PAYMENT,2026-08-04 07:41:27
TX-5507,ORD-1507,CUSTOMER,CUST-0061,1434.09,INFLOW,ORDER_PAYMENT,2026-08-04 07:49:54
TX-5508,ORD-1508,CUSTOMER,CUST-0004,1992.9,INFLOW,ORDER_PAYMENT,2026-08-04 07:58:18
TX-5509,ORD-1509,CUSTOMER,CUST-0297,557.56,INFLOW,ORDER_PAYMENT,2026-08-04 08:06:25
TX-5510,ORD-1510,CUSTOMER,CUST-0012,1524.23,INFLOW,ORDER_PAYMENT,2026-08-04 08:15:06
TX-5511,ORD-1511,CUSTOMER,CUST-0303,4076.43,INFLOW,ORDER_PAYMENT,2026-08-04 08:23:08
TX-5512,ORD-1512,CUSTOMER,CUST-0116,2788.05,INFLOW,ORDER_PAYMENT,2026-08-04 08:31:59
TX-5513,ORD-1513,CUSTOMER,CUST-0138,826.99,INFLOW,ORDER_PAYMENT,2026-08-04 08:40:05
TX-5514,ORD-1514,CUSTOMER,CUST-0097,3569.25,INFLOW,ORDER_PAYMENT,2026-08-04 08:48:32
TX-5515,ORD-1515,CUSTOMER,CUST-0169,829.04,INFLOW,ORDER_PAYMENT,2026-08-04 08:56:46
TX-5516,ORD-1516,CUSTOMER,CUST-0457,4448.99,INFLOW,ORDER_PAYMENT,2026-08-04 09:05:35
TX-5517,ORD-1517,CUSTOMER,CUST-0323,3855.71,INFLOW,ORDER_PAYMENT,2026-08-04 09:13:35
TX-5518,ORD-1518,CUSTOMER,CUST-0033,291.34,INFLOW,ORDER_PAYMENT,2026-08-04 09:22:01
TX-5519,ORD-1519,CUSTOMER,CUST-0050,3570.49,INFLOW,ORDER_PAYMENT,2026-08-04 09:30:18
TX-5520,ORD-1520,CUSTOMER,CUST-0210,3722.35,INFLOW,ORDER_PAYMENT,2026-08-04 09:38:43
TX-5521,ORD-1521,CUSTOMER,CUST-0202,4336.35,INFLOW,ORDER_PAYMENT,2026-08-04 09:47:20
TX-5522,ORD-1522,CUSTOMER,CUST-0265,3246.81,INFLOW,ORDER_PAYMENT,2026-08-04 09:55:44
TX-5523,ORD-1523,CUSTOMER,CUST-0243,2483.23,INFLOW,ORDER_PAYMENT,2026-08-04 10:04:23
TX-5524,ORD-1524,CUSTOMER,CUST-0106,8148.62,INFLOW,ORDER_PAYMENT,2026-08-04 10:12:19
TX-5525,ORD-1525,CUSTOMER,CUST-0199,3621.3,INFLOW,ORDER_PAYMENT,2026-08-04 10:20:55
TX-5526,ORD-1526,CUSTOMER,CUST-0082,8589.22,INFLOW,ORDER_PAYMENT,2026-08-04 10:29:24
TX-5527,ORD-1527,CUSTOMER,CUST-0398,258.84,INFLOW,ORDER_PAYMENT,2026-08-04 10:37:50
TX-5528,ORD-1528,CUSTOMER,CUST-0400,3246.81,INFLOW,ORDER_PAYMENT,2026-08-04 10:46:14
TX-5529,ORD-1529,CUSTOMER,CUST-0405,1100.0,INFLOW,ORDER_PAYMENT,2026-08-04 10:54:38
TX-5530,ORD-1530,CUSTOMER,CUST-0115,1862.43,INFLOW,ORDER_PAYMENT,2026-08-04 11:02:52
TX-5531,ORD-1531,CUSTOMER,CUST-0056,4390.3,INFLOW,ORDER_PAYMENT,2026-08-04 11:11:11
TX-5532,ORD-1532,CUSTOMER,CUST-0410,2449.37,INFLOW,ORDER_PAYMENT,2026-08-04 11:19:37
TX-5533,ORD-1533,CUSTOMER,CUST-0277,2065.51,INFLOW,ORDER_PAYMENT,2026-08-04 11:27:56
TX-5534,ORD-1534,CUSTOMER,CUST-0007,3722.35,INFLOW,ORDER_PAYMENT,2026-08-04 11:36:19
TX-5535,ORD-1535,CUSTOMER,CUST-0494,2560.05,INFLOW,ORDER_PAYMENT,2026-08-04 11:44:59
TX-5536,ORD-1536,CUSTOMER,CUST-0318,3786.85,INFLOW,ORDER_PAYMENT,2026-08-04 11:53:08
TX-5537,ORD-1537,CUSTOMER,CUST-0148,4030.3,INFLOW,ORDER_PAYMENT,2026-08-04 12:01:35
TX-5538,ORD-1538,CUSTOMER,CUST-0366,3482.21,INFLOW,ORDER_PAYMENT,2026-08-04 12:10:02
TX-5539,ORD-1539,CUSTOMER,CUST-0351,3211.6,INFLOW,ORDER_PAYMENT,2026-08-04 12:18:31
TX-5540,ORD-1540,CUSTOMER,CUST-0360,3855.71,INFLOW,ORDER_PAYMENT,2026-08-04 12:26:43
TX-5541,ORD-1541,CUSTOMER,CUST-0055,2252.3,INFLOW,ORDER_PAYMENT,2026-08-04 12:35:18
TX-5542,ORD-1542,CUSTOMER,CUST-0038,2419.53,INFLOW,ORDER_PAYMENT,2026-08-04 12:43:56
TX-5543,ORD-1543,CUSTOMER,CUST-0107,3904.31,INFLOW,ORDER_PAYMENT,2026-08-04 12:52:09
TX-5544,ORD-1544,CUSTOMER,CUST-0125,4074.31,INFLOW,ORDER_PAYMENT,2026-08-04 13:00:19
TX-5545,ORD-1545,CUSTOMER,CUST-0235,1299.1,INFLOW,ORDER_PAYMENT,2026-08-04 13:08:46
TX-5546,ORD-1546,CUSTOMER,CUST-0043,4074.31,INFLOW,ORDER_PAYMENT,2026-08-04 13:17:22
TX-5547,ORD-1547,CUSTOMER,CUST-0270,1604.68,INFLOW,ORDER_PAYMENT,2026-08-04 13:25:31
TX-5548,ORD-1548,CUSTOMER,CUST-0194,5178.12,INFLOW,ORDER_PAYMENT,2026-08-04 13:33:58
TX-5549,ORD-1549,CUSTOMER,CUST-0206,3048.46,INFLOW,ORDER_PAYMENT,2026-08-04 13:42:23
TX-5550,ORD-1550,CUSTOMER,CUST-0276,3412.17,INFLOW,ORDER_PAYMENT,2026-08-04 13:50:47
TX-5551,ORD-1551,CUSTOMER,CUST-0174,2788.05,INFLOW,ORDER_PAYMENT,2026-08-04 13:59:09
TX-5552,ORD-1552,CUSTOMER,CUST-0421,2589.06,INFLOW,ORDER_PAYMENT,2026-08-04 14:07:49
TX-5553,ORD-1553,CUSTOMER,CUST-0007,3897.52,INFLOW,ORDER_PAYMENT,2026-08-04 14:16:20
TX-5554,ORD-1554,CUSTOMER,CUST-0354,2452.83,INFLOW,ORDER_PAYMENT,2026-08-04 14:24:22
TX-5555,ORD-1555,CUSTOMER,CUST-0373,656.92,INFLOW,ORDER_PAYMENT,2026-08-04 14:33:04
TX-5556,ORD-1556,CUSTOMER,CUST-0036,3737.74,INFLOW,ORDER_PAYMENT,2026-08-04 14:41:08
TX-5557,ORD-1557,CUSTOMER,CUST-0363,1904.59,INFLOW,ORDER_PAYMENT,2026-08-04 14:49:30
TX-5558,ORD-1558,CUSTOMER,CUST-0427,1524.23,INFLOW,ORDER_PAYMENT,2026-08-04 14:57:52
TX-5559,ORD-1559,CUSTOMER,CUST-0019,1992.9,INFLOW,ORDER_PAYMENT,2026-08-04 15:06:27
TX-5560,ORD-1560,CUSTOMER,CUST-0490,1004.29,INFLOW,ORDER_PAYMENT,2026-08-04 15:14:43
TX-5561,ORD-1561,CUSTOMER,CUST-0331,3897.52,INFLOW,ORDER_PAYMENT,2026-08-04 15:23:30
TX-5562,ORD-1562,CUSTOMER,CUST-0052,2419.53,INFLOW,ORDER_PAYMENT,2026-08-04 15:31:38
TX-5563,ORD-1563,CUSTOMER,CUST-0394,2836.68,INFLOW,ORDER_PAYMENT,2026-08-04 15:40:10
TX-5564,ORD-1564,CUSTOMER,CUST-0110,258.84,INFLOW,ORDER_PAYMENT,2026-08-04 15:48:32
TX-5565,ORD-1565,CUSTOMER,CUST-0246,889.09,INFLOW,ORDER_PAYMENT,2026-08-04 15:56:42
TX-5566,ORD-1566,CUSTOMER,CUST-0112,3536.78,INFLOW,ORDER_PAYMENT,2026-08-04 16:05:13
TX-5567,ORD-1567,CUSTOMER,CUST-0085,1434.09,INFLOW,ORDER_PAYMENT,2026-08-04 16:13:48
TX-5568,ORD-1568,CUSTOMER,CUST-0130,3211.6,INFLOW,ORDER_PAYMENT,2026-08-04 16:21:57
TX-5569,ORD-1569,CUSTOMER,CUST-0239,674.08,INFLOW,ORDER_PAYMENT,2026-08-04 16:30:29
TX-5570,ORD-1570,CUSTOMER,CUST-0051,1299.1,INFLOW,ORDER_PAYMENT,2026-08-04 16:38:43
TX-5571,ORD-1571,CUSTOMER,CUST-0313,3527.16,INFLOW,ORDER_PAYMENT,2026-08-04 16:47:19
TX-5572,ORD-1572,CUSTOMER,CUST-0347,3196.07,INFLOW,ORDER_PAYMENT,2026-08-04 16:55:42
TX-5573,ORD-1573,CUSTOMER,CUST-0087,431.18,INFLOW,ORDER_PAYMENT,2026-08-04 17:04:15
TX-5574,ORD-1574,CUSTOMER,CUST-0397,4054.3,INFLOW,ORDER_PAYMENT,2026-08-04 17:12:28
TX-5575,ORD-1575,CUSTOMER,CUST-0065,1604.68,INFLOW,ORDER_PAYMENT,2026-08-04 17:20:54
TX-5576,ORD-1576,CUSTOMER,CUST-0251,1100.0,INFLOW,ORDER_PAYMENT,2026-08-04 17:29:23
TX-5577,ORD-1577,CUSTOMER,CUST-0140,5576.1,INFLOW,ORDER_PAYMENT,2026-08-04 17:37:28
TX-5578,ORD-1578,CUSTOMER,CUST-0181,8917.16,INFLOW,ORDER_PAYMENT,2026-08-04 17:45:54
TX-5579,ORD-1579,CUSTOMER,CUST-0264,535.08,INFLOW,ORDER_PAYMENT,2026-08-04 17:54:40
TX-5580,ORD-1580,CUSTOMER,CUST-0252,3569.25,INFLOW,ORDER_PAYMENT,2026-08-04 18:02:53
TX-5581,ORD-1581,CUSTOMER,CUST-0382,7128.4,INFLOW,ORDER_PAYMENT,2026-08-04 18:11:25
TX-5582,ORD-1582,CUSTOMER,CUST-0082,829.04,INFLOW,ORDER_PAYMENT,2026-08-04 18:19:30
TX-5583,ORD-1583,CUSTOMER,CUST-0396,1948.31,INFLOW,ORDER_PAYMENT,2026-08-04 18:27:55
TX-5584,ORD-1584,CUSTOMER,CUST-0256,1100.0,INFLOW,ORDER_PAYMENT,2026-08-04 18:36:13
TX-5585,ORD-1585,CUSTOMER,CUST-0051,3314.53,INFLOW,ORDER_PAYMENT,2026-08-04 18:44:49
TX-5586,ORD-1586,CUSTOMER,CUST-0391,8515.94,INFLOW,ORDER_PAYMENT,2026-08-04 18:53:08
TX-5587,ORD-1587,CUSTOMER,CUST-0146,1231.42,INFLOW,ORDER_PAYMENT,2026-08-04 19:01:28
TX-5588,ORD-1588,CUSTOMER,CUST-0321,5576.1,INFLOW,ORDER_PAYMENT,2026-08-04 19:09:58
TX-5589,ORD-1589,CUSTOMER,CUST-0035,826.99,INFLOW,ORDER_PAYMENT,2026-08-04 19:18:28
TX-5590,ORD-1590,CUSTOMER,CUST-0410,656.92,INFLOW,ORDER_PAYMENT,2026-08-04 19:26:57
TX-5591,ORD-1591,CUSTOMER,CUST-0497,2788.05,INFLOW,ORDER_PAYMENT,2026-08-04 19:35:00
TX-5592,ORD-1592,CUSTOMER,CUST-0138,818.39,INFLOW,ORDER_PAYMENT,2026-08-04 19:43:34
TX-5593,ORD-1593,CUSTOMER,CUST-0344,1703.44,INFLOW,ORDER_PAYMENT,2026-08-04 19:51:59
TX-5594,ORD-1594,CUSTOMER,CUST-0276,2868.18,INFLOW,ORDER_PAYMENT,2026-08-04 20:00:27
TX-5595,ORD-1595,CUSTOMER,CUST-0369,3297.77,INFLOW,ORDER_PAYMENT,2026-08-04 20:08:50
TX-5596,ORD-1596,CUSTOMER,CUST-0341,8917.16,INFLOW,ORDER_PAYMENT,2026-08-04 20:17:02
TX-5597,ORD-1597,CUSTOMER,CUST-0500,2757.05,INFLOW,ORDER_PAYMENT,2026-08-04 20:25:48
TX-5598,ORD-1598,CUSTOMER,CUST-0246,6423.2,INFLOW,ORDER_PAYMENT,2026-08-04 20:33:55
TX-5599,ORD-1599,CUSTOMER,CUST-0050,1604.68,INFLOW,ORDER_PAYMENT,2026-08-04 20:42:29
TX-5600,ORD-1600,CUSTOMER,CUST-0314,4101.12,INFLOW,ORDER_PAYMENT,2026-08-04 20:50:56
TX-5601,ORD-1601,CUSTOMER,CUST-0500,1004.29,INFLOW,ORDER_PAYMENT,2026-08-04 20:59:20
TX-5602,ORD-1602,CUSTOMER,CUST-0325,8202.24,INFLOW,ORDER_PAYMENT,2026-08-04 21:07:37
TX-5603,ORD-1603,CUSTOMER,CUST-0036,1229.97,INFLOW,ORDER_PAYMENT,2026-08-04 21:15:50
TX-5604,ORD-1604,CUSTOMER,CUST-0327,3590.3,INFLOW,ORDER_PAYMENT,2026-08-04 21:24:31
TX-5605,ORD-1605,CUSTOMER,CUST-0180,4839.06,INFLOW,ORDER_PAYMENT,2026-08-04 21:32:50
TX-5606,ORD-1606,CUSTOMER,CUST-0205,613.4,INFLOW,ORDER_PAYMENT,2026-08-04 21:41:26
TX-5607,ORD-1607,CUSTOMER,CUST-0174,535.08,INFLOW,ORDER_PAYMENT,2026-08-04 21:49:25
TX-5608,ORD-1608,CUSTOMER,CUST-0122,3897.52,INFLOW,ORDER_PAYMENT,2026-08-04 21:58:15
TX-5609,ORD-1609,CUSTOMER,CUST-0135,3817.51,INFLOW,ORDER_PAYMENT,2026-08-04 22:06:22
TX-5610,ORD-1610,CUSTOMER,CUST-0114,1076.17,INFLOW,ORDER_PAYMENT,2026-08-04 22:14:38
TX-5611,ORD-1611,CUSTOMER,CUST-0195,656.92,INFLOW,ORDER_PAYMENT,2026-08-04 22:23:14
TX-5612,ORD-1612,CUSTOMER,CUST-0101,4294.61,INFLOW,ORDER_PAYMENT,2026-08-04 22:31:31
TX-5613,ORD-1613,CUSTOMER,CUST-0029,2644.13,INFLOW,ORDER_PAYMENT,2026-08-04 22:39:49
TX-5614,ORD-1614,CUSTOMER,CUST-0099,3310.04,INFLOW,ORDER_PAYMENT,2026-08-04 22:48:14
TX-5615,ORD-1615,CUSTOMER,CUST-0176,4448.99,INFLOW,ORDER_PAYMENT,2026-08-04 22:56:43
TX-5616,ORD-1616,CUSTOMER,CUST-0254,431.18,INFLOW,ORDER_PAYMENT,2026-08-04 23:04:59
TX-5617,ORD-1617,CUSTOMER,CUST-0468,4074.31,INFLOW,ORDER_PAYMENT,2026-08-04 23:13:46
TX-5618,ORD-1618,CUSTOMER,CUST-0070,7369.22,INFLOW,ORDER_PAYMENT,2026-08-04 23:22:11
TX-5619,ORD-1619,CUSTOMER,CUST-0079,3303.71,INFLOW,ORDER_PAYMENT,2026-08-04 23:30:14
TX-5620,ORD-1620,CUSTOMER,CUST-0190,2459.94,INFLOW,ORDER_PAYMENT,2026-08-04 23:38:50
TX-5621,ORD-1621,CUSTOMER,CUST-0435,3305.06,INFLOW,ORDER_PAYMENT,2026-08-04 23:47:18
TX-5622,ORD-1622,CUSTOMER,CUST-0331,1604.68,INFLOW,ORDER_PAYMENT,2026-08-04 23:55:23
TX-5623,ORD-1623,CUSTOMER,CUST-0460,2065.51,INFLOW,ORDER_PAYMENT,2026-08-05 00:04:01
TX-5624,ORD-1624,CUSTOMER,CUST-0300,1768.39,INFLOW,ORDER_PAYMENT,2026-08-05 00:12:30
TX-5625,ORD-1625,CUSTOMER,CUST-0336,2589.06,INFLOW,ORDER_PAYMENT,2026-08-05 00:21:00
TX-5626,ORD-1626,CUSTOMER,CUST-0259,2446.64,INFLOW,ORDER_PAYMENT,2026-08-05 00:29:00
TX-5627,ORD-1627,CUSTOMER,CUST-0075,829.04,INFLOW,ORDER_PAYMENT,2026-08-05 00:37:46
TX-5628,ORD-1628,CUSTOMER,CUST-0269,3570.49,INFLOW,ORDER_PAYMENT,2026-08-05 00:45:45
TX-5629,ORD-1629,CUSTOMER,CUST-0345,1004.29,INFLOW,ORDER_PAYMENT,2026-08-05 00:54:11
TX-5630,ORD-1630,CUSTOMER,CUST-0437,2446.64,INFLOW,ORDER_PAYMENT,2026-08-05 01:02:40
TX-5631,ORD-1631,CUSTOMER,CUST-0209,7275.16,INFLOW,ORDER_PAYMENT,2026-08-05 01:11:22
TX-5632,ORD-1632,CUSTOMER,CUST-0464,5514.1,INFLOW,ORDER_PAYMENT,2026-08-05 01:19:43
TX-5633,ORD-1633,CUSTOMER,CUST-0342,3052.92,INFLOW,ORDER_PAYMENT,2026-08-05 01:28:06
TX-5634,ORD-1634,CUSTOMER,CUST-0217,8917.16,INFLOW,ORDER_PAYMENT,2026-08-05 01:36:32
TX-5635,ORD-1635,CUSTOMER,CUST-0338,4336.35,INFLOW,ORDER_PAYMENT,2026-08-05 01:44:52
TX-5636,ORD-1636,CUSTOMER,CUST-0067,3303.71,INFLOW,ORDER_PAYMENT,2026-08-05 01:53:08
TX-5637,ORD-1637,CUSTOMER,CUST-0246,3297.77,INFLOW,ORDER_PAYMENT,2026-08-05 02:01:29
TX-5638,ORD-1638,CUSTOMER,CUST-0223,3896.62,INFLOW,ORDER_PAYMENT,2026-08-05 02:09:59
TX-5639,ORD-1639,CUSTOMER,CUST-0398,3621.3,INFLOW,ORDER_PAYMENT,2026-08-05 02:18:31
TX-5640,ORD-1640,CUSTOMER,CUST-0030,1004.29,INFLOW,ORDER_PAYMENT,2026-08-05 02:26:41
TX-5641,ORD-1641,CUSTOMER,CUST-0465,656.92,INFLOW,ORDER_PAYMENT,2026-08-05 02:34:56
TX-5642,ORD-1642,CUSTOMER,CUST-0147,2644.13,INFLOW,ORDER_PAYMENT,2026-08-05 02:43:48
TX-5643,ORD-1643,CUSTOMER,CUST-0419,3569.25,INFLOW,ORDER_PAYMENT,2026-08-05 02:52:10
TX-5644,ORD-1644,CUSTOMER,CUST-0290,6964.42,INFLOW,ORDER_PAYMENT,2026-08-05 03:00:30
TX-5645,ORD-1645,CUSTOMER,CUST-0183,3303.71,INFLOW,ORDER_PAYMENT,2026-08-05 03:08:41
TX-5646,ORD-1646,CUSTOMER,CUST-0138,2446.64,INFLOW,ORDER_PAYMENT,2026-08-05 03:17:08
TX-5647,ORD-1647,CUSTOMER,CUST-0480,1076.17,INFLOW,ORDER_PAYMENT,2026-08-05 03:25:24
TX-5648,ORD-1648,CUSTOMER,CUST-0324,2252.3,INFLOW,ORDER_PAYMENT,2026-08-05 03:34:03
TX-5649,ORD-1649,CUSTOMER,CUST-0432,674.08,INFLOW,ORDER_PAYMENT,2026-08-05 03:42:12
TX-5650,ORD-1650,CUSTOMER,CUST-0071,2757.05,INFLOW,ORDER_PAYMENT,2026-08-05 03:50:55
TX-5651,ORD-1651,CUSTOMER,CUST-0106,3904.05,INFLOW,ORDER_PAYMENT,2026-08-05 03:59:06
TX-5652,ORD-1652,CUSTOMER,CUST-0299,1604.68,INFLOW,ORDER_PAYMENT,2026-08-05 04:07:40
TX-5653,ORD-1653,CUSTOMER,CUST-0114,1418.34,INFLOW,ORDER_PAYMENT,2026-08-05 04:15:52
TX-5654,ORD-1654,CUSTOMER,CUST-0313,2589.06,INFLOW,ORDER_PAYMENT,2026-08-05 04:24:17
TX-5655,ORD-1655,CUSTOMER,CUST-0424,4893.28,INFLOW,ORDER_PAYMENT,2026-08-05 04:32:37
TX-5656,ORD-1656,CUSTOMER,CUST-0406,2788.05,INFLOW,ORDER_PAYMENT,2026-08-05 04:41:07
TX-5657,ORD-1657,CUSTOMER,CUST-0025,3904.05,INFLOW,ORDER_PAYMENT,2026-08-05 04:49:49
TX-5658,ORD-1658,CUSTOMER,CUST-0098,2449.37,INFLOW,ORDER_PAYMENT,2026-08-05 04:58:00
TX-5659,ORD-1659,CUSTOMER,CUST-0316,1125.08,INFLOW,ORDER_PAYMENT,2026-08-05 05:06:10
TX-5660,ORD-1660,CUSTOMER,CUST-0001,826.99,INFLOW,ORDER_PAYMENT,2026-08-05 05:14:52
TX-5661,ORD-1661,CUSTOMER,CUST-0152,883.38,INFLOW,ORDER_PAYMENT,2026-08-05 05:22:55
TX-5662,ORD-1662,CUSTOMER,CUST-0267,1100.0,INFLOW,ORDER_PAYMENT,2026-08-05 05:31:44
TX-5663,ORD-1663,CUSTOMER,CUST-0105,3246.81,INFLOW,ORDER_PAYMENT,2026-08-05 05:39:49
TX-5664,ORD-1664,CUSTOMER,CUST-0277,7808.1,INFLOW,ORDER_PAYMENT,2026-08-05 05:48:32
TX-5665,ORD-1665,CUSTOMER,CUST-0018,4336.35,INFLOW,ORDER_PAYMENT,2026-08-05 05:56:38
TX-5666,ORD-1666,CUSTOMER,CUST-0404,3904.05,INFLOW,ORDER_PAYMENT,2026-08-05 06:05:04
TX-5667,ORD-1667,CUSTOMER,CUST-0100,263.42,INFLOW,ORDER_PAYMENT,2026-08-05 06:13:43
TX-5668,ORD-1668,CUSTOMER,CUST-0363,3052.92,INFLOW,ORDER_PAYMENT,2026-08-05 06:21:43
TX-5669,ORD-1669,CUSTOMER,CUST-0188,3569.25,INFLOW,ORDER_PAYMENT,2026-08-05 06:30:27
TX-5670,ORD-1670,CUSTOMER,CUST-0115,4337.59,INFLOW,ORDER_PAYMENT,2026-08-05 06:38:34
TX-5671,ORD-1671,CUSTOMER,CUST-0008,3621.3,INFLOW,ORDER_PAYMENT,2026-08-05 06:47:01
TX-5672,ORD-1672,CUSTOMER,CUST-0231,1434.09,INFLOW,ORDER_PAYMENT,2026-08-05 06:55:25
TX-5673,ORD-1673,CUSTOMER,CUST-0475,3063.16,INFLOW,ORDER_PAYMENT,2026-08-05 07:03:55
TX-5674,ORD-1674,CUSTOMER,CUST-0366,2252.3,INFLOW,ORDER_PAYMENT,2026-08-05 07:12:06
TX-5675,ORD-1675,CUSTOMER,CUST-0101,291.34,INFLOW,ORDER_PAYMENT,2026-08-05 07:20:52
TX-5676,ORD-1676,CUSTOMER,CUST-0025,4101.12,INFLOW,ORDER_PAYMENT,2026-08-05 07:29:12
TX-5677,ORD-1677,CUSTOMER,CUST-0176,6610.12,INFLOW,ORDER_PAYMENT,2026-08-05 07:37:24
TX-5678,ORD-1678,CUSTOMER,CUST-0431,3527.16,INFLOW,ORDER_PAYMENT,2026-08-05 07:45:42
TX-5679,ORD-1679,CUSTOMER,CUST-0404,306.7,INFLOW,ORDER_PAYMENT,2026-08-05 07:54:25
TX-5680,ORD-1680,CUSTOMER,CUST-0352,3590.3,INFLOW,ORDER_PAYMENT,2026-08-05 08:02:58
TX-5681,ORD-1681,CUSTOMER,CUST-0167,2644.13,INFLOW,ORDER_PAYMENT,2026-08-05 08:11:14
TX-5682,ORD-1682,CUSTOMER,CUST-0009,1231.42,INFLOW,ORDER_PAYMENT,2026-08-05 08:19:19
TX-5683,ORD-1683,CUSTOMER,CUST-0215,1229.97,INFLOW,ORDER_PAYMENT,2026-08-05 08:28:01
TX-5684,ORD-1684,CUSTOMER,CUST-0466,3904.31,INFLOW,ORDER_PAYMENT,2026-08-05 08:36:07
TX-5685,ORD-1685,CUSTOMER,CUST-0123,1125.08,INFLOW,ORDER_PAYMENT,2026-08-05 08:44:45
TX-5686,ORD-1686,CUSTOMER,CUST-0113,3904.05,INFLOW,ORDER_PAYMENT,2026-08-05 08:53:16
TX-5687,ORD-1687,CUSTOMER,CUST-0115,851.72,INFLOW,ORDER_PAYMENT,2026-08-05 09:01:29
TX-5688,ORD-1688,CUSTOMER,CUST-0170,4390.3,INFLOW,ORDER_PAYMENT,2026-08-05 09:10:11
TX-5689,ORD-1689,CUSTOMER,CUST-0160,3621.3,INFLOW,ORDER_PAYMENT,2026-08-05 09:18:22
TX-5690,ORD-1690,CUSTOMER,CUST-0096,656.92,INFLOW,ORDER_PAYMENT,2026-08-05 09:26:33
TX-5691,ORD-1691,CUSTOMER,CUST-0296,3590.3,INFLOW,ORDER_PAYMENT,2026-08-05 09:35:10
TX-5692,ORD-1692,CUSTOMER,CUST-0053,1544.47,INFLOW,ORDER_PAYMENT,2026-08-05 09:43:26
TX-5693,ORD-1693,CUSTOMER,CUST-0277,3786.85,INFLOW,ORDER_PAYMENT,2026-08-05 09:52:04
TX-5694,ORD-1694,CUSTOMER,CUST-0255,1862.43,INFLOW,ORDER_PAYMENT,2026-08-05 10:00:11
TX-5695,ORD-1695,CUSTOMER,CUST-0490,3052.92,INFLOW,ORDER_PAYMENT,2026-08-05 10:08:48
TX-5696,ORD-1696,CUSTOMER,CUST-0140,4101.12,INFLOW,ORDER_PAYMENT,2026-08-05 10:17:02
TX-5697,ORD-1697,CUSTOMER,CUST-0050,3737.74,INFLOW,ORDER_PAYMENT,2026-08-05 10:25:27
TX-5698,ORD-1698,CUSTOMER,CUST-0119,656.92,INFLOW,ORDER_PAYMENT,2026-08-05 10:34:01
TX-5699,ORD-1699,CUSTOMER,CUST-0158,1778.18,INFLOW,ORDER_PAYMENT,2026-08-05 10:42:07
TX-5700,ORD-1700,CUSTOMER,CUST-0292,3684.61,INFLOW,ORDER_PAYMENT,2026-08-05 10:50:42
TX-5701,ORD-1701,CUSTOMER,CUST-0106,2757.05,INFLOW,ORDER_PAYMENT,2026-08-05 10:58:55
TX-5702,ORD-1702,CUSTOMER,CUST-0213,2868.18,INFLOW,ORDER_PAYMENT,2026-08-05 11:07:16
TX-5703,ORD-1703,CUSTOMER,CUST-0453,4093.93,INFLOW,ORDER_PAYMENT,2026-08-05 11:15:50
TX-5704,ORD-1704,CUSTOMER,CUST-0234,2449.37,INFLOW,ORDER_PAYMENT,2026-08-05 11:24:14
TX-5705,ORD-1705,CUSTOMER,CUST-0458,2439.3,INFLOW,ORDER_PAYMENT,2026-08-05 11:32:51
TX-5706,ORD-1706,CUSTOMER,CUST-0262,4294.61,INFLOW,ORDER_PAYMENT,2026-08-05 11:40:57
TX-5707,ORD-1707,CUSTOMER,CUST-0303,818.39,INFLOW,ORDER_PAYMENT,2026-08-05 11:49:16
TX-5708,ORD-1708,CUSTOMER,CUST-0066,1924.84,INFLOW,ORDER_PAYMENT,2026-08-05 11:58:04
TX-5709,ORD-1709,CUSTOMER,CUST-0377,3786.85,INFLOW,ORDER_PAYMENT,2026-08-05 12:06:14
TX-5710,ORD-1710,CUSTOMER,CUST-0292,7475.48,INFLOW,ORDER_PAYMENT,2026-08-05 12:14:39
TX-5711,ORD-1711,CUSTOMER,CUST-0219,3655.67,INFLOW,ORDER_PAYMENT,2026-08-05 12:23:11
TX-5712,ORD-1712,CUSTOMER,CUST-0397,3310.04,INFLOW,ORDER_PAYMENT,2026-08-05 12:31:18
TX-5713,ORD-1713,CUSTOMER,CUST-0430,258.84,INFLOW,ORDER_PAYMENT,2026-08-05 12:40:00
TX-5714,ORD-1714,CUSTOMER,CUST-0423,674.08,INFLOW,ORDER_PAYMENT,2026-08-05 12:48:29
TX-5715,ORD-1715,CUSTOMER,CUST-0277,291.34,INFLOW,ORDER_PAYMENT,2026-08-05 12:56:43
TX-5716,ORD-1716,CUSTOMER,CUST-0031,4458.58,INFLOW,ORDER_PAYMENT,2026-08-05 13:05:10
TX-5717,ORD-1717,CUSTOMER,CUST-0110,3024.83,INFLOW,ORDER_PAYMENT,2026-08-05 13:13:31
TX-5718,ORD-1718,CUSTOMER,CUST-0102,1100.0,INFLOW,ORDER_PAYMENT,2026-08-05 13:22:03
TX-5719,ORD-1719,CUSTOMER,CUST-0022,829.04,INFLOW,ORDER_PAYMENT,2026-08-05 13:30:19
TX-5720,ORD-1720,CUSTOMER,CUST-0165,2446.64,INFLOW,ORDER_PAYMENT,2026-08-05 13:38:55
TX-5721,ORD-1721,CUSTOMER,CUST-0073,3554.02,INFLOW,ORDER_PAYMENT,2026-08-05 13:47:20
TX-5722,ORD-1722,CUSTOMER,CUST-0108,1924.84,INFLOW,ORDER_PAYMENT,2026-08-05 13:55:14
TX-5723,ORD-1723,CUSTOMER,CUST-0244,258.84,INFLOW,ORDER_PAYMENT,2026-08-05 14:03:42
TX-5724,ORD-1724,CUSTOMER,CUST-0302,557.56,INFLOW,ORDER_PAYMENT,2026-08-05 14:12:25
TX-5725,ORD-1725,CUSTOMER,CUST-0075,3722.35,INFLOW,ORDER_PAYMENT,2026-08-05 14:20:28
TX-5726,ORD-1726,CUSTOMER,CUST-0431,3737.74,INFLOW,ORDER_PAYMENT,2026-08-05 14:29:19
TX-5727,ORD-1727,CUSTOMER,CUST-0258,3303.71,INFLOW,ORDER_PAYMENT,2026-08-05 14:37:40
TX-5728,ORD-1728,CUSTOMER,CUST-0446,4226.7,INFLOW,ORDER_PAYMENT,2026-08-05 14:45:57
TX-5729,ORD-1729,CUSTOMER,CUST-0383,3855.71,INFLOW,ORDER_PAYMENT,2026-08-05 14:54:20
TX-5730,ORD-1730,CUSTOMER,CUST-0091,4257.97,INFLOW,ORDER_PAYMENT,2026-08-05 15:02:32
TX-5731,ORD-1731,CUSTOMER,CUST-0157,414.04,INFLOW,ORDER_PAYMENT,2026-08-05 15:11:12
TX-5732,ORD-1732,CUSTOMER,CUST-0310,582.68,INFLOW,ORDER_PAYMENT,2026-08-05 15:19:36
TX-5733,ORD-1733,CUSTOMER,CUST-0043,7808.1,INFLOW,ORDER_PAYMENT,2026-08-05 15:27:38
TX-5734,ORD-1734,CUSTOMER,CUST-0124,1229.97,INFLOW,ORDER_PAYMENT,2026-08-05 15:36:03
TX-5735,ORD-1735,CUSTOMER,CUST-0020,4966.46,INFLOW,ORDER_PAYMENT,2026-08-05 15:44:43
TX-5736,ORD-1736,CUSTOMER,CUST-0144,3412.17,INFLOW,ORDER_PAYMENT,2026-08-05 15:52:59
TX-5737,ORD-1737,CUSTOMER,CUST-0409,1004.29,INFLOW,ORDER_PAYMENT,2026-08-05 16:01:13
TX-5738,ORD-1738,CUSTOMER,CUST-0264,1605.72,INFLOW,ORDER_PAYMENT,2026-08-05 16:09:37
TX-5739,ORD-1739,CUSTOMER,CUST-0271,3052.92,INFLOW,ORDER_PAYMENT,2026-08-05 16:18:15
TX-5740,ORD-1740,CUSTOMER,CUST-0178,4424.97,INFLOW,ORDER_PAYMENT,2026-08-05 16:26:49
TX-5741,ORD-1741,CUSTOMER,CUST-0336,2065.51,INFLOW,ORDER_PAYMENT,2026-08-05 16:35:04
TX-5742,ORD-1742,CUSTOMER,CUST-0337,1904.59,INFLOW,ORDER_PAYMENT,2026-08-05 16:43:29
TX-5743,ORD-1743,CUSTOMER,CUST-0225,2483.23,INFLOW,ORDER_PAYMENT,2026-08-05 16:51:46
TX-5744,ORD-1744,CUSTOMER,CUST-0246,2757.05,INFLOW,ORDER_PAYMENT,2026-08-05 17:00:15
TX-5745,ORD-1745,CUSTOMER,CUST-0240,8152.86,INFLOW,ORDER_PAYMENT,2026-08-05 17:08:50
TX-5746,ORD-1746,CUSTOMER,CUST-0186,3297.77,INFLOW,ORDER_PAYMENT,2026-08-05 17:17:06
TX-5747,ORD-1747,CUSTOMER,CUST-0391,291.34,INFLOW,ORDER_PAYMENT,2026-08-05 17:25:42
TX-5748,ORD-1748,CUSTOMER,CUST-0182,1076.17,INFLOW,ORDER_PAYMENT,2026-08-05 17:33:39
TX-5749,ORD-1749,CUSTOMER,CUST-0095,829.04,INFLOW,ORDER_PAYMENT,2026-08-05 17:42:13
TX-5750,ORD-1750,CUSTOMER,CUST-0046,535.08,INFLOW,ORDER_PAYMENT,2026-08-05 17:50:45
TX-5751,ORD-1751,CUSTOMER,CUST-0313,1348.16,INFLOW,ORDER_PAYMENT,2026-08-05 17:58:50
TX-5752,ORD-1752,CUSTOMER,CUST-0486,613.4,INFLOW,ORDER_PAYMENT,2026-08-05 18:07:19
TX-5753,ORD-1753,CUSTOMER,CUST-0277,3904.31,INFLOW,ORDER_PAYMENT,2026-08-05 18:15:52
TX-5754,ORD-1754,CUSTOMER,CUST-0038,3684.61,INFLOW,ORDER_PAYMENT,2026-08-05 18:24:18
TX-5755,ORD-1755,CUSTOMER,CUST-0005,3722.35,INFLOW,ORDER_PAYMENT,2026-08-05 18:32:34
TX-5756,ORD-1756,CUSTOMER,CUST-0097,3024.83,INFLOW,ORDER_PAYMENT,2026-08-05 18:41:18
TX-5757,ORD-1757,CUSTOMER,CUST-0162,2065.51,INFLOW,ORDER_PAYMENT,2026-08-05 18:49:35
TX-5758,ORD-1758,CUSTOMER,CUST-0080,1904.59,INFLOW,ORDER_PAYMENT,2026-08-05 18:57:55
TX-5759,ORD-1759,CUSTOMER,CUST-0216,3305.06,INFLOW,ORDER_PAYMENT,2026-08-05 19:06:00
TX-5760,ORD-1760,CUSTOMER,CUST-0207,8202.24,INFLOW,ORDER_PAYMENT,2026-08-05 19:14:53
TX-5761,ORD-1761,CUSTOMER,CUST-0018,1100.0,INFLOW,ORDER_PAYMENT,2026-08-05 19:23:11
TX-5762,ORD-1762,CUSTOMER,CUST-0269,1418.34,INFLOW,ORDER_PAYMENT,2026-08-05 19:31:17
TX-5763,ORD-1763,CUSTOMER,CUST-0324,3904.05,INFLOW,ORDER_PAYMENT,2026-08-05 19:40:03
TX-5764,ORD-1764,CUSTOMER,CUST-0410,8148.62,INFLOW,ORDER_PAYMENT,2026-08-05 19:48:23
TX-5765,ORD-1765,CUSTOMER,CUST-0264,3314.53,INFLOW,ORDER_PAYMENT,2026-08-05 19:56:49
TX-5766,ORD-1766,CUSTOMER,CUST-0317,1004.29,INFLOW,ORDER_PAYMENT,2026-08-05 20:05:05
TX-5767,ORD-1767,CUSTOMER,CUST-0360,258.84,INFLOW,ORDER_PAYMENT,2026-08-05 20:13:23
TX-5768,ORD-1768,CUSTOMER,CUST-0344,3684.61,INFLOW,ORDER_PAYMENT,2026-08-05 20:22:00
TX-5769,ORD-1769,CUSTOMER,CUST-0115,4424.97,INFLOW,ORDER_PAYMENT,2026-08-05 20:30:29
TX-5770,ORD-1770,CUSTOMER,CUST-0088,3305.06,INFLOW,ORDER_PAYMENT,2026-08-05 20:38:24
TX-5771,ORD-1771,CUSTOMER,CUST-0052,674.08,INFLOW,ORDER_PAYMENT,2026-08-05 20:46:56
TX-5772,ORD-1772,CUSTOMER,CUST-0303,3621.3,INFLOW,ORDER_PAYMENT,2026-08-05 20:55:22
TX-5773,ORD-1773,CUSTOMER,CUST-0349,1732.3,INFLOW,ORDER_PAYMENT,2026-08-05 21:04:01
TX-5774,ORD-1774,CUSTOMER,CUST-0414,1076.17,INFLOW,ORDER_PAYMENT,2026-08-05 21:12:04
TX-5775,ORD-1775,CUSTOMER,CUST-0466,7180.6,INFLOW,ORDER_PAYMENT,2026-08-05 21:20:37
TX-5776,ORD-1776,CUSTOMER,CUST-0382,3024.83,INFLOW,ORDER_PAYMENT,2026-08-05 21:29:03
TX-5777,ORD-1777,CUSTOMER,CUST-0064,1732.3,INFLOW,ORDER_PAYMENT,2026-08-05 21:37:18
TX-5778,ORD-1778,CUSTOMER,CUST-0104,1992.9,INFLOW,ORDER_PAYMENT,2026-08-05 21:45:39
TX-5779,ORD-1779,CUSTOMER,CUST-0128,4390.3,INFLOW,ORDER_PAYMENT,2026-08-05 21:54:24
TX-5780,ORD-1780,CUSTOMER,CUST-0358,3637.58,INFLOW,ORDER_PAYMENT,2026-08-05 22:02:29
TX-5781,ORD-1781,CUSTOMER,CUST-0321,1992.9,INFLOW,ORDER_PAYMENT,2026-08-05 22:11:00
TX-5782,ORD-1782,CUSTOMER,CUST-0278,2439.3,INFLOW,ORDER_PAYMENT,2026-08-05 22:19:33
TX-5783,ORD-1783,CUSTOMER,CUST-0209,3412.17,INFLOW,ORDER_PAYMENT,2026-08-05 22:27:39
TX-5784,ORD-1784,CUSTOMER,CUST-0276,2788.05,INFLOW,ORDER_PAYMENT,2026-08-05 22:36:22
TX-5785,ORD-1785,CUSTOMER,CUST-0309,2065.51,INFLOW,ORDER_PAYMENT,2026-08-05 22:44:31
TX-5786,ORD-1786,CUSTOMER,CUST-0213,8108.6,INFLOW,ORDER_PAYMENT,2026-08-05 22:52:47
TX-5787,ORD-1787,CUSTOMER,CUST-0232,3314.53,INFLOW,ORDER_PAYMENT,2026-08-05 23:01:23
TX-5788,ORD-1788,CUSTOMER,CUST-0253,3246.81,INFLOW,ORDER_PAYMENT,2026-08-05 23:09:38
TX-5789,ORD-1789,CUSTOMER,CUST-0051,258.84,INFLOW,ORDER_PAYMENT,2026-08-05 23:18:14
TX-5790,ORD-1790,CUSTOMER,CUST-0198,4093.93,INFLOW,ORDER_PAYMENT,2026-08-05 23:26:22
TX-5791,ORD-1791,CUSTOMER,CUST-0315,2446.64,INFLOW,ORDER_PAYMENT,2026-08-05 23:35:04
TX-5792,ORD-1792,CUSTOMER,CUST-0379,4294.61,INFLOW,ORDER_PAYMENT,2026-08-05 23:43:22
TX-5793,ORD-1793,CUSTOMER,CUST-0052,1768.39,INFLOW,ORDER_PAYMENT,2026-08-05 23:51:56
TX-5794,ORD-1794,CUSTOMER,CUST-0047,7795.04,INFLOW,ORDER_PAYMENT,2026-08-05 23:59:59
TX-5795,ORD-1795,CUSTOMER,CUST-0109,2252.3,INFLOW,ORDER_PAYMENT,2026-08-06 00:08:22
TX-5796,ORD-1796,CUSTOMER,CUST-0150,3527.16,INFLOW,ORDER_PAYMENT,2026-08-06 00:17:02
TX-5797,ORD-1797,CUSTOMER,CUST-0348,1904.59,INFLOW,ORDER_PAYMENT,2026-08-06 00:25:35
TX-5798,ORD-1798,CUSTOMER,CUST-0465,2757.05,INFLOW,ORDER_PAYMENT,2026-08-06 00:33:44
TX-5799,ORD-1799,CUSTOMER,CUST-0419,2446.64,INFLOW,ORDER_PAYMENT,2026-08-06 00:42:21
TX-5800,ORD-1800,CUSTOMER,CUST-0451,2250.16,INFLOW,ORDER_PAYMENT,2026-08-06 00:50:30
TX-5801,ORD-1801,CUSTOMER,CUST-0055,557.56,INFLOW,ORDER_PAYMENT,2026-08-06 00:58:50
TX-5802,ORD-1802,CUSTOMER,CUST-0377,826.99,INFLOW,ORDER_PAYMENT,2026-08-06 01:07:20
TX-5803,ORD-1803,CUSTOMER,CUST-0176,358.12,INFLOW,ORDER_PAYMENT,2026-08-06 01:15:58
TX-5804,ORD-1804,CUSTOMER,CUST-0424,1862.43,INFLOW,ORDER_PAYMENT,2026-08-06 01:24:26
TX-5805,ORD-1805,CUSTOMER,CUST-0137,291.34,INFLOW,ORDER_PAYMENT,2026-08-06 01:32:38
TX-5806,ORD-1806,CUSTOMER,CUST-0206,5120.1,INFLOW,ORDER_PAYMENT,2026-08-06 01:40:54
TX-5807,ORD-1807,CUSTOMER,CUST-0005,7369.22,INFLOW,ORDER_PAYMENT,2026-08-06 01:49:25
TX-5808,ORD-1808,CUSTOMER,CUST-0053,2788.05,INFLOW,ORDER_PAYMENT,2026-08-06 01:57:57
TX-5809,ORD-1809,CUSTOMER,CUST-0378,2252.3,INFLOW,ORDER_PAYMENT,2026-08-06 02:06:17
TX-5810,ORD-1810,CUSTOMER,CUST-0306,1882.85,INFLOW,ORDER_PAYMENT,2026-08-06 02:14:34
TX-5811,ORD-1811,CUSTOMER,CUST-0251,4448.99,INFLOW,ORDER_PAYMENT,2026-08-06 02:22:46
TX-5812,ORD-1812,CUSTOMER,CUST-0284,1862.43,INFLOW,ORDER_PAYMENT,2026-08-06 02:31:30
TX-5813,ORD-1813,CUSTOMER,CUST-0413,1882.85,INFLOW,ORDER_PAYMENT,2026-08-06 02:39:35
TX-5814,ORD-1814,CUSTOMER,CUST-0439,7635.02,INFLOW,ORDER_PAYMENT,2026-08-06 02:48:17
TX-5815,ORD-1815,CUSTOMER,CUST-0212,1862.43,INFLOW,ORDER_PAYMENT,2026-08-06 02:56:34
TX-5816,ORD-1816,CUSTOMER,CUST-0449,1948.31,INFLOW,ORDER_PAYMENT,2026-08-06 03:05:02
TX-5817,ORD-1817,CUSTOMER,CUST-0077,3637.58,INFLOW,ORDER_PAYMENT,2026-08-06 03:13:11
TX-5818,ORD-1818,CUSTOMER,CUST-0097,3246.81,INFLOW,ORDER_PAYMENT,2026-08-06 03:21:49
TX-5819,ORD-1819,CUSTOMER,CUST-0072,1862.43,INFLOW,ORDER_PAYMENT,2026-08-06 03:30:20
TX-5820,ORD-1820,CUSTOMER,CUST-0257,818.39,INFLOW,ORDER_PAYMENT,2026-08-06 03:38:32
TX-5821,ORD-1821,CUSTOMER,CUST-0180,1768.39,INFLOW,ORDER_PAYMENT,2026-08-06 03:47:05
TX-5822,ORD-1822,CUSTOMER,CUST-0340,1076.17,INFLOW,ORDER_PAYMENT,2026-08-06 03:55:24
TX-5823,ORD-1823,CUSTOMER,CUST-0373,1732.3,INFLOW,ORDER_PAYMENT,2026-08-06 04:03:48
TX-5824,ORD-1824,CUSTOMER,CUST-0002,1732.3,INFLOW,ORDER_PAYMENT,2026-08-06 04:12:20
TX-5825,ORD-1825,CUSTOMER,CUST-0179,3737.74,INFLOW,ORDER_PAYMENT,2026-08-06 04:20:26
TX-5826,ORD-1826,CUSTOMER,CUST-0431,3786.85,INFLOW,ORDER_PAYMENT,2026-08-06 04:29:07
TX-5827,ORD-1827,CUSTOMER,CUST-0223,2459.94,INFLOW,ORDER_PAYMENT,2026-08-06 04:37:20
TX-5828,ORD-1828,CUSTOMER,CUST-0482,3655.67,INFLOW,ORDER_PAYMENT,2026-08-06 04:45:50
TX-5829,ORD-1829,CUSTOMER,CUST-0116,3527.16,INFLOW,ORDER_PAYMENT,2026-08-06 04:54:09
TX-5830,ORD-1830,CUSTOMER,CUST-0152,4226.7,INFLOW,ORDER_PAYMENT,2026-08-06 05:02:32
TX-5831,ORD-1831,CUSTOMER,CUST-0056,3737.74,INFLOW,ORDER_PAYMENT,2026-08-06 05:10:46
TX-5832,ORD-1832,CUSTOMER,CUST-0446,4337.59,INFLOW,ORDER_PAYMENT,2026-08-06 05:19:06
TX-5833,ORD-1833,CUSTOMER,CUST-0252,1076.17,INFLOW,ORDER_PAYMENT,2026-08-06 05:27:38
TX-5834,ORD-1834,CUSTOMER,CUST-0433,1992.9,INFLOW,ORDER_PAYMENT,2026-08-06 05:36:16
TX-5835,ORD-1835,CUSTOMER,CUST-0494,3569.25,INFLOW,ORDER_PAYMENT,2026-08-06 05:44:23
TX-5836,ORD-1836,CUSTOMER,CUST-0428,3684.61,INFLOW,ORDER_PAYMENT,2026-08-06 05:52:54
TX-5837,ORD-1837,CUSTOMER,CUST-0094,4504.6,INFLOW,ORDER_PAYMENT,2026-08-06 06:01:13
TX-5838,ORD-1838,CUSTOMER,CUST-0363,8780.6,INFLOW,ORDER_PAYMENT,2026-08-06 06:09:44
TX-5839,ORD-1839,CUSTOMER,CUST-0487,1636.78,INFLOW,ORDER_PAYMENT,2026-08-06 06:17:56
TX-5840,ORD-1840,CUSTOMER,CUST-0222,2200.0,INFLOW,ORDER_PAYMENT,2026-08-06 06:26:45
TX-5841,ORD-1841,CUSTOMER,CUST-0372,1418.34,INFLOW,ORDER_PAYMENT,2026-08-06 06:35:04
TX-5842,ORD-1842,CUSTOMER,CUST-0409,1636.78,INFLOW,ORDER_PAYMENT,2026-08-06 06:43:35
TX-5843,ORD-1843,CUSTOMER,CUST-0067,7711.42,INFLOW,ORDER_PAYMENT,2026-08-06 06:51:31
TX-5844,ORD-1844,CUSTOMER,CUST-0423,1231.42,INFLOW,ORDER_PAYMENT,2026-08-06 07:00:02
TX-5845,ORD-1845,CUSTOMER,CUST-0195,3310.04,INFLOW,ORDER_PAYMENT,2026-08-06 07:08:31
TX-5846,ORD-1846,CUSTOMER,CUST-0119,4101.12,INFLOW,ORDER_PAYMENT,2026-08-06 07:17:10
TX-5847,ORD-1847,CUSTOMER,CUST-0018,670.05,INFLOW,ORDER_PAYMENT,2026-08-06 07:25:34
TX-5848,ORD-1848,CUSTOMER,CUST-0417,2449.37,INFLOW,ORDER_PAYMENT,2026-08-06 07:33:44
TX-5849,ORD-1849,CUSTOMER,CUST-0396,2483.23,INFLOW,ORDER_PAYMENT,2026-08-06 07:41:59
TX-5850,ORD-1850,CUSTOMER,CUST-0139,1605.72,INFLOW,ORDER_PAYMENT,2026-08-06 07:50:41
TX-5851,ORD-1851,CUSTOMER,CUST-0171,2788.05,INFLOW,ORDER_PAYMENT,2026-08-06 07:59:05
TX-5852,ORD-1852,CUSTOMER,CUST-0393,4448.99,INFLOW,ORDER_PAYMENT,2026-08-06 08:07:32
TX-5853,ORD-1853,CUSTOMER,CUST-0079,1229.97,INFLOW,ORDER_PAYMENT,2026-08-06 08:15:40
TX-5854,ORD-1854,CUSTOMER,CUST-0043,2757.05,INFLOW,ORDER_PAYMENT,2026-08-06 08:24:16
TX-5855,ORD-1855,CUSTOMER,CUST-0092,4093.93,INFLOW,ORDER_PAYMENT,2026-08-06 08:32:44
TX-5856,ORD-1856,CUSTOMER,CUST-0323,3527.16,INFLOW,ORDER_PAYMENT,2026-08-06 08:41:03
TX-5857,ORD-1857,CUSTOMER,CUST-0306,1992.9,INFLOW,ORDER_PAYMENT,2026-08-06 08:49:30
TX-5858,ORD-1858,CUSTOMER,CUST-0169,2449.37,INFLOW,ORDER_PAYMENT,2026-08-06 08:57:29
TX-5859,ORD-1859,CUSTOMER,CUST-0094,557.56,INFLOW,ORDER_PAYMENT,2026-08-06 09:06:22
TX-5860,ORD-1860,CUSTOMER,CUST-0166,1882.85,INFLOW,ORDER_PAYMENT,2026-08-06 09:14:23
TX-5861,ORD-1861,CUSTOMER,CUST-0018,3637.58,INFLOW,ORDER_PAYMENT,2026-08-06 09:22:58
TX-5862,ORD-1862,CUSTOMER,CUST-0036,656.92,INFLOW,ORDER_PAYMENT,2026-08-06 09:31:05
TX-5863,ORD-1863,CUSTOMER,CUST-0433,2483.23,INFLOW,ORDER_PAYMENT,2026-08-06 09:39:50
TX-5864,ORD-1864,CUSTOMER,CUST-0347,4294.61,INFLOW,ORDER_PAYMENT,2026-08-06 09:48:09
TX-5865,ORD-1865,CUSTOMER,CUST-0433,2788.05,INFLOW,ORDER_PAYMENT,2026-08-06 09:56:39
TX-5866,ORD-1866,CUSTOMER,CUST-0109,1100.0,INFLOW,ORDER_PAYMENT,2026-08-06 10:04:55
TX-5867,ORD-1867,CUSTOMER,CUST-0320,2065.51,INFLOW,ORDER_PAYMENT,2026-08-06 10:13:09
TX-5868,ORD-1868,CUSTOMER,CUST-0016,3737.74,INFLOW,ORDER_PAYMENT,2026-08-06 10:21:52
TX-5869,ORD-1869,CUSTOMER,CUST-0043,7808.1,INFLOW,ORDER_PAYMENT,2026-08-06 10:30:05
TX-5870,ORD-1870,CUSTOMER,CUST-0371,1100.0,INFLOW,ORDER_PAYMENT,2026-08-06 10:38:41
TX-5871,ORD-1871,CUSTOMER,CUST-0008,3897.52,INFLOW,ORDER_PAYMENT,2026-08-06 10:46:46
TX-5872,ORD-1872,CUSTOMER,CUST-0326,3246.81,INFLOW,ORDER_PAYMENT,2026-08-06 10:55:27
TX-5873,ORD-1873,CUSTOMER,CUST-0498,6049.66,INFLOW,ORDER_PAYMENT,2026-08-06 11:03:44
TX-5874,ORD-1874,CUSTOMER,CUST-0214,4226.7,INFLOW,ORDER_PAYMENT,2026-08-06 11:12:01
TX-5875,ORD-1875,CUSTOMER,CUST-0003,3621.3,INFLOW,ORDER_PAYMENT,2026-08-06 11:20:21
TX-5876,ORD-1876,CUSTOMER,CUST-0262,6964.42,INFLOW,ORDER_PAYMENT,2026-08-06 11:28:47
TX-5877,ORD-1877,CUSTOMER,CUST-0131,1434.09,INFLOW,ORDER_PAYMENT,2026-08-06 11:37:16
TX-5878,ORD-1878,CUSTOMER,CUST-0321,1605.72,INFLOW,ORDER_PAYMENT,2026-08-06 11:45:28
TX-5879,ORD-1879,CUSTOMER,CUST-0334,2452.83,INFLOW,ORDER_PAYMENT,2026-08-06 11:54:00
TX-5880,ORD-1880,CUSTOMER,CUST-0386,3536.78,INFLOW,ORDER_PAYMENT,2026-08-06 12:02:20
TX-5881,ORD-1881,CUSTOMER,CUST-0438,3063.16,INFLOW,ORDER_PAYMENT,2026-08-06 12:10:48
TX-5882,ORD-1882,CUSTOMER,CUST-0348,2560.05,INFLOW,ORDER_PAYMENT,2026-08-06 12:19:23
TX-5883,ORD-1883,CUSTOMER,CUST-0457,1948.31,INFLOW,ORDER_PAYMENT,2026-08-06 12:27:28
TX-5884,ORD-1884,CUSTOMER,CUST-0177,4074.31,INFLOW,ORDER_PAYMENT,2026-08-06 12:35:51
TX-5885,ORD-1885,CUSTOMER,CUST-0064,3904.05,INFLOW,ORDER_PAYMENT,2026-08-06 12:44:38
TX-5886,ORD-1886,CUSTOMER,CUST-0144,1924.84,INFLOW,ORDER_PAYMENT,2026-08-06 12:53:07
TX-5887,ORD-1887,CUSTOMER,CUST-0122,1924.84,INFLOW,ORDER_PAYMENT,2026-08-06 13:01:15
TX-5888,ORD-1888,CUSTOMER,CUST-0458,1299.1,INFLOW,ORDER_PAYMENT,2026-08-06 13:09:55
TX-5889,ORD-1889,CUSTOMER,CUST-0311,3024.83,INFLOW,ORDER_PAYMENT,2026-08-06 13:18:02
TX-5890,ORD-1890,CUSTOMER,CUST-0099,3786.85,INFLOW,ORDER_PAYMENT,2026-08-06 13:26:21
TX-5891,ORD-1891,CUSTOMER,CUST-0335,358.12,INFLOW,ORDER_PAYMENT,2026-08-06 13:34:57
TX-5892,ORD-1892,CUSTOMER,CUST-0178,1100.0,INFLOW,ORDER_PAYMENT,2026-08-06 13:43:18
TX-5893,ORD-1893,CUSTOMER,CUST-0156,3684.61,INFLOW,ORDER_PAYMENT,2026-08-06 13:51:52
TX-5894,ORD-1894,CUSTOMER,CUST-0369,291.34,INFLOW,ORDER_PAYMENT,2026-08-06 14:00:18
TX-5895,ORD-1895,CUSTOMER,CUST-0480,263.42,INFLOW,ORDER_PAYMENT,2026-08-06 14:08:25
TX-5896,ORD-1896,CUSTOMER,CUST-0255,1299.1,INFLOW,ORDER_PAYMENT,2026-08-06 14:16:55
TX-5897,ORD-1897,CUSTOMER,CUST-0041,3817.51,INFLOW,ORDER_PAYMENT,2026-08-06 14:25:01
TX-5898,ORD-1898,CUSTOMER,CUST-0327,1605.72,INFLOW,ORDER_PAYMENT,2026-08-06 14:33:55
TX-5899,ORD-1899,CUSTOMER,CUST-0297,4424.97,INFLOW,ORDER_PAYMENT,2026-08-06 14:42:04
TX-5900,ORD-1900,CUSTOMER,CUST-0289,3570.49,INFLOW,ORDER_PAYMENT,2026-08-06 14:50:15
TX-5901,ORD-1901,CUSTOMER,CUST-0081,826.99,INFLOW,ORDER_PAYMENT,2026-08-06 14:58:42
TX-5902,ORD-1902,CUSTOMER,CUST-0043,1992.9,INFLOW,ORDER_PAYMENT,2026-08-06 15:07:05
TX-5903,ORD-1903,CUSTOMER,CUST-0390,3897.52,INFLOW,ORDER_PAYMENT,2026-08-06 15:15:43
TX-5904,ORD-1904,CUSTOMER,CUST-0374,4074.31,INFLOW,ORDER_PAYMENT,2026-08-06 15:23:56
TX-5905,ORD-1905,CUSTOMER,CUST-0320,3527.16,INFLOW,ORDER_PAYMENT,2026-08-06 15:32:27
TX-5906,ORD-1906,CUSTOMER,CUST-0258,4272.95,INFLOW,ORDER_PAYMENT,2026-08-06 15:40:41
TX-5907,ORD-1907,CUSTOMER,CUST-0083,1100.0,INFLOW,ORDER_PAYMENT,2026-08-06 15:49:20
TX-5908,ORD-1908,CUSTOMER,CUST-0212,7369.22,INFLOW,ORDER_PAYMENT,2026-08-06 15:57:27
TX-5909,ORD-1909,CUSTOMER,CUST-0037,4257.97,INFLOW,ORDER_PAYMENT,2026-08-06 16:06:09
TX-5910,ORD-1910,CUSTOMER,CUST-0379,3211.6,INFLOW,ORDER_PAYMENT,2026-08-06 16:14:15
TX-5911,ORD-1911,CUSTOMER,CUST-0197,4054.3,INFLOW,ORDER_PAYMENT,2026-08-06 16:22:44
TX-5912,ORD-1912,CUSTOMER,CUST-0016,1004.29,INFLOW,ORDER_PAYMENT,2026-08-06 16:31:07
TX-5913,ORD-1913,CUSTOMER,CUST-0046,4076.43,INFLOW,ORDER_PAYMENT,2026-08-06 16:39:40
TX-5914,ORD-1914,CUSTOMER,CUST-0451,3303.71,INFLOW,ORDER_PAYMENT,2026-08-06 16:47:51
TX-5915,ORD-1915,CUSTOMER,CUST-0143,889.09,INFLOW,ORDER_PAYMENT,2026-08-06 16:56:15
TX-5916,ORD-1916,CUSTOMER,CUST-0034,1768.39,INFLOW,ORDER_PAYMENT,2026-08-06 17:04:57
TX-5917,ORD-1917,CUSTOMER,CUST-0499,2589.06,INFLOW,ORDER_PAYMENT,2026-08-06 17:13:11
TX-5918,ORD-1918,CUSTOMER,CUST-0384,1768.39,INFLOW,ORDER_PAYMENT,2026-08-06 17:21:29
TX-5919,ORD-1919,CUSTOMER,CUST-0109,2200.0,INFLOW,ORDER_PAYMENT,2026-08-06 17:29:58
TX-5920,ORD-1920,CUSTOMER,CUST-0415,7635.02,INFLOW,ORDER_PAYMENT,2026-08-06 17:38:32
TX-5921,ORD-1921,CUSTOMER,CUST-0121,6126.32,INFLOW,ORDER_PAYMENT,2026-08-06 17:46:42
TX-5922,ORD-1922,CUSTOMER,CUST-0323,3569.25,INFLOW,ORDER_PAYMENT,2026-08-06 17:55:12
TX-5923,ORD-1923,CUSTOMER,CUST-0469,4093.93,INFLOW,ORDER_PAYMENT,2026-08-06 18:03:49
TX-5924,ORD-1924,CUSTOMER,CUST-0227,4424.97,INFLOW,ORDER_PAYMENT,2026-08-06 18:12:02
TX-5925,ORD-1925,CUSTOMER,CUST-0453,1004.29,INFLOW,ORDER_PAYMENT,2026-08-06 18:20:14
TX-5926,ORD-1926,CUSTOMER,CUST-0092,1125.08,INFLOW,ORDER_PAYMENT,2026-08-06 18:29:03
TX-5927,ORD-1927,CUSTOMER,CUST-0366,3564.2,INFLOW,ORDER_PAYMENT,2026-08-06 18:37:18
TX-5928,ORD-1928,CUSTOMER,CUST-0313,3737.74,INFLOW,ORDER_PAYMENT,2026-08-06 18:45:47
TX-5929,ORD-1929,CUSTOMER,CUST-0283,3482.21,INFLOW,ORDER_PAYMENT,2026-08-06 18:53:47
TX-5930,ORD-1930,CUSTOMER,CUST-0147,670.05,INFLOW,ORDER_PAYMENT,2026-08-06 19:02:14
TX-5931,ORD-1931,CUSTOMER,CUST-0147,2252.3,INFLOW,ORDER_PAYMENT,2026-08-06 19:10:58
TX-5932,ORD-1932,CUSTOMER,CUST-0167,1418.34,INFLOW,ORDER_PAYMENT,2026-08-06 19:19:24
TX-5933,ORD-1933,CUSTOMER,CUST-0389,3904.05,INFLOW,ORDER_PAYMENT,2026-08-06 19:27:23
TX-5934,ORD-1934,CUSTOMER,CUST-0137,818.39,INFLOW,ORDER_PAYMENT,2026-08-06 19:36:10
TX-5935,ORD-1935,CUSTOMER,CUST-0120,3554.02,INFLOW,ORDER_PAYMENT,2026-08-06 19:44:35
TX-5936,ORD-1936,CUSTOMER,CUST-0482,2449.37,INFLOW,ORDER_PAYMENT,2026-08-06 19:52:54
TX-5937,ORD-1937,CUSTOMER,CUST-0383,2439.3,INFLOW,ORDER_PAYMENT,2026-08-06 20:01:03
TX-5938,ORD-1938,CUSTOMER,CUST-0485,3527.16,INFLOW,ORDER_PAYMENT,2026-08-06 20:09:52
TX-5939,ORD-1939,CUSTOMER,CUST-0329,4458.58,INFLOW,ORDER_PAYMENT,2026-08-06 20:17:49
TX-5940,ORD-1940,CUSTOMER,CUST-0064,4054.3,INFLOW,ORDER_PAYMENT,2026-08-06 20:26:15
TX-5941,ORD-1941,CUSTOMER,CUST-0356,829.04,INFLOW,ORDER_PAYMENT,2026-08-06 20:34:36
TX-5942,ORD-1942,CUSTOMER,CUST-0146,2446.64,INFLOW,ORDER_PAYMENT,2026-08-06 20:43:08
TX-5943,ORD-1943,CUSTOMER,CUST-0422,829.04,INFLOW,ORDER_PAYMENT,2026-08-06 20:51:50
TX-5944,ORD-1944,CUSTOMER,CUST-0313,8672.7,INFLOW,ORDER_PAYMENT,2026-08-06 20:59:58
TX-5945,ORD-1945,CUSTOMER,CUST-0073,656.92,INFLOW,ORDER_PAYMENT,2026-08-06 21:08:32
TX-5946,ORD-1946,CUSTOMER,CUST-0016,517.68,INFLOW,ORDER_PAYMENT,2026-08-06 21:16:36
TX-5947,ORD-1947,CUSTOMER,CUST-0323,889.09,INFLOW,ORDER_PAYMENT,2026-08-06 21:25:05
TX-5948,ORD-1948,CUSTOMER,CUST-0330,557.56,INFLOW,ORDER_PAYMENT,2026-08-06 21:33:32
TX-5949,ORD-1949,CUSTOMER,CUST-0112,4054.3,INFLOW,ORDER_PAYMENT,2026-08-06 21:42:09
TX-5950,ORD-1950,CUSTOMER,CUST-0265,4337.59,INFLOW,ORDER_PAYMENT,2026-08-06 21:50:20
TX-5951,ORD-1951,CUSTOMER,CUST-0075,2644.13,INFLOW,ORDER_PAYMENT,2026-08-06 21:58:54
TX-5952,ORD-1952,CUSTOMER,CUST-0486,2788.05,INFLOW,ORDER_PAYMENT,2026-08-06 22:06:57
TX-5953,ORD-1953,CUSTOMER,CUST-0340,670.05,INFLOW,ORDER_PAYMENT,2026-08-06 22:15:29
TX-5954,ORD-1954,CUSTOMER,CUST-0354,535.08,INFLOW,ORDER_PAYMENT,2026-08-06 22:23:54
TX-5955,ORD-1955,CUSTOMER,CUST-0383,3052.92,INFLOW,ORDER_PAYMENT,2026-08-06 22:32:18
TX-5956,ORD-1956,CUSTOMER,CUST-0415,5514.1,INFLOW,ORDER_PAYMENT,2026-08-06 22:40:52
TX-5957,ORD-1957,CUSTOMER,CUST-0299,2452.83,INFLOW,ORDER_PAYMENT,2026-08-06 22:49:14
TX-5958,ORD-1958,CUSTOMER,CUST-0092,3310.04,INFLOW,ORDER_PAYMENT,2026-08-06 22:57:28
TX-5959,ORD-1959,CUSTOMER,CUST-0170,1882.85,INFLOW,ORDER_PAYMENT,2026-08-06 23:05:55
TX-5960,ORD-1960,CUSTOMER,CUST-0431,3536.78,INFLOW,ORDER_PAYMENT,2026-08-06 23:14:36
TX-5961,ORD-1961,CUSTOMER,CUST-0425,716.24,INFLOW,ORDER_PAYMENT,2026-08-06 23:22:45
TX-5962,ORD-1962,CUSTOMER,CUST-0224,3527.16,INFLOW,ORDER_PAYMENT,2026-08-06 23:31:06
TX-5963,ORD-1963,CUSTOMER,CUST-0175,3527.16,INFLOW,ORDER_PAYMENT,2026-08-06 23:39:32
TX-5964,ORD-1964,CUSTOMER,CUST-0358,414.04,INFLOW,ORDER_PAYMENT,2026-08-06 23:47:55
TX-5965,ORD-1965,CUSTOMER,CUST-0220,3897.52,INFLOW,ORDER_PAYMENT,2026-08-06 23:56:14
TX-5966,ORD-1966,CUSTOMER,CUST-0219,7711.42,INFLOW,ORDER_PAYMENT,2026-08-07 00:04:40
TX-5967,ORD-1967,CUSTOMER,CUST-0244,1299.1,INFLOW,ORDER_PAYMENT,2026-08-07 00:13:13
TX-5968,ORD-1968,CUSTOMER,CUST-0184,4074.31,INFLOW,ORDER_PAYMENT,2026-08-07 00:21:23
TX-5969,ORD-1969,CUSTOMER,CUST-0202,7108.04,INFLOW,ORDER_PAYMENT,2026-08-07 00:29:48
TX-5970,ORD-1970,CUSTOMER,CUST-0121,3412.17,INFLOW,ORDER_PAYMENT,2026-08-07 00:38:09
TX-5971,ORD-1971,CUSTOMER,CUST-0057,1076.17,INFLOW,ORDER_PAYMENT,2026-08-07 00:46:38
TX-5972,ORD-1972,CUSTOMER,CUST-0394,3621.3,INFLOW,ORDER_PAYMENT,2026-08-07 00:54:57
TX-5973,ORD-1973,CUSTOMER,CUST-0189,1904.59,INFLOW,ORDER_PAYMENT,2026-08-07 01:03:21
TX-5974,ORD-1974,CUSTOMER,CUST-0470,3303.71,INFLOW,ORDER_PAYMENT,2026-08-07 01:12:04
TX-5975,ORD-1975,CUSTOMER,CUST-0489,1904.59,INFLOW,ORDER_PAYMENT,2026-08-07 01:20:37
TX-5976,ORD-1976,CUSTOMER,CUST-0432,3684.61,INFLOW,ORDER_PAYMENT,2026-08-07 01:28:38
TX-5977,ORD-1977,CUSTOMER,CUST-0189,2449.37,INFLOW,ORDER_PAYMENT,2026-08-07 01:37:21
TX-5978,ORD-1978,CUSTOMER,CUST-0353,1076.17,INFLOW,ORDER_PAYMENT,2026-08-07 01:45:26
TX-5979,ORD-1979,CUSTOMER,CUST-0326,3737.74,INFLOW,ORDER_PAYMENT,2026-08-07 01:53:54
TX-5980,ORD-1980,CUSTOMER,CUST-0069,656.92,INFLOW,ORDER_PAYMENT,2026-08-07 02:02:25
TX-5981,ORD-1981,CUSTOMER,CUST-0310,818.39,INFLOW,ORDER_PAYMENT,2026-08-07 02:10:59
TX-5982,ORD-1982,CUSTOMER,CUST-0111,1100.0,INFLOW,ORDER_PAYMENT,2026-08-07 02:19:14
TX-5983,ORD-1983,CUSTOMER,CUST-0411,4074.31,INFLOW,ORDER_PAYMENT,2026-08-07 02:27:19
TX-5984,ORD-1984,CUSTOMER,CUST-0307,1004.29,INFLOW,ORDER_PAYMENT,2026-08-07 02:36:09
TX-5985,ORD-1985,CUSTOMER,CUST-0198,3904.31,INFLOW,ORDER_PAYMENT,2026-08-07 02:44:18
TX-5986,ORD-1986,CUSTOMER,CUST-0345,7128.4,INFLOW,ORDER_PAYMENT,2026-08-07 02:52:55
TX-5987,ORD-1987,CUSTOMER,CUST-0122,2483.23,INFLOW,ORDER_PAYMENT,2026-08-07 03:00:56
TX-5988,ORD-1988,CUSTOMER,CUST-0062,4074.31,INFLOW,ORDER_PAYMENT,2026-08-07 03:09:22
TX-5989,ORD-1989,CUSTOMER,CUST-0152,4093.93,INFLOW,ORDER_PAYMENT,2026-08-07 03:17:49
TX-5990,ORD-1990,CUSTOMER,CUST-0275,3464.6,INFLOW,ORDER_PAYMENT,2026-08-07 03:26:17
TX-5991,ORD-1991,CUSTOMER,CUST-0272,306.7,INFLOW,ORDER_PAYMENT,2026-08-07 03:34:53
TX-5992,ORD-1992,CUSTOMER,CUST-0131,889.09,INFLOW,ORDER_PAYMENT,2026-08-07 03:43:09
TX-5993,ORD-1993,CUSTOMER,CUST-0336,674.08,INFLOW,ORDER_PAYMENT,2026-08-07 03:51:40
TX-5994,ORD-1994,CUSTOMER,CUST-0227,3786.85,INFLOW,ORDER_PAYMENT,2026-08-07 04:00:05
TX-5995,ORD-1995,CUSTOMER,CUST-0083,3570.49,INFLOW,ORDER_PAYMENT,2026-08-07 04:08:32
TX-5996,ORD-1996,CUSTOMER,CUST-0420,2788.05,INFLOW,ORDER_PAYMENT,2026-08-07 04:16:39
TX-5997,ORD-1997,CUSTOMER,CUST-0421,1544.47,INFLOW,ORDER_PAYMENT,2026-08-07 04:25:01
TX-5998,ORD-1998,CUSTOMER,CUST-0021,3063.16,INFLOW,ORDER_PAYMENT,2026-08-07 04:33:30
TX-5999,ORD-1999,CUSTOMER,CUST-0305,2200.0,INFLOW,ORDER_PAYMENT,2026-08-07 04:42:06
TX-6000,ORD-2000,CUSTOMER,CUST-0145,826.99,INFLOW,ORDER_PAYMENT,2026-08-07 04:50:16
TX-6001,ORD-2001,CUSTOMER,CUST-0158,4131.02,INFLOW,ORDER_PAYMENT,2026-08-07 04:58:55
TX-6002,ORD-2002,CUSTOMER,CUST-0286,2560.05,INFLOW,ORDER_PAYMENT,2026-08-07 05:06:57
TX-6003,ORD-2003,CUSTOMER,CUST-0066,829.04,INFLOW,ORDER_PAYMENT,2026-08-07 05:15:26
TX-6004,ORD-2004,CUSTOMER,CUST-0146,3303.71,INFLOW,ORDER_PAYMENT,2026-08-07 05:23:53
TX-6005,ORD-2005,CUSTOMER,CUST-0149,3024.83,INFLOW,ORDER_PAYMENT,2026-08-07 05:32:32
TX-6006,ORD-2006,CUSTOMER,CUST-0326,582.68,INFLOW,ORDER_PAYMENT,2026-08-07 05:40:52
TX-6007,ORD-2007,CUSTOMER,CUST-0426,1076.17,INFLOW,ORDER_PAYMENT,2026-08-07 05:48:55
TX-6008,ORD-2008,CUSTOMER,CUST-0292,3722.35,INFLOW,ORDER_PAYMENT,2026-08-07 05:57:25
TX-6009,ORD-2009,CUSTOMER,CUST-0136,3904.05,INFLOW,ORDER_PAYMENT,2026-08-07 06:05:50
TX-6010,ORD-2010,CUSTOMER,CUST-0479,4054.3,INFLOW,ORDER_PAYMENT,2026-08-07 06:14:12
TX-6011,ORD-2011,CUSTOMER,CUST-0236,889.09,INFLOW,ORDER_PAYMENT,2026-08-07 06:22:37
TX-6012,ORD-2012,CUSTOMER,CUST-0163,3314.53,INFLOW,ORDER_PAYMENT,2026-08-07 06:31:03
TX-6013,ORD-2013,CUSTOMER,CUST-0282,4337.59,INFLOW,ORDER_PAYMENT,2026-08-07 06:39:33
TX-6014,ORD-2014,CUSTOMER,CUST-0099,3314.53,INFLOW,ORDER_PAYMENT,2026-08-07 06:47:54
TX-6015,ORD-2015,CUSTOMER,CUST-0237,1604.68,INFLOW,ORDER_PAYMENT,2026-08-07 06:56:28
TX-6016,ORD-2016,CUSTOMER,CUST-0459,1090.0,INFLOW,ORDER_PAYMENT,2026-08-07 07:04:38
TX-6017,ORD-2017,CUSTOMER,CUST-0449,306.7,INFLOW,ORDER_PAYMENT,2026-08-07 07:13:05
TX-6018,ORD-2018,CUSTOMER,CUST-0416,1862.43,INFLOW,ORDER_PAYMENT,2026-08-07 07:21:20
TX-6019,ORD-2019,CUSTOMER,CUST-0393,3655.67,INFLOW,ORDER_PAYMENT,2026-08-07 07:29:45
TX-6020,ORD-2020,CUSTOMER,CUST-0140,3310.04,INFLOW,ORDER_PAYMENT,2026-08-07 07:38:12
TX-6021,ORD-2021,CUSTOMER,CUST-0358,4226.7,INFLOW,ORDER_PAYMENT,2026-08-07 07:46:53
TX-6022,ORD-2022,CUSTOMER,CUST-0498,1229.97,INFLOW,ORDER_PAYMENT,2026-08-07 07:54:55
TX-6023,ORD-2023,CUSTOMER,CUST-0085,4074.31,INFLOW,ORDER_PAYMENT,2026-08-07 08:03:41
TX-6024,ORD-2024,CUSTOMER,CUST-0152,3527.16,INFLOW,ORDER_PAYMENT,2026-08-07 08:11:53
TX-6025,ORD-2025,CUSTOMER,CUST-0427,1231.42,INFLOW,ORDER_PAYMENT,2026-08-07 08:20:28
TX-6026,ORD-2026,CUSTOMER,CUST-0462,2644.13,INFLOW,ORDER_PAYMENT,2026-08-07 08:28:29
TX-6027,ORD-2027,CUSTOMER,CUST-0018,3849.68,INFLOW,ORDER_PAYMENT,2026-08-07 08:37:04
TX-6028,ORD-2028,CUSTOMER,CUST-0162,1125.08,INFLOW,ORDER_PAYMENT,2026-08-07 08:45:28
TX-6029,ORD-2029,CUSTOMER,CUST-0309,1125.08,INFLOW,ORDER_PAYMENT,2026-08-07 08:53:52
TX-6030,ORD-2030,CUSTOMER,CUST-0100,431.18,INFLOW,ORDER_PAYMENT,2026-08-07 09:02:11
TX-6031,ORD-2031,CUSTOMER,CUST-0215,3310.04,INFLOW,ORDER_PAYMENT,2026-08-07 09:10:35
TX-6032,ORD-2032,CUSTOMER,CUST-0316,2483.23,INFLOW,ORDER_PAYMENT,2026-08-07 09:19:14
TX-6033,ORD-2033,CUSTOMER,CUST-0337,1299.1,INFLOW,ORDER_PAYMENT,2026-08-07 09:27:20
TX-6034,ORD-2034,CUSTOMER,CUST-0358,656.92,INFLOW,ORDER_PAYMENT,2026-08-07 09:35:48
TX-6035,ORD-2035,CUSTOMER,CUST-0137,557.56,INFLOW,ORDER_PAYMENT,2026-08-07 09:44:24
TX-6036,ORD-2036,CUSTOMER,CUST-0372,3817.51,INFLOW,ORDER_PAYMENT,2026-08-07 09:52:45
TX-6037,ORD-2037,CUSTOMER,CUST-0121,4030.3,INFLOW,ORDER_PAYMENT,2026-08-07 10:01:16
TX-6038,ORD-2038,CUSTOMER,CUST-0187,4226.7,INFLOW,ORDER_PAYMENT,2026-08-07 10:09:43
TX-6039,ORD-2039,CUSTOMER,CUST-0437,829.04,INFLOW,ORDER_PAYMENT,2026-08-07 10:17:51
TX-6040,ORD-2040,CUSTOMER,CUST-0247,3554.02,INFLOW,ORDER_PAYMENT,2026-08-07 10:26:11
TX-6041,ORD-2041,CUSTOMER,CUST-0352,3305.06,INFLOW,ORDER_PAYMENT,2026-08-07 10:34:48
TX-6042,ORD-2042,CUSTOMER,CUST-0436,2419.53,INFLOW,ORDER_PAYMENT,2026-08-07 10:43:12
TX-6043,ORD-2043,CUSTOMER,CUST-0357,3637.58,INFLOW,ORDER_PAYMENT,2026-08-07 10:51:25
TX-6044,ORD-2044,CUSTOMER,CUST-0393,1125.08,INFLOW,ORDER_PAYMENT,2026-08-07 10:59:49
TX-6045,ORD-2045,CUSTOMER,CUST-0032,1100.0,INFLOW,ORDER_PAYMENT,2026-08-07 11:08:17
TX-6046,ORD-2046,CUSTOMER,CUST-0496,2449.37,INFLOW,ORDER_PAYMENT,2026-08-07 11:16:30
TX-6047,ORD-2047,CUSTOMER,CUST-0058,2439.3,INFLOW,ORDER_PAYMENT,2026-08-07 11:25:12
TX-6048,ORD-2048,CUSTOMER,CUST-0010,4448.99,INFLOW,ORDER_PAYMENT,2026-08-07 11:33:43
TX-6049,ORD-2049,CUSTOMER,CUST-0450,1100.0,INFLOW,ORDER_PAYMENT,2026-08-07 11:42:04
TX-6050,ORD-2050,CUSTOMER,CUST-0174,3211.44,INFLOW,ORDER_PAYMENT,2026-08-07 11:50:17
TX-6051,ORD-2051,CUSTOMER,CUST-0003,4294.61,INFLOW,ORDER_PAYMENT,2026-08-07 11:58:38
TX-6052,ORD-2052,CUSTOMER,CUST-0134,1544.47,INFLOW,ORDER_PAYMENT,2026-08-07 12:06:50
TX-6053,ORD-2053,CUSTOMER,CUST-0367,3817.51,INFLOW,ORDER_PAYMENT,2026-08-07 12:15:44
TX-6054,ORD-2054,CUSTOMER,CUST-0286,1948.31,INFLOW,ORDER_PAYMENT,2026-08-07 12:23:45
TX-6055,ORD-2055,CUSTOMER,CUST-0061,4448.99,INFLOW,ORDER_PAYMENT,2026-08-07 12:32:12
TX-6056,ORD-2056,CUSTOMER,CUST-0465,4424.97,INFLOW,ORDER_PAYMENT,2026-08-07 12:40:30
TX-6057,ORD-2057,CUSTOMER,CUST-0192,3569.25,INFLOW,ORDER_PAYMENT,2026-08-07 12:48:49
TX-6058,ORD-2058,CUSTOMER,CUST-0294,2252.3,INFLOW,ORDER_PAYMENT,2026-08-07 12:57:41
TX-6059,ORD-2059,CUSTOMER,CUST-0377,4294.61,INFLOW,ORDER_PAYMENT,2026-08-07 13:06:03
TX-6060,ORD-2060,CUSTOMER,CUST-0176,3482.21,INFLOW,ORDER_PAYMENT,2026-08-07 13:14:30
TX-6061,ORD-2061,CUSTOMER,CUST-0208,2788.05,INFLOW,ORDER_PAYMENT,2026-08-07 13:22:45
TX-6062,ORD-2062,CUSTOMER,CUST-0249,1604.68,INFLOW,ORDER_PAYMENT,2026-08-07 13:31:00
TX-6063,ORD-2063,CUSTOMER,CUST-0229,1604.68,INFLOW,ORDER_PAYMENT,2026-08-07 13:39:20
TX-6064,ORD-2064,CUSTOMER,CUST-0122,3621.3,INFLOW,ORDER_PAYMENT,2026-08-07 13:47:56
TX-6065,ORD-2065,CUSTOMER,CUST-0319,2788.05,INFLOW,ORDER_PAYMENT,2026-08-07 13:56:05
TX-6066,ORD-2066,CUSTOMER,CUST-0040,883.38,INFLOW,ORDER_PAYMENT,2026-08-07 14:04:51
TX-6067,ORD-2067,CUSTOMER,CUST-0188,1604.68,INFLOW,ORDER_PAYMENT,2026-08-07 14:13:04
TX-6068,ORD-2068,CUSTOMER,CUST-0363,4030.3,INFLOW,ORDER_PAYMENT,2026-08-07 14:21:26
TX-6069,ORD-2069,CUSTOMER,CUST-0423,1115.12,INFLOW,ORDER_PAYMENT,2026-08-07 14:29:38
TX-6070,ORD-2070,CUSTOMER,CUST-0168,2449.37,INFLOW,ORDER_PAYMENT,2026-08-07 14:38:01
TX-6071,ORD-2071,CUSTOMER,CUST-0487,6620.08,INFLOW,ORDER_PAYMENT,2026-08-07 14:46:48
TX-6072,ORD-2072,CUSTOMER,CUST-0300,4101.12,INFLOW,ORDER_PAYMENT,2026-08-07 14:55:05
TX-6073,ORD-2073,CUSTOMER,CUST-0227,3904.05,INFLOW,ORDER_PAYMENT,2026-08-07 15:03:20
TX-6074,ORD-2074,CUSTOMER,CUST-0393,4337.59,INFLOW,ORDER_PAYMENT,2026-08-07 15:11:40
TX-6075,ORD-2075,CUSTOMER,CUST-0452,3310.04,INFLOW,ORDER_PAYMENT,2026-08-07 15:20:16
TX-6076,ORD-2076,CUSTOMER,CUST-0276,1882.85,INFLOW,ORDER_PAYMENT,2026-08-07 15:28:29
TX-6077,ORD-2077,CUSTOMER,CUST-0048,2252.3,INFLOW,ORDER_PAYMENT,2026-08-07 15:37:04
TX-6078,ORD-2078,CUSTOMER,CUST-0486,4257.97,INFLOW,ORDER_PAYMENT,2026-08-07 15:45:20
TX-6079,ORD-2079,CUSTOMER,CUST-0045,3737.74,INFLOW,ORDER_PAYMENT,2026-08-07 15:53:40
TX-6080,ORD-2080,CUSTOMER,CUST-0149,1076.17,INFLOW,ORDER_PAYMENT,2026-08-07 16:02:05
TX-6081,ORD-2081,CUSTOMER,CUST-0159,2452.83,INFLOW,ORDER_PAYMENT,2026-08-07 16:10:24
TX-6082,ORD-2082,CUSTOMER,CUST-0478,3314.53,INFLOW,ORDER_PAYMENT,2026-08-07 16:19:02
TX-6083,ORD-2083,CUSTOMER,CUST-0386,3896.62,INFLOW,ORDER_PAYMENT,2026-08-07 16:27:20
TX-6084,ORD-2084,CUSTOMER,CUST-0023,2589.06,INFLOW,ORDER_PAYMENT,2026-08-07 16:35:40
TX-6085,ORD-2085,CUSTOMER,CUST-0300,3063.16,INFLOW,ORDER_PAYMENT,2026-08-07 16:44:25
TX-6086,ORD-2086,CUSTOMER,CUST-0071,889.09,INFLOW,ORDER_PAYMENT,2026-08-07 16:52:51
TX-6087,ORD-2087,CUSTOMER,CUST-0187,3482.21,INFLOW,ORDER_PAYMENT,2026-08-07 17:01:14
TX-6088,ORD-2088,CUSTOMER,CUST-0164,2252.3,INFLOW,ORDER_PAYMENT,2026-08-07 17:09:32
TX-6089,ORD-2089,CUSTOMER,CUST-0469,3314.53,INFLOW,ORDER_PAYMENT,2026-08-07 17:17:50
TX-6090,ORD-2090,CUSTOMER,CUST-0164,3637.58,INFLOW,ORDER_PAYMENT,2026-08-07 17:26:08
TX-6091,ORD-2091,CUSTOMER,CUST-0447,1100.0,INFLOW,ORDER_PAYMENT,2026-08-07 17:34:33
TX-6092,ORD-2092,CUSTOMER,CUST-0036,3052.92,INFLOW,ORDER_PAYMENT,2026-08-07 17:43:05
TX-6093,ORD-2093,CUSTOMER,CUST-0102,3024.83,INFLOW,ORDER_PAYMENT,2026-08-07 17:51:30
TX-6094,ORD-2094,CUSTOMER,CUST-0257,263.42,INFLOW,ORDER_PAYMENT,2026-08-07 17:59:58
TX-6095,ORD-2095,CUSTOMER,CUST-0478,3897.52,INFLOW,ORDER_PAYMENT,2026-08-07 18:08:14
TX-6096,ORD-2096,CUSTOMER,CUST-0153,1100.0,INFLOW,ORDER_PAYMENT,2026-08-07 18:16:37
TX-6097,ORD-2097,CUSTOMER,CUST-0131,3786.85,INFLOW,ORDER_PAYMENT,2026-08-07 18:25:03
TX-6098,ORD-2098,CUSTOMER,CUST-0470,431.18,INFLOW,ORDER_PAYMENT,2026-08-07 18:33:32
TX-6099,ORD-2099,CUSTOMER,CUST-0373,4448.99,INFLOW,ORDER_PAYMENT,2026-08-07 18:41:52
TX-6100,ORD-2100,CUSTOMER,CUST-0339,1299.1,INFLOW,ORDER_PAYMENT,2026-08-07 18:50:04
TX-6101,ORD-2101,CUSTOMER,CUST-0084,2483.23,INFLOW,ORDER_PAYMENT,2026-08-07 18:58:22
TX-6102,ORD-2102,CUSTOMER,CUST-0112,3904.31,INFLOW,ORDER_PAYMENT,2026-08-07 19:07:16
TX-6103,ORD-2103,CUSTOMER,CUST-0485,1992.9,INFLOW,ORDER_PAYMENT,2026-08-07 19:15:16
TX-6104,ORD-2104,CUSTOMER,CUST-0396,1070.16,INFLOW,ORDER_PAYMENT,2026-08-07 19:23:41
TX-6105,ORD-2105,CUSTOMER,CUST-0393,6607.42,INFLOW,ORDER_PAYMENT,2026-08-07 19:32:27
TX-6106,ORD-2106,CUSTOMER,CUST-0058,7711.42,INFLOW,ORDER_PAYMENT,2026-08-07 19:40:25
TX-6107,ORD-2107,CUSTOMER,CUST-0482,4074.31,INFLOW,ORDER_PAYMENT,2026-08-07 19:48:58
TX-6108,ORD-2108,CUSTOMER,CUST-0007,1524.23,INFLOW,ORDER_PAYMENT,2026-08-07 19:57:30
TX-6109,ORD-2109,CUSTOMER,CUST-0021,1340.1,INFLOW,ORDER_PAYMENT,2026-08-07 20:06:02
TX-6110,ORD-2110,CUSTOMER,CUST-0398,3786.85,INFLOW,ORDER_PAYMENT,2026-08-07 20:14:23
TX-6111,ORD-2111,CUSTOMER,CUST-0437,358.12,INFLOW,ORDER_PAYMENT,2026-08-07 20:22:32
TX-6112,ORD-2112,CUSTOMER,CUST-0395,1100.0,INFLOW,ORDER_PAYMENT,2026-08-07 20:31:11
TX-6113,ORD-2113,CUSTOMER,CUST-0469,3211.6,INFLOW,ORDER_PAYMENT,2026-08-07 20:39:10
TX-6114,ORD-2114,CUSTOMER,CUST-0357,674.08,INFLOW,ORDER_PAYMENT,2026-08-07 20:47:36
TX-6115,ORD-2115,CUSTOMER,CUST-0115,4074.31,INFLOW,ORDER_PAYMENT,2026-08-07 20:56:25
TX-6116,ORD-2116,CUSTOMER,CUST-0180,3569.25,INFLOW,ORDER_PAYMENT,2026-08-07 21:04:31
TX-6117,ORD-2117,CUSTOMER,CUST-0488,3569.25,INFLOW,ORDER_PAYMENT,2026-08-07 21:13:10
TX-6118,ORD-2118,CUSTOMER,CUST-0089,1604.68,INFLOW,ORDER_PAYMENT,2026-08-07 21:21:18
TX-6119,ORD-2119,CUSTOMER,CUST-0439,1904.59,INFLOW,ORDER_PAYMENT,2026-08-07 21:29:38
TX-6120,ORD-2120,CUSTOMER,CUST-0109,4101.12,INFLOW,ORDER_PAYMENT,2026-08-07 21:38:18
TX-6121,ORD-2121,CUSTOMER,CUST-0082,4030.3,INFLOW,ORDER_PAYMENT,2026-08-07 21:46:37
TX-6122,ORD-2122,CUSTOMER,CUST-0021,258.84,INFLOW,ORDER_PAYMENT,2026-08-07 21:55:03
TX-6123,ORD-2123,CUSTOMER,CUST-0396,7573.7,INFLOW,ORDER_PAYMENT,2026-08-07 22:03:28
TX-6124,ORD-2124,CUSTOMER,CUST-0163,3722.35,INFLOW,ORDER_PAYMENT,2026-08-07 22:11:50
TX-6125,ORD-2125,CUSTOMER,CUST-0027,4054.3,INFLOW,ORDER_PAYMENT,2026-08-07 22:20:12
TX-6126,ORD-2126,CUSTOMER,CUST-0014,3412.17,INFLOW,ORDER_PAYMENT,2026-08-07 22:28:27
TX-6127,ORD-2127,CUSTOMER,CUST-0380,4898.74,INFLOW,ORDER_PAYMENT,2026-08-07 22:36:47
TX-6128,ORD-2128,CUSTOMER,CUST-0361,291.34,INFLOW,ORDER_PAYMENT,2026-08-07 22:45:21
TX-6129,ORD-2129,CUSTOMER,CUST-0347,291.34,INFLOW,ORDER_PAYMENT,2026-08-07 22:53:50
TX-6130,ORD-2130,CUSTOMER,CUST-0083,2200.0,INFLOW,ORDER_PAYMENT,2026-08-07 23:02:17
TX-6131,ORD-2131,CUSTOMER,CUST-0184,3314.53,INFLOW,ORDER_PAYMENT,2026-08-07 23:10:23
TX-6132,ORD-2132,CUSTOMER,CUST-0106,1948.31,INFLOW,ORDER_PAYMENT,2026-08-07 23:18:49
TX-6133,ORD-2133,CUSTOMER,CUST-0009,3722.35,INFLOW,ORDER_PAYMENT,2026-08-07 23:27:15
TX-6134,ORD-2134,CUSTOMER,CUST-0129,7711.42,INFLOW,ORDER_PAYMENT,2026-08-07 23:35:35
TX-6135,ORD-2135,CUSTOMER,CUST-0265,3722.35,INFLOW,ORDER_PAYMENT,2026-08-07 23:44:08
TX-6136,ORD-2136,CUSTOMER,CUST-0035,2589.06,INFLOW,ORDER_PAYMENT,2026-08-07 23:52:19
TX-6137,ORD-2137,CUSTOMER,CUST-0371,4101.12,INFLOW,ORDER_PAYMENT,2026-08-08 00:00:54
TX-6138,ORD-2138,CUSTOMER,CUST-0111,3570.49,INFLOW,ORDER_PAYMENT,2026-08-08 00:09:17
TX-6139,ORD-2139,CUSTOMER,CUST-0214,2788.05,INFLOW,ORDER_PAYMENT,2026-08-08 00:17:42
TX-6140,ORD-2140,CUSTOMER,CUST-0042,6607.42,INFLOW,ORDER_PAYMENT,2026-08-08 00:26:11
TX-6141,ORD-2141,CUSTOMER,CUST-0472,2788.05,INFLOW,ORDER_PAYMENT,2026-08-08 00:34:42
TX-6142,ORD-2142,CUSTOMER,CUST-0066,4076.43,INFLOW,ORDER_PAYMENT,2026-08-08 00:42:43
TX-6143,ORD-2143,CUSTOMER,CUST-0451,4074.31,INFLOW,ORDER_PAYMENT,2026-08-08 00:51:07
TX-6144,ORD-2144,CUSTOMER,CUST-0274,7128.4,INFLOW,ORDER_PAYMENT,2026-08-08 00:59:39
TX-6145,ORD-2145,CUSTOMER,CUST-0025,4093.93,INFLOW,ORDER_PAYMENT,2026-08-08 01:08:20
TX-6146,ORD-2146,CUSTOMER,CUST-0060,1100.0,INFLOW,ORDER_PAYMENT,2026-08-08 01:16:44
TX-6147,ORD-2147,CUSTOMER,CUST-0160,1100.0,INFLOW,ORDER_PAYMENT,2026-08-08 01:25:06
TX-6148,ORD-2148,CUSTOMER,CUST-0164,1862.43,INFLOW,ORDER_PAYMENT,2026-08-08 01:33:21
TX-6149,ORD-2149,CUSTOMER,CUST-0156,2252.3,INFLOW,ORDER_PAYMENT,2026-08-08 01:42:00
TX-6150,ORD-2150,CUSTOMER,CUST-0469,1299.1,INFLOW,ORDER_PAYMENT,2026-08-08 01:49:59
TX-6151,ORD-2151,CUSTOMER,CUST-0270,3737.74,INFLOW,ORDER_PAYMENT,2026-08-08 01:58:20
TX-6152,ORD-2152,CUSTOMER,CUST-0269,1605.72,INFLOW,ORDER_PAYMENT,2026-08-08 02:06:48
TX-6153,ORD-2153,CUSTOMER,CUST-0357,851.72,INFLOW,ORDER_PAYMENT,2026-08-08 02:15:19
TX-6154,ORD-2154,CUSTOMER,CUST-0099,1100.0,INFLOW,ORDER_PAYMENT,2026-08-08 02:23:53
TX-6155,ORD-2155,CUSTOMER,CUST-0484,1004.29,INFLOW,ORDER_PAYMENT,2026-08-08 02:31:58
TX-6156,ORD-2156,CUSTOMER,CUST-0441,7311.34,INFLOW,ORDER_PAYMENT,2026-08-08 02:40:37
TX-6157,ORD-2157,CUSTOMER,CUST-0364,1299.1,INFLOW,ORDER_PAYMENT,2026-08-08 02:48:46
TX-6158,ORD-2158,CUSTOMER,CUST-0159,1948.31,INFLOW,ORDER_PAYMENT,2026-08-08 02:57:24
TX-6159,ORD-2159,CUSTOMER,CUST-0003,2439.3,INFLOW,ORDER_PAYMENT,2026-08-08 03:05:47
TX-6160,ORD-2160,CUSTOMER,CUST-0037,2180.0,INFLOW,ORDER_PAYMENT,2026-08-08 03:14:05
TX-6161,ORD-2161,CUSTOMER,CUST-0356,8917.16,INFLOW,ORDER_PAYMENT,2026-08-08 03:22:39
TX-6162,ORD-2162,CUSTOMER,CUST-0112,3765.7,INFLOW,ORDER_PAYMENT,2026-08-08 03:31:09
TX-6163,ORD-2163,CUSTOMER,CUST-0116,3590.3,INFLOW,ORDER_PAYMENT,2026-08-08 03:39:22
TX-6164,ORD-2164,CUSTOMER,CUST-0486,1862.43,INFLOW,ORDER_PAYMENT,2026-08-08 03:47:43
TX-6165,ORD-2165,CUSTOMER,CUST-0232,2252.3,INFLOW,ORDER_PAYMENT,2026-08-08 03:55:53
TX-6166,ORD-2166,CUSTOMER,CUST-0081,2446.64,INFLOW,ORDER_PAYMENT,2026-08-08 04:04:33
TX-6167,ORD-2167,CUSTOMER,CUST-0069,1768.39,INFLOW,ORDER_PAYMENT,2026-08-08 04:13:11
TX-6168,ORD-2168,CUSTOMER,CUST-0288,3482.21,INFLOW,ORDER_PAYMENT,2026-08-08 04:21:22
TX-6169,ORD-2169,CUSTOMER,CUST-0168,4336.35,INFLOW,ORDER_PAYMENT,2026-08-08 04:29:45
TX-6170,ORD-2170,CUSTOMER,CUST-0214,4074.31,INFLOW,ORDER_PAYMENT,2026-08-08 04:38:05
TX-6171,ORD-2171,CUSTOMER,CUST-0362,1299.1,INFLOW,ORDER_PAYMENT,2026-08-08 04:46:31
TX-6172,ORD-2172,CUSTOMER,CUST-0227,3637.58,INFLOW,ORDER_PAYMENT,2026-08-08 04:54:49
TX-6173,ORD-2173,CUSTOMER,CUST-0476,535.08,INFLOW,ORDER_PAYMENT,2026-08-08 05:03:05
TX-6174,ORD-2174,CUSTOMER,CUST-0239,2449.37,INFLOW,ORDER_PAYMENT,2026-08-08 05:11:40
TX-6175,ORD-2175,CUSTOMER,CUST-0431,3637.58,INFLOW,ORDER_PAYMENT,2026-08-08 05:19:59
TX-6176,ORD-2176,CUSTOMER,CUST-0152,4074.31,INFLOW,ORDER_PAYMENT,2026-08-08 05:28:22
TX-6177,ORD-2177,CUSTOMER,CUST-0373,1100.0,INFLOW,ORDER_PAYMENT,2026-08-08 05:36:53
TX-6178,ORD-2178,CUSTOMER,CUST-0228,4257.97,INFLOW,ORDER_PAYMENT,2026-08-08 05:45:05
TX-6179,ORD-2179,CUSTOMER,CUST-0076,1418.34,INFLOW,ORDER_PAYMENT,2026-08-08 05:53:39
TX-6180,ORD-2180,CUSTOMER,CUST-0495,3817.51,INFLOW,ORDER_PAYMENT,2026-08-08 06:02:20
TX-6181,ORD-2181,CUSTOMER,CUST-0186,4272.95,INFLOW,ORDER_PAYMENT,2026-08-08 06:10:31
TX-6182,ORD-2182,CUSTOMER,CUST-0269,4839.06,INFLOW,ORDER_PAYMENT,2026-08-08 06:18:50
TX-6183,ORD-2183,CUSTOMER,CUST-0401,1100.0,INFLOW,ORDER_PAYMENT,2026-08-08 06:27:16
TX-6184,ORD-2184,CUSTOMER,CUST-0129,4076.43,INFLOW,ORDER_PAYMENT,2026-08-08 06:35:45
TX-6185,ORD-2185,CUSTOMER,CUST-0016,613.4,INFLOW,ORDER_PAYMENT,2026-08-08 06:44:20
TX-6186,ORD-2186,CUSTOMER,CUST-0015,4390.3,INFLOW,ORDER_PAYMENT,2026-08-08 06:52:22
TX-6187,ORD-2187,CUSTOMER,CUST-0120,2560.05,INFLOW,ORDER_PAYMENT,2026-08-08 07:00:56
TX-6188,ORD-2188,CUSTOMER,CUST-0372,1524.23,INFLOW,ORDER_PAYMENT,2026-08-08 07:09:26
TX-6189,ORD-2189,CUSTOMER,CUST-0487,1653.98,INFLOW,ORDER_PAYMENT,2026-08-08 07:17:29
TX-6190,ORD-2190,CUSTOMER,CUST-0273,306.7,INFLOW,ORDER_PAYMENT,2026-08-08 07:26:10
TX-6191,ORD-2191,CUSTOMER,CUST-0467,4093.93,INFLOW,ORDER_PAYMENT,2026-08-08 07:34:37
TX-6192,ORD-2192,CUSTOMER,CUST-0386,6105.84,INFLOW,ORDER_PAYMENT,2026-08-08 07:42:42
TX-6193,ORD-2193,CUSTOMER,CUST-0198,3637.58,INFLOW,ORDER_PAYMENT,2026-08-08 07:51:11
TX-6194,ORD-2194,CUSTOMER,CUST-0172,3904.05,INFLOW,ORDER_PAYMENT,2026-08-08 07:59:43
TX-6195,ORD-2195,CUSTOMER,CUST-0055,3024.83,INFLOW,ORDER_PAYMENT,2026-08-08 08:08:10
TX-6196,ORD-2196,CUSTOMER,CUST-0261,2252.3,INFLOW,ORDER_PAYMENT,2026-08-08 08:16:33
TX-6197,ORD-2197,CUSTOMER,CUST-0472,3904.31,INFLOW,ORDER_PAYMENT,2026-08-08 08:24:50
TX-6198,ORD-2198,CUSTOMER,CUST-0023,358.12,INFLOW,ORDER_PAYMENT,2026-08-08 08:33:32
TX-6199,ORD-2199,CUSTOMER,CUST-0115,1605.72,INFLOW,ORDER_PAYMENT,2026-08-08 08:41:52
TX-6200,ORD-2200,CUSTOMER,CUST-0344,2462.84,INFLOW,ORDER_PAYMENT,2026-08-08 08:50:06
TX-6201,ORD-2201,CUSTOMER,CUST-0467,1229.97,INFLOW,ORDER_PAYMENT,2026-08-08 08:58:30
TX-6202,ORD-2202,CUSTOMER,CUST-0063,1524.23,INFLOW,ORDER_PAYMENT,2026-08-08 09:07:06
TX-6203,ORD-2203,CUSTOMER,CUST-0262,826.99,INFLOW,ORDER_PAYMENT,2026-08-08 09:15:27
TX-6204,ORD-2204,CUSTOMER,CUST-0146,818.39,INFLOW,ORDER_PAYMENT,2026-08-08 09:23:37
TX-6205,ORD-2205,CUSTOMER,CUST-0214,3305.06,INFLOW,ORDER_PAYMENT,2026-08-08 09:32:11
TX-6206,ORD-2206,CUSTOMER,CUST-0009,2452.83,INFLOW,ORDER_PAYMENT,2026-08-08 09:40:32
TX-6207,ORD-2207,CUSTOMER,CUST-0308,8675.18,INFLOW,ORDER_PAYMENT,2026-08-08 09:48:45
TX-6208,ORD-2208,CUSTOMER,CUST-0468,3904.05,INFLOW,ORDER_PAYMENT,2026-08-08 09:57:30
TX-6209,ORD-2209,CUSTOMER,CUST-0082,1100.0,INFLOW,ORDER_PAYMENT,2026-08-08 10:05:27
TX-6210,ORD-2210,CUSTOMER,CUST-0320,2483.23,INFLOW,ORDER_PAYMENT,2026-08-08 10:14:17
TX-6211,ORD-2211,CUSTOMER,CUST-0263,1076.17,INFLOW,ORDER_PAYMENT,2026-08-08 10:22:20
TX-6212,ORD-2212,CUSTOMER,CUST-0290,2419.53,INFLOW,ORDER_PAYMENT,2026-08-08 10:30:41
TX-6213,ORD-2213,CUSTOMER,CUST-0336,4294.61,INFLOW,ORDER_PAYMENT,2026-08-08 10:39:23
TX-6214,ORD-2214,CUSTOMER,CUST-0081,1636.78,INFLOW,ORDER_PAYMENT,2026-08-08 10:47:28
TX-6215,ORD-2215,CUSTOMER,CUST-0359,2644.13,INFLOW,ORDER_PAYMENT,2026-08-08 10:55:52
TX-6216,ORD-2216,CUSTOMER,CUST-0446,851.72,INFLOW,ORDER_PAYMENT,2026-08-08 11:04:29
TX-6217,ORD-2217,CUSTOMER,CUST-0315,3737.74,INFLOW,ORDER_PAYMENT,2026-08-08 11:12:45
TX-6218,ORD-2218,CUSTOMER,CUST-0394,3297.77,INFLOW,ORDER_PAYMENT,2026-08-08 11:21:29
TX-6219,ORD-2219,CUSTOMER,CUST-0241,3246.81,INFLOW,ORDER_PAYMENT,2026-08-08 11:29:55
TX-6220,ORD-2220,CUSTOMER,CUST-0022,582.68,INFLOW,ORDER_PAYMENT,2026-08-08 11:38:19
TX-6221,ORD-2221,CUSTOMER,CUST-0197,1604.68,INFLOW,ORDER_PAYMENT,2026-08-08 11:46:15
TX-6222,ORD-2222,CUSTOMER,CUST-0074,4390.3,INFLOW,ORDER_PAYMENT,2026-08-08 11:54:47
TX-6223,ORD-2223,CUSTOMER,CUST-0046,889.09,INFLOW,ORDER_PAYMENT,2026-08-08 12:03:28
TX-6224,ORD-2224,CUSTOMER,CUST-0118,3024.83,INFLOW,ORDER_PAYMENT,2026-08-08 12:11:40
TX-6225,ORD-2225,CUSTOMER,CUST-0454,3196.07,INFLOW,ORDER_PAYMENT,2026-08-08 12:20:03
TX-6226,ORD-2226,CUSTOMER,CUST-0383,1604.68,INFLOW,ORDER_PAYMENT,2026-08-08 12:28:24
TX-6227,ORD-2227,CUSTOMER,CUST-0055,1605.72,INFLOW,ORDER_PAYMENT,2026-08-08 12:36:42
TX-6228,ORD-2228,CUSTOMER,CUST-0218,5514.1,INFLOW,ORDER_PAYMENT,2026-08-08 12:45:14
TX-6229,ORD-2229,CUSTOMER,CUST-0500,2065.51,INFLOW,ORDER_PAYMENT,2026-08-08 12:53:45
TX-6230,ORD-2230,CUSTOMER,CUST-0480,1904.59,INFLOW,ORDER_PAYMENT,2026-08-08 13:02:03
TX-6231,ORD-2231,CUSTOMER,CUST-0267,3554.02,INFLOW,ORDER_PAYMENT,2026-08-08 13:10:41
TX-6232,ORD-2232,CUSTOMER,CUST-0255,4074.31,INFLOW,ORDER_PAYMENT,2026-08-08 13:18:36
TX-6233,ORD-2233,CUSTOMER,CUST-0426,6610.12,INFLOW,ORDER_PAYMENT,2026-08-08 13:27:16
TX-6234,ORD-2234,CUSTOMER,CUST-0053,4101.12,INFLOW,ORDER_PAYMENT,2026-08-08 13:35:35
TX-6235,ORD-2235,CUSTOMER,CUST-0056,2589.06,INFLOW,ORDER_PAYMENT,2026-08-08 13:43:49
TX-6236,ORD-2236,CUSTOMER,CUST-0347,1229.97,INFLOW,ORDER_PAYMENT,2026-08-08 13:52:33
TX-6237,ORD-2237,CUSTOMER,CUST-0108,818.39,INFLOW,ORDER_PAYMENT,2026-08-08 14:01:03
TX-6238,ORD-2238,CUSTOMER,CUST-0461,883.38,INFLOW,ORDER_PAYMENT,2026-08-08 14:09:13
TX-6239,ORD-2239,CUSTOMER,CUST-0390,1229.97,INFLOW,ORDER_PAYMENT,2026-08-08 14:17:54
TX-6240,ORD-2240,CUSTOMER,CUST-0478,1125.08,INFLOW,ORDER_PAYMENT,2026-08-08 14:26:01
TX-6241,ORD-2241,CUSTOMER,CUST-0414,6610.12,INFLOW,ORDER_PAYMENT,2026-08-08 14:34:23
TX-6242,ORD-2242,CUSTOMER,CUST-0493,3303.71,INFLOW,ORDER_PAYMENT,2026-08-08 14:42:55
TX-6243,ORD-2243,CUSTOMER,CUST-0087,1658.08,INFLOW,ORDER_PAYMENT,2026-08-08 14:51:08
TX-6244,ORD-2244,CUSTOMER,CUST-0042,1100.0,INFLOW,ORDER_PAYMENT,2026-08-08 14:59:40
TX-6245,ORD-2245,CUSTOMER,CUST-0480,1703.44,INFLOW,ORDER_PAYMENT,2026-08-08 15:08:01
TX-6246,ORD-2246,CUSTOMER,CUST-0267,1604.68,INFLOW,ORDER_PAYMENT,2026-08-08 15:16:15
TX-6247,ORD-2247,CUSTOMER,CUST-0419,3786.85,INFLOW,ORDER_PAYMENT,2026-08-08 15:24:54
TX-6248,ORD-2248,CUSTOMER,CUST-0353,414.04,INFLOW,ORDER_PAYMENT,2026-08-08 15:33:25
TX-6249,ORD-2249,CUSTOMER,CUST-0330,4424.97,INFLOW,ORDER_PAYMENT,2026-08-08 15:41:44
TX-6250,ORD-2250,CUSTOMER,CUST-0239,3817.51,INFLOW,ORDER_PAYMENT,2026-08-08 15:50:02
TX-6251,ORD-2251,CUSTOMER,CUST-0099,3052.92,INFLOW,ORDER_PAYMENT,2026-08-08 15:58:30
TX-6252,ORD-2252,CUSTOMER,CUST-0110,431.18,INFLOW,ORDER_PAYMENT,2026-08-08 16:06:47
TX-6253,ORD-2253,CUSTOMER,CUST-0219,4337.59,INFLOW,ORDER_PAYMENT,2026-08-08 16:15:11
TX-6254,ORD-2254,CUSTOMER,CUST-0020,1229.97,INFLOW,ORDER_PAYMENT,2026-08-08 16:23:30
TX-6255,ORD-2255,CUSTOMER,CUST-0439,829.04,INFLOW,ORDER_PAYMENT,2026-08-08 16:31:52
TX-6256,ORD-2256,CUSTOMER,CUST-0406,1004.29,INFLOW,ORDER_PAYMENT,2026-08-08 16:40:19
TX-6257,ORD-2257,CUSTOMER,CUST-0382,3211.6,INFLOW,ORDER_PAYMENT,2026-08-08 16:48:45
TX-6258,ORD-2258,CUSTOMER,CUST-0320,4074.31,INFLOW,ORDER_PAYMENT,2026-08-08 16:57:00
TX-6259,ORD-2259,CUSTOMER,CUST-0395,535.08,INFLOW,ORDER_PAYMENT,2026-08-08 17:05:36
TX-6260,ORD-2260,CUSTOMER,CUST-0230,306.7,INFLOW,ORDER_PAYMENT,2026-08-08 17:13:50
TX-6261,ORD-2261,CUSTOMER,CUST-0033,3196.07,INFLOW,ORDER_PAYMENT,2026-08-08 17:22:17
TX-6262,ORD-2262,CUSTOMER,CUST-0396,1992.9,INFLOW,ORDER_PAYMENT,2026-08-08 17:30:43
TX-6263,ORD-2263,CUSTOMER,CUST-0327,4294.61,INFLOW,ORDER_PAYMENT,2026-08-08 17:39:09
TX-6264,ORD-2264,CUSTOMER,CUST-0185,535.08,INFLOW,ORDER_PAYMENT,2026-08-08 17:47:24
TX-6265,ORD-2265,CUSTOMER,CUST-0413,2560.05,INFLOW,ORDER_PAYMENT,2026-08-08 17:55:56
TX-6266,ORD-2266,CUSTOMER,CUST-0248,1100.0,INFLOW,ORDER_PAYMENT,2026-08-08 18:04:20
TX-6267,ORD-2267,CUSTOMER,CUST-0491,1882.85,INFLOW,ORDER_PAYMENT,2026-08-08 18:13:03
TX-6268,ORD-2268,CUSTOMER,CUST-0029,3904.31,INFLOW,ORDER_PAYMENT,2026-08-08 18:21:04
TX-6269,ORD-2269,CUSTOMER,CUST-0067,4257.97,INFLOW,ORDER_PAYMENT,2026-08-08 18:29:38
TX-6270,ORD-2270,CUSTOMER,CUST-0246,670.05,INFLOW,ORDER_PAYMENT,2026-08-08 18:38:00
TX-6271,ORD-2271,CUSTOMER,CUST-0118,3063.16,INFLOW,ORDER_PAYMENT,2026-08-08 18:46:35
TX-6272,ORD-2272,CUSTOMER,CUST-0358,3897.52,INFLOW,ORDER_PAYMENT,2026-08-08 18:54:37
TX-6273,ORD-2273,CUSTOMER,CUST-0186,2589.06,INFLOW,ORDER_PAYMENT,2026-08-08 19:03:16
TX-6274,ORD-2274,CUSTOMER,CUST-0197,3904.05,INFLOW,ORDER_PAYMENT,2026-08-08 19:11:45
TX-6275,ORD-2275,CUSTOMER,CUST-0150,7108.04,INFLOW,ORDER_PAYMENT,2026-08-08 19:19:49
TX-6276,ORD-2276,CUSTOMER,CUST-0268,3196.07,INFLOW,ORDER_PAYMENT,2026-08-08 19:28:22
TX-6277,ORD-2277,CUSTOMER,CUST-0194,3554.02,INFLOW,ORDER_PAYMENT,2026-08-08 19:36:34
TX-6278,ORD-2278,CUSTOMER,CUST-0148,7108.04,INFLOW,ORDER_PAYMENT,2026-08-08 19:45:16
TX-6279,ORD-2279,CUSTOMER,CUST-0423,7795.04,INFLOW,ORDER_PAYMENT,2026-08-08 19:53:28
TX-6280,ORD-2280,CUSTOMER,CUST-0470,656.92,INFLOW,ORDER_PAYMENT,2026-08-08 20:01:46
TX-6281,ORD-2281,CUSTOMER,CUST-0283,1862.43,INFLOW,ORDER_PAYMENT,2026-08-08 20:10:10
TX-6282,ORD-2282,CUSTOMER,CUST-0301,258.84,INFLOW,ORDER_PAYMENT,2026-08-08 20:18:54
TX-6283,ORD-2283,CUSTOMER,CUST-0282,829.04,INFLOW,ORDER_PAYMENT,2026-08-08 20:27:02
TX-6284,ORD-2284,CUSTOMER,CUST-0340,1658.08,INFLOW,ORDER_PAYMENT,2026-08-08 20:35:45
TX-6285,ORD-2285,CUSTOMER,CUST-0479,358.12,INFLOW,ORDER_PAYMENT,2026-08-08 20:44:13
TX-6286,ORD-2286,CUSTOMER,CUST-0023,1100.0,INFLOW,ORDER_PAYMENT,2026-08-08 20:52:12
TX-6287,ORD-2287,CUSTOMER,CUST-0321,3211.44,INFLOW,ORDER_PAYMENT,2026-08-08 21:00:58
TX-6288,ORD-2288,CUSTOMER,CUST-0277,2788.05,INFLOW,ORDER_PAYMENT,2026-08-08 21:09:03
TX-6289,ORD-2289,CUSTOMER,CUST-0279,826.99,INFLOW,ORDER_PAYMENT,2026-08-08 21:17:43
TX-6290,ORD-2290,CUSTOMER,CUST-0296,3621.3,INFLOW,ORDER_PAYMENT,2026-08-08 21:26:14
TX-6291,ORD-2291,CUSTOMER,CUST-0351,1004.29,INFLOW,ORDER_PAYMENT,2026-08-08 21:34:13
TX-6292,ORD-2292,CUSTOMER,CUST-0354,3722.35,INFLOW,ORDER_PAYMENT,2026-08-08 21:42:57
TX-6293,ORD-2293,CUSTOMER,CUST-0182,3897.52,INFLOW,ORDER_PAYMENT,2026-08-08 21:51:01
TX-6294,ORD-2294,CUSTOMER,CUST-0240,3684.61,INFLOW,ORDER_PAYMENT,2026-08-08 21:59:37
TX-6295,ORD-2295,CUSTOMER,CUST-0233,3621.3,INFLOW,ORDER_PAYMENT,2026-08-08 22:08:10
TX-6296,ORD-2296,CUSTOMER,CUST-0227,1125.08,INFLOW,ORDER_PAYMENT,2026-08-08 22:16:08
TX-6297,ORD-2297,CUSTOMER,CUST-0123,1653.98,INFLOW,ORDER_PAYMENT,2026-08-08 22:24:56
TX-6298,ORD-2298,CUSTOMER,CUST-0193,8897.98,INFLOW,ORDER_PAYMENT,2026-08-08 22:33:04
TX-6299,ORD-2299,CUSTOMER,CUST-0393,670.05,INFLOW,ORDER_PAYMENT,2026-08-08 22:41:48
TX-6300,ORD-2300,CUSTOMER,CUST-0021,4390.3,INFLOW,ORDER_PAYMENT,2026-08-08 22:50:03
TX-6301,ORD-2301,CUSTOMER,CUST-0444,6049.66,INFLOW,ORDER_PAYMENT,2026-08-08 22:58:25
TX-6302,ORD-2302,CUSTOMER,CUST-0138,1924.84,INFLOW,ORDER_PAYMENT,2026-08-08 23:06:49
TX-6303,ORD-2303,CUSTOMER,CUST-0314,3897.52,INFLOW,ORDER_PAYMENT,2026-08-08 23:15:24
TX-6304,ORD-2304,CUSTOMER,CUST-0495,6595.54,INFLOW,ORDER_PAYMENT,2026-08-08 23:23:42
TX-6305,ORD-2305,CUSTOMER,CUST-0280,4294.61,INFLOW,ORDER_PAYMENT,2026-08-08 23:32:10
TX-6306,ORD-2306,CUSTOMER,CUST-0433,3527.16,INFLOW,ORDER_PAYMENT,2026-08-08 23:40:10
TX-6307,ORD-2307,CUSTOMER,CUST-0261,1904.59,INFLOW,ORDER_PAYMENT,2026-08-08 23:48:44
TX-6308,ORD-2308,CUSTOMER,CUST-0219,3305.06,INFLOW,ORDER_PAYMENT,2026-08-08 23:57:07
TX-6309,ORD-2309,CUSTOMER,CUST-0306,1125.08,INFLOW,ORDER_PAYMENT,2026-08-09 00:05:42
TX-6310,ORD-2310,CUSTOMER,CUST-0424,4131.02,INFLOW,ORDER_PAYMENT,2026-08-09 00:14:01
TX-6311,ORD-2311,CUSTOMER,CUST-0215,3684.61,INFLOW,ORDER_PAYMENT,2026-08-09 00:22:32
TX-6312,ORD-2312,CUSTOMER,CUST-0029,4898.74,INFLOW,ORDER_PAYMENT,2026-08-09 00:30:51
TX-6313,ORD-2313,CUSTOMER,CUST-0274,3211.6,INFLOW,ORDER_PAYMENT,2026-08-09 00:39:14
TX-6314,ORD-2314,CUSTOMER,CUST-0322,3303.71,INFLOW,ORDER_PAYMENT,2026-08-09 00:47:35
TX-6315,ORD-2315,CUSTOMER,CUST-0205,3722.35,INFLOW,ORDER_PAYMENT,2026-08-09 00:55:48
TX-6316,ORD-2316,CUSTOMER,CUST-0492,2644.13,INFLOW,ORDER_PAYMENT,2026-08-09 01:04:21
TX-6317,ORD-2317,CUSTOMER,CUST-0250,4257.97,INFLOW,ORDER_PAYMENT,2026-08-09 01:12:35
TX-6318,ORD-2318,CUSTOMER,CUST-0331,2065.51,INFLOW,ORDER_PAYMENT,2026-08-09 01:21:16
TX-6319,ORD-2319,CUSTOMER,CUST-0402,3570.49,INFLOW,ORDER_PAYMENT,2026-08-09 01:29:20
TX-6320,ORD-2320,CUSTOMER,CUST-0105,1605.72,INFLOW,ORDER_PAYMENT,2026-08-09 01:37:43
TX-6321,ORD-2321,CUSTOMER,CUST-0131,4101.12,INFLOW,ORDER_PAYMENT,2026-08-09 01:46:26
TX-6322,ORD-2322,CUSTOMER,CUST-0476,2065.51,INFLOW,ORDER_PAYMENT,2026-08-09 01:54:29
TX-6323,ORD-2323,CUSTOMER,CUST-0346,4030.3,INFLOW,ORDER_PAYMENT,2026-08-09 02:03:11
TX-6324,ORD-2324,CUSTOMER,CUST-0281,8545.9,INFLOW,ORDER_PAYMENT,2026-08-09 02:11:19
TX-6325,ORD-2325,CUSTOMER,CUST-0182,306.7,INFLOW,ORDER_PAYMENT,2026-08-09 02:19:48
TX-6326,ORD-2326,CUSTOMER,CUST-0468,8152.86,INFLOW,ORDER_PAYMENT,2026-08-09 02:28:07
TX-6327,ORD-2327,CUSTOMER,CUST-0474,818.39,INFLOW,ORDER_PAYMENT,2026-08-09 02:36:37
TX-6328,ORD-2328,CUSTOMER,CUST-0463,3684.61,INFLOW,ORDER_PAYMENT,2026-08-09 02:45:01
TX-6329,ORD-2329,CUSTOMER,CUST-0022,4272.95,INFLOW,ORDER_PAYMENT,2026-08-09 02:53:28
TX-6330,ORD-2330,CUSTOMER,CUST-0271,1605.72,INFLOW,ORDER_PAYMENT,2026-08-09 03:02:00
TX-6331,ORD-2331,CUSTOMER,CUST-0284,818.39,INFLOW,ORDER_PAYMENT,2026-08-09 03:10:25
TX-6332,ORD-2332,CUSTOMER,CUST-0381,4337.59,INFLOW,ORDER_PAYMENT,2026-08-09 03:18:36
TX-6333,ORD-2333,CUSTOMER,CUST-0009,414.04,INFLOW,ORDER_PAYMENT,2026-08-09 03:27:15
TX-6334,ORD-2334,CUSTOMER,CUST-0160,1948.31,INFLOW,ORDER_PAYMENT,2026-08-09 03:35:41
TX-6335,ORD-2335,CUSTOMER,CUST-0156,1418.34,INFLOW,ORDER_PAYMENT,2026-08-09 03:43:45
TX-6336,ORD-2336,CUSTOMER,CUST-0137,3904.31,INFLOW,ORDER_PAYMENT,2026-08-09 03:52:07
TX-6337,ORD-2337,CUSTOMER,CUST-0147,3564.2,INFLOW,ORDER_PAYMENT,2026-08-09 04:00:36
TX-6338,ORD-2338,CUSTOMER,CUST-0378,2446.64,INFLOW,ORDER_PAYMENT,2026-08-09 04:09:19
TX-6339,ORD-2339,CUSTOMER,CUST-0050,3786.85,INFLOW,ORDER_PAYMENT,2026-08-09 04:17:29
TX-6340,ORD-2340,CUSTOMER,CUST-0192,4294.61,INFLOW,ORDER_PAYMENT,2026-08-09 04:25:41
TX-6341,ORD-2341,CUSTOMER,CUST-0368,2250.16,INFLOW,ORDER_PAYMENT,2026-08-09 04:34:16
TX-6342,ORD-2342,CUSTOMER,CUST-0105,1418.34,INFLOW,ORDER_PAYMENT,2026-08-09 04:42:56
TX-6343,ORD-2343,CUSTOMER,CUST-0235,1348.16,INFLOW,ORDER_PAYMENT,2026-08-09 04:50:53
TX-6344,ORD-2344,CUSTOMER,CUST-0057,3209.36,INFLOW,ORDER_PAYMENT,2026-08-09 04:59:27
TX-6345,ORD-2345,CUSTOMER,CUST-0167,2065.51,INFLOW,ORDER_PAYMENT,2026-08-09 05:08:05
TX-6346,ORD-2346,CUSTOMER,CUST-0224,4390.3,INFLOW,ORDER_PAYMENT,2026-08-09 05:16:18
TX-6347,ORD-2347,CUSTOMER,CUST-0013,2644.13,INFLOW,ORDER_PAYMENT,2026-08-09 05:24:50
TX-6348,ORD-2348,CUSTOMER,CUST-0145,3412.17,INFLOW,ORDER_PAYMENT,2026-08-09 05:33:11
TX-6349,ORD-2349,CUSTOMER,CUST-0455,4101.12,INFLOW,ORDER_PAYMENT,2026-08-09 05:41:17
TX-6350,ORD-2350,CUSTOMER,CUST-0008,4898.74,INFLOW,ORDER_PAYMENT,2026-08-09 05:49:50
TX-6351,ORD-2351,CUSTOMER,CUST-0438,2439.3,INFLOW,ORDER_PAYMENT,2026-08-09 05:58:22
TX-6352,ORD-2352,CUSTOMER,CUST-0188,1768.39,INFLOW,ORDER_PAYMENT,2026-08-09 06:06:31
TX-6353,ORD-2353,CUSTOMER,CUST-0313,2589.06,INFLOW,ORDER_PAYMENT,2026-08-09 06:15:21
TX-6354,ORD-2354,CUSTOMER,CUST-0213,3246.81,INFLOW,ORDER_PAYMENT,2026-08-09 06:23:35
TX-6355,ORD-2355,CUSTOMER,CUST-0107,3655.67,INFLOW,ORDER_PAYMENT,2026-08-09 06:31:59
TX-6356,ORD-2356,CUSTOMER,CUST-0399,3297.77,INFLOW,ORDER_PAYMENT,2026-08-09 06:40:08
TX-6357,ORD-2357,CUSTOMER,CUST-0399,2439.3,INFLOW,ORDER_PAYMENT,2026-08-09 06:48:44
TX-6358,ORD-2358,CUSTOMER,CUST-0263,3196.07,INFLOW,ORDER_PAYMENT,2026-08-09 06:56:52
TX-6359,ORD-2359,CUSTOMER,CUST-0090,3817.51,INFLOW,ORDER_PAYMENT,2026-08-09 07:05:27
TX-6360,ORD-2360,CUSTOMER,CUST-0228,656.92,INFLOW,ORDER_PAYMENT,2026-08-09 07:13:54
TX-6361,ORD-2361,CUSTOMER,CUST-0446,3904.31,INFLOW,ORDER_PAYMENT,2026-08-09 07:22:31
TX-6362,ORD-2362,CUSTOMER,CUST-0205,1604.68,INFLOW,ORDER_PAYMENT,2026-08-09 07:30:47
TX-6363,ORD-2363,CUSTOMER,CUST-0384,2449.37,INFLOW,ORDER_PAYMENT,2026-08-09 07:39:01
TX-6364,ORD-2364,CUSTOMER,CUST-0025,6824.34,INFLOW,ORDER_PAYMENT,2026-08-09 07:47:38
TX-6365,ORD-2365,CUSTOMER,CUST-0052,3088.94,INFLOW,ORDER_PAYMENT,2026-08-09 07:56:03
TX-6366,ORD-2366,CUSTOMER,CUST-0157,3554.02,INFLOW,ORDER_PAYMENT,2026-08-09 08:04:02
TX-6367,ORD-2367,CUSTOMER,CUST-0183,1004.29,INFLOW,ORDER_PAYMENT,2026-08-09 08:12:43
TX-6368,ORD-2368,CUSTOMER,CUST-0108,1299.1,INFLOW,ORDER_PAYMENT,2026-08-09 08:21:20
TX-6369,ORD-2369,CUSTOMER,CUST-0138,291.34,INFLOW,ORDER_PAYMENT,2026-08-09 08:29:35
TX-6370,ORD-2370,CUSTOMER,CUST-0210,2757.05,INFLOW,ORDER_PAYMENT,2026-08-09 08:38:08
TX-6371,ORD-2371,CUSTOMER,CUST-0115,3554.02,INFLOW,ORDER_PAYMENT,2026-08-09 08:46:32
TX-6372,ORD-2372,CUSTOMER,CUST-0180,414.04,INFLOW,ORDER_PAYMENT,2026-08-09 08:54:26
TX-6373,ORD-2373,CUSTOMER,CUST-0124,2419.53,INFLOW,ORDER_PAYMENT,2026-08-09 09:03:06
TX-6374,ORD-2374,CUSTOMER,CUST-0368,1524.23,INFLOW,ORDER_PAYMENT,2026-08-09 09:11:25
TX-6375,ORD-2375,CUSTOMER,CUST-0243,1768.39,INFLOW,ORDER_PAYMENT,2026-08-09 09:19:58
TX-6376,ORD-2376,CUSTOMER,CUST-0040,670.05,INFLOW,ORDER_PAYMENT,2026-08-09 09:28:15
TX-6377,ORD-2377,CUSTOMER,CUST-0038,4898.74,INFLOW,ORDER_PAYMENT,2026-08-09 09:36:25
TX-6378,ORD-2378,CUSTOMER,CUST-0142,4030.3,INFLOW,ORDER_PAYMENT,2026-08-09 09:45:00
TX-6379,ORD-2379,CUSTOMER,CUST-0045,3246.81,INFLOW,ORDER_PAYMENT,2026-08-09 09:53:36
TX-6380,ORD-2380,CUSTOMER,CUST-0206,2252.3,INFLOW,ORDER_PAYMENT,2026-08-09 10:01:49
TX-6381,ORD-2381,CUSTOMER,CUST-0209,3855.71,INFLOW,ORDER_PAYMENT,2026-08-09 10:10:24
TX-6382,ORD-2382,CUSTOMER,CUST-0326,3570.49,INFLOW,ORDER_PAYMENT,2026-08-09 10:18:52
TX-6383,ORD-2383,CUSTOMER,CUST-0192,656.92,INFLOW,ORDER_PAYMENT,2026-08-09 10:27:12
TX-6384,ORD-2384,CUSTOMER,CUST-0314,1340.1,INFLOW,ORDER_PAYMENT,2026-08-09 10:35:14
TX-6385,ORD-2385,CUSTOMER,CUST-0362,1076.17,INFLOW,ORDER_PAYMENT,2026-08-09 10:43:51
TX-6386,ORD-2386,CUSTOMER,CUST-0004,3305.06,INFLOW,ORDER_PAYMENT,2026-08-09 10:52:28
TX-6387,ORD-2387,CUSTOMER,CUST-0067,1904.59,INFLOW,ORDER_PAYMENT,2026-08-09 11:00:35
TX-6388,ORD-2388,CUSTOMER,CUST-0201,1605.72,INFLOW,ORDER_PAYMENT,2026-08-09 11:09:07
TX-6389,ORD-2389,CUSTOMER,CUST-0044,535.08,INFLOW,ORDER_PAYMENT,2026-08-09 11:17:13
TX-6390,ORD-2390,CUSTOMER,CUST-0098,3590.3,INFLOW,ORDER_PAYMENT,2026-08-09 11:25:40
TX-6391,ORD-2391,CUSTOMER,CUST-0267,6126.32,INFLOW,ORDER_PAYMENT,2026-08-09 11:34:21
TX-6392,ORD-2392,CUSTOMER,CUST-0307,7711.42,INFLOW,ORDER_PAYMENT,2026-08-09 11:42:45
TX-6393,ORD-2393,CUSTOMER,CUST-0130,3464.6,INFLOW,ORDER_PAYMENT,2026-08-09 11:51:04
TX-6394,ORD-2394,CUSTOMER,CUST-0433,1299.1,INFLOW,ORDER_PAYMENT,2026-08-09 11:59:18
TX-6395,ORD-2395,CUSTOMER,CUST-0470,3052.92,INFLOW,ORDER_PAYMENT,2026-08-09 12:07:47
TX-6396,ORD-2396,CUSTOMER,CUST-0479,7054.32,INFLOW,ORDER_PAYMENT,2026-08-09 12:16:20
TX-6397,ORD-2397,CUSTOMER,CUST-0300,2560.05,INFLOW,ORDER_PAYMENT,2026-08-09 12:24:27
TX-6398,ORD-2398,CUSTOMER,CUST-0052,535.08,INFLOW,ORDER_PAYMENT,2026-08-09 12:33:02
TX-6399,ORD-2399,CUSTOMER,CUST-0325,1004.29,INFLOW,ORDER_PAYMENT,2026-08-09 12:41:27
TX-6400,ORD-2400,CUSTOMER,CUST-0445,4448.99,INFLOW,ORDER_PAYMENT,2026-08-09 12:49:56
TX-6401,ORD-2401,CUSTOMER,CUST-0103,828.08,INFLOW,ORDER_PAYMENT,2026-08-09 12:58:28
TX-6402,ORD-2402,CUSTOMER,CUST-0054,6610.12,INFLOW,ORDER_PAYMENT,2026-08-09 13:06:39
TX-6403,ORD-2403,CUSTOMER,CUST-0498,4272.95,INFLOW,ORDER_PAYMENT,2026-08-09 13:14:52
TX-6404,ORD-2404,CUSTOMER,CUST-0178,3569.25,INFLOW,ORDER_PAYMENT,2026-08-09 13:23:22
TX-6405,ORD-2405,CUSTOMER,CUST-0419,3569.25,INFLOW,ORDER_PAYMENT,2026-08-09 13:31:58
TX-6406,ORD-2406,CUSTOMER,CUST-0488,818.39,INFLOW,ORDER_PAYMENT,2026-08-09 13:40:02
TX-6407,ORD-2407,CUSTOMER,CUST-0181,3684.61,INFLOW,ORDER_PAYMENT,2026-08-09 13:48:31
TX-6408,ORD-2408,CUSTOMER,CUST-0167,4390.3,INFLOW,ORDER_PAYMENT,2026-08-09 13:56:59
TX-6409,ORD-2409,CUSTOMER,CUST-0333,2439.3,INFLOW,ORDER_PAYMENT,2026-08-09 14:05:15
TX-6410,ORD-2410,CUSTOMER,CUST-0052,6824.34,INFLOW,ORDER_PAYMENT,2026-08-09 14:14:04
TX-6411,ORD-2411,CUSTOMER,CUST-0395,3412.17,INFLOW,ORDER_PAYMENT,2026-08-09 14:22:13
TX-6412,ORD-2412,CUSTOMER,CUST-0342,1125.08,INFLOW,ORDER_PAYMENT,2026-08-09 14:30:29
TX-6413,ORD-2413,CUSTOMER,CUST-0134,306.7,INFLOW,ORDER_PAYMENT,2026-08-09 14:39:15
TX-6414,ORD-2414,CUSTOMER,CUST-0371,1604.68,INFLOW,ORDER_PAYMENT,2026-08-09 14:47:21
TX-6415,ORD-2415,CUSTOMER,CUST-0351,358.12,INFLOW,ORDER_PAYMENT,2026-08-09 14:55:40
TX-6416,ORD-2416,CUSTOMER,CUST-0082,4030.3,INFLOW,ORDER_PAYMENT,2026-08-09 15:04:11
TX-6417,ORD-2417,CUSTOMER,CUST-0138,889.09,INFLOW,ORDER_PAYMENT,2026-08-09 15:12:27
TX-6418,ORD-2418,CUSTOMER,CUST-0270,3904.31,INFLOW,ORDER_PAYMENT,2026-08-09 15:20:50
TX-6419,ORD-2419,CUSTOMER,CUST-0391,1229.97,INFLOW,ORDER_PAYMENT,2026-08-09 15:29:10
TX-6420,ORD-2420,CUSTOMER,CUST-0206,3527.16,INFLOW,ORDER_PAYMENT,2026-08-09 15:37:58
TX-6421,ORD-2421,CUSTOMER,CUST-0441,8589.22,INFLOW,ORDER_PAYMENT,2026-08-09 15:46:12
TX-6422,ORD-2422,CUSTOMER,CUST-0375,4337.59,INFLOW,ORDER_PAYMENT,2026-08-09 15:54:43
TX-6423,ORD-2423,CUSTOMER,CUST-0297,2439.3,INFLOW,ORDER_PAYMENT,2026-08-09 16:03:00
TX-6424,ORD-2424,CUSTOMER,CUST-0098,1418.34,INFLOW,ORDER_PAYMENT,2026-08-09 16:11:13
TX-6425,ORD-2425,CUSTOMER,CUST-0227,2252.3,INFLOW,ORDER_PAYMENT,2026-08-09 16:19:56
TX-6426,ORD-2426,CUSTOMER,CUST-0167,3569.25,INFLOW,ORDER_PAYMENT,2026-08-09 16:28:10
TX-6427,ORD-2427,CUSTOMER,CUST-0187,8108.6,INFLOW,ORDER_PAYMENT,2026-08-09 16:36:41
TX-6428,ORD-2428,CUSTOMER,CUST-0391,3527.16,INFLOW,ORDER_PAYMENT,2026-08-09 16:44:58
TX-6429,ORD-2429,CUSTOMER,CUST-0200,258.84,INFLOW,ORDER_PAYMENT,2026-08-09 16:53:17
TX-6430,ORD-2430,CUSTOMER,CUST-0461,2644.13,INFLOW,ORDER_PAYMENT,2026-08-09 17:01:49
TX-6431,ORD-2431,CUSTOMER,CUST-0369,2757.05,INFLOW,ORDER_PAYMENT,2026-08-09 17:10:25
TX-6432,ORD-2432,CUSTOMER,CUST-0182,3464.6,INFLOW,ORDER_PAYMENT,2026-08-09 17:18:25
TX-6433,ORD-2433,CUSTOMER,CUST-0342,4337.59,INFLOW,ORDER_PAYMENT,2026-08-09 17:27:07
TX-6434,ORD-2434,CUSTOMER,CUST-0267,2644.13,INFLOW,ORDER_PAYMENT,2026-08-09 17:35:18
TX-6435,ORD-2435,CUSTOMER,CUST-0500,7128.4,INFLOW,ORDER_PAYMENT,2026-08-09 17:43:55
TX-6436,ORD-2436,CUSTOMER,CUST-0226,3722.35,INFLOW,ORDER_PAYMENT,2026-08-09 17:51:57
TX-6437,ORD-2437,CUSTOMER,CUST-0347,3684.61,INFLOW,ORDER_PAYMENT,2026-08-09 18:00:40
TX-6438,ORD-2438,CUSTOMER,CUST-0288,3412.17,INFLOW,ORDER_PAYMENT,2026-08-09 18:09:15
TX-6439,ORD-2439,CUSTOMER,CUST-0093,4448.99,INFLOW,ORDER_PAYMENT,2026-08-09 18:17:36
TX-6440,ORD-2440,CUSTOMER,CUST-0263,1076.17,INFLOW,ORDER_PAYMENT,2026-08-09 18:25:59
TX-6441,ORD-2441,CUSTOMER,CUST-0124,674.08,INFLOW,ORDER_PAYMENT,2026-08-09 18:34:14
TX-6442,ORD-2442,CUSTOMER,CUST-0483,1524.23,INFLOW,ORDER_PAYMENT,2026-08-09 18:42:36
TX-6443,ORD-2443,CUSTOMER,CUST-0276,4336.35,INFLOW,ORDER_PAYMENT,2026-08-09 18:51:02
TX-6444,ORD-2444,CUSTOMER,CUST-0167,1434.09,INFLOW,ORDER_PAYMENT,2026-08-09 18:59:22
TX-6445,ORD-2445,CUSTOMER,CUST-0133,670.05,INFLOW,ORDER_PAYMENT,2026-08-09 19:07:45
TX-6446,ORD-2446,CUSTOMER,CUST-0288,3527.16,INFLOW,ORDER_PAYMENT,2026-08-09 19:16:24
TX-6447,ORD-2447,CUSTOMER,CUST-0050,431.18,INFLOW,ORDER_PAYMENT,2026-08-09 19:24:29
TX-6448,ORD-2448,CUSTOMER,CUST-0046,883.38,INFLOW,ORDER_PAYMENT,2026-08-09 19:32:49
TX-6449,ORD-2449,CUSTOMER,CUST-0011,1434.09,INFLOW,ORDER_PAYMENT,2026-08-09 19:41:17
TX-6450,ORD-2450,CUSTOMER,CUST-0353,3786.85,INFLOW,ORDER_PAYMENT,2026-08-09 19:49:45
TX-6451,ORD-2451,CUSTOMER,CUST-0347,3564.2,INFLOW,ORDER_PAYMENT,2026-08-09 19:58:07
TX-6452,ORD-2452,CUSTOMER,CUST-0416,2560.05,INFLOW,ORDER_PAYMENT,2026-08-09 20:06:44
TX-6453,ORD-2453,CUSTOMER,CUST-0129,6629.06,INFLOW,ORDER_PAYMENT,2026-08-09 20:15:01
TX-6454,ORD-2454,CUSTOMER,CUST-0128,2757.05,INFLOW,ORDER_PAYMENT,2026-08-09 20:23:26
TX-6455,ORD-2455,CUSTOMER,CUST-0381,1544.47,INFLOW,ORDER_PAYMENT,2026-08-09 20:31:31
TX-6456,ORD-2456,CUSTOMER,CUST-0278,4272.95,INFLOW,ORDER_PAYMENT,2026-08-09 20:40:02
TX-6457,ORD-2457,CUSTOMER,CUST-0172,5120.1,INFLOW,ORDER_PAYMENT,2026-08-09 20:48:46
TX-6458,ORD-2458,CUSTOMER,CUST-0338,4226.7,INFLOW,ORDER_PAYMENT,2026-08-09 20:57:06
TX-6459,ORD-2459,CUSTOMER,CUST-0082,851.72,INFLOW,ORDER_PAYMENT,2026-08-09 21:05:30
TX-6460,ORD-2460,CUSTOMER,CUST-0425,4839.06,INFLOW,ORDER_PAYMENT,2026-08-09 21:13:39
TX-6461,ORD-2461,CUSTOMER,CUST-0276,4074.31,INFLOW,ORDER_PAYMENT,2026-08-09 21:21:59
TX-6462,ORD-2462,CUSTOMER,CUST-0258,2483.23,INFLOW,ORDER_PAYMENT,2026-08-09 21:30:41
TX-6463,ORD-2463,CUSTOMER,CUST-0272,1100.0,INFLOW,ORDER_PAYMENT,2026-08-09 21:39:13
TX-6464,ORD-2464,CUSTOMER,CUST-0227,3527.16,INFLOW,ORDER_PAYMENT,2026-08-09 21:47:29
TX-6465,ORD-2465,CUSTOMER,CUST-0247,613.4,INFLOW,ORDER_PAYMENT,2026-08-09 21:55:46
TX-6466,ORD-2466,CUSTOMER,CUST-0396,1418.34,INFLOW,ORDER_PAYMENT,2026-08-09 22:04:25
TX-6467,ORD-2467,CUSTOMER,CUST-0158,3196.07,INFLOW,ORDER_PAYMENT,2026-08-09 22:12:45
TX-6468,ORD-2468,CUSTOMER,CUST-0261,3904.31,INFLOW,ORDER_PAYMENT,2026-08-09 22:20:45
TX-6469,ORD-2469,CUSTOMER,CUST-0078,4030.3,INFLOW,ORDER_PAYMENT,2026-08-09 22:29:12
TX-6470,ORD-2470,CUSTOMER,CUST-0196,2200.0,INFLOW,ORDER_PAYMENT,2026-08-09 22:38:00
TX-6471,ORD-2471,CUSTOMER,CUST-0074,6392.14,INFLOW,ORDER_PAYMENT,2026-08-09 22:46:14
TX-6472,ORD-2472,CUSTOMER,CUST-0342,3786.85,INFLOW,ORDER_PAYMENT,2026-08-09 22:54:29
TX-6473,ORD-2473,CUSTOMER,CUST-0100,7138.5,INFLOW,ORDER_PAYMENT,2026-08-09 23:03:03
TX-6474,ORD-2474,CUSTOMER,CUST-0356,889.09,INFLOW,ORDER_PAYMENT,2026-08-09 23:11:26
TX-6475,ORD-2475,CUSTOMER,CUST-0296,3637.58,INFLOW,ORDER_PAYMENT,2026-08-09 23:19:54
TX-6476,ORD-2476,CUSTOMER,CUST-0142,4294.61,INFLOW,ORDER_PAYMENT,2026-08-09 23:28:02
TX-6477,ORD-2477,CUSTOMER,CUST-0214,3786.85,INFLOW,ORDER_PAYMENT,2026-08-09 23:36:18
TX-6478,ORD-2478,CUSTOMER,CUST-0352,3737.74,INFLOW,ORDER_PAYMENT,2026-08-09 23:44:55
TX-6479,ORD-2479,CUSTOMER,CUST-0444,3904.05,INFLOW,ORDER_PAYMENT,2026-08-09 23:53:22
TX-6480,ORD-2480,CUSTOMER,CUST-0369,4336.35,INFLOW,ORDER_PAYMENT,2026-08-10 00:01:55
TX-6481,ORD-2481,CUSTOMER,CUST-0395,8672.7,INFLOW,ORDER_PAYMENT,2026-08-10 00:10:12
TX-6482,ORD-2482,CUSTOMER,CUST-0483,4336.35,INFLOW,ORDER_PAYMENT,2026-08-10 00:18:43
TX-6483,ORD-2483,CUSTOMER,CUST-0415,6126.32,INFLOW,ORDER_PAYMENT,2026-08-10 00:26:58
TX-6484,ORD-2484,CUSTOMER,CUST-0484,3904.05,INFLOW,ORDER_PAYMENT,2026-08-10 00:35:24
TX-6485,ORD-2485,CUSTOMER,CUST-0216,3621.3,INFLOW,ORDER_PAYMENT,2026-08-10 00:43:33
TX-6486,ORD-2486,CUSTOMER,CUST-0336,3564.2,INFLOW,ORDER_PAYMENT,2026-08-10 00:51:58
TX-6487,ORD-2487,CUSTOMER,CUST-0328,8202.24,INFLOW,ORDER_PAYMENT,2026-08-10 01:00:32
TX-6488,ORD-2488,CUSTOMER,CUST-0482,4390.3,INFLOW,ORDER_PAYMENT,2026-08-10 01:08:56
TX-6489,ORD-2489,CUSTOMER,CUST-0206,4458.58,INFLOW,ORDER_PAYMENT,2026-08-10 01:17:15
TX-6490,ORD-2490,CUSTOMER,CUST-0187,3246.81,INFLOW,ORDER_PAYMENT,2026-08-10 01:25:39
TX-6491,ORD-2491,CUSTOMER,CUST-0298,1004.29,INFLOW,ORDER_PAYMENT,2026-08-10 01:34:15
TX-6492,ORD-2492,CUSTOMER,CUST-0348,3570.49,INFLOW,ORDER_PAYMENT,2026-08-10 01:42:25
TX-6493,ORD-2493,CUSTOMER,CUST-0059,1229.97,INFLOW,ORDER_PAYMENT,2026-08-10 01:50:50
TX-6494,ORD-2494,CUSTOMER,CUST-0319,3297.77,INFLOW,ORDER_PAYMENT,2026-08-10 01:59:22
TX-6495,ORD-2495,CUSTOMER,CUST-0104,1100.0,INFLOW,ORDER_PAYMENT,2026-08-10 02:07:41
TX-6496,ORD-2496,CUSTOMER,CUST-0168,1992.9,INFLOW,ORDER_PAYMENT,2026-08-10 02:16:06
TX-6497,ORD-2497,CUSTOMER,CUST-0410,883.38,INFLOW,ORDER_PAYMENT,2026-08-10 02:24:34
TX-6498,ORD-2498,CUSTOMER,CUST-0481,1100.0,INFLOW,ORDER_PAYMENT,2026-08-10 02:32:49
TX-6499,ORD-2499,CUSTOMER,CUST-0338,3904.31,INFLOW,ORDER_PAYMENT,2026-08-10 02:41:24
TX-6500,ORD-2500,CUSTOMER,CUST-0058,2439.3,INFLOW,ORDER_PAYMENT,2026-08-10 02:49:49
TX-6501,ORD-2501,CUSTOMER,CUST-0113,4336.35,INFLOW,ORDER_PAYMENT,2026-08-10 02:57:55
TX-6502,ORD-2502,CUSTOMER,CUST-0289,670.05,INFLOW,ORDER_PAYMENT,2026-08-10 03:06:25
TX-6503,ORD-2503,CUSTOMER,CUST-0038,3817.51,INFLOW,ORDER_PAYMENT,2026-08-10 03:14:53
TX-6504,ORD-2504,CUSTOMER,CUST-0245,8148.62,INFLOW,ORDER_PAYMENT,2026-08-10 03:23:23
TX-6505,ORD-2505,CUSTOMER,CUST-0019,4272.95,INFLOW,ORDER_PAYMENT,2026-08-10 03:31:49
TX-6506,ORD-2506,CUSTOMER,CUST-0003,3655.67,INFLOW,ORDER_PAYMENT,2026-08-10 03:39:53
TX-6507,ORD-2507,CUSTOMER,CUST-0110,2449.37,INFLOW,ORDER_PAYMENT,2026-08-10 03:48:19
TX-6508,ORD-2508,CUSTOMER,CUST-0330,3211.6,INFLOW,ORDER_PAYMENT,2026-08-10 03:56:48
TX-6509,ORD-2509,CUSTOMER,CUST-0337,517.68,INFLOW,ORDER_PAYMENT,2026-08-10 04:05:12
TX-6510,ORD-2510,CUSTOMER,CUST-0334,2589.06,INFLOW,ORDER_PAYMENT,2026-08-10 04:13:27
TX-6511,ORD-2511,CUSTOMER,CUST-0413,1924.84,INFLOW,ORDER_PAYMENT,2026-08-10 04:22:11
TX-6512,ORD-2512,CUSTOMER,CUST-0033,3564.2,INFLOW,ORDER_PAYMENT,2026-08-10 04:30:23
TX-6513,ORD-2513,CUSTOMER,CUST-0418,414.04,INFLOW,ORDER_PAYMENT,2026-08-10 04:38:53
TX-6514,ORD-2514,CUSTOMER,CUST-0090,656.92,INFLOW,ORDER_PAYMENT,2026-08-10 04:47:31
TX-6515,ORD-2515,CUSTOMER,CUST-0435,3211.6,INFLOW,ORDER_PAYMENT,2026-08-10 04:55:36
TX-6516,ORD-2516,CUSTOMER,CUST-0310,306.7,INFLOW,ORDER_PAYMENT,2026-08-10 05:04:13
TX-6517,ORD-2517,CUSTOMER,CUST-0035,1125.08,INFLOW,ORDER_PAYMENT,2026-08-10 05:12:20
TX-6518,ORD-2518,CUSTOMER,CUST-0321,1434.09,INFLOW,ORDER_PAYMENT,2026-08-10 05:21:01
TX-6519,ORD-2519,CUSTOMER,CUST-0271,1100.0,INFLOW,ORDER_PAYMENT,2026-08-10 05:29:17
TX-6520,ORD-2520,CUSTOMER,CUST-0371,6126.32,INFLOW,ORDER_PAYMENT,2026-08-10 05:37:29
TX-6521,ORD-2521,CUSTOMER,CUST-0383,4294.61,INFLOW,ORDER_PAYMENT,2026-08-10 05:46:01
TX-6522,ORD-2522,CUSTOMER,CUST-0146,8060.6,INFLOW,ORDER_PAYMENT,2026-08-10 05:54:39
TX-6523,ORD-2523,CUSTOMER,CUST-0225,3052.92,INFLOW,ORDER_PAYMENT,2026-08-10 06:03:05
TX-6524,ORD-2524,CUSTOMER,CUST-0248,1229.97,INFLOW,ORDER_PAYMENT,2026-08-10 06:11:16
TX-6525,ORD-2525,CUSTOMER,CUST-0069,414.04,INFLOW,ORDER_PAYMENT,2026-08-10 06:19:56
TX-6526,ORD-2526,CUSTOMER,CUST-0421,3786.85,INFLOW,ORDER_PAYMENT,2026-08-10 06:28:18
TX-6527,ORD-2527,CUSTOMER,CUST-0330,2644.13,INFLOW,ORDER_PAYMENT,2026-08-10 06:36:16
TX-6528,ORD-2528,CUSTOMER,CUST-0411,4093.93,INFLOW,ORDER_PAYMENT,2026-08-10 06:45:06
TX-6529,ORD-2529,CUSTOMER,CUST-0151,4030.3,INFLOW,ORDER_PAYMENT,2026-08-10 06:53:21
TX-6530,ORD-2530,CUSTOMER,CUST-0195,3303.71,INFLOW,ORDER_PAYMENT,2026-08-10 07:01:37
TX-6531,ORD-2531,CUSTOMER,CUST-0488,4030.3,INFLOW,ORDER_PAYMENT,2026-08-10 07:10:15
TX-6532,ORD-2532,CUSTOMER,CUST-0300,3554.02,INFLOW,ORDER_PAYMENT,2026-08-10 07:18:36
TX-6533,ORD-2533,CUSTOMER,CUST-0408,3196.07,INFLOW,ORDER_PAYMENT,2026-08-10 07:27:02
TX-6534,ORD-2534,CUSTOMER,CUST-0198,1100.0,INFLOW,ORDER_PAYMENT,2026-08-10 07:35:29
TX-6535,ORD-2535,CUSTOMER,CUST-0015,4030.3,INFLOW,ORDER_PAYMENT,2026-08-10 07:43:50
TX-6536,ORD-2536,CUSTOMER,CUST-0361,4054.3,INFLOW,ORDER_PAYMENT,2026-08-10 07:51:57
TX-6537,ORD-2537,CUSTOMER,CUST-0081,4272.95,INFLOW,ORDER_PAYMENT,2026-08-10 08:00:21
TX-6538,ORD-2538,CUSTOMER,CUST-0459,557.56,INFLOW,ORDER_PAYMENT,2026-08-10 08:08:47
TX-6539,ORD-2539,CUSTOMER,CUST-0360,1992.9,INFLOW,ORDER_PAYMENT,2026-08-10 08:17:11
TX-6540,ORD-2540,CUSTOMER,CUST-0107,1862.43,INFLOW,ORDER_PAYMENT,2026-08-10 08:25:26
TX-6541,ORD-2541,CUSTOMER,CUST-0137,3211.6,INFLOW,ORDER_PAYMENT,2026-08-10 08:33:55
TX-6542,ORD-2542,CUSTOMER,CUST-0469,1992.9,INFLOW,ORDER_PAYMENT,2026-08-10 08:42:40
TX-6543,ORD-2543,CUSTOMER,CUST-0045,3897.52,INFLOW,ORDER_PAYMENT,2026-08-10 08:50:54
TX-6544,ORD-2544,CUSTOMER,CUST-0180,4448.99,INFLOW,ORDER_PAYMENT,2026-08-10 08:59:11
TX-6545,ORD-2545,CUSTOMER,CUST-0125,3570.49,INFLOW,ORDER_PAYMENT,2026-08-10 09:07:42
TX-6546,ORD-2546,CUSTOMER,CUST-0043,4504.6,INFLOW,ORDER_PAYMENT,2026-08-10 09:16:02
TX-6547,ORD-2547,CUSTOMER,CUST-0397,1004.29,INFLOW,ORDER_PAYMENT,2026-08-10 09:24:36
TX-6548,ORD-2548,CUSTOMER,CUST-0294,1524.23,INFLOW,ORDER_PAYMENT,2026-08-10 09:32:50
TX-6549,ORD-2549,CUSTOMER,CUST-0060,7444.7,INFLOW,ORDER_PAYMENT,2026-08-10 09:41:01
TX-6550,ORD-2550,CUSTOMER,CUST-0283,2439.3,INFLOW,ORDER_PAYMENT,2026-08-10 09:49:51
TX-6551,ORD-2551,CUSTOMER,CUST-0183,4336.35,INFLOW,ORDER_PAYMENT,2026-08-10 09:57:53
TX-6552,ORD-2552,CUSTOMER,CUST-0417,263.42,INFLOW,ORDER_PAYMENT,2026-08-10 10:06:38
TX-6553,ORD-2553,CUSTOMER,CUST-0144,3655.67,INFLOW,ORDER_PAYMENT,2026-08-10 10:14:44
TX-6554,ORD-2554,CUSTOMER,CUST-0353,1299.1,INFLOW,ORDER_PAYMENT,2026-08-10 10:23:07
TX-6555,ORD-2555,CUSTOMER,CUST-0304,1732.3,INFLOW,ORDER_PAYMENT,2026-08-10 10:31:35
TX-6556,ORD-2556,CUSTOMER,CUST-0014,291.34,INFLOW,ORDER_PAYMENT,2026-08-10 10:39:52
TX-6557,ORD-2557,CUSTOMER,CUST-0017,1524.23,INFLOW,ORDER_PAYMENT,2026-08-10 10:48:14
TX-6558,ORD-2558,CUSTOMER,CUST-0121,1732.3,INFLOW,ORDER_PAYMENT,2026-08-10 10:57:03
TX-6559,ORD-2559,CUSTOMER,CUST-0033,670.05,INFLOW,ORDER_PAYMENT,2026-08-10 11:05:11
TX-6560,ORD-2560,CUSTOMER,CUST-0173,3297.77,INFLOW,ORDER_PAYMENT,2026-08-10 11:13:47
TX-6561,ORD-2561,CUSTOMER,CUST-0236,1100.0,INFLOW,ORDER_PAYMENT,2026-08-10 11:22:11
TX-6562,ORD-2562,CUSTOMER,CUST-0145,3897.52,INFLOW,ORDER_PAYMENT,2026-08-10 11:30:27
TX-6563,ORD-2563,CUSTOMER,CUST-0069,1904.59,INFLOW,ORDER_PAYMENT,2026-08-10 11:39:01
TX-6564,ORD-2564,CUSTOMER,CUST-0313,3211.6,INFLOW,ORDER_PAYMENT,2026-08-10 11:47:07
TX-6565,ORD-2565,CUSTOMER,CUST-0195,2788.05,INFLOW,ORDER_PAYMENT,2026-08-10 11:55:45
TX-6566,ORD-2566,CUSTOMER,CUST-0060,2446.64,INFLOW,ORDER_PAYMENT,2026-08-10 12:03:53
TX-6567,ORD-2567,CUSTOMER,CUST-0139,1904.59,INFLOW,ORDER_PAYMENT,2026-08-10 12:12:41
TX-6568,ORD-2568,CUSTOMER,CUST-0023,1605.72,INFLOW,ORDER_PAYMENT,2026-08-10 12:20:35
TX-6569,ORD-2569,CUSTOMER,CUST-0482,8108.6,INFLOW,ORDER_PAYMENT,2026-08-10 12:29:15
TX-6570,ORD-2570,CUSTOMER,CUST-0346,8187.86,INFLOW,ORDER_PAYMENT,2026-08-10 12:37:23
TX-6571,ORD-2571,CUSTOMER,CUST-0452,3896.62,INFLOW,ORDER_PAYMENT,2026-08-10 12:46:07
TX-6572,ORD-2572,CUSTOMER,CUST-0401,4898.74,INFLOW,ORDER_PAYMENT,2026-08-10 12:54:39
TX-6573,ORD-2573,CUSTOMER,CUST-0218,1653.98,INFLOW,ORDER_PAYMENT,2026-08-10 13:02:50
TX-6574,ORD-2574,CUSTOMER,CUST-0386,6126.32,INFLOW,ORDER_PAYMENT,2026-08-10 13:10:58
TX-6575,ORD-2575,CUSTOMER,CUST-0052,3482.21,INFLOW,ORDER_PAYMENT,2026-08-10 13:19:26
TX-6576,ORD-2576,CUSTOMER,CUST-0104,3569.25,INFLOW,ORDER_PAYMENT,2026-08-10 13:27:54
TX-6577,ORD-2577,CUSTOMER,CUST-0233,3737.74,INFLOW,ORDER_PAYMENT,2026-08-10 13:36:26
TX-6578,ORD-2578,CUSTOMER,CUST-0005,3684.61,INFLOW,ORDER_PAYMENT,2026-08-10 13:44:46
TX-6579,ORD-2579,CUSTOMER,CUST-0320,431.18,INFLOW,ORDER_PAYMENT,2026-08-10 13:52:58
TX-6580,ORD-2580,CUSTOMER,CUST-0134,656.92,INFLOW,ORDER_PAYMENT,2026-08-10 14:01:33
TX-6581,ORD-2581,CUSTOMER,CUST-0388,883.38,INFLOW,ORDER_PAYMENT,2026-08-10 14:09:52
TX-6582,ORD-2582,CUSTOMER,CUST-0264,1100.0,INFLOW,ORDER_PAYMENT,2026-08-10 14:18:19
TX-6583,ORD-2583,CUSTOMER,CUST-0350,1076.17,INFLOW,ORDER_PAYMENT,2026-08-10 14:26:41
TX-6584,ORD-2584,CUSTOMER,CUST-0147,3684.61,INFLOW,ORDER_PAYMENT,2026-08-10 14:35:25
TX-6585,ORD-2585,CUSTOMER,CUST-0290,2252.3,INFLOW,ORDER_PAYMENT,2026-08-10 14:43:47
TX-6586,ORD-2586,CUSTOMER,CUST-0026,4898.74,INFLOW,ORDER_PAYMENT,2026-08-10 14:52:05
TX-6587,ORD-2587,CUSTOMER,CUST-0465,3310.04,INFLOW,ORDER_PAYMENT,2026-08-10 15:00:34
TX-6588,ORD-2588,CUSTOMER,CUST-0226,3570.49,INFLOW,ORDER_PAYMENT,2026-08-10 15:08:52
TX-6589,ORD-2589,CUSTOMER,CUST-0414,1100.0,INFLOW,ORDER_PAYMENT,2026-08-10 15:17:27
TX-6590,ORD-2590,CUSTOMER,CUST-0248,3637.58,INFLOW,ORDER_PAYMENT,2026-08-10 15:25:48
TX-6591,ORD-2591,CUSTOMER,CUST-0213,4337.59,INFLOW,ORDER_PAYMENT,2026-08-10 15:34:11
TX-6592,ORD-2592,CUSTOMER,CUST-0063,1703.44,INFLOW,ORDER_PAYMENT,2026-08-10 15:42:16
TX-6593,ORD-2593,CUSTOMER,CUST-0193,4390.3,INFLOW,ORDER_PAYMENT,2026-08-10 15:51:02
TX-6594,ORD-2594,CUSTOMER,CUST-0266,1299.1,INFLOW,ORDER_PAYMENT,2026-08-10 15:59:25
TX-6595,ORD-2595,CUSTOMER,CUST-0161,1948.31,INFLOW,ORDER_PAYMENT,2026-08-10 16:07:26
TX-6596,ORD-2596,CUSTOMER,CUST-0100,535.08,INFLOW,ORDER_PAYMENT,2026-08-10 16:15:46
TX-6597,ORD-2597,CUSTOMER,CUST-0299,1948.31,INFLOW,ORDER_PAYMENT,2026-08-10 16:24:35
TX-6598,ORD-2598,CUSTOMER,CUST-0249,1076.17,INFLOW,ORDER_PAYMENT,2026-08-10 16:32:40
TX-6599,ORD-2599,CUSTOMER,CUST-0335,1524.23,INFLOW,ORDER_PAYMENT,2026-08-10 16:41:16
TX-6600,ORD-2600,CUSTOMER,CUST-0044,4030.3,INFLOW,ORDER_PAYMENT,2026-08-10 16:49:49
TX-6601,ORD-2601,CUSTOMER,CUST-0020,1299.1,INFLOW,ORDER_PAYMENT,2026-08-10 16:58:04
TX-6602,ORD-2602,CUSTOMER,CUST-0429,1076.17,INFLOW,ORDER_PAYMENT,2026-08-10 17:06:09
TX-6603,ORD-2603,CUSTOMER,CUST-0105,3621.3,INFLOW,ORDER_PAYMENT,2026-08-10 17:15:00
TX-6604,ORD-2604,CUSTOMER,CUST-0451,3305.06,INFLOW,ORDER_PAYMENT,2026-08-10 17:23:19
TX-6605,ORD-2605,CUSTOMER,CUST-0248,7369.22,INFLOW,ORDER_PAYMENT,2026-08-10 17:31:40
TX-6606,ORD-2606,CUSTOMER,CUST-0065,2065.51,INFLOW,ORDER_PAYMENT,2026-08-10 17:39:49
TX-6607,ORD-2607,CUSTOMER,CUST-0330,431.18,INFLOW,ORDER_PAYMENT,2026-08-10 17:48:35
TX-6608,ORD-2608,CUSTOMER,CUST-0315,2449.37,INFLOW,ORDER_PAYMENT,2026-08-10 17:57:01
TX-6609,ORD-2609,CUSTOMER,CUST-0394,3570.49,INFLOW,ORDER_PAYMENT,2026-08-10 18:04:59
TX-6610,ORD-2610,CUSTOMER,CUST-0499,1100.0,INFLOW,ORDER_PAYMENT,2026-08-10 18:13:49
TX-6611,ORD-2611,CUSTOMER,CUST-0368,4101.12,INFLOW,ORDER_PAYMENT,2026-08-10 18:21:56
TX-6612,ORD-2612,CUSTOMER,CUST-0198,3786.85,INFLOW,ORDER_PAYMENT,2026-08-10 18:30:31
TX-6613,ORD-2613,CUSTOMER,CUST-0449,4076.43,INFLOW,ORDER_PAYMENT,2026-08-10 18:38:49
TX-6614,ORD-2614,CUSTOMER,CUST-0018,3809.18,INFLOW,ORDER_PAYMENT,2026-08-10 18:46:56
TX-6615,ORD-2615,CUSTOMER,CUST-0464,2644.13,INFLOW,ORDER_PAYMENT,2026-08-10 18:55:45
TX-6616,ORD-2616,CUSTOMER,CUST-0343,1948.31,INFLOW,ORDER_PAYMENT,2026-08-10 19:03:54
TX-6617,ORD-2617,CUSTOMER,CUST-0221,2589.06,INFLOW,ORDER_PAYMENT,2026-08-10 19:12:29
TX-6618,ORD-2618,CUSTOMER,CUST-0128,4390.3,INFLOW,ORDER_PAYMENT,2026-08-10 19:20:36
TX-6619,ORD-2619,CUSTOMER,CUST-0313,3855.71,INFLOW,ORDER_PAYMENT,2026-08-10 19:29:25
TX-6620,ORD-2620,CUSTOMER,CUST-0026,4257.97,INFLOW,ORDER_PAYMENT,2026-08-10 19:37:23
TX-6621,ORD-2621,CUSTOMER,CUST-0177,2589.06,INFLOW,ORDER_PAYMENT,2026-08-10 19:45:46
TX-6622,ORD-2622,CUSTOMER,CUST-0391,1658.08,INFLOW,ORDER_PAYMENT,2026-08-10 19:54:12
TX-6623,ORD-2623,CUSTOMER,CUST-0131,7475.48,INFLOW,ORDER_PAYMENT,2026-08-10 20:02:50
TX-6624,ORD-2624,CUSTOMER,CUST-0452,826.99,INFLOW,ORDER_PAYMENT,2026-08-10 20:11:12
TX-6625,ORD-2625,CUSTOMER,CUST-0384,4448.99,INFLOW,ORDER_PAYMENT,2026-08-10 20:19:32
TX-6626,ORD-2626,CUSTOMER,CUST-0246,3310.04,INFLOW,ORDER_PAYMENT,2026-08-10 20:28:04
TX-6627,ORD-2627,CUSTOMER,CUST-0365,3554.02,INFLOW,ORDER_PAYMENT,2026-08-10 20:36:28
TX-6628,ORD-2628,CUSTOMER,CUST-0281,2200.0,INFLOW,ORDER_PAYMENT,2026-08-10 20:44:52
TX-6629,ORD-2629,CUSTOMER,CUST-0008,829.04,INFLOW,ORDER_PAYMENT,2026-08-10 20:53:05
TX-6630,ORD-2630,CUSTOMER,CUST-0458,1992.9,INFLOW,ORDER_PAYMENT,2026-08-10 21:01:48
TX-6631,ORD-2631,CUSTOMER,CUST-0225,1348.16,INFLOW,ORDER_PAYMENT,2026-08-10 21:09:54
TX-6632,ORD-2632,CUSTOMER,CUST-0118,1732.3,INFLOW,ORDER_PAYMENT,2026-08-10 21:18:13
TX-6633,ORD-2633,CUSTOMER,CUST-0223,2644.13,INFLOW,ORDER_PAYMENT,2026-08-10 21:26:45
TX-6634,ORD-2634,CUSTOMER,CUST-0450,7444.7,INFLOW,ORDER_PAYMENT,2026-08-10 21:35:11
TX-6635,ORD-2635,CUSTOMER,CUST-0416,8202.24,INFLOW,ORDER_PAYMENT,2026-08-10 21:43:25
TX-6636,ORD-2636,CUSTOMER,CUST-0041,3904.05,INFLOW,ORDER_PAYMENT,2026-08-10 21:52:03
TX-6637,ORD-2637,CUSTOMER,CUST-0036,3246.81,INFLOW,ORDER_PAYMENT,2026-08-10 22:00:23
TX-6638,ORD-2638,CUSTOMER,CUST-0469,3211.44,INFLOW,ORDER_PAYMENT,2026-08-10 22:08:34
TX-6639,ORD-2639,CUSTOMER,CUST-0048,3722.35,INFLOW,ORDER_PAYMENT,2026-08-10 22:16:57
TX-6640,ORD-2640,CUSTOMER,CUST-0425,535.08,INFLOW,ORDER_PAYMENT,2026-08-10 22:25:37
TX-6641,ORD-2641,CUSTOMER,CUST-0272,3196.07,INFLOW,ORDER_PAYMENT,2026-08-10 22:33:48
TX-6642,ORD-2642,CUSTOMER,CUST-0136,3303.71,INFLOW,ORDER_PAYMENT,2026-08-10 22:42:20
TX-6643,ORD-2643,CUSTOMER,CUST-0386,4226.7,INFLOW,ORDER_PAYMENT,2026-08-10 22:50:42
TX-6644,ORD-2644,CUSTOMER,CUST-0223,2200.0,INFLOW,ORDER_PAYMENT,2026-08-10 22:59:23
TX-6645,ORD-2645,CUSTOMER,CUST-0007,3211.44,INFLOW,ORDER_PAYMENT,2026-08-10 23:07:44
TX-6646,ORD-2646,CUSTOMER,CUST-0159,6824.34,INFLOW,ORDER_PAYMENT,2026-08-10 23:15:51
TX-6647,ORD-2647,CUSTOMER,CUST-0009,2589.06,INFLOW,ORDER_PAYMENT,2026-08-10 23:24:32
TX-6648,ORD-2648,CUSTOMER,CUST-0220,4074.31,INFLOW,ORDER_PAYMENT,2026-08-10 23:32:41
TX-6649,ORD-2649,CUSTOMER,CUST-0328,3786.85,INFLOW,ORDER_PAYMENT,2026-08-10 23:41:10
TX-6650,ORD-2650,CUSTOMER,CUST-0093,3412.17,INFLOW,ORDER_PAYMENT,2026-08-10 23:49:43
TX-6651,ORD-2651,CUSTOMER,CUST-0361,1524.23,INFLOW,ORDER_PAYMENT,2026-08-10 23:57:49
TX-6652,ORD-2652,CUSTOMER,CUST-0050,4101.12,INFLOW,ORDER_PAYMENT,2026-08-11 00:06:07
TX-6653,ORD-2653,CUSTOMER,CUST-0150,306.7,INFLOW,ORDER_PAYMENT,2026-08-11 00:14:48
TX-6654,ORD-2654,CUSTOMER,CUST-0484,3211.44,INFLOW,ORDER_PAYMENT,2026-08-11 00:23:09
TX-6655,ORD-2655,CUSTOMER,CUST-0420,4337.59,INFLOW,ORDER_PAYMENT,2026-08-11 00:31:20
TX-6656,ORD-2656,CUSTOMER,CUST-0486,3412.17,INFLOW,ORDER_PAYMENT,2026-08-11 00:39:50
TX-6657,ORD-2657,CUSTOMER,CUST-0231,582.68,INFLOW,ORDER_PAYMENT,2026-08-11 00:48:09
TX-6658,ORD-2658,CUSTOMER,CUST-0015,4272.95,INFLOW,ORDER_PAYMENT,2026-08-11 00:56:52
TX-6659,ORD-2659,CUSTOMER,CUST-0359,4074.31,INFLOW,ORDER_PAYMENT,2026-08-11 01:04:54
TX-6660,ORD-2660,CUSTOMER,CUST-0287,2757.05,INFLOW,ORDER_PAYMENT,2026-08-11 01:13:20
TX-6661,ORD-2661,CUSTOMER,CUST-0491,2446.64,INFLOW,ORDER_PAYMENT,2026-08-11 01:21:51
TX-6662,ORD-2662,CUSTOMER,CUST-0310,829.04,INFLOW,ORDER_PAYMENT,2026-08-11 01:30:15
TX-6663,ORD-2663,CUSTOMER,CUST-0036,582.68,INFLOW,ORDER_PAYMENT,2026-08-11 01:38:47
TX-6664,ORD-2664,CUSTOMER,CUST-0194,3536.78,INFLOW,ORDER_PAYMENT,2026-08-11 01:47:10
TX-6665,ORD-2665,CUSTOMER,CUST-0287,8152.86,INFLOW,ORDER_PAYMENT,2026-08-11 01:55:38
TX-6666,ORD-2666,CUSTOMER,CUST-0127,3621.3,INFLOW,ORDER_PAYMENT,2026-08-11 02:03:42
TX-6667,ORD-2667,CUSTOMER,CUST-0283,3590.3,INFLOW,ORDER_PAYMENT,2026-08-11 02:12:32
TX-6668,ORD-2668,CUSTOMER,CUST-0337,6964.42,INFLOW,ORDER_PAYMENT,2026-08-11 02:20:46
TX-6669,ORD-2669,CUSTOMER,CUST-0269,3786.85,INFLOW,ORDER_PAYMENT,2026-08-11 02:29:10
TX-6670,ORD-2670,CUSTOMER,CUST-0089,1524.23,INFLOW,ORDER_PAYMENT,2026-08-11 02:37:34
TX-6671,ORD-2671,CUSTOMER,CUST-0366,3637.58,INFLOW,ORDER_PAYMENT,2026-08-11 02:46:04
TX-6672,ORD-2672,CUSTOMER,CUST-0411,2449.37,INFLOW,ORDER_PAYMENT,2026-08-11 02:54:28
TX-6673,ORD-2673,CUSTOMER,CUST-0361,2419.53,INFLOW,ORDER_PAYMENT,2026-08-11 03:02:38
TX-6674,ORD-2674,CUSTOMER,CUST-0174,1004.29,INFLOW,ORDER_PAYMENT,2026-08-11 03:11:08
TX-6675,ORD-2675,CUSTOMER,CUST-0171,3621.3,INFLOW,ORDER_PAYMENT,2026-08-11 03:19:39
TX-6676,ORD-2676,CUSTOMER,CUST-0118,1434.09,INFLOW,ORDER_PAYMENT,2026-08-11 03:27:45
TX-6677,ORD-2677,CUSTOMER,CUST-0250,1703.44,INFLOW,ORDER_PAYMENT,2026-08-11 03:36:16
TX-6678,ORD-2678,CUSTOMER,CUST-0421,3897.52,INFLOW,ORDER_PAYMENT,2026-08-11 03:44:40
TX-6679,ORD-2679,CUSTOMER,CUST-0022,2452.83,INFLOW,ORDER_PAYMENT,2026-08-11 03:52:51
TX-6680,ORD-2680,CUSTOMER,CUST-0065,4054.3,INFLOW,ORDER_PAYMENT,2026-08-11 04:01:22
TX-6681,ORD-2681,CUSTOMER,CUST-0364,1100.0,INFLOW,ORDER_PAYMENT,2026-08-11 04:10:06
TX-6682,ORD-2682,CUSTOMER,CUST-0466,3024.83,INFLOW,ORDER_PAYMENT,2026-08-11 04:18:32
TX-6683,ORD-2683,CUSTOMER,CUST-0012,2250.16,INFLOW,ORDER_PAYMENT,2026-08-11 04:26:38
TX-6684,ORD-2684,CUSTOMER,CUST-0047,1100.0,INFLOW,ORDER_PAYMENT,2026-08-11 04:35:10
TX-6685,ORD-2685,CUSTOMER,CUST-0317,1862.43,INFLOW,ORDER_PAYMENT,2026-08-11 04:43:24
TX-6686,ORD-2686,CUSTOMER,CUST-0412,656.92,INFLOW,ORDER_PAYMENT,2026-08-11 04:51:44
TX-6687,ORD-2687,CUSTOMER,CUST-0099,3246.81,INFLOW,ORDER_PAYMENT,2026-08-11 05:00:20
TX-6688,ORD-2688,CUSTOMER,CUST-0231,2065.51,INFLOW,ORDER_PAYMENT,2026-08-11 05:08:54
TX-6689,ORD-2689,CUSTOMER,CUST-0071,3063.16,INFLOW,ORDER_PAYMENT,2026-08-11 05:17:07
TX-6690,ORD-2690,CUSTOMER,CUST-0027,2560.05,INFLOW,ORDER_PAYMENT,2026-08-11 05:25:37
TX-6691,ORD-2691,CUSTOMER,CUST-0320,3590.3,INFLOW,ORDER_PAYMENT,2026-08-11 05:33:52
TX-6692,ORD-2692,CUSTOMER,CUST-0060,3897.52,INFLOW,ORDER_PAYMENT,2026-08-11 05:42:26
TX-6693,ORD-2693,CUSTOMER,CUST-0263,2757.05,INFLOW,ORDER_PAYMENT,2026-08-11 05:50:37
TX-6694,ORD-2694,CUSTOMER,CUST-0197,4294.61,INFLOW,ORDER_PAYMENT,2026-08-11 05:59:10
TX-6695,ORD-2695,CUSTOMER,CUST-0017,1100.0,INFLOW,ORDER_PAYMENT,2026-08-11 06:07:43
TX-6696,ORD-2696,CUSTOMER,CUST-0444,6620.08,INFLOW,ORDER_PAYMENT,2026-08-11 06:15:51
TX-6697,ORD-2697,CUSTOMER,CUST-0135,2836.68,INFLOW,ORDER_PAYMENT,2026-08-11 06:24:19
TX-6698,ORD-2698,CUSTOMER,CUST-0143,1732.3,INFLOW,ORDER_PAYMENT,2026-08-11 06:32:46
TX-6699,ORD-2699,CUSTOMER,CUST-0160,1348.16,INFLOW,ORDER_PAYMENT,2026-08-11 06:40:56
TX-6700,ORD-2700,CUSTOMER,CUST-0119,1882.85,INFLOW,ORDER_PAYMENT,2026-08-11 06:49:26
TX-6701,ORD-2701,CUSTOMER,CUST-0448,258.84,INFLOW,ORDER_PAYMENT,2026-08-11 06:57:39
TX-6702,ORD-2702,CUSTOMER,CUST-0357,3569.25,INFLOW,ORDER_PAYMENT,2026-08-11 07:06:19
TX-6703,ORD-2703,CUSTOMER,CUST-0498,1100.0,INFLOW,ORDER_PAYMENT,2026-08-11 07:14:38
TX-6704,ORD-2704,CUSTOMER,CUST-0228,1992.9,INFLOW,ORDER_PAYMENT,2026-08-11 07:22:58
TX-6705,ORD-2705,CUSTOMER,CUST-0475,4294.61,INFLOW,ORDER_PAYMENT,2026-08-11 07:31:32
TX-6706,ORD-2706,CUSTOMER,CUST-0413,2589.06,INFLOW,ORDER_PAYMENT,2026-08-11 07:40:06
TX-6707,ORD-2707,CUSTOMER,CUST-0358,1434.09,INFLOW,ORDER_PAYMENT,2026-08-11 07:48:16
TX-6708,ORD-2708,CUSTOMER,CUST-0099,3482.21,INFLOW,ORDER_PAYMENT,2026-08-11 07:56:28
TX-6709,ORD-2709,CUSTOMER,CUST-0101,1100.0,INFLOW,ORDER_PAYMENT,2026-08-11 08:05:07
TX-6710,ORD-2710,CUSTOMER,CUST-0450,2452.83,INFLOW,ORDER_PAYMENT,2026-08-11 08:13:35
TX-6711,ORD-2711,CUSTOMER,CUST-0063,3570.49,INFLOW,ORDER_PAYMENT,2026-08-11 08:21:51
TX-6712,ORD-2712,CUSTOMER,CUST-0369,3722.35,INFLOW,ORDER_PAYMENT,2026-08-11 08:30:18
TX-6713,ORD-2713,CUSTOMER,CUST-0128,883.38,INFLOW,ORDER_PAYMENT,2026-08-11 08:38:42
TX-6714,ORD-2714,CUSTOMER,CUST-0400,3246.81,INFLOW,ORDER_PAYMENT,2026-08-11 08:46:51
TX-6715,ORD-2715,CUSTOMER,CUST-0133,1115.12,INFLOW,ORDER_PAYMENT,2026-08-11 08:55:32
TX-6716,ORD-2716,CUSTOMER,CUST-0203,4257.97,INFLOW,ORDER_PAYMENT,2026-08-11 09:03:55
TX-6717,ORD-2717,CUSTOMER,CUST-0042,557.56,INFLOW,ORDER_PAYMENT,2026-08-11 09:12:27
TX-6718,ORD-2718,CUSTOMER,CUST-0419,1524.23,INFLOW,ORDER_PAYMENT,2026-08-11 09:20:54
TX-6719,ORD-2719,CUSTOMER,CUST-0195,1100.0,INFLOW,ORDER_PAYMENT,2026-08-11 09:29:10
TX-6720,ORD-2720,CUSTOMER,CUST-0120,306.7,INFLOW,ORDER_PAYMENT,2026-08-11 09:37:41
TX-6721,ORD-2721,CUSTOMER,CUST-0453,7808.62,INFLOW,ORDER_PAYMENT,2026-08-11 09:46:00
TX-6722,ORD-2722,CUSTOMER,CUST-0359,1636.78,INFLOW,ORDER_PAYMENT,2026-08-11 09:54:24
TX-6723,ORD-2723,CUSTOMER,CUST-0177,829.04,INFLOW,ORDER_PAYMENT,2026-08-11 10:02:50
TX-6724,ORD-2724,CUSTOMER,CUST-0074,1904.59,INFLOW,ORDER_PAYMENT,2026-08-11 10:11:09
TX-6725,ORD-2725,CUSTOMER,CUST-0416,3904.05,INFLOW,ORDER_PAYMENT,2026-08-11 10:19:23
TX-6726,ORD-2726,CUSTOMER,CUST-0162,2483.23,INFLOW,ORDER_PAYMENT,2026-08-11 10:28:05
TX-6727,ORD-2727,CUSTOMER,CUST-0452,1125.08,INFLOW,ORDER_PAYMENT,2026-08-11 10:36:18
TX-6728,ORD-2728,CUSTOMER,CUST-0292,3314.53,INFLOW,ORDER_PAYMENT,2026-08-11 10:44:24
TX-6729,ORD-2729,CUSTOMER,CUST-0116,258.84,INFLOW,ORDER_PAYMENT,2026-08-11 10:52:52
TX-6730,ORD-2730,CUSTOMER,CUST-0048,2644.13,INFLOW,ORDER_PAYMENT,2026-08-11 11:01:20
TX-6731,ORD-2731,CUSTOMER,CUST-0143,4337.59,INFLOW,ORDER_PAYMENT,2026-08-11 11:10:01
TX-6732,ORD-2732,CUSTOMER,CUST-0417,4076.43,INFLOW,ORDER_PAYMENT,2026-08-11 11:18:23
TX-6733,ORD-2733,CUSTOMER,CUST-0092,4390.3,INFLOW,ORDER_PAYMENT,2026-08-11 11:26:33
TX-6734,ORD-2734,CUSTOMER,CUST-0248,263.42,INFLOW,ORDER_PAYMENT,2026-08-11 11:34:54
TX-6735,ORD-2735,CUSTOMER,CUST-0424,3564.2,INFLOW,ORDER_PAYMENT,2026-08-11 11:43:33
TX-6736,ORD-2736,CUSTOMER,CUST-0202,4337.59,INFLOW,ORDER_PAYMENT,2026-08-11 11:51:50
TX-6737,ORD-2737,CUSTOMER,CUST-0133,3314.53,INFLOW,ORDER_PAYMENT,2026-08-11 12:00:24
TX-6738,ORD-2738,CUSTOMER,CUST-0045,8060.6,INFLOW,ORDER_PAYMENT,2026-08-11 12:08:38
TX-6739,ORD-2739,CUSTOMER,CUST-0408,4294.61,INFLOW,ORDER_PAYMENT,2026-08-11 12:17:03
TX-6740,ORD-2740,CUSTOMER,CUST-0474,3554.02,INFLOW,ORDER_PAYMENT,2026-08-11 12:25:21
TX-6741,ORD-2741,CUSTOMER,CUST-0097,889.09,INFLOW,ORDER_PAYMENT,2026-08-11 12:33:42
TX-6742,ORD-2742,CUSTOMER,CUST-0076,4294.61,INFLOW,ORDER_PAYMENT,2026-08-11 12:42:27
TX-6743,ORD-2743,CUSTOMER,CUST-0273,263.42,INFLOW,ORDER_PAYMENT,2026-08-11 12:50:26
TX-6744,ORD-2744,CUSTOMER,CUST-0105,4074.31,INFLOW,ORDER_PAYMENT,2026-08-11 12:59:14
TX-6745,ORD-2745,CUSTOMER,CUST-0049,1299.1,INFLOW,ORDER_PAYMENT,2026-08-11 13:07:14
TX-6746,ORD-2746,CUSTOMER,CUST-0451,414.04,INFLOW,ORDER_PAYMENT,2026-08-11 13:15:46
TX-6747,ORD-2747,CUSTOMER,CUST-0425,3482.21,INFLOW,ORDER_PAYMENT,2026-08-11 13:24:15
TX-6748,ORD-2748,CUSTOMER,CUST-0321,4226.7,INFLOW,ORDER_PAYMENT,2026-08-11 13:32:39
TX-6749,ORD-2749,CUSTOMER,CUST-0477,1732.3,INFLOW,ORDER_PAYMENT,2026-08-11 13:41:07
TX-6750,ORD-2750,CUSTOMER,CUST-0066,2449.37,INFLOW,ORDER_PAYMENT,2026-08-11 13:49:38
TX-6751,ORD-2751,CUSTOMER,CUST-0230,1125.08,INFLOW,ORDER_PAYMENT,2026-08-11 13:58:00
TX-6752,ORD-2752,CUSTOMER,CUST-0408,3052.92,INFLOW,ORDER_PAYMENT,2026-08-11 14:06:26
TX-6753,ORD-2753,CUSTOMER,CUST-0156,883.38,INFLOW,ORDER_PAYMENT,2026-08-11 14:14:21
TX-6754,ORD-2754,CUSTOMER,CUST-0265,3786.85,INFLOW,ORDER_PAYMENT,2026-08-11 14:22:48
TX-6755,ORD-2755,CUSTOMER,CUST-0399,3904.31,INFLOW,ORDER_PAYMENT,2026-08-11 14:31:37
TX-6756,ORD-2756,CUSTOMER,CUST-0489,3637.58,INFLOW,ORDER_PAYMENT,2026-08-11 14:39:41
TX-6757,ORD-2757,CUSTOMER,CUST-0036,3570.49,INFLOW,ORDER_PAYMENT,2026-08-11 14:48:11
TX-6758,ORD-2758,CUSTOMER,CUST-0283,4076.43,INFLOW,ORDER_PAYMENT,2026-08-11 14:56:47
TX-6759,ORD-2759,CUSTOMER,CUST-0431,517.68,INFLOW,ORDER_PAYMENT,2026-08-11 15:04:55
TX-6760,ORD-2760,CUSTOMER,CUST-0362,3246.81,INFLOW,ORDER_PAYMENT,2026-08-11 15:13:17
TX-6761,ORD-2761,CUSTOMER,CUST-0483,4272.95,INFLOW,ORDER_PAYMENT,2026-08-11 15:21:36
TX-6762,ORD-2762,CUSTOMER,CUST-0293,8780.6,INFLOW,ORDER_PAYMENT,2026-08-11 15:30:00
TX-6763,ORD-2763,CUSTOMER,CUST-0309,1090.0,INFLOW,ORDER_PAYMENT,2026-08-11 15:38:35
TX-6764,ORD-2764,CUSTOMER,CUST-0146,4272.95,INFLOW,ORDER_PAYMENT,2026-08-11 15:46:52
TX-6765,ORD-2765,CUSTOMER,CUST-0300,1524.23,INFLOW,ORDER_PAYMENT,2026-08-11 15:55:23
TX-6766,ORD-2766,CUSTOMER,CUST-0462,3297.77,INFLOW,ORDER_PAYMENT,2026-08-11 16:03:32
TX-6767,ORD-2767,CUSTOMER,CUST-0304,3482.21,INFLOW,ORDER_PAYMENT,2026-08-11 16:12:07
TX-6768,ORD-2768,CUSTOMER,CUST-0031,1418.34,INFLOW,ORDER_PAYMENT,2026-08-11 16:20:37
TX-6769,ORD-2769,CUSTOMER,CUST-0397,2644.13,INFLOW,ORDER_PAYMENT,2026-08-11 16:29:10
TX-6770,ORD-2770,CUSTOMER,CUST-0090,306.7,INFLOW,ORDER_PAYMENT,2026-08-11 16:37:18
TX-6771,ORD-2771,CUSTOMER,CUST-0234,4257.97,INFLOW,ORDER_PAYMENT,2026-08-11 16:45:41
TX-6772,ORD-2772,CUSTOMER,CUST-0287,1992.9,INFLOW,ORDER_PAYMENT,2026-08-11 16:54:09
TX-6773,ORD-2773,CUSTOMER,CUST-0153,306.7,INFLOW,ORDER_PAYMENT,2026-08-11 17:02:37
TX-6774,ORD-2774,CUSTOMER,CUST-0068,3310.04,INFLOW,ORDER_PAYMENT,2026-08-11 17:10:55
TX-6775,ORD-2775,CUSTOMER,CUST-0421,1604.68,INFLOW,ORDER_PAYMENT,2026-08-11 17:19:08
TX-6776,ORD-2776,CUSTOMER,CUST-0188,2446.64,INFLOW,ORDER_PAYMENT,2026-08-11 17:27:55
TX-6777,ORD-2777,CUSTOMER,CUST-0109,3564.2,INFLOW,ORDER_PAYMENT,2026-08-11 17:35:55
TX-6778,ORD-2778,CUSTOMER,CUST-0225,2449.37,INFLOW,ORDER_PAYMENT,2026-08-11 17:44:31
TX-6779,ORD-2779,CUSTOMER,CUST-0207,4272.95,INFLOW,ORDER_PAYMENT,2026-08-11 17:53:10
TX-6780,ORD-2780,CUSTOMER,CUST-0161,2644.13,INFLOW,ORDER_PAYMENT,2026-08-11 18:01:30
TX-6781,ORD-2781,CUSTOMER,CUST-0334,7180.6,INFLOW,ORDER_PAYMENT,2026-08-11 18:09:59
TX-6782,ORD-2782,CUSTOMER,CUST-0403,291.34,INFLOW,ORDER_PAYMENT,2026-08-11 18:18:09
TX-6783,ORD-2783,CUSTOMER,CUST-0385,3246.81,INFLOW,ORDER_PAYMENT,2026-08-11 18:26:21
TX-6784,ORD-2784,CUSTOMER,CUST-0301,3297.77,INFLOW,ORDER_PAYMENT,2026-08-11 18:34:47
TX-6785,ORD-2785,CUSTOMER,CUST-0486,1862.43,INFLOW,ORDER_PAYMENT,2026-08-11 18:43:19
TX-6786,ORD-2786,CUSTOMER,CUST-0332,4337.59,INFLOW,ORDER_PAYMENT,2026-08-11 18:51:51
TX-6787,ORD-2787,CUSTOMER,CUST-0324,1090.0,INFLOW,ORDER_PAYMENT,2026-08-11 19:00:23
TX-6788,ORD-2788,CUSTOMER,CUST-0042,883.38,INFLOW,ORDER_PAYMENT,2026-08-11 19:08:20
TX-6789,ORD-2789,CUSTOMER,CUST-0433,3855.71,INFLOW,ORDER_PAYMENT,2026-08-11 19:16:56
TX-6790,ORD-2790,CUSTOMER,CUST-0032,889.09,INFLOW,ORDER_PAYMENT,2026-08-11 19:25:31
TX-6791,ORD-2791,CUSTOMER,CUST-0054,3590.3,INFLOW,ORDER_PAYMENT,2026-08-11 19:33:51
TX-6792,ORD-2792,CUSTOMER,CUST-0487,3048.46,INFLOW,ORDER_PAYMENT,2026-08-11 19:42:21
TX-6793,ORD-2793,CUSTOMER,CUST-0059,1948.31,INFLOW,ORDER_PAYMENT,2026-08-11 19:50:27
TX-6794,ORD-2794,CUSTOMER,CUST-0101,4458.58,INFLOW,ORDER_PAYMENT,2026-08-11 19:58:45
TX-6795,ORD-2795,CUSTOMER,CUST-0080,6595.54,INFLOW,ORDER_PAYMENT,2026-08-11 20:07:07
TX-6796,ORD-2796,CUSTOMER,CUST-0342,306.7,INFLOW,ORDER_PAYMENT,2026-08-11 20:15:48
TX-6797,ORD-2797,CUSTOMER,CUST-0069,6049.66,INFLOW,ORDER_PAYMENT,2026-08-11 20:24:20
TX-6798,ORD-2798,CUSTOMER,CUST-0020,1115.12,INFLOW,ORDER_PAYMENT,2026-08-11 20:32:45
TX-6799,ORD-2799,CUSTOMER,CUST-0052,4337.59,INFLOW,ORDER_PAYMENT,2026-08-11 20:40:53
TX-6800,ORD-2800,CUSTOMER,CUST-0381,1992.9,INFLOW,ORDER_PAYMENT,2026-08-11 20:49:06
TX-6801,ORD-2801,CUSTOMER,CUST-0376,2589.06,INFLOW,ORDER_PAYMENT,2026-08-11 20:57:33
TX-6802,ORD-2802,CUSTOMER,CUST-0193,6049.66,INFLOW,ORDER_PAYMENT,2026-08-11 21:06:15
TX-6803,ORD-2803,CUSTOMER,CUST-0420,3048.46,INFLOW,ORDER_PAYMENT,2026-08-11 21:14:33
TX-6804,ORD-2804,CUSTOMER,CUST-0333,3554.02,INFLOW,ORDER_PAYMENT,2026-08-11 21:22:59
TX-6805,ORD-2805,CUSTOMER,CUST-0152,3786.85,INFLOW,ORDER_PAYMENT,2026-08-11 21:31:32
TX-6806,ORD-2806,CUSTOMER,CUST-0133,4294.61,INFLOW,ORDER_PAYMENT,2026-08-11 21:39:37
TX-6807,ORD-2807,CUSTOMER,CUST-0260,3211.44,INFLOW,ORDER_PAYMENT,2026-08-11 21:48:08
TX-6808,ORD-2808,CUSTOMER,CUST-0420,7369.22,INFLOW,ORDER_PAYMENT,2026-08-11 21:56:25
TX-6809,ORD-2809,CUSTOMER,CUST-0209,1882.85,INFLOW,ORDER_PAYMENT,2026-08-11 22:04:54
TX-6810,ORD-2810,CUSTOMER,CUST-0278,1904.59,INFLOW,ORDER_PAYMENT,2026-08-11 22:13:17
TX-6811,ORD-2811,CUSTOMER,CUST-0334,818.39,INFLOW,ORDER_PAYMENT,2026-08-11 22:21:57
TX-6812,ORD-2812,CUSTOMER,CUST-0333,4424.97,INFLOW,ORDER_PAYMENT,2026-08-11 22:30:00
TX-6813,ORD-2813,CUSTOMER,CUST-0206,2200.0,INFLOW,ORDER_PAYMENT,2026-08-11 22:38:24
TX-6814,ORD-2814,CUSTOMER,CUST-0488,2439.3,INFLOW,ORDER_PAYMENT,2026-08-11 22:47:09
TX-6815,ORD-2815,CUSTOMER,CUST-0492,4893.28,INFLOW,ORDER_PAYMENT,2026-08-11 22:55:28
TX-6816,ORD-2816,CUSTOMER,CUST-0138,3737.74,INFLOW,ORDER_PAYMENT,2026-08-11 23:03:41
TX-6817,ORD-2817,CUSTOMER,CUST-0048,3621.3,INFLOW,ORDER_PAYMENT,2026-08-11 23:11:56
TX-6818,ORD-2818,CUSTOMER,CUST-0486,1862.43,INFLOW,ORDER_PAYMENT,2026-08-11 23:20:42
TX-6819,ORD-2819,CUSTOMER,CUST-0016,3063.16,INFLOW,ORDER_PAYMENT,2026-08-11 23:29:10
TX-6820,ORD-2820,CUSTOMER,CUST-0158,1299.1,INFLOW,ORDER_PAYMENT,2026-08-11 23:37:16
TX-6821,ORD-2821,CUSTOMER,CUST-0179,3554.02,INFLOW,ORDER_PAYMENT,2026-08-11 23:45:32
TX-6822,ORD-2822,CUSTOMER,CUST-0273,1004.29,INFLOW,ORDER_PAYMENT,2026-08-11 23:53:55
TX-6823,ORD-2823,CUSTOMER,CUST-0486,4458.58,INFLOW,ORDER_PAYMENT,2026-08-12 00:02:23
TX-6824,ORD-2824,CUSTOMER,CUST-0243,3482.21,INFLOW,ORDER_PAYMENT,2026-08-12 00:10:49
TX-6825,ORD-2825,CUSTOMER,CUST-0336,829.04,INFLOW,ORDER_PAYMENT,2026-08-12 00:19:16
TX-6826,ORD-2826,CUSTOMER,CUST-0360,3412.17,INFLOW,ORDER_PAYMENT,2026-08-12 00:27:40
TX-6827,ORD-2827,CUSTOMER,CUST-0120,1862.43,INFLOW,ORDER_PAYMENT,2026-08-12 00:35:57
TX-6828,ORD-2828,CUSTOMER,CUST-0451,1703.44,INFLOW,ORDER_PAYMENT,2026-08-12 00:44:29
TX-6829,ORD-2829,CUSTOMER,CUST-0449,258.84,INFLOW,ORDER_PAYMENT,2026-08-12 00:52:50
TX-6830,ORD-2830,CUSTOMER,CUST-0350,3052.92,INFLOW,ORDER_PAYMENT,2026-08-12 01:01:19
TX-6831,ORD-2831,CUSTOMER,CUST-0291,1125.08,INFLOW,ORDER_PAYMENT,2026-08-12 01:09:32
TX-6832,ORD-2832,CUSTOMER,CUST-0206,1100.0,INFLOW,ORDER_PAYMENT,2026-08-12 01:17:52
TX-6833,ORD-2833,CUSTOMER,CUST-0307,4272.95,INFLOW,ORDER_PAYMENT,2026-08-12 01:26:37
TX-6834,ORD-2834,CUSTOMER,CUST-0434,1862.43,INFLOW,ORDER_PAYMENT,2026-08-12 01:34:39
TX-6835,ORD-2835,CUSTOMER,CUST-0417,3211.6,INFLOW,ORDER_PAYMENT,2026-08-12 01:43:30
TX-6836,ORD-2836,CUSTOMER,CUST-0419,4093.93,INFLOW,ORDER_PAYMENT,2026-08-12 01:51:50
TX-6837,ORD-2837,CUSTOMER,CUST-0011,3310.04,INFLOW,ORDER_PAYMENT,2026-08-12 02:00:06
TX-6838,ORD-2838,CUSTOMER,CUST-0284,1100.0,INFLOW,ORDER_PAYMENT,2026-08-12 02:08:22
TX-6839,ORD-2839,CUSTOMER,CUST-0494,1605.72,INFLOW,ORDER_PAYMENT,2026-08-12 02:16:51
TX-6840,ORD-2840,CUSTOMER,CUST-0346,3569.25,INFLOW,ORDER_PAYMENT,2026-08-12 02:25:04
TX-6841,ORD-2841,CUSTOMER,CUST-0018,829.04,INFLOW,ORDER_PAYMENT,2026-08-12 02:33:41
TX-6842,ORD-2842,CUSTOMER,CUST-0391,1434.09,INFLOW,ORDER_PAYMENT,2026-08-12 02:42:18
TX-6843,ORD-2843,CUSTOMER,CUST-0324,3897.52,INFLOW,ORDER_PAYMENT,2026-08-12 02:50:26
TX-6844,ORD-2844,CUSTOMER,CUST-0360,4337.59,INFLOW,ORDER_PAYMENT,2026-08-12 02:58:38
TX-6845,ORD-2845,CUSTOMER,CUST-0488,613.4,INFLOW,ORDER_PAYMENT,2026-08-12 03:07:21
TX-6846,ORD-2846,CUSTOMER,CUST-0035,2589.06,INFLOW,ORDER_PAYMENT,2026-08-12 03:15:53
TX-6847,ORD-2847,CUSTOMER,CUST-0038,1340.1,INFLOW,ORDER_PAYMENT,2026-08-12 03:24:01
TX-6848,ORD-2848,CUSTOMER,CUST-0238,2252.3,INFLOW,ORDER_PAYMENT,2026-08-12 03:32:27
TX-6849,ORD-2849,CUSTOMER,CUST-0374,1948.31,INFLOW,ORDER_PAYMENT,2026-08-12 03:41:06
TX-6850,ORD-2850,CUSTOMER,CUST-0342,4390.3,INFLOW,ORDER_PAYMENT,2026-08-12 03:49:31
TX-6851,ORD-2851,CUSTOMER,CUST-0407,1299.1,INFLOW,ORDER_PAYMENT,2026-08-12 03:57:32
TX-6852,ORD-2852,CUSTOMER,CUST-0320,8917.16,INFLOW,ORDER_PAYMENT,2026-08-12 04:06:01
TX-6853,ORD-2853,CUSTOMER,CUST-0256,3904.05,INFLOW,ORDER_PAYMENT,2026-08-12 04:14:39
TX-6854,ORD-2854,CUSTOMER,CUST-0333,3904.31,INFLOW,ORDER_PAYMENT,2026-08-12 04:22:47
TX-6855,ORD-2855,CUSTOMER,CUST-0474,3246.81,INFLOW,ORDER_PAYMENT,2026-08-12 04:31:14
TX-6856,ORD-2856,CUSTOMER,CUST-0195,1076.17,INFLOW,ORDER_PAYMENT,2026-08-12 04:39:49
TX-6857,ORD-2857,CUSTOMER,CUST-0496,2419.53,INFLOW,ORDER_PAYMENT,2026-08-12 04:47:59
TX-6858,ORD-2858,CUSTOMER,CUST-0214,1434.09,INFLOW,ORDER_PAYMENT,2026-08-12 04:56:30
TX-6859,ORD-2859,CUSTOMER,CUST-0208,1768.39,INFLOW,ORDER_PAYMENT,2026-08-12 05:04:54
TX-6860,ORD-2860,CUSTOMER,CUST-0489,4424.97,INFLOW,ORDER_PAYMENT,2026-08-12 05:13:28
TX-6861,ORD-2861,CUSTOMER,CUST-0008,1653.98,INFLOW,ORDER_PAYMENT,2026-08-12 05:21:32
TX-6862,ORD-2862,CUSTOMER,CUST-0237,306.7,INFLOW,ORDER_PAYMENT,2026-08-12 05:30:14
TX-6863,ORD-2863,CUSTOMER,CUST-0353,1100.0,INFLOW,ORDER_PAYMENT,2026-08-12 05:38:38
TX-6864,ORD-2864,CUSTOMER,CUST-0153,4054.3,INFLOW,ORDER_PAYMENT,2026-08-12 05:46:49
TX-6865,ORD-2865,CUSTOMER,CUST-0069,2483.23,INFLOW,ORDER_PAYMENT,2026-08-12 05:55:01
TX-6866,ORD-2866,CUSTOMER,CUST-0102,1948.31,INFLOW,ORDER_PAYMENT,2026-08-12 06:03:38
TX-6867,ORD-2867,CUSTOMER,CUST-0331,3569.25,INFLOW,ORDER_PAYMENT,2026-08-12 06:11:51
TX-6868,ORD-2868,CUSTOMER,CUST-0406,4030.3,INFLOW,ORDER_PAYMENT,2026-08-12 06:20:28
TX-6869,ORD-2869,CUSTOMER,CUST-0403,1605.72,INFLOW,ORDER_PAYMENT,2026-08-12 06:29:01
TX-6870,ORD-2870,CUSTOMER,CUST-0267,1768.39,INFLOW,ORDER_PAYMENT,2026-08-12 06:37:09
TX-6871,ORD-2871,CUSTOMER,CUST-0188,3655.67,INFLOW,ORDER_PAYMENT,2026-08-12 06:45:26
TX-6872,ORD-2872,CUSTOMER,CUST-0381,7128.4,INFLOW,ORDER_PAYMENT,2026-08-12 06:54:17
TX-6873,ORD-2873,CUSTOMER,CUST-0283,3211.6,INFLOW,ORDER_PAYMENT,2026-08-12 07:02:15
TX-6874,ORD-2874,CUSTOMER,CUST-0274,414.04,INFLOW,ORDER_PAYMENT,2026-08-12 07:10:52
TX-6875,ORD-2875,CUSTOMER,CUST-0152,2589.06,INFLOW,ORDER_PAYMENT,2026-08-12 07:19:07
TX-6876,ORD-2876,CUSTOMER,CUST-0388,889.09,INFLOW,ORDER_PAYMENT,2026-08-12 07:27:31
TX-6877,ORD-2877,CUSTOMER,CUST-0076,3985.8,INFLOW,ORDER_PAYMENT,2026-08-12 07:35:53
TX-6878,ORD-2878,CUSTOMER,CUST-0367,1004.29,INFLOW,ORDER_PAYMENT,2026-08-12 07:44:29
TX-6879,ORD-2879,CUSTOMER,CUST-0329,5178.12,INFLOW,ORDER_PAYMENT,2026-08-12 07:52:41
TX-6880,ORD-2880,CUSTOMER,CUST-0372,4101.12,INFLOW,ORDER_PAYMENT,2026-08-12 08:01:05
TX-6881,ORD-2881,CUSTOMER,CUST-0302,889.09,INFLOW,ORDER_PAYMENT,2026-08-12 08:09:49
TX-6882,ORD-2882,CUSTOMER,CUST-0258,3569.25,INFLOW,ORDER_PAYMENT,2026-08-12 08:18:00
TX-6883,ORD-2883,CUSTOMER,CUST-0454,4337.59,INFLOW,ORDER_PAYMENT,2026-08-12 08:26:33
TX-6884,ORD-2884,CUSTOMER,CUST-0085,3297.77,INFLOW,ORDER_PAYMENT,2026-08-12 08:34:59
TX-6885,ORD-2885,CUSTOMER,CUST-0460,2483.23,INFLOW,ORDER_PAYMENT,2026-08-12 08:43:14
TX-6886,ORD-2886,CUSTOMER,CUST-0281,3246.81,INFLOW,ORDER_PAYMENT,2026-08-12 08:51:39
TX-6887,ORD-2887,CUSTOMER,CUST-0449,670.05,INFLOW,ORDER_PAYMENT,2026-08-12 09:00:04
TX-6888,ORD-2888,CUSTOMER,CUST-0015,4337.59,INFLOW,ORDER_PAYMENT,2026-08-12 09:08:35
TX-6889,ORD-2889,CUSTOMER,CUST-0206,2788.05,INFLOW,ORDER_PAYMENT,2026-08-12 09:16:54
TX-6890,ORD-2890,CUSTOMER,CUST-0254,3855.71,INFLOW,ORDER_PAYMENT,2026-08-12 09:25:23
TX-6891,ORD-2891,CUSTOMER,CUST-0181,4093.93,INFLOW,ORDER_PAYMENT,2026-08-12 09:33:49
TX-6892,ORD-2892,CUSTOMER,CUST-0228,1434.09,INFLOW,ORDER_PAYMENT,2026-08-12 09:41:56
TX-6893,ORD-2893,CUSTOMER,CUST-0081,1604.68,INFLOW,ORDER_PAYMENT,2026-08-12 09:50:17
TX-6894,ORD-2894,CUSTOMER,CUST-0121,1004.29,INFLOW,ORDER_PAYMENT,2026-08-12 09:58:58
TX-6895,ORD-2895,CUSTOMER,CUST-0096,3482.21,INFLOW,ORDER_PAYMENT,2026-08-12 10:07:03
TX-6896,ORD-2896,CUSTOMER,CUST-0178,889.09,INFLOW,ORDER_PAYMENT,2026-08-12 10:15:41
TX-6897,ORD-2897,CUSTOMER,CUST-0166,1604.68,INFLOW,ORDER_PAYMENT,2026-08-12 10:23:54
TX-6898,ORD-2898,CUSTOMER,CUST-0372,1862.43,INFLOW,ORDER_PAYMENT,2026-08-12 10:32:12
TX-6899,ORD-2899,CUSTOMER,CUST-0143,3024.83,INFLOW,ORDER_PAYMENT,2026-08-12 10:40:51
TX-6900,ORD-2900,CUSTOMER,CUST-0257,1100.0,INFLOW,ORDER_PAYMENT,2026-08-12 10:49:22
TX-6901,ORD-2901,CUSTOMER,CUST-0409,1100.0,INFLOW,ORDER_PAYMENT,2026-08-12 10:57:48
TX-6902,ORD-2902,CUSTOMER,CUST-0217,2483.23,INFLOW,ORDER_PAYMENT,2026-08-12 11:06:10
TX-6903,ORD-2903,CUSTOMER,CUST-0273,2252.3,INFLOW,ORDER_PAYMENT,2026-08-12 11:14:10
TX-6904,ORD-2904,CUSTOMER,CUST-0429,1948.31,INFLOW,ORDER_PAYMENT,2026-08-12 11:22:54
TX-6905,ORD-2905,CUSTOMER,CUST-0395,2065.51,INFLOW,ORDER_PAYMENT,2026-08-12 11:31:23
TX-6906,ORD-2906,CUSTOMER,CUST-0476,4093.93,INFLOW,ORDER_PAYMENT,2026-08-12 11:39:33
TX-6907,ORD-2907,CUSTOMER,CUST-0082,526.84,INFLOW,ORDER_PAYMENT,2026-08-12 11:47:50
TX-6908,ORD-2908,CUSTOMER,CUST-0241,3303.71,INFLOW,ORDER_PAYMENT,2026-08-12 11:56:14
TX-6909,ORD-2909,CUSTOMER,CUST-0108,1924.84,INFLOW,ORDER_PAYMENT,2026-08-12 12:04:44
TX-6910,ORD-2910,CUSTOMER,CUST-0025,3314.53,INFLOW,ORDER_PAYMENT,2026-08-12 12:13:21
TX-6911,ORD-2911,CUSTOMER,CUST-0055,3412.17,INFLOW,ORDER_PAYMENT,2026-08-12 12:21:23
TX-6912,ORD-2912,CUSTOMER,CUST-0445,4226.7,INFLOW,ORDER_PAYMENT,2026-08-12 12:29:50
TX-6913,ORD-2913,CUSTOMER,CUST-0361,1434.09,INFLOW,ORDER_PAYMENT,2026-08-12 12:38:28
TX-6914,ORD-2914,CUSTOMER,CUST-0212,828.08,INFLOW,ORDER_PAYMENT,2026-08-12 12:46:41
TX-6915,ORD-2915,CUSTOMER,CUST-0326,1768.39,INFLOW,ORDER_PAYMENT,2026-08-12 12:55:09
TX-6916,ORD-2916,CUSTOMER,CUST-0100,3809.18,INFLOW,ORDER_PAYMENT,2026-08-12 13:03:39
TX-6917,ORD-2917,CUSTOMER,CUST-0273,3196.07,INFLOW,ORDER_PAYMENT,2026-08-12 13:11:55
TX-6918,ORD-2918,CUSTOMER,CUST-0109,1604.68,INFLOW,ORDER_PAYMENT,2026-08-12 13:20:09
TX-6919,ORD-2919,CUSTOMER,CUST-0423,1229.97,INFLOW,ORDER_PAYMENT,2026-08-12 13:28:36
TX-6920,ORD-2920,CUSTOMER,CUST-0065,1544.47,INFLOW,ORDER_PAYMENT,2026-08-12 13:37:02
TX-6921,ORD-2921,CUSTOMER,CUST-0056,674.08,INFLOW,ORDER_PAYMENT,2026-08-12 13:45:20
TX-6922,ORD-2922,CUSTOMER,CUST-0433,8453.4,INFLOW,ORDER_PAYMENT,2026-08-12 13:54:02
TX-6923,ORD-2923,CUSTOMER,CUST-0096,3737.74,INFLOW,ORDER_PAYMENT,2026-08-12 14:02:37
TX-6924,ORD-2924,CUSTOMER,CUST-0247,3209.36,INFLOW,ORDER_PAYMENT,2026-08-12 14:10:57
TX-6925,ORD-2925,CUSTOMER,CUST-0270,414.04,INFLOW,ORDER_PAYMENT,2026-08-12 14:19:01
TX-6926,ORD-2926,CUSTOMER,CUST-0116,4074.31,INFLOW,ORDER_PAYMENT,2026-08-12 14:27:44
TX-6927,ORD-2927,CUSTOMER,CUST-0078,8897.98,INFLOW,ORDER_PAYMENT,2026-08-12 14:35:55
TX-6928,ORD-2928,CUSTOMER,CUST-0456,2452.83,INFLOW,ORDER_PAYMENT,2026-08-12 14:44:28
TX-6929,ORD-2929,CUSTOMER,CUST-0185,1862.43,INFLOW,ORDER_PAYMENT,2026-08-12 14:52:35
TX-6930,ORD-2930,CUSTOMER,CUST-0190,3817.51,INFLOW,ORDER_PAYMENT,2026-08-12 15:01:08
TX-6931,ORD-2931,CUSTOMER,CUST-0352,1348.16,INFLOW,ORDER_PAYMENT,2026-08-12 15:09:43
TX-6932,ORD-2932,CUSTOMER,CUST-0291,3855.71,INFLOW,ORDER_PAYMENT,2026-08-12 15:18:01
TX-6933,ORD-2933,CUSTOMER,CUST-0022,3297.77,INFLOW,ORDER_PAYMENT,2026-08-12 15:26:22
TX-6934,ORD-2934,CUSTOMER,CUST-0182,535.08,INFLOW,ORDER_PAYMENT,2026-08-12 15:34:45
TX-6935,ORD-2935,CUSTOMER,CUST-0339,889.09,INFLOW,ORDER_PAYMENT,2026-08-12 15:43:06
TX-6936,ORD-2936,CUSTOMER,CUST-0365,3482.21,INFLOW,ORDER_PAYMENT,2026-08-12 15:51:28
TX-6937,ORD-2937,CUSTOMER,CUST-0085,4257.97,INFLOW,ORDER_PAYMENT,2026-08-12 16:00:00
TX-6938,ORD-2938,CUSTOMER,CUST-0112,3024.83,INFLOW,ORDER_PAYMENT,2026-08-12 16:08:18
TX-6939,ORD-2939,CUSTOMER,CUST-0188,6824.34,INFLOW,ORDER_PAYMENT,2026-08-12 16:16:56
TX-6940,ORD-2940,CUSTOMER,CUST-0279,3063.16,INFLOW,ORDER_PAYMENT,2026-08-12 16:24:58
TX-6941,ORD-2941,CUSTOMER,CUST-0030,1076.17,INFLOW,ORDER_PAYMENT,2026-08-12 16:33:37
TX-6942,ORD-2942,CUSTOMER,CUST-0450,4101.12,INFLOW,ORDER_PAYMENT,2026-08-12 16:42:04
TX-6943,ORD-2943,CUSTOMER,CUST-0283,851.72,INFLOW,ORDER_PAYMENT,2026-08-12 16:50:28
TX-6944,ORD-2944,CUSTOMER,CUST-0124,3569.25,INFLOW,ORDER_PAYMENT,2026-08-12 16:58:45
TX-6945,ORD-2945,CUSTOMER,CUST-0296,4226.7,INFLOW,ORDER_PAYMENT,2026-08-12 17:06:57
TX-6946,ORD-2946,CUSTOMER,CUST-0278,656.92,INFLOW,ORDER_PAYMENT,2026-08-12 17:15:39
TX-6947,ORD-2947,CUSTOMER,CUST-0454,818.39,INFLOW,ORDER_PAYMENT,2026-08-12 17:24:02
TX-6948,ORD-2948,CUSTOMER,CUST-0390,1299.1,INFLOW,ORDER_PAYMENT,2026-08-12 17:32:35
TX-6949,ORD-2949,CUSTOMER,CUST-0069,3303.71,INFLOW,ORDER_PAYMENT,2026-08-12 17:40:36
TX-6950,ORD-2950,CUSTOMER,CUST-0413,3303.71,INFLOW,ORDER_PAYMENT,2026-08-12 17:49:13
TX-6951,ORD-2951,CUSTOMER,CUST-0112,4074.31,INFLOW,ORDER_PAYMENT,2026-08-12 17:57:23
TX-6952,ORD-2952,CUSTOMER,CUST-0002,674.08,INFLOW,ORDER_PAYMENT,2026-08-12 18:06:12
TX-6953,ORD-2953,CUSTOMER,CUST-0303,862.36,INFLOW,ORDER_PAYMENT,2026-08-12 18:14:24
TX-6954,ORD-2954,CUSTOMER,CUST-0359,358.12,INFLOW,ORDER_PAYMENT,2026-08-12 18:22:59
TX-6955,ORD-2955,CUSTOMER,CUST-0240,4424.97,INFLOW,ORDER_PAYMENT,2026-08-12 18:30:55
TX-6956,ORD-2956,CUSTOMER,CUST-0335,4390.3,INFLOW,ORDER_PAYMENT,2026-08-12 18:39:46
TX-6957,ORD-2957,CUSTOMER,CUST-0092,3590.3,INFLOW,ORDER_PAYMENT,2026-08-12 18:47:56
TX-6958,ORD-2958,CUSTOMER,CUST-0234,2446.64,INFLOW,ORDER_PAYMENT,2026-08-12 18:56:23
TX-6959,ORD-2959,CUSTOMER,CUST-0153,3554.02,INFLOW,ORDER_PAYMENT,2026-08-12 19:05:00
TX-6960,ORD-2960,CUSTOMER,CUST-0251,670.05,INFLOW,ORDER_PAYMENT,2026-08-12 19:13:20
TX-6961,ORD-2961,CUSTOMER,CUST-0403,3655.67,INFLOW,ORDER_PAYMENT,2026-08-12 19:21:42
TX-6962,ORD-2962,CUSTOMER,CUST-0332,3569.25,INFLOW,ORDER_PAYMENT,2026-08-12 19:29:42
TX-6963,ORD-2963,CUSTOMER,CUST-0379,889.09,INFLOW,ORDER_PAYMENT,2026-08-12 19:38:30
TX-6964,ORD-2964,CUSTOMER,CUST-0166,3564.2,INFLOW,ORDER_PAYMENT,2026-08-12 19:46:33
TX-6965,ORD-2965,CUSTOMER,CUST-0393,3855.71,INFLOW,ORDER_PAYMENT,2026-08-12 19:55:04
TX-6966,ORD-2966,CUSTOMER,CUST-0103,1100.0,INFLOW,ORDER_PAYMENT,2026-08-12 20:03:31
TX-6967,ORD-2967,CUSTOMER,CUST-0225,7795.04,INFLOW,ORDER_PAYMENT,2026-08-12 20:12:08
TX-6968,ORD-2968,CUSTOMER,CUST-0184,4101.12,INFLOW,ORDER_PAYMENT,2026-08-12 20:20:08
TX-6969,ORD-2969,CUSTOMER,CUST-0369,431.18,INFLOW,ORDER_PAYMENT,2026-08-12 20:28:34
TX-6970,ORD-2970,CUSTOMER,CUST-0395,8780.6,INFLOW,ORDER_PAYMENT,2026-08-12 20:37:05
TX-6971,ORD-2971,CUSTOMER,CUST-0412,3482.21,INFLOW,ORDER_PAYMENT,2026-08-12 20:45:25
TX-6972,ORD-2972,CUSTOMER,CUST-0446,291.34,INFLOW,ORDER_PAYMENT,2026-08-12 20:53:52
TX-6973,ORD-2973,CUSTOMER,CUST-0076,4131.02,INFLOW,ORDER_PAYMENT,2026-08-12 21:02:16
TX-6974,ORD-2974,CUSTOMER,CUST-0428,3310.04,INFLOW,ORDER_PAYMENT,2026-08-12 21:10:43
TX-6975,ORD-2975,CUSTOMER,CUST-0003,3246.81,INFLOW,ORDER_PAYMENT,2026-08-12 21:19:09
TX-6976,ORD-2976,CUSTOMER,CUST-0347,3737.74,INFLOW,ORDER_PAYMENT,2026-08-12 21:27:34
TX-6977,ORD-2977,CUSTOMER,CUST-0205,306.7,INFLOW,ORDER_PAYMENT,2026-08-12 21:35:41
TX-6978,ORD-2978,CUSTOMER,CUST-0400,3684.61,INFLOW,ORDER_PAYMENT,2026-08-12 21:44:14
TX-6979,ORD-2979,CUSTOMER,CUST-0012,2065.51,INFLOW,ORDER_PAYMENT,2026-08-12 21:52:55
TX-6980,ORD-2980,CUSTOMER,CUST-0083,1605.72,INFLOW,ORDER_PAYMENT,2026-08-12 22:00:53
TX-6981,ORD-2981,CUSTOMER,CUST-0437,2152.34,INFLOW,ORDER_PAYMENT,2026-08-12 22:09:37
TX-6982,ORD-2982,CUSTOMER,CUST-0126,1348.16,INFLOW,ORDER_PAYMENT,2026-08-12 22:17:44
TX-6983,ORD-2983,CUSTOMER,CUST-0128,4966.46,INFLOW,ORDER_PAYMENT,2026-08-12 22:26:13
TX-6984,ORD-2984,CUSTOMER,CUST-0411,829.04,INFLOW,ORDER_PAYMENT,2026-08-12 22:34:49
TX-6985,ORD-2985,CUSTOMER,CUST-0342,3737.74,INFLOW,ORDER_PAYMENT,2026-08-12 22:42:58
TX-6986,ORD-2986,CUSTOMER,CUST-0232,670.05,INFLOW,ORDER_PAYMENT,2026-08-12 22:51:18
TX-6987,ORD-2987,CUSTOMER,CUST-0192,4424.97,INFLOW,ORDER_PAYMENT,2026-08-12 23:00:04
TX-6988,ORD-2988,CUSTOMER,CUST-0101,5120.1,INFLOW,ORDER_PAYMENT,2026-08-12 23:08:31
TX-6989,ORD-2989,CUSTOMER,CUST-0286,6607.42,INFLOW,ORDER_PAYMENT,2026-08-12 23:16:30
TX-6990,ORD-2990,CUSTOMER,CUST-0191,3590.3,INFLOW,ORDER_PAYMENT,2026-08-12 23:25:13
TX-6991,ORD-2991,CUSTOMER,CUST-0127,1100.0,INFLOW,ORDER_PAYMENT,2026-08-12 23:33:22
TX-6992,ORD-2992,CUSTOMER,CUST-0086,862.36,INFLOW,ORDER_PAYMENT,2026-08-12 23:41:59
TX-6993,ORD-2993,CUSTOMER,CUST-0456,3904.31,INFLOW,ORDER_PAYMENT,2026-08-12 23:50:25
TX-6994,ORD-2994,CUSTOMER,CUST-0204,1004.29,INFLOW,ORDER_PAYMENT,2026-08-12 23:58:32
TX-6995,ORD-2995,CUSTOMER,CUST-0050,8453.4,INFLOW,ORDER_PAYMENT,2026-08-13 00:07:02
TX-6996,ORD-2996,CUSTOMER,CUST-0049,3737.74,INFLOW,ORDER_PAYMENT,2026-08-13 00:15:22
TX-6997,ORD-2997,CUSTOMER,CUST-0414,3412.17,INFLOW,ORDER_PAYMENT,2026-08-13 00:23:43
TX-6998,ORD-2998,CUSTOMER,CUST-0117,4076.43,INFLOW,ORDER_PAYMENT,2026-08-13 00:32:19
TX-6999,ORD-2999,CUSTOMER,CUST-0399,3855.71,INFLOW,ORDER_PAYMENT,2026-08-13 00:40:46
TX-7000,ORD-3000,CUSTOMER,CUST-0375,2446.64,INFLOW,ORDER_PAYMENT,2026-08-13 00:49:15
TX-7001,ORD-3001,CUSTOMER,CUST-0155,3196.07,INFLOW,ORDER_PAYMENT,2026-08-13 00:57:36
TX-7002,ORD-3002,CUSTOMER,CUST-0233,263.42,INFLOW,ORDER_PAYMENT,2026-08-13 01:05:48
TX-7003,ORD-3003,CUSTOMER,CUST-0099,656.92,INFLOW,ORDER_PAYMENT,2026-08-13 01:14:06
TX-7004,ORD-3004,CUSTOMER,CUST-0360,1948.31,INFLOW,ORDER_PAYMENT,2026-08-13 01:22:35
TX-7005,ORD-3005,CUSTOMER,CUST-0412,4093.93,INFLOW,ORDER_PAYMENT,2026-08-13 01:31:10
TX-7006,ORD-3006,CUSTOMER,CUST-0033,1605.72,INFLOW,ORDER_PAYMENT,2026-08-13 01:39:17
TX-7007,ORD-3007,CUSTOMER,CUST-0431,3737.74,INFLOW,ORDER_PAYMENT,2026-08-13 01:47:57
TX-7008,ORD-3008,CUSTOMER,CUST-0011,4337.59,INFLOW,ORDER_PAYMENT,2026-08-13 01:56:21
TX-7009,ORD-3009,CUSTOMER,CUST-0317,2459.94,INFLOW,ORDER_PAYMENT,2026-08-13 02:04:44
TX-7010,ORD-3010,CUSTOMER,CUST-0244,2483.23,INFLOW,ORDER_PAYMENT,2026-08-13 02:13:14
TX-7011,ORD-3011,CUSTOMER,CUST-0215,3412.17,INFLOW,ORDER_PAYMENT,2026-08-13 02:21:27
TX-7012,ORD-3012,CUSTOMER,CUST-0104,4424.97,INFLOW,ORDER_PAYMENT,2026-08-13 02:29:50
TX-7013,ORD-3013,CUSTOMER,CUST-0380,2419.53,INFLOW,ORDER_PAYMENT,2026-08-13 02:38:28
TX-7014,ORD-3014,CUSTOMER,CUST-0117,1434.09,INFLOW,ORDER_PAYMENT,2026-08-13 02:46:42
TX-7015,ORD-3015,CUSTOMER,CUST-0050,1100.0,INFLOW,ORDER_PAYMENT,2026-08-13 02:55:18
TX-7016,ORD-3016,CUSTOMER,CUST-0125,1862.43,INFLOW,ORDER_PAYMENT,2026-08-13 03:03:31
TX-7017,ORD-3017,CUSTOMER,CUST-0472,431.18,INFLOW,ORDER_PAYMENT,2026-08-13 03:11:52
TX-7018,ORD-3018,CUSTOMER,CUST-0187,2252.3,INFLOW,ORDER_PAYMENT,2026-08-13 03:20:05
TX-7019,ORD-3019,CUSTOMER,CUST-0487,3482.21,INFLOW,ORDER_PAYMENT,2026-08-13 03:28:25
TX-7020,ORD-3020,CUSTOMER,CUST-0322,4458.58,INFLOW,ORDER_PAYMENT,2026-08-13 03:37:05
TX-7021,ORD-3021,CUSTOMER,CUST-0494,3737.74,INFLOW,ORDER_PAYMENT,2026-08-13 03:45:32
TX-7022,ORD-3022,CUSTOMER,CUST-0109,6629.06,INFLOW,ORDER_PAYMENT,2026-08-13 03:53:54
TX-7023,ORD-3023,CUSTOMER,CUST-0358,7140.98,INFLOW,ORDER_PAYMENT,2026-08-13 04:02:25
TX-7024,ORD-3024,CUSTOMER,CUST-0359,826.99,INFLOW,ORDER_PAYMENT,2026-08-13 04:10:55
TX-7025,ORD-3025,CUSTOMER,CUST-0309,829.04,INFLOW,ORDER_PAYMENT,2026-08-13 04:18:52
TX-7026,ORD-3026,CUSTOMER,CUST-0133,4054.3,INFLOW,ORDER_PAYMENT,2026-08-13 04:27:20
TX-7027,ORD-3027,CUSTOMER,CUST-0414,4226.7,INFLOW,ORDER_PAYMENT,2026-08-13 04:36:04
TX-7028,ORD-3028,CUSTOMER,CUST-0129,535.08,INFLOW,ORDER_PAYMENT,2026-08-13 04:44:29
TX-7029,ORD-3029,CUSTOMER,CUST-0404,1524.23,INFLOW,ORDER_PAYMENT,2026-08-13 04:52:36
TX-7030,ORD-3030,CUSTOMER,CUST-0459,1418.34,INFLOW,ORDER_PAYMENT,2026-08-13 05:01:07
TX-7031,ORD-3031,CUSTOMER,CUST-0318,3536.78,INFLOW,ORDER_PAYMENT,2026-08-13 05:09:33
TX-7032,ORD-3032,CUSTOMER,CUST-0255,2589.06,INFLOW,ORDER_PAYMENT,2026-08-13 05:18:06
TX-7033,ORD-3033,CUSTOMER,CUST-0453,889.09,INFLOW,ORDER_PAYMENT,2026-08-13 05:26:12
TX-7034,ORD-3034,CUSTOMER,CUST-0297,4448.99,INFLOW,ORDER_PAYMENT,2026-08-13 05:34:35
TX-7035,ORD-3035,CUSTOMER,CUST-0416,1100.0,INFLOW,ORDER_PAYMENT,2026-08-13 05:42:58
TX-7036,ORD-3036,CUSTOMER,CUST-0116,1100.0,INFLOW,ORDER_PAYMENT,2026-08-13 05:51:18
TX-7037,ORD-3037,CUSTOMER,CUST-0271,8672.7,INFLOW,ORDER_PAYMENT,2026-08-13 05:59:41
TX-7038,ORD-3038,CUSTOMER,CUST-0029,1924.84,INFLOW,ORDER_PAYMENT,2026-08-13 06:08:17
TX-7039,ORD-3039,CUSTOMER,CUST-0397,2200.0,INFLOW,ORDER_PAYMENT,2026-08-13 06:16:30
TX-7040,ORD-3040,CUSTOMER,CUST-0107,1992.9,INFLOW,ORDER_PAYMENT,2026-08-13 06:25:11
TX-7041,ORD-3041,CUSTOMER,CUST-0064,4448.99,INFLOW,ORDER_PAYMENT,2026-08-13 06:33:15
TX-7042,ORD-3042,CUSTOMER,CUST-0234,2449.37,INFLOW,ORDER_PAYMENT,2026-08-13 06:42:05
TX-7043,ORD-3043,CUSTOMER,CUST-0112,670.05,INFLOW,ORDER_PAYMENT,2026-08-13 06:50:24
TX-7044,ORD-3044,CUSTOMER,CUST-0010,851.72,INFLOW,ORDER_PAYMENT,2026-08-13 06:58:45
TX-7045,ORD-3045,CUSTOMER,CUST-0189,1100.0,INFLOW,ORDER_PAYMENT,2026-08-13 07:06:56
TX-7046,ORD-3046,CUSTOMER,CUST-0315,1924.84,INFLOW,ORDER_PAYMENT,2026-08-13 07:15:32
TX-7047,ORD-3047,CUSTOMER,CUST-0223,3211.44,INFLOW,ORDER_PAYMENT,2026-08-13 07:23:36
TX-7048,ORD-3048,CUSTOMER,CUST-0002,4076.43,INFLOW,ORDER_PAYMENT,2026-08-13 07:32:12
TX-7049,ORD-3049,CUSTOMER,CUST-0453,862.36,INFLOW,ORDER_PAYMENT,2026-08-13 07:40:35
TX-7050,ORD-3050,CUSTOMER,CUST-0442,2788.05,INFLOW,ORDER_PAYMENT,2026-08-13 07:49:13
TX-7051,ORD-3051,CUSTOMER,CUST-0409,1100.0,INFLOW,ORDER_PAYMENT,2026-08-13 07:57:20
TX-7052,ORD-3052,CUSTOMER,CUST-0453,4294.61,INFLOW,ORDER_PAYMENT,2026-08-13 08:05:35
TX-7053,ORD-3053,CUSTOMER,CUST-0164,3246.81,INFLOW,ORDER_PAYMENT,2026-08-13 08:13:59
TX-7054,ORD-3054,CUSTOMER,CUST-0463,4226.7,INFLOW,ORDER_PAYMENT,2026-08-13 08:22:38
TX-7055,ORD-3055,CUSTOMER,CUST-0380,3554.02,INFLOW,ORDER_PAYMENT,2026-08-13 08:30:55
TX-7056,ORD-3056,CUSTOMER,CUST-0466,4101.12,INFLOW,ORDER_PAYMENT,2026-08-13 08:39:25
TX-7057,ORD-3057,CUSTOMER,CUST-0422,1992.9,INFLOW,ORDER_PAYMENT,2026-08-13 08:47:46
TX-7058,ORD-3058,CUSTOMER,CUST-0285,2788.05,INFLOW,ORDER_PAYMENT,2026-08-13 08:56:24
TX-7059,ORD-3059,CUSTOMER,CUST-0091,3412.17,INFLOW,ORDER_PAYMENT,2026-08-13 09:04:35
TX-7060,ORD-3060,CUSTOMER,CUST-0111,1090.0,INFLOW,ORDER_PAYMENT,2026-08-13 09:12:53
TX-7061,ORD-3061,CUSTOMER,CUST-0376,3024.83,INFLOW,ORDER_PAYMENT,2026-08-13 09:21:16
TX-7062,ORD-3062,CUSTOMER,CUST-0405,4076.43,INFLOW,ORDER_PAYMENT,2026-08-13 09:29:42
TX-7063,ORD-3063,CUSTOMER,CUST-0262,7808.62,INFLOW,ORDER_PAYMENT,2026-08-13 09:38:07
TX-7064,ORD-3064,CUSTOMER,CUST-0101,1862.43,INFLOW,ORDER_PAYMENT,2026-08-13 09:46:26
TX-7065,ORD-3065,CUSTOMER,CUST-0422,4030.3,INFLOW,ORDER_PAYMENT,2026-08-13 09:54:58
TX-7066,ORD-3066,CUSTOMER,CUST-0329,4093.93,INFLOW,ORDER_PAYMENT,2026-08-13 10:03:21
TX-7067,ORD-3067,CUSTOMER,CUST-0204,3737.74,INFLOW,ORDER_PAYMENT,2026-08-13 10:11:46
TX-7068,ORD-3068,CUSTOMER,CUST-0307,670.05,INFLOW,ORDER_PAYMENT,2026-08-13 10:20:11
TX-7069,ORD-3069,CUSTOMER,CUST-0007,3684.61,INFLOW,ORDER_PAYMENT,2026-08-13 10:28:50
TX-7070,ORD-3070,CUSTOMER,CUST-0478,306.7,INFLOW,ORDER_PAYMENT,2026-08-13 10:36:58
TX-7071,ORD-3071,CUSTOMER,CUST-0451,2449.37,INFLOW,ORDER_PAYMENT,2026-08-13 10:45:30
TX-7072,ORD-3072,CUSTOMER,CUST-0113,2419.53,INFLOW,ORDER_PAYMENT,2026-08-13 10:54:00
TX-7073,ORD-3073,CUSTOMER,CUST-0270,6049.66,INFLOW,ORDER_PAYMENT,2026-08-13 11:02:24
TX-7074,ORD-3074,CUSTOMER,CUST-0155,3024.83,INFLOW,ORDER_PAYMENT,2026-08-13 11:10:39
TX-7075,ORD-3075,CUSTOMER,CUST-0253,4424.97,INFLOW,ORDER_PAYMENT,2026-08-13 11:18:52
TX-7076,ORD-3076,CUSTOMER,CUST-0050,3737.74,INFLOW,ORDER_PAYMENT,2026-08-13 11:27:21
TX-7077,ORD-3077,CUSTOMER,CUST-0233,3314.53,INFLOW,ORDER_PAYMENT,2026-08-13 11:36:01
TX-7078,ORD-3078,CUSTOMER,CUST-0185,2483.23,INFLOW,ORDER_PAYMENT,2026-08-13 11:44:23
TX-7079,ORD-3079,CUSTOMER,CUST-0288,3564.2,INFLOW,ORDER_PAYMENT,2026-08-13 11:52:51
TX-7080,ORD-3080,CUSTOMER,CUST-0201,3817.51,INFLOW,ORDER_PAYMENT,2026-08-13 12:01:09
TX-7081,ORD-3081,CUSTOMER,CUST-0413,3527.16,INFLOW,ORDER_PAYMENT,2026-08-13 12:09:31
TX-7082,ORD-3082,CUSTOMER,CUST-0163,889.09,INFLOW,ORDER_PAYMENT,2026-08-13 12:18:00
TX-7083,ORD-3083,CUSTOMER,CUST-0169,358.12,INFLOW,ORDER_PAYMENT,2026-08-13 12:26:09
TX-7084,ORD-3084,CUSTOMER,CUST-0231,826.99,INFLOW,ORDER_PAYMENT,2026-08-13 12:34:50
TX-7085,ORD-3085,CUSTOMER,CUST-0315,883.38,INFLOW,ORDER_PAYMENT,2026-08-13 12:42:55
TX-7086,ORD-3086,CUSTOMER,CUST-0235,431.18,INFLOW,ORDER_PAYMENT,2026-08-13 12:51:08
TX-7087,ORD-3087,CUSTOMER,CUST-0459,4030.3,INFLOW,ORDER_PAYMENT,2026-08-13 13:00:00
TX-7088,ORD-3088,CUSTOMER,CUST-0186,1100.0,INFLOW,ORDER_PAYMENT,2026-08-13 13:08:26
TX-7089,ORD-3089,CUSTOMER,CUST-0184,1100.0,INFLOW,ORDER_PAYMENT,2026-08-13 13:16:44
TX-7090,ORD-3090,CUSTOMER,CUST-0126,3196.07,INFLOW,ORDER_PAYMENT,2026-08-13 13:24:54
TX-7091,ORD-3091,CUSTOMER,CUST-0202,8453.4,INFLOW,ORDER_PAYMENT,2026-08-13 13:33:32
TX-7092,ORD-3092,CUSTOMER,CUST-0049,3855.71,INFLOW,ORDER_PAYMENT,2026-08-13 13:41:42
TX-7093,ORD-3093,CUSTOMER,CUST-0163,1924.84,INFLOW,ORDER_PAYMENT,2026-08-13 13:50:24
TX-7094,ORD-3094,CUSTOMER,CUST-0339,8202.24,INFLOW,ORDER_PAYMENT,2026-08-13 13:58:40
TX-7095,ORD-3095,CUSTOMER,CUST-0311,3897.52,INFLOW,ORDER_PAYMENT,2026-08-13 14:06:44
TX-7096,ORD-3096,CUSTOMER,CUST-0245,2788.05,INFLOW,ORDER_PAYMENT,2026-08-13 14:15:19
TX-7097,ORD-3097,CUSTOMER,CUST-0114,1924.84,INFLOW,ORDER_PAYMENT,2026-08-13 14:23:47
TX-7098,ORD-3098,CUSTOMER,CUST-0405,2449.37,INFLOW,ORDER_PAYMENT,2026-08-13 14:31:56
TX-7099,ORD-3099,CUSTOMER,CUST-0183,1100.0,INFLOW,ORDER_PAYMENT,2026-08-13 14:40:32
TX-7100,ORD-3100,CUSTOMER,CUST-0375,2589.06,INFLOW,ORDER_PAYMENT,2026-08-13 14:49:02
TX-7101,ORD-3101,CUSTOMER,CUST-0445,1544.47,INFLOW,ORDER_PAYMENT,2026-08-13 14:57:08
TX-7102,ORD-3102,CUSTOMER,CUST-0389,4076.43,INFLOW,ORDER_PAYMENT,2026-08-13 15:05:43
TX-7103,ORD-3103,CUSTOMER,CUST-0362,3570.49,INFLOW,ORDER_PAYMENT,2026-08-13 15:14:06
TX-7104,ORD-3104,CUSTOMER,CUST-0466,4336.35,INFLOW,ORDER_PAYMENT,2026-08-13 15:22:43
TX-7105,ORD-3105,CUSTOMER,CUST-0007,1544.47,INFLOW,ORDER_PAYMENT,2026-08-13 15:30:52
TX-7106,ORD-3106,CUSTOMER,CUST-0305,3063.16,INFLOW,ORDER_PAYMENT,2026-08-13 15:39:22
TX-7107,ORD-3107,CUSTOMER,CUST-0365,3655.67,INFLOW,ORDER_PAYMENT,2026-08-13 15:47:33
TX-7108,ORD-3108,CUSTOMER,CUST-0482,8108.6,INFLOW,ORDER_PAYMENT,2026-08-13 15:55:59
TX-7109,ORD-3109,CUSTOMER,CUST-0153,4390.3,INFLOW,ORDER_PAYMENT,2026-08-13 16:04:35
TX-7110,ORD-3110,CUSTOMER,CUST-0326,2483.23,INFLOW,ORDER_PAYMENT,2026-08-13 16:12:42
TX-7111,ORD-3111,CUSTOMER,CUST-0179,8545.9,INFLOW,ORDER_PAYMENT,2026-08-13 16:21:32
TX-7112,ORD-3112,CUSTOMER,CUST-0137,3621.3,INFLOW,ORDER_PAYMENT,2026-08-13 16:29:38
TX-7113,ORD-3113,CUSTOMER,CUST-0186,1100.0,INFLOW,ORDER_PAYMENT,2026-08-13 16:37:57
TX-7114,ORD-3114,CUSTOMER,CUST-0303,3722.35,INFLOW,ORDER_PAYMENT,2026-08-13 16:46:24
TX-7115,ORD-3115,CUSTOMER,CUST-0430,4030.3,INFLOW,ORDER_PAYMENT,2026-08-13 16:55:02
TX-7116,ORD-3116,CUSTOMER,CUST-0291,4424.97,INFLOW,ORDER_PAYMENT,2026-08-13 17:03:24
TX-7117,ORD-3117,CUSTOMER,CUST-0138,1418.34,INFLOW,ORDER_PAYMENT,2026-08-13 17:11:54
TX-7118,ORD-3118,CUSTOMER,CUST-0424,1418.34,INFLOW,ORDER_PAYMENT,2026-08-13 17:20:03
TX-7119,ORD-3119,CUSTOMER,CUST-0309,1778.18,INFLOW,ORDER_PAYMENT,2026-08-13 17:28:23
TX-7120,ORD-3120,CUSTOMER,CUST-0425,2483.23,INFLOW,ORDER_PAYMENT,2026-08-13 17:36:43
TX-7121,ORD-3121,CUSTOMER,CUST-0087,826.99,INFLOW,ORDER_PAYMENT,2026-08-13 17:45:05
TX-7122,ORD-3122,CUSTOMER,CUST-0150,3564.2,INFLOW,ORDER_PAYMENT,2026-08-13 17:53:40
TX-7123,ORD-3123,CUSTOMER,CUST-0264,2459.94,INFLOW,ORDER_PAYMENT,2026-08-13 18:02:12
TX-7124,ORD-3124,CUSTOMER,CUST-0109,2589.06,INFLOW,ORDER_PAYMENT,2026-08-13 18:10:24
TX-7125,ORD-3125,CUSTOMER,CUST-0022,3621.3,INFLOW,ORDER_PAYMENT,2026-08-13 18:18:51
TX-7126,ORD-3126,CUSTOMER,CUST-0457,8917.16,INFLOW,ORDER_PAYMENT,2026-08-13 18:27:09
TX-7127,ORD-3127,CUSTOMER,CUST-0225,1090.0,INFLOW,ORDER_PAYMENT,2026-08-13 18:35:45
TX-7128,ORD-3128,CUSTOMER,CUST-0493,4030.3,INFLOW,ORDER_PAYMENT,2026-08-13 18:44:23
TX-7129,ORD-3129,CUSTOMER,CUST-0037,3063.16,INFLOW,ORDER_PAYMENT,2026-08-13 18:52:29
TX-7130,ORD-3130,CUSTOMER,CUST-0074,4294.61,INFLOW,ORDER_PAYMENT,2026-08-13 19:00:45
TX-7131,ORD-3131,CUSTOMER,CUST-0397,3737.74,INFLOW,ORDER_PAYMENT,2026-08-13 19:09:34
TX-7132,ORD-3132,CUSTOMER,CUST-0090,2452.83,INFLOW,ORDER_PAYMENT,2026-08-13 19:17:32
TX-7133,ORD-3133,CUSTOMER,CUST-0299,1524.23,INFLOW,ORDER_PAYMENT,2026-08-13 19:26:06
TX-7134,ORD-3134,CUSTOMER,CUST-0337,656.92,INFLOW,ORDER_PAYMENT,2026-08-13 19:34:32
TX-7135,ORD-3135,CUSTOMER,CUST-0014,3063.16,INFLOW,ORDER_PAYMENT,2026-08-13 19:42:41
TX-7136,ORD-3136,CUSTOMER,CUST-0208,263.42,INFLOW,ORDER_PAYMENT,2026-08-13 19:51:34
TX-7137,ORD-3137,CUSTOMER,CUST-0335,1524.23,INFLOW,ORDER_PAYMENT,2026-08-13 19:59:46
TX-7138,ORD-3138,CUSTOMER,CUST-0248,3297.77,INFLOW,ORDER_PAYMENT,2026-08-13 20:07:55
TX-7139,ORD-3139,CUSTOMER,CUST-0496,4336.35,INFLOW,ORDER_PAYMENT,2026-08-13 20:16:20
TX-7140,ORD-3140,CUSTOMER,CUST-0185,414.04,INFLOW,ORDER_PAYMENT,2026-08-13 20:25:08
TX-7141,ORD-3141,CUSTOMER,CUST-0495,3737.74,INFLOW,ORDER_PAYMENT,2026-08-13 20:33:30
TX-7142,ORD-3142,CUSTOMER,CUST-0004,1125.08,INFLOW,ORDER_PAYMENT,2026-08-13 20:41:39
TX-7143,ORD-3143,CUSTOMER,CUST-0481,414.04,INFLOW,ORDER_PAYMENT,2026-08-13 20:50:16
TX-7144,ORD-3144,CUSTOMER,CUST-0334,4093.93,INFLOW,ORDER_PAYMENT,2026-08-13 20:58:46
TX-7145,ORD-3145,CUSTOMER,CUST-0069,2788.05,INFLOW,ORDER_PAYMENT,2026-08-13 21:07:05
TX-7146,ORD-3146,CUSTOMER,CUST-0349,3211.6,INFLOW,ORDER_PAYMENT,2026-08-13 21:15:32
TX-7147,ORD-3147,CUSTOMER,CUST-0161,3196.07,INFLOW,ORDER_PAYMENT,2026-08-13 21:23:37
TX-7148,ORD-3148,CUSTOMER,CUST-0364,4272.95,INFLOW,ORDER_PAYMENT,2026-08-13 21:31:56
TX-7149,ORD-3149,CUSTOMER,CUST-0061,1100.0,INFLOW,ORDER_PAYMENT,2026-08-13 21:40:16
TX-7150,ORD-3150,CUSTOMER,CUST-0188,4093.93,INFLOW,ORDER_PAYMENT,2026-08-13 21:48:52
TX-7151,ORD-3151,CUSTOMER,CUST-0400,3655.67,INFLOW,ORDER_PAYMENT,2026-08-13 21:57:03
TX-7152,ORD-3152,CUSTOMER,CUST-0463,1348.16,INFLOW,ORDER_PAYMENT,2026-08-13 22:05:42
TX-7153,ORD-3153,CUSTOMER,CUST-0039,3621.3,INFLOW,ORDER_PAYMENT,2026-08-13 22:14:00
TX-7154,ORD-3154,CUSTOMER,CUST-0052,4074.31,INFLOW,ORDER_PAYMENT,2026-08-13 22:22:30
TX-7155,ORD-3155,CUSTOMER,CUST-0324,3897.52,INFLOW,ORDER_PAYMENT,2026-08-13 22:31:02
TX-7156,ORD-3156,CUSTOMER,CUST-0431,4030.3,INFLOW,ORDER_PAYMENT,2026-08-13 22:39:17
TX-7157,ORD-3157,CUSTOMER,CUST-0233,3724.86,INFLOW,ORDER_PAYMENT,2026-08-13 22:47:55
TX-7158,ORD-3158,CUSTOMER,CUST-0060,826.99,INFLOW,ORDER_PAYMENT,2026-08-13 22:56:06
TX-7159,ORD-3159,CUSTOMER,CUST-0166,2462.84,INFLOW,ORDER_PAYMENT,2026-08-13 23:04:43
TX-7160,ORD-3160,CUSTOMER,CUST-0273,414.04,INFLOW,ORDER_PAYMENT,2026-08-13 23:12:52
TX-7161,ORD-3161,CUSTOMER,CUST-0240,656.92,INFLOW,ORDER_PAYMENT,2026-08-13 23:21:12
TX-7162,ORD-3162,CUSTOMER,CUST-0033,5120.1,INFLOW,ORDER_PAYMENT,2026-08-13 23:29:43
TX-7163,ORD-3163,CUSTOMER,CUST-0333,4390.3,INFLOW,ORDER_PAYMENT,2026-08-13 23:38:18
TX-7164,ORD-3164,CUSTOMER,CUST-0475,3724.86,INFLOW,ORDER_PAYMENT,2026-08-13 23:46:25
TX-7165,ORD-3165,CUSTOMER,CUST-0255,1732.3,INFLOW,ORDER_PAYMENT,2026-08-13 23:54:46
TX-7166,ORD-3166,CUSTOMER,CUST-0153,1524.23,INFLOW,ORDER_PAYMENT,2026-08-14 00:03:17
TX-7167,ORD-3167,CUSTOMER,CUST-0117,2449.37,INFLOW,ORDER_PAYMENT,2026-08-14 00:11:50
TX-7168,ORD-3168,CUSTOMER,CUST-0004,3817.51,INFLOW,ORDER_PAYMENT,2026-08-14 00:20:18
TX-7169,ORD-3169,CUSTOMER,CUST-0344,535.08,INFLOW,ORDER_PAYMENT,2026-08-14 00:28:37
TX-7170,ORD-3170,CUSTOMER,CUST-0203,4076.43,INFLOW,ORDER_PAYMENT,2026-08-14 00:37:00
TX-7171,ORD-3171,CUSTOMER,CUST-0183,3855.71,INFLOW,ORDER_PAYMENT,2026-08-14 00:45:09
TX-7172,ORD-3172,CUSTOMER,CUST-0208,1418.34,INFLOW,ORDER_PAYMENT,2026-08-14 00:53:50
TX-7173,ORD-3173,CUSTOMER,CUST-0141,3722.35,INFLOW,ORDER_PAYMENT,2026-08-14 01:01:53
TX-7174,ORD-3174,CUSTOMER,CUST-0010,3904.31,INFLOW,ORDER_PAYMENT,2026-08-14 01:10:22
TX-7175,ORD-3175,CUSTOMER,CUST-0064,1434.09,INFLOW,ORDER_PAYMENT,2026-08-14 01:19:02
TX-7176,ORD-3176,CUSTOMER,CUST-0282,3024.83,INFLOW,ORDER_PAYMENT,2026-08-14 01:27:11
TX-7177,ORD-3177,CUSTOMER,CUST-0104,3412.17,INFLOW,ORDER_PAYMENT,2026-08-14 01:35:46
TX-7178,ORD-3178,CUSTOMER,CUST-0232,2560.05,INFLOW,ORDER_PAYMENT,2026-08-14 01:44:19
TX-7179,ORD-3179,CUSTOMER,CUST-0134,535.08,INFLOW,ORDER_PAYMENT,2026-08-14 01:52:19
TX-7180,ORD-3180,CUSTOMER,CUST-0140,4030.3,INFLOW,ORDER_PAYMENT,2026-08-14 02:00:46
TX-7181,ORD-3181,CUSTOMER,CUST-0002,3570.49,INFLOW,ORDER_PAYMENT,2026-08-14 02:09:30
TX-7182,ORD-3182,CUSTOMER,CUST-0204,3052.92,INFLOW,ORDER_PAYMENT,2026-08-14 02:17:43
TX-7183,ORD-3183,CUSTOMER,CUST-0204,1100.0,INFLOW,ORDER_PAYMENT,2026-08-14 02:26:05
TX-7184,ORD-3184,CUSTOMER,CUST-0497,2757.05,INFLOW,ORDER_PAYMENT,2026-08-14 02:34:34
TX-7185,ORD-3185,CUSTOMER,CUST-0051,1100.0,INFLOW,ORDER_PAYMENT,2026-08-14 02:42:42
TX-7186,ORD-3186,CUSTOMER,CUST-0104,4054.3,INFLOW,ORDER_PAYMENT,2026-08-14 02:51:25
TX-7187,ORD-3187,CUSTOMER,CUST-0298,1732.3,INFLOW,ORDER_PAYMENT,2026-08-14 02:59:29
TX-7188,ORD-3188,CUSTOMER,CUST-0453,883.38,INFLOW,ORDER_PAYMENT,2026-08-14 03:08:03
TX-7189,ORD-3189,CUSTOMER,CUST-0306,2200.0,INFLOW,ORDER_PAYMENT,2026-08-14 03:16:35
TX-7190,ORD-3190,CUSTOMER,CUST-0164,1100.0,INFLOW,ORDER_PAYMENT,2026-08-14 03:24:40
TX-7191,ORD-3191,CUSTOMER,CUST-0296,656.92,INFLOW,ORDER_PAYMENT,2026-08-14 03:33:03
TX-7192,ORD-3192,CUSTOMER,CUST-0420,1090.0,INFLOW,ORDER_PAYMENT,2026-08-14 03:41:52
TX-7193,ORD-3193,CUSTOMER,CUST-0263,4424.97,INFLOW,ORDER_PAYMENT,2026-08-14 03:50:12
TX-7194,ORD-3194,CUSTOMER,CUST-0111,1882.85,INFLOW,ORDER_PAYMENT,2026-08-14 03:58:39
TX-7195,ORD-3195,CUSTOMER,CUST-0490,3412.17,INFLOW,ORDER_PAYMENT,2026-08-14 04:06:55
TX-7196,ORD-3196,CUSTOMER,CUST-0446,2152.34,INFLOW,ORDER_PAYMENT,2026-08-14 04:15:10
TX-7197,ORD-3197,CUSTOMER,CUST-0500,3554.02,INFLOW,ORDER_PAYMENT,2026-08-14 04:23:52
TX-7198,ORD-3198,CUSTOMER,CUST-0174,4390.3,INFLOW,ORDER_PAYMENT,2026-08-14 04:31:49
TX-7199,ORD-3199,CUSTOMER,CUST-0383,826.99,INFLOW,ORDER_PAYMENT,2026-08-14 04:40:35
TX-7200,ORD-3200,CUSTOMER,CUST-0343,3310.04,INFLOW,ORDER_PAYMENT,2026-08-14 04:48:36
TX-7201,ORD-3201,CUSTOMER,CUST-0291,3024.83,INFLOW,ORDER_PAYMENT,2026-08-14 04:57:19
TX-7202,ORD-3202,CUSTOMER,CUST-0182,3590.3,INFLOW,ORDER_PAYMENT,2026-08-14 05:05:26
TX-7203,ORD-3203,CUSTOMER,CUST-0153,4390.3,INFLOW,ORDER_PAYMENT,2026-08-14 05:14:00
TX-7204,ORD-3204,CUSTOMER,CUST-0482,1768.39,INFLOW,ORDER_PAYMENT,2026-08-14 05:22:37
TX-7205,ORD-3205,CUSTOMER,CUST-0179,818.39,INFLOW,ORDER_PAYMENT,2026-08-14 05:30:52
TX-7206,ORD-3206,CUSTOMER,CUST-0099,3554.02,INFLOW,ORDER_PAYMENT,2026-08-14 05:39:06
TX-7207,ORD-3207,CUSTOMER,CUST-0415,3412.17,INFLOW,ORDER_PAYMENT,2026-08-14 05:47:26
TX-7208,ORD-3208,CUSTOMER,CUST-0452,8148.62,INFLOW,ORDER_PAYMENT,2026-08-14 05:56:16
TX-7209,ORD-3209,CUSTOMER,CUST-0083,1636.78,INFLOW,ORDER_PAYMENT,2026-08-14 06:04:16
TX-7210,ORD-3210,CUSTOMER,CUST-0473,1434.09,INFLOW,ORDER_PAYMENT,2026-08-14 06:13:00
TX-7211,ORD-3211,CUSTOMER,CUST-0002,3088.94,INFLOW,ORDER_PAYMENT,2026-08-14 06:20:59
TX-7212,ORD-3212,CUSTOMER,CUST-0306,3569.25,INFLOW,ORDER_PAYMENT,2026-08-14 06:29:40
TX-7213,ORD-3213,CUSTOMER,CUST-0385,3765.7,INFLOW,ORDER_PAYMENT,2026-08-14 06:38:16
TX-7214,ORD-3214,CUSTOMER,CUST-0012,1882.85,INFLOW,ORDER_PAYMENT,2026-08-14 06:46:22
TX-7215,ORD-3215,CUSTOMER,CUST-0391,3737.74,INFLOW,ORDER_PAYMENT,2026-08-14 06:54:35
TX-7216,ORD-3216,CUSTOMER,CUST-0028,4337.59,INFLOW,ORDER_PAYMENT,2026-08-14 07:03:17
TX-7217,ORD-3217,CUSTOMER,CUST-0390,1882.85,INFLOW,ORDER_PAYMENT,2026-08-14 07:11:25
TX-7218,ORD-3218,CUSTOMER,CUST-0288,3024.83,INFLOW,ORDER_PAYMENT,2026-08-14 07:19:51
TX-7219,ORD-3219,CUSTOMER,CUST-0009,2449.37,INFLOW,ORDER_PAYMENT,2026-08-14 07:28:25
TX-7220,ORD-3220,CUSTOMER,CUST-0319,656.92,INFLOW,ORDER_PAYMENT,2026-08-14 07:36:50
TX-7221,ORD-3221,CUSTOMER,CUST-0327,8545.9,INFLOW,ORDER_PAYMENT,2026-08-14 07:45:18
TX-7222,ORD-3222,CUSTOMER,CUST-0007,818.39,INFLOW,ORDER_PAYMENT,2026-08-14 07:53:30
TX-7223,ORD-3223,CUSTOMER,CUST-0144,1524.23,INFLOW,ORDER_PAYMENT,2026-08-14 08:01:49
TX-7224,ORD-3224,CUSTOMER,CUST-0275,1636.78,INFLOW,ORDER_PAYMENT,2026-08-14 08:10:16
TX-7225,ORD-3225,CUSTOMER,CUST-0219,818.39,INFLOW,ORDER_PAYMENT,2026-08-14 08:18:37
TX-7226,ORD-3226,CUSTOMER,CUST-0166,1229.97,INFLOW,ORDER_PAYMENT,2026-08-14 08:27:27
TX-7227,ORD-3227,CUSTOMER,CUST-0395,3570.49,INFLOW,ORDER_PAYMENT,2026-08-14 08:35:29
TX-7228,ORD-3228,CUSTOMER,CUST-0281,3817.51,INFLOW,ORDER_PAYMENT,2026-08-14 08:43:53
TX-7229,ORD-3229,CUSTOMER,CUST-0319,4448.99,INFLOW,ORDER_PAYMENT,2026-08-14 08:52:26
TX-7230,ORD-3230,CUSTOMER,CUST-0487,1605.72,INFLOW,ORDER_PAYMENT,2026-08-14 09:00:44
TX-7231,ORD-3231,CUSTOMER,CUST-0061,3314.53,INFLOW,ORDER_PAYMENT,2026-08-14 09:09:17
TX-7232,ORD-3232,CUSTOMER,CUST-0009,2589.06,INFLOW,ORDER_PAYMENT,2026-08-14 09:17:47
TX-7233,ORD-3233,CUSTOMER,CUST-0362,291.34,INFLOW,ORDER_PAYMENT,2026-08-14 09:26:06
TX-7234,ORD-3234,CUSTOMER,CUST-0151,3817.51,INFLOW,ORDER_PAYMENT,2026-08-14 09:34:36
TX-7235,ORD-3235,CUSTOMER,CUST-0421,3482.21,INFLOW,ORDER_PAYMENT,2026-08-14 09:42:33
TX-7236,ORD-3236,CUSTOMER,CUST-0478,670.05,INFLOW,ORDER_PAYMENT,2026-08-14 09:51:26
TX-7237,ORD-3237,CUSTOMER,CUST-0207,3554.02,INFLOW,ORDER_PAYMENT,2026-08-14 09:59:46
TX-7238,ORD-3238,CUSTOMER,CUST-0500,829.04,INFLOW,ORDER_PAYMENT,2026-08-14 10:07:45
TX-7239,ORD-3239,CUSTOMER,CUST-0086,3621.3,INFLOW,ORDER_PAYMENT,2026-08-14 10:16:15
TX-7240,ORD-3240,CUSTOMER,CUST-0167,2065.51,INFLOW,ORDER_PAYMENT,2026-08-14 10:24:34
TX-7241,ORD-3241,CUSTOMER,CUST-0301,1229.97,INFLOW,ORDER_PAYMENT,2026-08-14 10:33:06
TX-7242,ORD-3242,CUSTOMER,CUST-0004,1768.39,INFLOW,ORDER_PAYMENT,2026-08-14 10:41:28
TX-7243,ORD-3243,CUSTOMER,CUST-0467,4893.28,INFLOW,ORDER_PAYMENT,2026-08-14 10:50:08
TX-7244,ORD-3244,CUSTOMER,CUST-0378,4054.3,INFLOW,ORDER_PAYMENT,2026-08-14 10:58:11
TX-7245,ORD-3245,CUSTOMER,CUST-0233,1076.17,INFLOW,ORDER_PAYMENT,2026-08-14 11:07:02
TX-7246,ORD-3246,CUSTOMER,CUST-0241,8108.6,INFLOW,ORDER_PAYMENT,2026-08-14 11:14:59
TX-7247,ORD-3247,CUSTOMER,CUST-0012,7475.48,INFLOW,ORDER_PAYMENT,2026-08-14 11:23:23
TX-7248,ORD-3248,CUSTOMER,CUST-0188,1732.3,INFLOW,ORDER_PAYMENT,2026-08-14 11:32:09
TX-7249,ORD-3249,CUSTOMER,CUST-0027,3246.81,INFLOW,ORDER_PAYMENT,2026-08-14 11:40:10
TX-7250,ORD-3250,CUSTOMER,CUST-0448,2449.37,INFLOW,ORDER_PAYMENT,2026-08-14 11:48:55
TX-7251,ORD-3251,CUSTOMER,CUST-0092,3297.77,INFLOW,ORDER_PAYMENT,2026-08-14 11:57:15
TX-7252,ORD-3252,CUSTOMER,CUST-0475,1768.39,INFLOW,ORDER_PAYMENT,2026-08-14 12:05:28
TX-7253,ORD-3253,CUSTOMER,CUST-0195,414.04,INFLOW,ORDER_PAYMENT,2026-08-14 12:13:49
TX-7254,ORD-3254,CUSTOMER,CUST-0350,3314.53,INFLOW,ORDER_PAYMENT,2026-08-14 12:22:32
TX-7255,ORD-3255,CUSTOMER,CUST-0329,1070.16,INFLOW,ORDER_PAYMENT,2026-08-14 12:30:50
TX-7256,ORD-3256,CUSTOMER,CUST-0255,674.08,INFLOW,ORDER_PAYMENT,2026-08-14 12:39:02
TX-7257,ORD-3257,CUSTOMER,CUST-0011,1229.97,INFLOW,ORDER_PAYMENT,2026-08-14 12:47:44
TX-7258,ORD-3258,CUSTOMER,CUST-0309,3904.31,INFLOW,ORDER_PAYMENT,2026-08-14 12:56:02
TX-7259,ORD-3259,CUSTOMER,CUST-0181,3737.74,INFLOW,ORDER_PAYMENT,2026-08-14 13:04:09
TX-7260,ORD-3260,CUSTOMER,CUST-0473,818.39,INFLOW,ORDER_PAYMENT,2026-08-14 13:12:36
TX-7261,ORD-3261,CUSTOMER,CUST-0114,5514.1,INFLOW,ORDER_PAYMENT,2026-08-14 13:21:17
TX-7262,ORD-3262,CUSTOMER,CUST-0390,2065.51,INFLOW,ORDER_PAYMENT,2026-08-14 13:29:30
TX-7263,ORD-3263,CUSTOMER,CUST-0412,3904.05,INFLOW,ORDER_PAYMENT,2026-08-14 13:37:45
TX-7264,ORD-3264,CUSTOMER,CUST-0144,5576.1,INFLOW,ORDER_PAYMENT,2026-08-14 13:46:12
TX-7265,ORD-3265,CUSTOMER,CUST-0452,3310.04,INFLOW,ORDER_PAYMENT,2026-08-14 13:54:34
TX-7266,ORD-3266,CUSTOMER,CUST-0094,3303.71,INFLOW,ORDER_PAYMENT,2026-08-14 14:02:55
TX-7267,ORD-3267,CUSTOMER,CUST-0114,8849.94,INFLOW,ORDER_PAYMENT,2026-08-14 14:11:19
TX-7268,ORD-3268,CUSTOMER,CUST-0411,4390.3,INFLOW,ORDER_PAYMENT,2026-08-14 14:19:50
TX-7269,ORD-3269,CUSTOMER,CUST-0451,3722.35,INFLOW,ORDER_PAYMENT,2026-08-14 14:28:06
TX-7270,ORD-3270,CUSTOMER,CUST-0452,263.42,INFLOW,ORDER_PAYMENT,2026-08-14 14:36:32
TX-7271,ORD-3271,CUSTOMER,CUST-0125,306.7,INFLOW,ORDER_PAYMENT,2026-08-14 14:45:10
TX-7272,ORD-3272,CUSTOMER,CUST-0106,4257.97,INFLOW,ORDER_PAYMENT,2026-08-14 14:53:18
TX-7273,ORD-3273,CUSTOMER,CUST-0094,2452.83,INFLOW,ORDER_PAYMENT,2026-08-14 15:01:53
TX-7274,ORD-3274,CUSTOMER,CUST-0497,1004.29,INFLOW,ORDER_PAYMENT,2026-08-14 15:10:34
TX-7275,ORD-3275,CUSTOMER,CUST-0108,1924.84,INFLOW,ORDER_PAYMENT,2026-08-14 15:18:36
TX-7276,ORD-3276,CUSTOMER,CUST-0119,2252.3,INFLOW,ORDER_PAYMENT,2026-08-14 15:27:17
TX-7277,ORD-3277,CUSTOMER,CUST-0082,4336.35,INFLOW,ORDER_PAYMENT,2026-08-14 15:35:45
TX-7278,ORD-3278,CUSTOMER,CUST-0239,1125.08,INFLOW,ORDER_PAYMENT,2026-08-14 15:43:58
TX-7279,ORD-3279,CUSTOMER,CUST-0109,1605.72,INFLOW,ORDER_PAYMENT,2026-08-14 15:52:17
TX-7280,ORD-3280,CUSTOMER,CUST-0320,4336.35,INFLOW,ORDER_PAYMENT,2026-08-14 16:01:00
TX-7281,ORD-3281,CUSTOMER,CUST-0054,2065.51,INFLOW,ORDER_PAYMENT,2026-08-14 16:08:57
TX-7282,ORD-3282,CUSTOMER,CUST-0070,4458.58,INFLOW,ORDER_PAYMENT,2026-08-14 16:17:45
TX-7283,ORD-3283,CUSTOMER,CUST-0124,3297.77,INFLOW,ORDER_PAYMENT,2026-08-14 16:26:08
TX-7284,ORD-3284,CUSTOMER,CUST-0242,3048.46,INFLOW,ORDER_PAYMENT,2026-08-14 16:34:06
TX-7285,ORD-3285,CUSTOMER,CUST-0143,3904.31,INFLOW,ORDER_PAYMENT,2026-08-14 16:42:49
TX-7286,ORD-3286,CUSTOMER,CUST-0125,674.08,INFLOW,ORDER_PAYMENT,2026-08-14 16:51:02
TX-7287,ORD-3287,CUSTOMER,CUST-0076,3412.17,INFLOW,ORDER_PAYMENT,2026-08-14 16:59:42
TX-7288,ORD-3288,CUSTOMER,CUST-0076,1604.68,INFLOW,ORDER_PAYMENT,2026-08-14 17:08:08
TX-7289,ORD-3289,CUSTOMER,CUST-0456,3722.35,INFLOW,ORDER_PAYMENT,2026-08-14 17:16:09
TX-7290,ORD-3290,CUSTOMER,CUST-0357,3817.51,INFLOW,ORDER_PAYMENT,2026-08-14 17:24:32
TX-7291,ORD-3291,CUSTOMER,CUST-0401,4458.58,INFLOW,ORDER_PAYMENT,2026-08-14 17:33:09
TX-7292,ORD-3292,CUSTOMER,CUST-0346,4424.97,INFLOW,ORDER_PAYMENT,2026-08-14 17:41:45
TX-7293,ORD-3293,CUSTOMER,CUST-0489,3305.06,INFLOW,ORDER_PAYMENT,2026-08-14 17:49:46
TX-7294,ORD-3294,CUSTOMER,CUST-0138,2560.05,INFLOW,ORDER_PAYMENT,2026-08-14 17:58:04
TX-7295,ORD-3295,CUSTOMER,CUST-0101,3554.02,INFLOW,ORDER_PAYMENT,2026-08-14 18:06:41
TX-7296,ORD-3296,CUSTOMER,CUST-0296,3297.77,INFLOW,ORDER_PAYMENT,2026-08-14 18:15:15
TX-7297,ORD-3297,CUSTOMER,CUST-0104,4257.97,INFLOW,ORDER_PAYMENT,2026-08-14 18:23:25
TX-7298,ORD-3298,CUSTOMER,CUST-0493,263.42,INFLOW,ORDER_PAYMENT,2026-08-14 18:32:04
TX-7299,ORD-3299,CUSTOMER,CUST-0241,3817.51,INFLOW,ORDER_PAYMENT,2026-08-14 18:40:28
TX-7300,ORD-3300,CUSTOMER,CUST-0113,4458.58,INFLOW,ORDER_PAYMENT,2026-08-14 18:48:36
TX-7301,ORD-3301,CUSTOMER,CUST-0050,1604.68,INFLOW,ORDER_PAYMENT,2026-08-14 18:57:15
TX-7302,ORD-3302,CUSTOMER,CUST-0321,1229.97,INFLOW,ORDER_PAYMENT,2026-08-14 19:05:40
TX-7303,ORD-3303,CUSTOMER,CUST-0083,4257.97,INFLOW,ORDER_PAYMENT,2026-08-14 19:13:44
TX-7304,ORD-3304,CUSTOMER,CUST-0419,3855.71,INFLOW,ORDER_PAYMENT,2026-08-14 19:22:07
TX-7305,ORD-3305,CUSTOMER,CUST-0188,2419.53,INFLOW,ORDER_PAYMENT,2026-08-14 19:30:31
TX-7306,ORD-3306,CUSTOMER,CUST-0419,3855.71,INFLOW,ORDER_PAYMENT,2026-08-14 19:39:02
TX-7307,ORD-3307,CUSTOMER,CUST-0012,656.92,INFLOW,ORDER_PAYMENT,2026-08-14 19:47:22
TX-7308,ORD-3308,CUSTOMER,CUST-0244,3655.67,INFLOW,ORDER_PAYMENT,2026-08-14 19:55:40
TX-7309,ORD-3309,CUSTOMER,CUST-0450,1229.97,INFLOW,ORDER_PAYMENT,2026-08-14 20:04:31
TX-7310,ORD-3310,CUSTOMER,CUST-0271,3684.61,INFLOW,ORDER_PAYMENT,2026-08-14 20:12:34
TX-7311,ORD-3311,CUSTOMER,CUST-0157,4424.97,INFLOW,ORDER_PAYMENT,2026-08-14 20:21:05
TX-7312,ORD-3312,CUSTOMER,CUST-0322,1100.0,INFLOW,ORDER_PAYMENT,2026-08-14 20:29:37
TX-7313,ORD-3313,CUSTOMER,CUST-0376,4030.3,INFLOW,ORDER_PAYMENT,2026-08-14 20:37:42
TX-7314,ORD-3314,CUSTOMER,CUST-0049,2868.18,INFLOW,ORDER_PAYMENT,2026-08-14 20:46:33
TX-7315,ORD-3315,CUSTOMER,CUST-0042,517.68,INFLOW,ORDER_PAYMENT,2026-08-14 20:54:29
TX-7316,ORD-3316,CUSTOMER,CUST-0439,431.18,INFLOW,ORDER_PAYMENT,2026-08-14 21:03:14
TX-7317,ORD-3317,CUSTOMER,CUST-0075,1653.98,INFLOW,ORDER_PAYMENT,2026-08-14 21:11:31
TX-7318,ORD-3318,CUSTOMER,CUST-0451,3737.74,INFLOW,ORDER_PAYMENT,2026-08-14 21:20:08
TX-7319,ORD-3319,CUSTOMER,CUST-0355,2836.68,INFLOW,ORDER_PAYMENT,2026-08-14 21:28:12
TX-7320,ORD-3320,CUSTOMER,CUST-0337,3722.35,INFLOW,ORDER_PAYMENT,2026-08-14 21:36:38
TX-7321,ORD-3321,CUSTOMER,CUST-0233,2439.3,INFLOW,ORDER_PAYMENT,2026-08-14 21:45:12
TX-7322,ORD-3322,CUSTOMER,CUST-0025,1768.39,INFLOW,ORDER_PAYMENT,2026-08-14 21:53:33
TX-7323,ORD-3323,CUSTOMER,CUST-0234,1904.59,INFLOW,ORDER_PAYMENT,2026-08-14 22:01:47
TX-7324,ORD-3324,CUSTOMER,CUST-0401,5288.26,INFLOW,ORDER_PAYMENT,2026-08-14 22:10:27
TX-7325,ORD-3325,CUSTOMER,CUST-0391,4390.3,INFLOW,ORDER_PAYMENT,2026-08-14 22:18:28
TX-7326,ORD-3326,CUSTOMER,CUST-0354,6493.62,INFLOW,ORDER_PAYMENT,2026-08-14 22:27:13
TX-7327,ORD-3327,CUSTOMER,CUST-0061,1090.0,INFLOW,ORDER_PAYMENT,2026-08-14 22:35:44
TX-7328,ORD-3328,CUSTOMER,CUST-0286,3655.67,INFLOW,ORDER_PAYMENT,2026-08-14 22:44:06
TX-7329,ORD-3329,CUSTOMER,CUST-0467,8187.86,INFLOW,ORDER_PAYMENT,2026-08-14 22:52:02
TX-7330,ORD-3330,CUSTOMER,CUST-0110,6493.62,INFLOW,ORDER_PAYMENT,2026-08-14 23:00:28
TX-7331,ORD-3331,CUSTOMER,CUST-0292,2560.05,INFLOW,ORDER_PAYMENT,2026-08-14 23:09:07
TX-7332,ORD-3332,CUSTOMER,CUST-0426,358.12,INFLOW,ORDER_PAYMENT,2026-08-14 23:17:25
TX-7333,ORD-3333,CUSTOMER,CUST-0282,4076.43,INFLOW,ORDER_PAYMENT,2026-08-14 23:25:40
TX-7334,ORD-3334,CUSTOMER,CUST-0433,656.92,INFLOW,ORDER_PAYMENT,2026-08-14 23:34:10
TX-7335,ORD-3335,CUSTOMER,CUST-0445,2868.18,INFLOW,ORDER_PAYMENT,2026-08-14 23:42:37
TX-7336,ORD-3336,CUSTOMER,CUST-0256,1544.47,INFLOW,ORDER_PAYMENT,2026-08-14 23:51:15
TX-7337,ORD-3337,CUSTOMER,CUST-0074,4448.99,INFLOW,ORDER_PAYMENT,2026-08-14 23:59:20
TX-7338,ORD-3338,CUSTOMER,CUST-0049,883.38,INFLOW,ORDER_PAYMENT,2026-08-15 00:08:03
TX-7339,ORD-3339,CUSTOMER,CUST-0005,4458.58,INFLOW,ORDER_PAYMENT,2026-08-15 00:16:23
TX-7340,ORD-3340,CUSTOMER,CUST-0251,3590.3,INFLOW,ORDER_PAYMENT,2026-08-15 00:24:28
TX-7341,ORD-3341,CUSTOMER,CUST-0014,1090.0,INFLOW,ORDER_PAYMENT,2026-08-15 00:33:10
TX-7342,ORD-3342,CUSTOMER,CUST-0396,4272.95,INFLOW,ORDER_PAYMENT,2026-08-15 00:41:34
TX-7343,ORD-3343,CUSTOMER,CUST-0433,1862.43,INFLOW,ORDER_PAYMENT,2026-08-15 00:49:56
TX-7344,ORD-3344,CUSTOMER,CUST-0466,3637.58,INFLOW,ORDER_PAYMENT,2026-08-15 00:58:17
TX-7345,ORD-3345,CUSTOMER,CUST-0351,670.05,INFLOW,ORDER_PAYMENT,2026-08-15 01:06:35
TX-7346,ORD-3346,CUSTOMER,CUST-0030,3655.67,INFLOW,ORDER_PAYMENT,2026-08-15 01:15:00
TX-7347,ORD-3347,CUSTOMER,CUST-0327,4074.31,INFLOW,ORDER_PAYMENT,2026-08-15 01:23:37
TX-7348,ORD-3348,CUSTOMER,CUST-0261,3569.25,INFLOW,ORDER_PAYMENT,2026-08-15 01:31:45
TX-7349,ORD-3349,CUSTOMER,CUST-0063,1604.68,INFLOW,ORDER_PAYMENT,2026-08-15 01:40:02
TX-7350,ORD-3350,CUSTOMER,CUST-0069,4424.97,INFLOW,ORDER_PAYMENT,2026-08-15 01:48:33
TX-7351,ORD-3351,CUSTOMER,CUST-0189,7808.62,INFLOW,ORDER_PAYMENT,2026-08-15 01:57:10
TX-7352,ORD-3352,CUSTOMER,CUST-0127,1076.17,INFLOW,ORDER_PAYMENT,2026-08-15 02:05:21
TX-7353,ORD-3353,CUSTOMER,CUST-0401,4337.59,INFLOW,ORDER_PAYMENT,2026-08-15 02:14:01
TX-7354,ORD-3354,CUSTOMER,CUST-0078,4054.3,INFLOW,ORDER_PAYMENT,2026-08-15 02:22:01
TX-7355,ORD-3355,CUSTOMER,CUST-0474,3855.71,INFLOW,ORDER_PAYMENT,2026-08-15 02:30:27
TX-7356,ORD-3356,CUSTOMER,CUST-0139,1605.72,INFLOW,ORDER_PAYMENT,2026-08-15 02:38:54
TX-7357,ORD-3357,CUSTOMER,CUST-0146,3211.6,INFLOW,ORDER_PAYMENT,2026-08-15 02:47:16
TX-7358,ORD-3358,CUSTOMER,CUST-0263,1418.34,INFLOW,ORDER_PAYMENT,2026-08-15 02:55:49
TX-7359,ORD-3359,CUSTOMER,CUST-0251,2452.83,INFLOW,ORDER_PAYMENT,2026-08-15 03:04:19
TX-7360,ORD-3360,CUSTOMER,CUST-0066,1125.08,INFLOW,ORDER_PAYMENT,2026-08-15 03:12:30
TX-7361,ORD-3361,CUSTOMER,CUST-0289,3246.81,INFLOW,ORDER_PAYMENT,2026-08-15 03:21:11
TX-7362,ORD-3362,CUSTOMER,CUST-0058,3063.16,INFLOW,ORDER_PAYMENT,2026-08-15 03:29:27
TX-7363,ORD-3363,CUSTOMER,CUST-0093,3063.16,INFLOW,ORDER_PAYMENT,2026-08-15 03:37:35
TX-7364,ORD-3364,CUSTOMER,CUST-0280,4030.3,INFLOW,ORDER_PAYMENT,2026-08-15 03:46:20
TX-7365,ORD-3365,CUSTOMER,CUST-0413,431.18,INFLOW,ORDER_PAYMENT,2026-08-15 03:54:47
TX-7366,ORD-3366,CUSTOMER,CUST-0233,2200.0,INFLOW,ORDER_PAYMENT,2026-08-15 04:02:58
TX-7367,ORD-3367,CUSTOMER,CUST-0243,6392.14,INFLOW,ORDER_PAYMENT,2026-08-15 04:11:16
TX-7368,ORD-3368,CUSTOMER,CUST-0435,889.09,INFLOW,ORDER_PAYMENT,2026-08-15 04:19:43
TX-7369,ORD-3369,CUSTOMER,CUST-0207,1231.42,INFLOW,ORDER_PAYMENT,2026-08-15 04:28:28
TX-7370,ORD-3370,CUSTOMER,CUST-0089,291.34,INFLOW,ORDER_PAYMENT,2026-08-15 04:36:34
TX-7371,ORD-3371,CUSTOMER,CUST-0184,1100.0,INFLOW,ORDER_PAYMENT,2026-08-15 04:45:04
TX-7372,ORD-3372,CUSTOMER,CUST-0043,4458.58,INFLOW,ORDER_PAYMENT,2026-08-15 04:53:37
TX-7373,ORD-3373,CUSTOMER,CUST-0348,1229.97,INFLOW,ORDER_PAYMENT,2026-08-15 05:01:45
TX-7374,ORD-3374,CUSTOMER,CUST-0414,2757.05,INFLOW,ORDER_PAYMENT,2026-08-15 05:10:05
TX-7375,ORD-3375,CUSTOMER,CUST-0114,3482.21,INFLOW,ORDER_PAYMENT,2026-08-15 05:18:25
TX-7376,ORD-3376,CUSTOMER,CUST-0049,1299.1,INFLOW,ORDER_PAYMENT,2026-08-15 05:27:09
TX-7377,ORD-3377,CUSTOMER,CUST-0137,1524.23,INFLOW,ORDER_PAYMENT,2026-08-15 05:35:22
TX-7378,ORD-3378,CUSTOMER,CUST-0432,3684.61,INFLOW,ORDER_PAYMENT,2026-08-15 05:43:51
TX-7379,ORD-3379,CUSTOMER,CUST-0324,1100.0,INFLOW,ORDER_PAYMENT,2026-08-15 05:52:26
TX-7380,ORD-3380,CUSTOMER,CUST-0122,3024.83,INFLOW,ORDER_PAYMENT,2026-08-15 06:00:50
TX-7381,ORD-3381,CUSTOMER,CUST-0274,7140.98,INFLOW,ORDER_PAYMENT,2026-08-15 06:08:55
TX-7382,ORD-3382,CUSTOMER,CUST-0317,7808.62,INFLOW,ORDER_PAYMENT,2026-08-15 06:17:40
TX-7383,ORD-3383,CUSTOMER,CUST-0048,2200.0,INFLOW,ORDER_PAYMENT,2026-08-15 06:26:04
TX-7384,ORD-3384,CUSTOMER,CUST-0026,5514.1,INFLOW,ORDER_PAYMENT,2026-08-15 06:33:58
TX-7385,ORD-3385,CUSTOMER,CUST-0258,3412.17,INFLOW,ORDER_PAYMENT,2026-08-15 06:42:25
TX-7386,ORD-3386,CUSTOMER,CUST-0043,4054.3,INFLOW,ORDER_PAYMENT,2026-08-15 06:50:55
TX-7387,ORD-3387,CUSTOMER,CUST-0054,535.08,INFLOW,ORDER_PAYMENT,2026-08-15 06:59:14
TX-7388,ORD-3388,CUSTOMER,CUST-0432,8148.62,INFLOW,ORDER_PAYMENT,2026-08-15 07:07:52
TX-7389,ORD-3389,CUSTOMER,CUST-0386,1862.43,INFLOW,ORDER_PAYMENT,2026-08-15 07:16:09
TX-7390,ORD-3390,CUSTOMER,CUST-0341,716.24,INFLOW,ORDER_PAYMENT,2026-08-15 07:24:46
TX-7391,ORD-3391,CUSTOMER,CUST-0040,818.39,INFLOW,ORDER_PAYMENT,2026-08-15 07:32:56
TX-7392,ORD-3392,CUSTOMER,CUST-0499,291.34,INFLOW,ORDER_PAYMENT,2026-08-15 07:41:12
TX-7393,ORD-3393,CUSTOMER,CUST-0151,3684.61,INFLOW,ORDER_PAYMENT,2026-08-15 07:49:33
TX-7394,ORD-3394,CUSTOMER,CUST-0111,2483.23,INFLOW,ORDER_PAYMENT,2026-08-15 07:58:00
TX-7395,ORD-3395,CUSTOMER,CUST-0033,3196.07,INFLOW,ORDER_PAYMENT,2026-08-15 08:06:50
TX-7396,ORD-3396,CUSTOMER,CUST-0454,3527.16,INFLOW,ORDER_PAYMENT,2026-08-15 08:15:01
TX-7397,ORD-3397,CUSTOMER,CUST-0159,1100.0,INFLOW,ORDER_PAYMENT,2026-08-15 08:23:35
TX-7398,ORD-3398,CUSTOMER,CUST-0407,2788.05,INFLOW,ORDER_PAYMENT,2026-08-15 08:31:57
TX-7399,ORD-3399,CUSTOMER,CUST-0322,3527.16,INFLOW,ORDER_PAYMENT,2026-08-15 08:40:00
TX-7400,ORD-3400,CUSTOMER,CUST-0133,670.05,INFLOW,ORDER_PAYMENT,2026-08-15 08:48:47
TX-7401,ORD-3401,CUSTOMER,CUST-0453,1100.0,INFLOW,ORDER_PAYMENT,2026-08-15 08:57:01
TX-7402,ORD-3402,CUSTOMER,CUST-0129,3024.83,INFLOW,ORDER_PAYMENT,2026-08-15 09:05:19
TX-7403,ORD-3403,CUSTOMER,CUST-0160,1100.0,INFLOW,ORDER_PAYMENT,2026-08-15 09:13:51
TX-7404,ORD-3404,CUSTOMER,CUST-0474,526.84,INFLOW,ORDER_PAYMENT,2026-08-15 09:21:59
TX-7405,ORD-3405,CUSTOMER,CUST-0358,4074.31,INFLOW,ORDER_PAYMENT,2026-08-15 09:30:48
TX-7406,ORD-3406,CUSTOMER,CUST-0416,3817.51,INFLOW,ORDER_PAYMENT,2026-08-15 09:38:47
TX-7407,ORD-3407,CUSTOMER,CUST-0082,883.38,INFLOW,ORDER_PAYMENT,2026-08-15 09:47:19
TX-7408,ORD-3408,CUSTOMER,CUST-0458,3904.31,INFLOW,ORDER_PAYMENT,2026-08-15 09:55:41
TX-7409,ORD-3409,CUSTOMER,CUST-0220,2788.05,INFLOW,ORDER_PAYMENT,2026-08-15 10:04:02
TX-7410,ORD-3410,CUSTOMER,CUST-0499,7444.7,INFLOW,ORDER_PAYMENT,2026-08-15 10:12:30
TX-7411,ORD-3411,CUSTOMER,CUST-0133,1524.23,INFLOW,ORDER_PAYMENT,2026-08-15 10:21:12
TX-7412,ORD-3412,CUSTOMER,CUST-0178,5576.1,INFLOW,ORDER_PAYMENT,2026-08-15 10:29:19
TX-7413,ORD-3413,CUSTOMER,CUST-0243,3570.49,INFLOW,ORDER_PAYMENT,2026-08-15 10:37:52
TX-7414,ORD-3414,CUSTOMER,CUST-0167,3786.85,INFLOW,ORDER_PAYMENT,2026-08-15 10:45:58
TX-7415,ORD-3415,CUSTOMER,CUST-0262,4337.59,INFLOW,ORDER_PAYMENT,2026-08-15 10:54:40
TX-7416,ORD-3416,CUSTOMER,CUST-0345,656.92,INFLOW,ORDER_PAYMENT,2026-08-15 11:02:49
TX-7417,ORD-3417,CUSTOMER,CUST-0318,2250.16,INFLOW,ORDER_PAYMENT,2026-08-15 11:11:17
TX-7418,ORD-3418,CUSTOMER,CUST-0035,4257.97,INFLOW,ORDER_PAYMENT,2026-08-15 11:19:36
TX-7419,ORD-3419,CUSTOMER,CUST-0257,1768.39,INFLOW,ORDER_PAYMENT,2026-08-15 11:28:19
TX-7420,ORD-3420,CUSTOMER,CUST-0204,3052.92,INFLOW,ORDER_PAYMENT,2026-08-15 11:36:20
TX-7421,ORD-3421,CUSTOMER,CUST-0458,716.24,INFLOW,ORDER_PAYMENT,2026-08-15 11:44:52
TX-7422,ORD-3422,CUSTOMER,CUST-0238,828.08,INFLOW,ORDER_PAYMENT,2026-08-15 11:53:33
TX-7423,ORD-3423,CUSTOMER,CUST-0106,2200.0,INFLOW,ORDER_PAYMENT,2026-08-15 12:01:37
TX-7424,ORD-3424,CUSTOMER,CUST-0332,431.18,INFLOW,ORDER_PAYMENT,2026-08-15 12:10:12
TX-7425,ORD-3425,CUSTOMER,CUST-0344,2560.05,INFLOW,ORDER_PAYMENT,2026-08-15 12:18:47
TX-7426,ORD-3426,CUSTOMER,CUST-0463,1100.0,INFLOW,ORDER_PAYMENT,2026-08-15 12:27:12
TX-7427,ORD-3427,CUSTOMER,CUST-0290,1004.29,INFLOW,ORDER_PAYMENT,2026-08-15 12:35:24
TX-7428,ORD-3428,CUSTOMER,CUST-0162,1231.42,INFLOW,ORDER_PAYMENT,2026-08-15 12:43:58
TX-7429,ORD-3429,CUSTOMER,CUST-0234,4257.97,INFLOW,ORDER_PAYMENT,2026-08-15 12:52:10
TX-7430,ORD-3430,CUSTOMER,CUST-0407,2836.68,INFLOW,ORDER_PAYMENT,2026-08-15 13:00:19
TX-7431,ORD-3431,CUSTOMER,CUST-0348,7369.22,INFLOW,ORDER_PAYMENT,2026-08-15 13:09:01
TX-7432,ORD-3432,CUSTOMER,CUST-0372,1732.3,INFLOW,ORDER_PAYMENT,2026-08-15 13:17:13
TX-7433,ORD-3433,CUSTOMER,CUST-0334,8108.6,INFLOW,ORDER_PAYMENT,2026-08-15 13:25:42
TX-7434,ORD-3434,CUSTOMER,CUST-0083,670.05,INFLOW,ORDER_PAYMENT,2026-08-15 13:33:56
TX-7435,ORD-3435,CUSTOMER,CUST-0302,557.56,INFLOW,ORDER_PAYMENT,2026-08-15 13:42:30
TX-7436,ORD-3436,CUSTOMER,CUST-0417,829.04,INFLOW,ORDER_PAYMENT,2026-08-15 13:50:58
TX-7437,ORD-3437,CUSTOMER,CUST-0368,4101.12,INFLOW,ORDER_PAYMENT,2026-08-15 13:59:13
TX-7438,ORD-3438,CUSTOMER,CUST-0058,3564.2,INFLOW,ORDER_PAYMENT,2026-08-15 14:07:46
TX-7439,ORD-3439,CUSTOMER,CUST-0416,1418.34,INFLOW,ORDER_PAYMENT,2026-08-15 14:16:06
TX-7440,ORD-3440,CUSTOMER,CUST-0058,4054.3,INFLOW,ORDER_PAYMENT,2026-08-15 14:24:36
TX-7441,ORD-3441,CUSTOMER,CUST-0176,1231.42,INFLOW,ORDER_PAYMENT,2026-08-15 14:33:10
TX-7442,ORD-3442,CUSTOMER,CUST-0104,1882.85,INFLOW,ORDER_PAYMENT,2026-08-15 14:41:34
TX-7443,ORD-3443,CUSTOMER,CUST-0127,3196.07,INFLOW,ORDER_PAYMENT,2026-08-15 14:49:47
TX-7444,ORD-3444,CUSTOMER,CUST-0172,1100.0,INFLOW,ORDER_PAYMENT,2026-08-15 14:58:11
TX-7445,ORD-3445,CUSTOMER,CUST-0416,4074.31,INFLOW,ORDER_PAYMENT,2026-08-15 15:06:29
TX-7446,ORD-3446,CUSTOMER,CUST-0082,1004.29,INFLOW,ORDER_PAYMENT,2026-08-15 15:15:02
TX-7447,ORD-3447,CUSTOMER,CUST-0013,3655.67,INFLOW,ORDER_PAYMENT,2026-08-15 15:23:22
TX-7448,ORD-3448,CUSTOMER,CUST-0226,2788.05,INFLOW,ORDER_PAYMENT,2026-08-15 15:31:45
TX-7449,ORD-3449,CUSTOMER,CUST-0089,1090.0,INFLOW,ORDER_PAYMENT,2026-08-15 15:40:23
TX-7450,ORD-3450,CUSTOMER,CUST-0125,4054.3,INFLOW,ORDER_PAYMENT,2026-08-15 15:48:36
TX-7451,ORD-3451,CUSTOMER,CUST-0272,2452.83,INFLOW,ORDER_PAYMENT,2026-08-15 15:57:01
TX-7452,ORD-3452,CUSTOMER,CUST-0481,358.12,INFLOW,ORDER_PAYMENT,2026-08-15 16:05:10
TX-7453,ORD-3453,CUSTOMER,CUST-0387,3904.05,INFLOW,ORDER_PAYMENT,2026-08-15 16:13:46
TX-7454,ORD-3454,CUSTOMER,CUST-0392,1992.9,INFLOW,ORDER_PAYMENT,2026-08-15 16:22:10
TX-7455,ORD-3455,CUSTOMER,CUST-0354,557.56,INFLOW,ORDER_PAYMENT,2026-08-15 16:30:26
TX-7456,ORD-3456,CUSTOMER,CUST-0299,4448.99,INFLOW,ORDER_PAYMENT,2026-08-15 16:38:54
TX-7457,ORD-3457,CUSTOMER,CUST-0132,3246.81,INFLOW,ORDER_PAYMENT,2026-08-15 16:47:15
TX-7458,ORD-3458,CUSTOMER,CUST-0198,4076.43,INFLOW,ORDER_PAYMENT,2026-08-15 16:55:55
TX-7459,ORD-3459,CUSTOMER,CUST-0308,3904.05,INFLOW,ORDER_PAYMENT,2026-08-15 17:04:13
TX-7460,ORD-3460,CUSTOMER,CUST-0292,3246.81,INFLOW,ORDER_PAYMENT,2026-08-15 17:12:28
TX-7461,ORD-3461,CUSTOMER,CUST-0477,5120.1,INFLOW,ORDER_PAYMENT,2026-08-15 17:20:56
TX-7462,ORD-3462,CUSTOMER,CUST-0442,1636.78,INFLOW,ORDER_PAYMENT,2026-08-15 17:29:26
TX-7463,ORD-3463,CUSTOMER,CUST-0354,4424.97,INFLOW,ORDER_PAYMENT,2026-08-15 17:37:43
TX-7464,ORD-3464,CUSTOMER,CUST-0190,3310.04,INFLOW,ORDER_PAYMENT,2026-08-15 17:46:22
TX-7465,ORD-3465,CUSTOMER,CUST-0115,3637.58,INFLOW,ORDER_PAYMENT,2026-08-15 17:54:26
TX-7466,ORD-3466,CUSTOMER,CUST-0259,1231.42,INFLOW,ORDER_PAYMENT,2026-08-15 18:02:42
TX-7467,ORD-3467,CUSTOMER,CUST-0145,2788.05,INFLOW,ORDER_PAYMENT,2026-08-15 18:11:30
TX-7468,ORD-3468,CUSTOMER,CUST-0263,1904.59,INFLOW,ORDER_PAYMENT,2026-08-15 18:19:45
TX-7469,ORD-3469,CUSTOMER,CUST-0326,3855.71,INFLOW,ORDER_PAYMENT,2026-08-15 18:28:08
TX-7470,ORD-3470,CUSTOMER,CUST-0126,2252.3,INFLOW,ORDER_PAYMENT,2026-08-15 18:36:26
TX-7471,ORD-3471,CUSTOMER,CUST-0423,4294.61,INFLOW,ORDER_PAYMENT,2026-08-15 18:45:00
TX-7472,ORD-3472,CUSTOMER,CUST-0191,851.72,INFLOW,ORDER_PAYMENT,2026-08-15 18:53:28
TX-7473,ORD-3473,CUSTOMER,CUST-0366,3052.92,INFLOW,ORDER_PAYMENT,2026-08-15 19:01:34
TX-7474,ORD-3474,CUSTOMER,CUST-0300,1100.0,INFLOW,ORDER_PAYMENT,2026-08-15 19:10:15
TX-7475,ORD-3475,CUSTOMER,CUST-0403,829.04,INFLOW,ORDER_PAYMENT,2026-08-15 19:18:32
TX-7476,ORD-3476,CUSTOMER,CUST-0157,1418.34,INFLOW,ORDER_PAYMENT,2026-08-15 19:26:57
TX-7477,ORD-3477,CUSTOMER,CUST-0262,1544.47,INFLOW,ORDER_PAYMENT,2026-08-15 19:35:30
TX-7478,ORD-3478,CUSTOMER,CUST-0463,3297.77,INFLOW,ORDER_PAYMENT,2026-08-15 19:43:44
TX-7479,ORD-3479,CUSTOMER,CUST-0381,6595.54,INFLOW,ORDER_PAYMENT,2026-08-15 19:52:01
TX-7480,ORD-3480,CUSTOMER,CUST-0153,826.99,INFLOW,ORDER_PAYMENT,2026-08-15 20:00:32
TX-7481,ORD-3481,CUSTOMER,CUST-0063,3303.71,INFLOW,ORDER_PAYMENT,2026-08-15 20:08:44
TX-7482,ORD-3482,CUSTOMER,CUST-0316,557.56,INFLOW,ORDER_PAYMENT,2026-08-15 20:17:29
TX-7483,ORD-3483,CUSTOMER,CUST-0023,4448.99,INFLOW,ORDER_PAYMENT,2026-08-15 20:25:45
TX-7484,ORD-3484,CUSTOMER,CUST-0449,3024.83,INFLOW,ORDER_PAYMENT,2026-08-15 20:33:52
TX-7485,ORD-3485,CUSTOMER,CUST-0230,1768.39,INFLOW,ORDER_PAYMENT,2026-08-15 20:42:25
TX-7486,ORD-3486,CUSTOMER,CUST-0284,3412.17,INFLOW,ORDER_PAYMENT,2026-08-15 20:50:54
TX-7487,ORD-3487,CUSTOMER,CUST-0129,2065.51,INFLOW,ORDER_PAYMENT,2026-08-15 20:59:31
TX-7488,ORD-3488,CUSTOMER,CUST-0123,3412.17,INFLOW,ORDER_PAYMENT,2026-08-15 21:07:29
TX-7489,ORD-3489,CUSTOMER,CUST-0400,4336.35,INFLOW,ORDER_PAYMENT,2026-08-15 21:16:09
TX-7490,ORD-3490,CUSTOMER,CUST-0327,3590.3,INFLOW,ORDER_PAYMENT,2026-08-15 21:24:33
TX-7491,ORD-3491,CUSTOMER,CUST-0097,1882.85,INFLOW,ORDER_PAYMENT,2026-08-15 21:32:45
TX-7492,ORD-3492,CUSTOMER,CUST-0301,8545.9,INFLOW,ORDER_PAYMENT,2026-08-15 21:41:06
TX-7493,ORD-3493,CUSTOMER,CUST-0217,4257.97,INFLOW,ORDER_PAYMENT,2026-08-15 21:49:46
TX-7494,ORD-3494,CUSTOMER,CUST-0109,3621.3,INFLOW,ORDER_PAYMENT,2026-08-15 21:57:51
TX-7495,ORD-3495,CUSTOMER,CUST-0088,291.34,INFLOW,ORDER_PAYMENT,2026-08-15 22:06:25
TX-7496,ORD-3496,CUSTOMER,CUST-0391,5576.1,INFLOW,ORDER_PAYMENT,2026-08-15 22:14:44
TX-7497,ORD-3497,CUSTOMER,CUST-0189,1605.72,INFLOW,ORDER_PAYMENT,2026-08-15 22:23:15
TX-7498,ORD-3498,CUSTOMER,CUST-0078,3211.6,INFLOW,ORDER_PAYMENT,2026-08-15 22:31:49
TX-7499,ORD-3499,CUSTOMER,CUST-0289,1604.68,INFLOW,ORDER_PAYMENT,2026-08-15 22:40:14
TX-7500,ORD-3500,CUSTOMER,CUST-0288,6126.32,INFLOW,ORDER_PAYMENT,2026-08-15 22:48:26
TX-7501,ORD-3501,CUSTOMER,CUST-0326,6629.06,INFLOW,ORDER_PAYMENT,2026-08-15 22:56:56
TX-7502,ORD-3502,CUSTOMER,CUST-0043,4101.12,INFLOW,ORDER_PAYMENT,2026-08-15 23:05:19
TX-7503,ORD-3503,CUSTOMER,CUST-0072,2757.05,INFLOW,ORDER_PAYMENT,2026-08-15 23:13:44
TX-7504,ORD-3504,CUSTOMER,CUST-0122,3196.07,INFLOW,ORDER_PAYMENT,2026-08-15 23:22:02
TX-7505,ORD-3505,CUSTOMER,CUST-0157,829.04,INFLOW,ORDER_PAYMENT,2026-08-15 23:30:33
TX-7506,ORD-3506,CUSTOMER,CUST-0039,2252.3,INFLOW,ORDER_PAYMENT,2026-08-15 23:39:06
TX-7507,ORD-3507,CUSTOMER,CUST-0248,4336.35,INFLOW,ORDER_PAYMENT,2026-08-15 23:47:03
TX-7508,ORD-3508,CUSTOMER,CUST-0052,2452.83,INFLOW,ORDER_PAYMENT,2026-08-15 23:55:33
TX-7509,ORD-3509,CUSTOMER,CUST-0231,8148.62,INFLOW,ORDER_PAYMENT,2026-08-16 00:04:15
TX-7510,ORD-3510,CUSTOMER,CUST-0489,6610.12,INFLOW,ORDER_PAYMENT,2026-08-16 00:12:28
TX-7511,ORD-3511,CUSTOMER,CUST-0405,3305.06,INFLOW,ORDER_PAYMENT,2026-08-16 00:20:56
TX-7512,ORD-3512,CUSTOMER,CUST-0198,8148.62,INFLOW,ORDER_PAYMENT,2026-08-16 00:29:12
TX-7513,ORD-3513,CUSTOMER,CUST-0003,4905.66,INFLOW,ORDER_PAYMENT,2026-08-16 00:37:49
TX-7514,ORD-3514,CUSTOMER,CUST-0341,851.72,INFLOW,ORDER_PAYMENT,2026-08-16 00:46:11
TX-7515,ORD-3515,CUSTOMER,CUST-0212,883.38,INFLOW,ORDER_PAYMENT,2026-08-16 00:54:34
TX-7516,ORD-3516,CUSTOMER,CUST-0444,4458.58,INFLOW,ORDER_PAYMENT,2026-08-16 01:02:37
TX-7517,ORD-3517,CUSTOMER,CUST-0032,2452.83,INFLOW,ORDER_PAYMENT,2026-08-16 01:11:07
TX-7518,ORD-3518,CUSTOMER,CUST-0311,1605.72,INFLOW,ORDER_PAYMENT,2026-08-16 01:19:29
TX-7519,ORD-3519,CUSTOMER,CUST-0400,3849.68,INFLOW,ORDER_PAYMENT,2026-08-16 01:28:00
TX-7520,ORD-3520,CUSTOMER,CUST-0308,3482.21,INFLOW,ORDER_PAYMENT,2026-08-16 01:36:28
TX-7521,ORD-3521,CUSTOMER,CUST-0498,1992.9,INFLOW,ORDER_PAYMENT,2026-08-16 01:45:04
TX-7522,ORD-3522,CUSTOMER,CUST-0426,818.39,INFLOW,ORDER_PAYMENT,2026-08-16 01:53:08
TX-7523,ORD-3523,CUSTOMER,CUST-0028,6493.62,INFLOW,ORDER_PAYMENT,2026-08-16 02:01:34
TX-7524,ORD-3524,CUSTOMER,CUST-0212,3088.94,INFLOW,ORDER_PAYMENT,2026-08-16 02:09:56
TX-7525,ORD-3525,CUSTOMER,CUST-0191,4093.93,INFLOW,ORDER_PAYMENT,2026-08-16 02:18:26
TX-7526,ORD-3526,CUSTOMER,CUST-0491,2200.0,INFLOW,ORDER_PAYMENT,2026-08-16 02:26:50
TX-7527,ORD-3527,CUSTOMER,CUST-0428,4226.7,INFLOW,ORDER_PAYMENT,2026-08-16 02:35:05
TX-7528,ORD-3528,CUSTOMER,CUST-0357,3297.77,INFLOW,ORDER_PAYMENT,2026-08-16 02:43:30
TX-7529,ORD-3529,CUSTOMER,CUST-0424,2439.3,INFLOW,ORDER_PAYMENT,2026-08-16 02:52:15
TX-7530,ORD-3530,CUSTOMER,CUST-0401,535.08,INFLOW,ORDER_PAYMENT,2026-08-16 03:00:23
TX-7531,ORD-3531,CUSTOMER,CUST-0379,4337.59,INFLOW,ORDER_PAYMENT,2026-08-16 03:08:52
TX-7532,ORD-3532,CUSTOMER,CUST-0265,3527.16,INFLOW,ORDER_PAYMENT,2026-08-16 03:17:16
TX-7533,ORD-3533,CUSTOMER,CUST-0119,263.42,INFLOW,ORDER_PAYMENT,2026-08-16 03:25:42
TX-7534,ORD-3534,CUSTOMER,CUST-0370,7573.7,INFLOW,ORDER_PAYMENT,2026-08-16 03:33:59
TX-7535,ORD-3535,CUSTOMER,CUST-0049,2008.58,INFLOW,ORDER_PAYMENT,2026-08-16 03:42:15
TX-7536,ORD-3536,CUSTOMER,CUST-0059,1229.97,INFLOW,ORDER_PAYMENT,2026-08-16 03:50:39
TX-7537,ORD-3537,CUSTOMER,CUST-0243,3412.17,INFLOW,ORDER_PAYMENT,2026-08-16 03:59:13
TX-7538,ORD-3538,CUSTOMER,CUST-0100,431.18,INFLOW,ORDER_PAYMENT,2026-08-16 04:07:31
TX-7539,ORD-3539,CUSTOMER,CUST-0104,3809.18,INFLOW,ORDER_PAYMENT,2026-08-16 04:15:48
TX-7540,ORD-3540,CUSTOMER,CUST-0463,4336.35,INFLOW,ORDER_PAYMENT,2026-08-16 04:24:27
TX-7541,ORD-3541,CUSTOMER,CUST-0326,3590.3,INFLOW,ORDER_PAYMENT,2026-08-16 04:32:45
TX-7542,ORD-3542,CUSTOMER,CUST-0256,7108.04,INFLOW,ORDER_PAYMENT,2026-08-16 04:41:13
TX-7543,ORD-3543,CUSTOMER,CUST-0084,7573.7,INFLOW,ORDER_PAYMENT,2026-08-16 04:49:45
TX-7544,ORD-3544,CUSTOMER,CUST-0357,3297.77,INFLOW,ORDER_PAYMENT,2026-08-16 04:58:06
TX-7545,ORD-3545,CUSTOMER,CUST-0342,1862.43,INFLOW,ORDER_PAYMENT,2026-08-16 05:06:18
TX-7546,ORD-3546,CUSTOMER,CUST-0026,3314.53,INFLOW,ORDER_PAYMENT,2026-08-16 05:14:37
TX-7547,ORD-3547,CUSTOMER,CUST-0028,1100.0,INFLOW,ORDER_PAYMENT,2026-08-16 05:23:07
TX-7548,ORD-3548,CUSTOMER,CUST-0298,3246.81,INFLOW,ORDER_PAYMENT,2026-08-16 05:31:46
TX-7549,ORD-3549,CUSTOMER,CUST-0289,3303.71,INFLOW,ORDER_PAYMENT,2026-08-16 05:40:14
TX-7550,ORD-3550,CUSTOMER,CUST-0190,2200.0,INFLOW,ORDER_PAYMENT,2026-08-16 05:48:29
TX-7551,ORD-3551,CUSTOMER,CUST-0207,2452.83,INFLOW,ORDER_PAYMENT,2026-08-16 05:57:03
TX-7552,ORD-3552,CUSTOMER,CUST-0198,4390.3,INFLOW,ORDER_PAYMENT,2026-08-16 06:05:07
TX-7553,ORD-3553,CUSTOMER,CUST-0211,6620.08,INFLOW,ORDER_PAYMENT,2026-08-16 06:13:42
TX-7554,ORD-3554,CUSTOMER,CUST-0319,3637.58,INFLOW,ORDER_PAYMENT,2026-08-16 06:21:52
TX-7555,ORD-3555,CUSTOMER,CUST-0137,3412.17,INFLOW,ORDER_PAYMENT,2026-08-16 06:30:31
TX-7556,ORD-3556,CUSTOMER,CUST-0038,306.7,INFLOW,ORDER_PAYMENT,2026-08-16 06:38:55
TX-7557,ORD-3557,CUSTOMER,CUST-0375,3554.02,INFLOW,ORDER_PAYMENT,2026-08-16 06:47:26
TX-7558,ORD-3558,CUSTOMER,CUST-0357,1231.42,INFLOW,ORDER_PAYMENT,2026-08-16 06:55:27
TX-7559,ORD-3559,CUSTOMER,CUST-0029,1125.08,INFLOW,ORDER_PAYMENT,2026-08-16 07:03:52
TX-7560,ORD-3560,CUSTOMER,CUST-0309,7711.42,INFLOW,ORDER_PAYMENT,2026-08-16 07:12:32
TX-7561,ORD-3561,CUSTOMER,CUST-0189,1605.72,INFLOW,ORDER_PAYMENT,2026-08-16 07:20:35
TX-7562,ORD-3562,CUSTOMER,CUST-0260,2065.51,INFLOW,ORDER_PAYMENT,2026-08-16 07:29:15
TX-7563,ORD-3563,CUSTOMER,CUST-0241,3554.02,INFLOW,ORDER_PAYMENT,2026-08-16 07:37:37
TX-7564,ORD-3564,CUSTOMER,CUST-0346,3590.3,INFLOW,ORDER_PAYMENT,2026-08-16 07:46:13
TX-7565,ORD-3565,CUSTOMER,CUST-0271,2788.05,INFLOW,ORDER_PAYMENT,2026-08-16 07:54:30
TX-7566,ORD-3566,CUSTOMER,CUST-0366,4131.02,INFLOW,ORDER_PAYMENT,2026-08-16 08:02:51
TX-7567,ORD-3567,CUSTOMER,CUST-0481,2200.0,INFLOW,ORDER_PAYMENT,2026-08-16 08:10:56
TX-7568,ORD-3568,CUSTOMER,CUST-0264,263.42,INFLOW,ORDER_PAYMENT,2026-08-16 08:19:32
TX-7569,ORD-3569,CUSTOMER,CUST-0268,3303.71,INFLOW,ORDER_PAYMENT,2026-08-16 08:27:47
TX-7570,ORD-3570,CUSTOMER,CUST-0462,4294.61,INFLOW,ORDER_PAYMENT,2026-08-16 08:36:26
TX-7571,ORD-3571,CUSTOMER,CUST-0417,1434.09,INFLOW,ORDER_PAYMENT,2026-08-16 08:44:50
TX-7572,ORD-3572,CUSTOMER,CUST-0002,4839.06,INFLOW,ORDER_PAYMENT,2026-08-16 08:53:07
TX-7573,ORD-3573,CUSTOMER,CUST-0378,3570.49,INFLOW,ORDER_PAYMENT,2026-08-16 09:01:34
TX-7574,ORD-3574,CUSTOMER,CUST-0038,8515.94,INFLOW,ORDER_PAYMENT,2026-08-16 09:09:56
TX-7575,ORD-3575,CUSTOMER,CUST-0467,1076.17,INFLOW,ORDER_PAYMENT,2026-08-16 09:18:27
TX-7576,ORD-3576,CUSTOMER,CUST-0325,829.04,INFLOW,ORDER_PAYMENT,2026-08-16 09:26:38
TX-7577,ORD-3577,CUSTOMER,CUST-0305,3564.2,INFLOW,ORDER_PAYMENT,2026-08-16 09:35:04
TX-7578,ORD-3578,CUSTOMER,CUST-0129,8589.22,INFLOW,ORDER_PAYMENT,2026-08-16 09:43:20
TX-7579,ORD-3579,CUSTOMER,CUST-0455,1948.31,INFLOW,ORDER_PAYMENT,2026-08-16 09:52:09
TX-7580,ORD-3580,CUSTOMER,CUST-0495,3303.71,INFLOW,ORDER_PAYMENT,2026-08-16 10:00:07
TX-7581,ORD-3581,CUSTOMER,CUST-0259,1924.84,INFLOW,ORDER_PAYMENT,2026-08-16 10:08:40
TX-7582,ORD-3582,CUSTOMER,CUST-0319,3570.49,INFLOW,ORDER_PAYMENT,2026-08-16 10:17:14
TX-7583,ORD-3583,CUSTOMER,CUST-0480,4226.7,INFLOW,ORDER_PAYMENT,2026-08-16 10:25:46
TX-7584,ORD-3584,CUSTOMER,CUST-0284,1100.0,INFLOW,ORDER_PAYMENT,2026-08-16 10:33:56
TX-7585,ORD-3585,CUSTOMER,CUST-0110,7573.7,INFLOW,ORDER_PAYMENT,2026-08-16 10:42:22
TX-7586,ORD-3586,CUSTOMER,CUST-0417,3211.6,INFLOW,ORDER_PAYMENT,2026-08-16 10:50:41
TX-7587,ORD-3587,CUSTOMER,CUST-0088,4030.3,INFLOW,ORDER_PAYMENT,2026-08-16 10:59:04
TX-7588,ORD-3588,CUSTOMER,CUST-0414,670.05,INFLOW,ORDER_PAYMENT,2026-08-16 11:07:30
TX-7589,ORD-3589,CUSTOMER,CUST-0303,4272.95,INFLOW,ORDER_PAYMENT,2026-08-16 11:16:02
TX-7590,ORD-3590,CUSTOMER,CUST-0178,4093.93,INFLOW,ORDER_PAYMENT,2026-08-16 11:24:13
TX-7591,ORD-3591,CUSTOMER,CUST-0340,4076.43,INFLOW,ORDER_PAYMENT,2026-08-16 11:32:51
TX-7592,ORD-3592,CUSTOMER,CUST-0090,4054.3,INFLOW,ORDER_PAYMENT,2026-08-16 11:41:06
TX-7593,ORD-3593,CUSTOMER,CUST-0293,3786.85,INFLOW,ORDER_PAYMENT,2026-08-16 11:49:33
TX-7594,ORD-3594,CUSTOMER,CUST-0014,826.99,INFLOW,ORDER_PAYMENT,2026-08-16 11:58:04
TX-7595,ORD-3595,CUSTOMER,CUST-0124,1100.0,INFLOW,ORDER_PAYMENT,2026-08-16 12:06:19
TX-7596,ORD-3596,CUSTOMER,CUST-0091,1229.97,INFLOW,ORDER_PAYMENT,2026-08-16 12:14:55
TX-7597,ORD-3597,CUSTOMER,CUST-0464,1524.23,INFLOW,ORDER_PAYMENT,2026-08-16 12:23:03
TX-7598,ORD-3598,CUSTOMER,CUST-0464,2483.23,INFLOW,ORDER_PAYMENT,2026-08-16 12:31:43
TX-7599,ORD-3599,CUSTOMER,CUST-0176,3211.44,INFLOW,ORDER_PAYMENT,2026-08-16 12:40:10
TX-7600,ORD-3600,CUSTOMER,CUST-0328,2788.05,INFLOW,ORDER_PAYMENT,2026-08-16 12:48:28
TX-7601,ORD-3601,CUSTOMER,CUST-0359,2452.83,INFLOW,ORDER_PAYMENT,2026-08-16 12:56:40
TX-7602,ORD-3602,CUSTOMER,CUST-0108,1604.68,INFLOW,ORDER_PAYMENT,2026-08-16 13:05:18
TX-7603,ORD-3603,CUSTOMER,CUST-0262,2180.0,INFLOW,ORDER_PAYMENT,2026-08-16 13:13:44
TX-7604,ORD-3604,CUSTOMER,CUST-0073,4337.59,INFLOW,ORDER_PAYMENT,2026-08-16 13:22:10
TX-7605,ORD-3605,CUSTOMER,CUST-0008,3211.6,INFLOW,ORDER_PAYMENT,2026-08-16 13:30:09
TX-7606,ORD-3606,CUSTOMER,CUST-0142,1004.29,INFLOW,ORDER_PAYMENT,2026-08-16 13:38:35
TX-7607,ORD-3607,CUSTOMER,CUST-0347,2483.23,INFLOW,ORDER_PAYMENT,2026-08-16 13:47:13
TX-7608,ORD-3608,CUSTOMER,CUST-0453,2452.83,INFLOW,ORDER_PAYMENT,2026-08-16 13:55:46
TX-7609,ORD-3609,CUSTOMER,CUST-0481,1090.0,INFLOW,ORDER_PAYMENT,2026-08-16 14:04:01
TX-7610,ORD-3610,CUSTOMER,CUST-0040,431.18,INFLOW,ORDER_PAYMENT,2026-08-16 14:12:05
TX-7611,ORD-3611,CUSTOMER,CUST-0198,3637.58,INFLOW,ORDER_PAYMENT,2026-08-16 14:20:39
TX-7612,ORD-3612,CUSTOMER,CUST-0113,1992.9,INFLOW,ORDER_PAYMENT,2026-08-16 14:29:02
TX-7613,ORD-3613,CUSTOMER,CUST-0332,3786.85,INFLOW,ORDER_PAYMENT,2026-08-16 14:37:41
TX-7614,ORD-3614,CUSTOMER,CUST-0434,2446.64,INFLOW,ORDER_PAYMENT,2026-08-16 14:45:55
TX-7615,ORD-3615,CUSTOMER,CUST-0389,5178.12,INFLOW,ORDER_PAYMENT,2026-08-16 14:54:22
TX-7616,ORD-3616,CUSTOMER,CUST-0497,3855.71,INFLOW,ORDER_PAYMENT,2026-08-16 15:02:57
TX-7617,ORD-3617,CUSTOMER,CUST-0138,2250.16,INFLOW,ORDER_PAYMENT,2026-08-16 15:11:05
TX-7618,ORD-3618,CUSTOMER,CUST-0023,2200.0,INFLOW,ORDER_PAYMENT,2026-08-16 15:19:36
TX-7619,ORD-3619,CUSTOMER,CUST-0332,291.34,INFLOW,ORDER_PAYMENT,2026-08-16 15:27:45
TX-7620,ORD-3620,CUSTOMER,CUST-0114,883.38,INFLOW,ORDER_PAYMENT,2026-08-16 15:36:31
TX-7621,ORD-3621,CUSTOMER,CUST-0353,1434.09,INFLOW,ORDER_PAYMENT,2026-08-16 15:44:29
TX-7622,ORD-3622,CUSTOMER,CUST-0471,4093.93,INFLOW,ORDER_PAYMENT,2026-08-16 15:53:00
TX-7623,ORD-3623,CUSTOMER,CUST-0467,4424.97,INFLOW,ORDER_PAYMENT,2026-08-16 16:01:27
TX-7624,ORD-3624,CUSTOMER,CUST-0282,1882.85,INFLOW,ORDER_PAYMENT,2026-08-16 16:09:43
TX-7625,ORD-3625,CUSTOMER,CUST-0462,4458.58,INFLOW,ORDER_PAYMENT,2026-08-16 16:18:34
TX-7626,ORD-3626,CUSTOMER,CUST-0094,656.92,INFLOW,ORDER_PAYMENT,2026-08-16 16:26:43
TX-7627,ORD-3627,CUSTOMER,CUST-0205,2452.83,INFLOW,ORDER_PAYMENT,2026-08-16 16:35:14
TX-7628,ORD-3628,CUSTOMER,CUST-0435,1100.0,INFLOW,ORDER_PAYMENT,2026-08-16 16:43:31
TX-7629,ORD-3629,CUSTOMER,CUST-0456,2757.05,INFLOW,ORDER_PAYMENT,2026-08-16 16:51:55
TX-7630,ORD-3630,CUSTOMER,CUST-0259,4257.97,INFLOW,ORDER_PAYMENT,2026-08-16 17:00:15
TX-7631,ORD-3631,CUSTOMER,CUST-0495,306.7,INFLOW,ORDER_PAYMENT,2026-08-16 17:08:38
TX-7632,ORD-3632,CUSTOMER,CUST-0187,4390.3,INFLOW,ORDER_PAYMENT,2026-08-16 17:17:21
TX-7633,ORD-3633,CUSTOMER,CUST-0451,1862.43,INFLOW,ORDER_PAYMENT,2026-08-16 17:25:23
TX-7634,ORD-3634,CUSTOMER,CUST-0041,3655.67,INFLOW,ORDER_PAYMENT,2026-08-16 17:34:07
TX-7635,ORD-3635,CUSTOMER,CUST-0333,1100.0,INFLOW,ORDER_PAYMENT,2026-08-16 17:42:09
TX-7636,ORD-3636,CUSTOMER,CUST-0160,1004.29,INFLOW,ORDER_PAYMENT,2026-08-16 17:50:39
TX-7637,ORD-3637,CUSTOMER,CUST-0187,3855.71,INFLOW,ORDER_PAYMENT,2026-08-16 17:59:11
TX-7638,ORD-3638,CUSTOMER,CUST-0498,4337.59,INFLOW,ORDER_PAYMENT,2026-08-16 18:07:39
TX-7639,ORD-3639,CUSTOMER,CUST-0466,1658.08,INFLOW,ORDER_PAYMENT,2026-08-16 18:15:40
TX-7640,ORD-3640,CUSTOMER,CUST-0349,1948.31,INFLOW,ORDER_PAYMENT,2026-08-16 18:24:06
TX-7641,ORD-3641,CUSTOMER,CUST-0138,535.08,INFLOW,ORDER_PAYMENT,2026-08-16 18:32:30
TX-7642,ORD-3642,CUSTOMER,CUST-0361,2483.23,INFLOW,ORDER_PAYMENT,2026-08-16 18:41:08
TX-7643,ORD-3643,CUSTOMER,CUST-0474,4093.93,INFLOW,ORDER_PAYMENT,2026-08-16 18:49:40
TX-7644,ORD-3644,CUSTOMER,CUST-0361,1004.29,INFLOW,ORDER_PAYMENT,2026-08-16 18:57:40
TX-7645,ORD-3645,CUSTOMER,CUST-0383,7795.04,INFLOW,ORDER_PAYMENT,2026-08-16 19:06:29
TX-7646,ORD-3646,CUSTOMER,CUST-0296,3196.07,INFLOW,ORDER_PAYMENT,2026-08-16 19:14:44
TX-7647,ORD-3647,CUSTOMER,CUST-0168,2446.64,INFLOW,ORDER_PAYMENT,2026-08-16 19:23:17
TX-7648,ORD-3648,CUSTOMER,CUST-0162,557.56,INFLOW,ORDER_PAYMENT,2026-08-16 19:31:34
TX-7649,ORD-3649,CUSTOMER,CUST-0466,3897.52,INFLOW,ORDER_PAYMENT,2026-08-16 19:40:07
TX-7650,ORD-3650,CUSTOMER,CUST-0215,1544.47,INFLOW,ORDER_PAYMENT,2026-08-16 19:48:23
TX-7651,ORD-3651,CUSTOMER,CUST-0461,3052.92,INFLOW,ORDER_PAYMENT,2026-08-16 19:56:56
TX-7652,ORD-3652,CUSTOMER,CUST-0349,1100.0,INFLOW,ORDER_PAYMENT,2026-08-16 20:05:00
TX-7653,ORD-3653,CUSTOMER,CUST-0020,3655.67,INFLOW,ORDER_PAYMENT,2026-08-16 20:13:16
TX-7654,ORD-3654,CUSTOMER,CUST-0431,4054.3,INFLOW,ORDER_PAYMENT,2026-08-16 20:21:58
TX-7655,ORD-3655,CUSTOMER,CUST-0139,1992.9,INFLOW,ORDER_PAYMENT,2026-08-16 20:30:08
TX-7656,ORD-3656,CUSTOMER,CUST-0178,1768.39,INFLOW,ORDER_PAYMENT,2026-08-16 20:38:44
TX-7657,ORD-3657,CUSTOMER,CUST-0241,1544.47,INFLOW,ORDER_PAYMENT,2026-08-16 20:47:11
TX-7658,ORD-3658,CUSTOMER,CUST-0256,3412.17,INFLOW,ORDER_PAYMENT,2026-08-16 20:55:15
TX-7659,ORD-3659,CUSTOMER,CUST-0106,1100.0,INFLOW,ORDER_PAYMENT,2026-08-16 21:03:53
TX-7660,ORD-3660,CUSTOMER,CUST-0397,2449.37,INFLOW,ORDER_PAYMENT,2026-08-16 21:12:20
TX-7661,ORD-3661,CUSTOMER,CUST-0016,670.05,INFLOW,ORDER_PAYMENT,2026-08-16 21:20:46
TX-7662,ORD-3662,CUSTOMER,CUST-0228,1229.97,INFLOW,ORDER_PAYMENT,2026-08-16 21:29:01
TX-7663,ORD-3663,CUSTOMER,CUST-0289,1299.1,INFLOW,ORDER_PAYMENT,2026-08-16 21:37:36
TX-7664,ORD-3664,CUSTOMER,CUST-0094,670.05,INFLOW,ORDER_PAYMENT,2026-08-16 21:45:40
TX-7665,ORD-3665,CUSTOMER,CUST-0384,358.12,INFLOW,ORDER_PAYMENT,2026-08-16 21:54:26
TX-7666,ORD-3666,CUSTOMER,CUST-0409,1100.0,INFLOW,ORDER_PAYMENT,2026-08-16 22:02:37
TX-7667,ORD-3667,CUSTOMER,CUST-0177,1732.3,INFLOW,ORDER_PAYMENT,2026-08-16 22:11:12
TX-7668,ORD-3668,CUSTOMER,CUST-0289,818.39,INFLOW,ORDER_PAYMENT,2026-08-16 22:19:18
TX-7669,ORD-3669,CUSTOMER,CUST-0023,8672.7,INFLOW,ORDER_PAYMENT,2026-08-16 22:27:46
TX-7670,ORD-3670,CUSTOMER,CUST-0299,414.04,INFLOW,ORDER_PAYMENT,2026-08-16 22:36:20
TX-7671,ORD-3671,CUSTOMER,CUST-0364,6607.42,INFLOW,ORDER_PAYMENT,2026-08-16 22:44:46
TX-7672,ORD-3672,CUSTOMER,CUST-0397,4337.59,INFLOW,ORDER_PAYMENT,2026-08-16 22:53:13
TX-7673,ORD-3673,CUSTOMER,CUST-0308,1229.97,INFLOW,ORDER_PAYMENT,2026-08-16 23:01:13
TX-7674,ORD-3674,CUSTOMER,CUST-0424,6126.32,INFLOW,ORDER_PAYMENT,2026-08-16 23:09:39
TX-7675,ORD-3675,CUSTOMER,CUST-0023,535.08,INFLOW,ORDER_PAYMENT,2026-08-16 23:18:29
TX-7676,ORD-3676,CUSTOMER,CUST-0226,889.09,INFLOW,ORDER_PAYMENT,2026-08-16 23:26:43
TX-7677,ORD-3677,CUSTOMER,CUST-0047,2560.05,INFLOW,ORDER_PAYMENT,2026-08-16 23:35:09
TX-7678,ORD-3678,CUSTOMER,CUST-0228,3211.6,INFLOW,ORDER_PAYMENT,2026-08-16 23:43:13
TX-7679,ORD-3679,CUSTOMER,CUST-0245,3297.77,INFLOW,ORDER_PAYMENT,2026-08-16 23:51:46
TX-7680,ORD-3680,CUSTOMER,CUST-0480,306.7,INFLOW,ORDER_PAYMENT,2026-08-17 00:00:15
TX-7681,ORD-3681,CUSTOMER,CUST-0008,2252.3,INFLOW,ORDER_PAYMENT,2026-08-17 00:08:53
TX-7682,ORD-3682,CUSTOMER,CUST-0449,1882.85,INFLOW,ORDER_PAYMENT,2026-08-17 00:17:16
TX-7683,ORD-3683,CUSTOMER,CUST-0072,8780.6,INFLOW,ORDER_PAYMENT,2026-08-17 00:25:24
TX-7684,ORD-3684,CUSTOMER,CUST-0271,1090.0,INFLOW,ORDER_PAYMENT,2026-08-17 00:34:03
TX-7685,ORD-3685,CUSTOMER,CUST-0477,4226.7,INFLOW,ORDER_PAYMENT,2026-08-17 00:42:17
TX-7686,ORD-3686,CUSTOMER,CUST-0472,6610.12,INFLOW,ORDER_PAYMENT,2026-08-17 00:50:46
TX-7687,ORD-3687,CUSTOMER,CUST-0211,3246.81,INFLOW,ORDER_PAYMENT,2026-08-17 00:59:01
TX-7688,ORD-3688,CUSTOMER,CUST-0171,8897.98,INFLOW,ORDER_PAYMENT,2026-08-17 01:07:20
TX-7689,ORD-3689,CUSTOMER,CUST-0247,889.09,INFLOW,ORDER_PAYMENT,2026-08-17 01:16:05
TX-7690,ORD-3690,CUSTOMER,CUST-0323,3303.71,INFLOW,ORDER_PAYMENT,2026-08-17 01:24:04
TX-7691,ORD-3691,CUSTOMER,CUST-0247,3196.07,INFLOW,ORDER_PAYMENT,2026-08-17 01:32:37
TX-7692,ORD-3692,CUSTOMER,CUST-0362,4226.7,INFLOW,ORDER_PAYMENT,2026-08-17 01:41:13
TX-7693,ORD-3693,CUSTOMER,CUST-0081,1076.17,INFLOW,ORDER_PAYMENT,2026-08-17 01:49:21
TX-7694,ORD-3694,CUSTOMER,CUST-0226,1100.0,INFLOW,ORDER_PAYMENT,2026-08-17 01:58:04
TX-7695,ORD-3695,CUSTOMER,CUST-0477,1778.18,INFLOW,ORDER_PAYMENT,2026-08-17 02:06:23
TX-7696,ORD-3696,CUSTOMER,CUST-0296,3684.61,INFLOW,ORDER_PAYMENT,2026-08-17 02:14:36
TX-7697,ORD-3697,CUSTOMER,CUST-0274,3569.25,INFLOW,ORDER_PAYMENT,2026-08-17 02:23:09
TX-7698,ORD-3698,CUSTOMER,CUST-0240,1100.0,INFLOW,ORDER_PAYMENT,2026-08-17 02:31:37
TX-7699,ORD-3699,CUSTOMER,CUST-0181,1100.0,INFLOW,ORDER_PAYMENT,2026-08-17 02:40:02
TX-7700,ORD-3700,CUSTOMER,CUST-0231,8202.24,INFLOW,ORDER_PAYMENT,2026-08-17 02:48:22
TX-7701,ORD-3701,CUSTOMER,CUST-0003,1904.59,INFLOW,ORDER_PAYMENT,2026-08-17 02:56:31
TX-7702,ORD-3702,CUSTOMER,CUST-0386,4272.95,INFLOW,ORDER_PAYMENT,2026-08-17 03:04:48
TX-7703,ORD-3703,CUSTOMER,CUST-0043,2452.83,INFLOW,ORDER_PAYMENT,2026-08-17 03:13:26
TX-7704,ORD-3704,CUSTOMER,CUST-0420,1862.43,INFLOW,ORDER_PAYMENT,2026-08-17 03:21:37
TX-7705,ORD-3705,CUSTOMER,CUST-0117,1992.9,INFLOW,ORDER_PAYMENT,2026-08-17 03:30:16
TX-7706,ORD-3706,CUSTOMER,CUST-0168,3621.3,INFLOW,ORDER_PAYMENT,2026-08-17 03:38:34
TX-7707,ORD-3707,CUSTOMER,CUST-0455,3024.83,INFLOW,ORDER_PAYMENT,2026-08-17 03:47:07
TX-7708,ORD-3708,CUSTOMER,CUST-0066,1100.0,INFLOW,ORDER_PAYMENT,2026-08-17 03:55:26
TX-7709,ORD-3709,CUSTOMER,CUST-0316,826.99,INFLOW,ORDER_PAYMENT,2026-08-17 04:03:33
TX-7710,ORD-3710,CUSTOMER,CUST-0140,1653.98,INFLOW,ORDER_PAYMENT,2026-08-17 04:12:18
TX-7711,ORD-3711,CUSTOMER,CUST-0160,1862.43,INFLOW,ORDER_PAYMENT,2026-08-17 04:20:35
TX-7712,ORD-3712,CUSTOMER,CUST-0022,2483.23,INFLOW,ORDER_PAYMENT,2026-08-17 04:28:52
TX-7713,ORD-3713,CUSTOMER,CUST-0228,4448.99,INFLOW,ORDER_PAYMENT,2026-08-17 04:37:32
TX-7714,ORD-3714,CUSTOMER,CUST-0051,557.56,INFLOW,ORDER_PAYMENT,2026-08-17 04:45:42
TX-7715,ORD-3715,CUSTOMER,CUST-0048,2459.94,INFLOW,ORDER_PAYMENT,2026-08-17 04:54:04
TX-7716,ORD-3716,CUSTOMER,CUST-0412,670.05,INFLOW,ORDER_PAYMENT,2026-08-17 05:02:35
TX-7717,ORD-3717,CUSTOMER,CUST-0081,826.99,INFLOW,ORDER_PAYMENT,2026-08-17 05:11:12
TX-7718,ORD-3718,CUSTOMER,CUST-0400,670.05,INFLOW,ORDER_PAYMENT,2026-08-17 05:19:26
TX-7719,ORD-3719,CUSTOMER,CUST-0458,2560.05,INFLOW,ORDER_PAYMENT,2026-08-17 05:27:55
TX-7720,ORD-3720,CUSTOMER,CUST-0499,1768.39,INFLOW,ORDER_PAYMENT,2026-08-17 05:36:00
TX-7721,ORD-3721,CUSTOMER,CUST-0316,7054.32,INFLOW,ORDER_PAYMENT,2026-08-17 05:44:42
TX-7722,ORD-3722,CUSTOMER,CUST-0435,4257.97,INFLOW,ORDER_PAYMENT,2026-08-17 05:52:55
TX-7723,ORD-3723,CUSTOMER,CUST-0372,818.39,INFLOW,ORDER_PAYMENT,2026-08-17 06:01:29
TX-7724,ORD-3724,CUSTOMER,CUST-0186,1904.59,INFLOW,ORDER_PAYMENT,2026-08-17 06:09:33
TX-7725,ORD-3725,CUSTOMER,CUST-0230,291.34,INFLOW,ORDER_PAYMENT,2026-08-17 06:17:57
TX-7726,ORD-3726,CUSTOMER,CUST-0244,2252.3,INFLOW,ORDER_PAYMENT,2026-08-17 06:26:28
TX-7727,ORD-3727,CUSTOMER,CUST-0299,4448.99,INFLOW,ORDER_PAYMENT,2026-08-17 06:34:53
TX-7728,ORD-3728,CUSTOMER,CUST-0436,7138.5,INFLOW,ORDER_PAYMENT,2026-08-17 06:43:22
TX-7729,ORD-3729,CUSTOMER,CUST-0464,2449.37,INFLOW,ORDER_PAYMENT,2026-08-17 06:51:49
TX-7730,ORD-3730,CUSTOMER,CUST-0140,4054.3,INFLOW,ORDER_PAYMENT,2026-08-17 07:00:14
TX-7731,ORD-3731,CUSTOMER,CUST-0252,1100.0,INFLOW,ORDER_PAYMENT,2026-08-17 07:08:22
TX-7732,ORD-3732,CUSTOMER,CUST-0341,4074.31,INFLOW,ORDER_PAYMENT,2026-08-17 07:16:48
TX-7733,ORD-3733,CUSTOMER,CUST-0423,557.56,INFLOW,ORDER_PAYMENT,2026-08-17 07:25:21
TX-7734,ORD-3734,CUSTOMER,CUST-0346,6824.34,INFLOW,ORDER_PAYMENT,2026-08-17 07:33:36
TX-7735,ORD-3735,CUSTOMER,CUST-0018,3063.16,INFLOW,ORDER_PAYMENT,2026-08-17 07:42:09
TX-7736,ORD-3736,CUSTOMER,CUST-0370,291.34,INFLOW,ORDER_PAYMENT,2026-08-17 07:50:41
TX-7737,ORD-3737,CUSTOMER,CUST-0203,2589.06,INFLOW,ORDER_PAYMENT,2026-08-17 07:58:50
TX-7738,ORD-3738,CUSTOMER,CUST-0446,431.18,INFLOW,ORDER_PAYMENT,2026-08-17 08:07:32
TX-7739,ORD-3739,CUSTOMER,CUST-0209,7138.5,INFLOW,ORDER_PAYMENT,2026-08-17 08:15:35
TX-7740,ORD-3740,CUSTOMER,CUST-0057,3786.85,INFLOW,ORDER_PAYMENT,2026-08-17 08:24:22
TX-7741,ORD-3741,CUSTOMER,CUST-0049,1348.16,INFLOW,ORDER_PAYMENT,2026-08-17 08:32:44
TX-7742,ORD-3742,CUSTOMER,CUST-0089,3305.06,INFLOW,ORDER_PAYMENT,2026-08-17 08:40:57
TX-7743,ORD-3743,CUSTOMER,CUST-0273,8060.6,INFLOW,ORDER_PAYMENT,2026-08-17 08:49:30
TX-7744,ORD-3744,CUSTOMER,CUST-0235,2589.06,INFLOW,ORDER_PAYMENT,2026-08-17 08:57:47
TX-7745,ORD-3745,CUSTOMER,CUST-0291,5576.1,INFLOW,ORDER_PAYMENT,2026-08-17 09:06:03
TX-7746,ORD-3746,CUSTOMER,CUST-0145,414.04,INFLOW,ORDER_PAYMENT,2026-08-17 09:14:29
TX-7747,ORD-3747,CUSTOMER,CUST-0307,829.04,INFLOW,ORDER_PAYMENT,2026-08-17 09:23:08
TX-7748,ORD-3748,CUSTOMER,CUST-0277,1904.59,INFLOW,ORDER_PAYMENT,2026-08-17 09:31:23
TX-7749,ORD-3749,CUSTOMER,CUST-0273,7369.22,INFLOW,ORDER_PAYMENT,2026-08-17 09:39:33
TX-7750,ORD-3750,CUSTOMER,CUST-0489,3621.3,INFLOW,ORDER_PAYMENT,2026-08-17 09:48:01
TX-7751,ORD-3751,CUSTOMER,CUST-0290,3817.51,INFLOW,ORDER_PAYMENT,2026-08-17 09:56:38
TX-7752,ORD-3752,CUSTOMER,CUST-0187,1544.47,INFLOW,ORDER_PAYMENT,2026-08-17 10:04:53
TX-7753,ORD-3753,CUSTOMER,CUST-0359,851.72,INFLOW,ORDER_PAYMENT,2026-08-17 10:13:20
TX-7754,ORD-3754,CUSTOMER,CUST-0241,1924.84,INFLOW,ORDER_PAYMENT,2026-08-17 10:21:38
TX-7755,ORD-3755,CUSTOMER,CUST-0140,2560.05,INFLOW,ORDER_PAYMENT,2026-08-17 10:29:57
TX-7756,ORD-3756,CUSTOMER,CUST-0121,3621.3,INFLOW,ORDER_PAYMENT,2026-08-17 10:38:43
TX-7757,ORD-3757,CUSTOMER,CUST-0338,4337.59,INFLOW,ORDER_PAYMENT,2026-08-17 10:46:59
TX-7758,ORD-3758,CUSTOMER,CUST-0137,557.56,INFLOW,ORDER_PAYMENT,2026-08-17 10:55:09
TX-7759,ORD-3759,CUSTOMER,CUST-0182,1604.68,INFLOW,ORDER_PAYMENT,2026-08-17 11:03:48
TX-7760,ORD-3760,CUSTOMER,CUST-0403,1948.31,INFLOW,ORDER_PAYMENT,2026-08-17 11:11:56
TX-7761,ORD-3761,CUSTOMER,CUST-0089,3855.71,INFLOW,ORDER_PAYMENT,2026-08-17 11:20:42
TX-7762,ORD-3762,CUSTOMER,CUST-0293,674.08,INFLOW,ORDER_PAYMENT,2026-08-17 11:28:57
TX-7763,ORD-3763,CUSTOMER,CUST-0364,3527.16,INFLOW,ORDER_PAYMENT,2026-08-17 11:37:05
TX-7764,ORD-3764,CUSTOMER,CUST-0302,3052.92,INFLOW,ORDER_PAYMENT,2026-08-17 11:45:39
TX-7765,ORD-3765,CUSTOMER,CUST-0124,291.34,INFLOW,ORDER_PAYMENT,2026-08-17 11:54:07
TX-7766,ORD-3766,CUSTOMER,CUST-0049,1778.18,INFLOW,ORDER_PAYMENT,2026-08-17 12:02:21
TX-7767,ORD-3767,CUSTOMER,CUST-0467,3527.16,INFLOW,ORDER_PAYMENT,2026-08-17 12:10:58
TX-7768,ORD-3768,CUSTOMER,CUST-0005,291.34,INFLOW,ORDER_PAYMENT,2026-08-17 12:19:27
TX-7769,ORD-3769,CUSTOMER,CUST-0012,656.92,INFLOW,ORDER_PAYMENT,2026-08-17 12:27:39
TX-7770,ORD-3770,CUSTOMER,CUST-0003,8780.6,INFLOW,ORDER_PAYMENT,2026-08-17 12:36:03
TX-7771,ORD-3771,CUSTOMER,CUST-0358,2439.3,INFLOW,ORDER_PAYMENT,2026-08-17 12:44:34
TX-7772,ORD-3772,CUSTOMER,CUST-0324,8672.7,INFLOW,ORDER_PAYMENT,2026-08-17 12:52:48
TX-7773,ORD-3773,CUSTOMER,CUST-0316,3303.71,INFLOW,ORDER_PAYMENT,2026-08-17 13:01:08
TX-7774,ORD-3774,CUSTOMER,CUST-0024,3305.06,INFLOW,ORDER_PAYMENT,2026-08-17 13:09:44
TX-7775,ORD-3775,CUSTOMER,CUST-0046,4878.6,INFLOW,ORDER_PAYMENT,2026-08-17 13:18:14
TX-7776,ORD-3776,CUSTOMER,CUST-0450,2757.05,INFLOW,ORDER_PAYMENT,2026-08-17 13:26:25
TX-7777,ORD-3777,CUSTOMER,CUST-0092,263.42,INFLOW,ORDER_PAYMENT,2026-08-17 13:34:59
TX-7778,ORD-3778,CUSTOMER,CUST-0397,1992.9,INFLOW,ORDER_PAYMENT,2026-08-17 13:43:29
TX-7779,ORD-3779,CUSTOMER,CUST-0284,3048.46,INFLOW,ORDER_PAYMENT,2026-08-17 13:51:30
TX-7780,ORD-3780,CUSTOMER,CUST-0092,1340.1,INFLOW,ORDER_PAYMENT,2026-08-17 14:00:15
TX-7781,ORD-3781,CUSTOMER,CUST-0004,431.18,INFLOW,ORDER_PAYMENT,2026-08-17 14:08:37
TX-7782,ORD-3782,CUSTOMER,CUST-0028,1100.0,INFLOW,ORDER_PAYMENT,2026-08-17 14:16:44
TX-7783,ORD-3783,CUSTOMER,CUST-0180,1434.09,INFLOW,ORDER_PAYMENT,2026-08-17 14:25:17
TX-7784,ORD-3784,CUSTOMER,CUST-0403,1524.23,INFLOW,ORDER_PAYMENT,2026-08-17 14:33:29
TX-7785,ORD-3785,CUSTOMER,CUST-0402,1992.9,INFLOW,ORDER_PAYMENT,2026-08-17 14:42:01
TX-7786,ORD-3786,CUSTOMER,CUST-0326,2439.3,INFLOW,ORDER_PAYMENT,2026-08-17 14:50:20
TX-7787,ORD-3787,CUSTOMER,CUST-0269,1544.47,INFLOW,ORDER_PAYMENT,2026-08-17 14:59:03
TX-7788,ORD-3788,CUSTOMER,CUST-0001,4294.61,INFLOW,ORDER_PAYMENT,2026-08-17 15:07:06
TX-7789,ORD-3789,CUSTOMER,CUST-0456,3314.53,INFLOW,ORDER_PAYMENT,2026-08-17 15:15:44
TX-7790,ORD-3790,CUSTOMER,CUST-0191,258.84,INFLOW,ORDER_PAYMENT,2026-08-17 15:23:52
TX-7791,ORD-3791,CUSTOMER,CUST-0180,4966.46,INFLOW,ORDER_PAYMENT,2026-08-17 15:32:30
TX-7792,ORD-3792,CUSTOMER,CUST-0100,3569.25,INFLOW,ORDER_PAYMENT,2026-08-17 15:40:53
TX-7793,ORD-3793,CUSTOMER,CUST-0111,535.08,INFLOW,ORDER_PAYMENT,2026-08-17 15:49:03
TX-7794,ORD-3794,CUSTOMER,CUST-0074,1100.0,INFLOW,ORDER_PAYMENT,2026-08-17 15:57:30
TX-7795,ORD-3795,CUSTOMER,CUST-0161,674.08,INFLOW,ORDER_PAYMENT,2026-08-17 16:06:16
TX-7796,ORD-3796,CUSTOMER,CUST-0376,4878.6,INFLOW,ORDER_PAYMENT,2026-08-17 16:14:31
TX-7797,ORD-3797,CUSTOMER,CUST-0114,3904.05,INFLOW,ORDER_PAYMENT,2026-08-17 16:23:08
TX-7798,ORD-3798,CUSTOMER,CUST-0279,4336.35,INFLOW,ORDER_PAYMENT,2026-08-17 16:31:30
TX-7799,ORD-3799,CUSTOMER,CUST-0143,4093.93,INFLOW,ORDER_PAYMENT,2026-08-17 16:39:31
TX-7800,ORD-3800,CUSTOMER,CUST-0309,829.04,INFLOW,ORDER_PAYMENT,2026-08-17 16:48:05
TX-7801,ORD-3801,CUSTOMER,CUST-0249,656.92,INFLOW,ORDER_PAYMENT,2026-08-17 16:56:32
TX-7802,ORD-3802,CUSTOMER,CUST-0337,3554.02,INFLOW,ORDER_PAYMENT,2026-08-17 17:05:01
TX-7803,ORD-3803,CUSTOMER,CUST-0127,414.04,INFLOW,ORDER_PAYMENT,2026-08-17 17:13:25
TX-7804,ORD-3804,CUSTOMER,CUST-0398,1229.97,INFLOW,ORDER_PAYMENT,2026-08-17 17:21:40
TX-7805,ORD-3805,CUSTOMER,CUST-0409,1544.47,INFLOW,ORDER_PAYMENT,2026-08-17 17:29:59
TX-7806,ORD-3806,CUSTOMER,CUST-0311,2439.3,INFLOW,ORDER_PAYMENT,2026-08-17 17:38:41
TX-7807,ORD-3807,CUSTOMER,CUST-0269,1605.72,INFLOW,ORDER_PAYMENT,2026-08-17 17:46:45
TX-7808,ORD-3808,CUSTOMER,CUST-0036,1605.72,INFLOW,ORDER_PAYMENT,2026-08-17 17:55:03
TX-7809,ORD-3809,CUSTOMER,CUST-0331,3052.92,INFLOW,ORDER_PAYMENT,2026-08-17 18:03:39
TX-7810,ORD-3810,CUSTOMER,CUST-0152,4448.99,INFLOW,ORDER_PAYMENT,2026-08-17 18:12:13
TX-7811,ORD-3811,CUSTOMER,CUST-0480,4337.59,INFLOW,ORDER_PAYMENT,2026-08-17 18:20:39
TX-7812,ORD-3812,CUSTOMER,CUST-0081,4226.7,INFLOW,ORDER_PAYMENT,2026-08-17 18:28:51
TX-7813,ORD-3813,CUSTOMER,CUST-0188,4839.06,INFLOW,ORDER_PAYMENT,2026-08-17 18:37:29
TX-7814,ORD-3814,CUSTOMER,CUST-0472,4131.02,INFLOW,ORDER_PAYMENT,2026-08-17 18:45:39
TX-7815,ORD-3815,CUSTOMER,CUST-0057,306.7,INFLOW,ORDER_PAYMENT,2026-08-17 18:53:53
TX-7816,ORD-3816,CUSTOMER,CUST-0305,6493.62,INFLOW,ORDER_PAYMENT,2026-08-17 19:02:14
TX-7817,ORD-3817,CUSTOMER,CUST-0050,1229.97,INFLOW,ORDER_PAYMENT,2026-08-17 19:10:53
TX-7818,ORD-3818,CUSTOMER,CUST-0308,2065.51,INFLOW,ORDER_PAYMENT,2026-08-17 19:19:29
TX-7819,ORD-3819,CUSTOMER,CUST-0450,1434.09,INFLOW,ORDER_PAYMENT,2026-08-17 19:27:29
TX-7820,ORD-3820,CUSTOMER,CUST-0066,1766.76,INFLOW,ORDER_PAYMENT,2026-08-17 19:36:09
TX-7821,ORD-3821,CUSTOMER,CUST-0074,3684.61,INFLOW,ORDER_PAYMENT,2026-08-17 19:44:19
TX-7822,ORD-3822,CUSTOMER,CUST-0438,889.09,INFLOW,ORDER_PAYMENT,2026-08-17 19:52:52
TX-7823,ORD-3823,CUSTOMER,CUST-0395,1004.29,INFLOW,ORDER_PAYMENT,2026-08-17 20:01:27
TX-7824,ORD-3824,CUSTOMER,CUST-0066,4226.7,INFLOW,ORDER_PAYMENT,2026-08-17 20:09:31
TX-7825,ORD-3825,CUSTOMER,CUST-0019,826.99,INFLOW,ORDER_PAYMENT,2026-08-17 20:17:50
TX-7826,ORD-3826,CUSTOMER,CUST-0118,2250.16,INFLOW,ORDER_PAYMENT,2026-08-17 20:26:30
TX-7827,ORD-3827,CUSTOMER,CUST-0253,1100.0,INFLOW,ORDER_PAYMENT,2026-08-17 20:34:37
TX-7828,ORD-3828,CUSTOMER,CUST-0013,1076.17,INFLOW,ORDER_PAYMENT,2026-08-17 20:43:18
TX-7829,ORD-3829,CUSTOMER,CUST-0077,1882.85,INFLOW,ORDER_PAYMENT,2026-08-17 20:51:37
TX-7830,ORD-3830,CUSTOMER,CUST-0398,3024.83,INFLOW,ORDER_PAYMENT,2026-08-17 21:00:05
TX-7831,ORD-3831,CUSTOMER,CUST-0092,7140.98,INFLOW,ORDER_PAYMENT,2026-08-17 21:08:26
TX-7832,ORD-3832,CUSTOMER,CUST-0011,3048.46,INFLOW,ORDER_PAYMENT,2026-08-17 21:17:03
TX-7833,ORD-3833,CUSTOMER,CUST-0037,4272.95,INFLOW,ORDER_PAYMENT,2026-08-17 21:25:21
TX-7834,ORD-3834,CUSTOMER,CUST-0266,8672.7,INFLOW,ORDER_PAYMENT,2026-08-17 21:33:24
TX-7835,ORD-3835,CUSTOMER,CUST-0266,670.05,INFLOW,ORDER_PAYMENT,2026-08-17 21:41:54
TX-7836,ORD-3836,CUSTOMER,CUST-0077,2065.51,INFLOW,ORDER_PAYMENT,2026-08-17 21:50:36
TX-7837,ORD-3837,CUSTOMER,CUST-0341,4336.35,INFLOW,ORDER_PAYMENT,2026-08-17 21:59:02
TX-7838,ORD-3838,CUSTOMER,CUST-0090,6126.32,INFLOW,ORDER_PAYMENT,2026-08-17 22:07:01
TX-7839,ORD-3839,CUSTOMER,CUST-0396,431.18,INFLOW,ORDER_PAYMENT,2026-08-17 22:15:36
TX-7840,ORD-3840,CUSTOMER,CUST-0046,1229.97,INFLOW,ORDER_PAYMENT,2026-08-17 22:23:52
TX-7841,ORD-3841,CUSTOMER,CUST-0074,2008.58,INFLOW,ORDER_PAYMENT,2026-08-17 22:32:12
TX-7842,ORD-3842,CUSTOMER,CUST-0464,2598.2,INFLOW,ORDER_PAYMENT,2026-08-17 22:40:39
TX-7843,ORD-3843,CUSTOMER,CUST-0360,829.04,INFLOW,ORDER_PAYMENT,2026-08-17 22:49:07
TX-7844,ORD-3844,CUSTOMER,CUST-0349,2589.06,INFLOW,ORDER_PAYMENT,2026-08-17 22:57:35
TX-7845,ORD-3845,CUSTOMER,CUST-0230,4257.97,INFLOW,ORDER_PAYMENT,2026-08-17 23:06:14
TX-7846,ORD-3846,CUSTOMER,CUST-0089,1418.34,INFLOW,ORDER_PAYMENT,2026-08-17 23:14:40
TX-7847,ORD-3847,CUSTOMER,CUST-0432,4905.66,INFLOW,ORDER_PAYMENT,2026-08-17 23:22:51
TX-7848,ORD-3848,CUSTOMER,CUST-0106,1732.3,INFLOW,ORDER_PAYMENT,2026-08-17 23:31:13
TX-7849,ORD-3849,CUSTOMER,CUST-0406,4504.6,INFLOW,ORDER_PAYMENT,2026-08-17 23:39:50
TX-7850,ORD-3850,CUSTOMER,CUST-0089,3655.67,INFLOW,ORDER_PAYMENT,2026-08-17 23:48:05
TX-7851,ORD-3851,CUSTOMER,CUST-0121,3621.3,INFLOW,ORDER_PAYMENT,2026-08-17 23:56:33
TX-7852,ORD-3852,CUSTOMER,CUST-0339,3684.61,INFLOW,ORDER_PAYMENT,2026-08-18 00:04:44
TX-7853,ORD-3853,CUSTOMER,CUST-0247,4257.97,INFLOW,ORDER_PAYMENT,2026-08-18 00:13:24
TX-7854,ORD-3854,CUSTOMER,CUST-0333,3621.3,INFLOW,ORDER_PAYMENT,2026-08-18 00:21:23
TX-7855,ORD-3855,CUSTOMER,CUST-0445,3314.53,INFLOW,ORDER_PAYMENT,2026-08-18 00:29:52
TX-7856,ORD-3856,CUSTOMER,CUST-0390,1434.09,INFLOW,ORDER_PAYMENT,2026-08-18 00:38:30
TX-7857,ORD-3857,CUSTOMER,CUST-0466,4257.97,INFLOW,ORDER_PAYMENT,2026-08-18 00:46:42
TX-7858,ORD-3858,CUSTOMER,CUST-0475,414.04,INFLOW,ORDER_PAYMENT,2026-08-18 00:54:59
TX-7859,ORD-3859,CUSTOMER,CUST-0301,8917.16,INFLOW,ORDER_PAYMENT,2026-08-18 01:03:42
TX-7860,ORD-3860,CUSTOMER,CUST-0201,2200.0,INFLOW,ORDER_PAYMENT,2026-08-18 01:12:00
TX-7861,ORD-3861,CUSTOMER,CUST-0244,3637.58,INFLOW,ORDER_PAYMENT,2026-08-18 01:20:33
TX-7862,ORD-3862,CUSTOMER,CUST-0398,1992.9,INFLOW,ORDER_PAYMENT,2026-08-18 01:28:39
TX-7863,ORD-3863,CUSTOMER,CUST-0298,670.05,INFLOW,ORDER_PAYMENT,2026-08-18 01:37:00
TX-7864,ORD-3864,CUSTOMER,CUST-0276,1100.0,INFLOW,ORDER_PAYMENT,2026-08-18 01:45:41
TX-7865,ORD-3865,CUSTOMER,CUST-0263,1231.42,INFLOW,ORDER_PAYMENT,2026-08-18 01:54:08
TX-7866,ORD-3866,CUSTOMER,CUST-0174,3527.16,INFLOW,ORDER_PAYMENT,2026-08-18 02:02:23
TX-7867,ORD-3867,CUSTOMER,CUST-0284,3297.77,INFLOW,ORDER_PAYMENT,2026-08-18 02:10:43
TX-7868,ORD-3868,CUSTOMER,CUST-0096,1100.0,INFLOW,ORDER_PAYMENT,2026-08-18 02:19:20
TX-7869,ORD-3869,CUSTOMER,CUST-0065,1004.29,INFLOW,ORDER_PAYMENT,2026-08-18 02:27:35
TX-7870,ORD-3870,CUSTOMER,CUST-0103,3855.71,INFLOW,ORDER_PAYMENT,2026-08-18 02:36:15
TX-7871,ORD-3871,CUSTOMER,CUST-0336,1090.0,INFLOW,ORDER_PAYMENT,2026-08-18 02:44:14
TX-7872,ORD-3872,CUSTOMER,CUST-0020,3412.17,INFLOW,ORDER_PAYMENT,2026-08-18 02:52:46
TX-7873,ORD-3873,CUSTOMER,CUST-0455,4074.31,INFLOW,ORDER_PAYMENT,2026-08-18 03:01:19
TX-7874,ORD-3874,CUSTOMER,CUST-0479,7108.04,INFLOW,ORDER_PAYMENT,2026-08-18 03:09:32
TX-7875,ORD-3875,CUSTOMER,CUST-0020,2462.84,INFLOW,ORDER_PAYMENT,2026-08-18 03:17:53
TX-7876,ORD-3876,CUSTOMER,CUST-0126,3211.6,INFLOW,ORDER_PAYMENT,2026-08-18 03:26:39
TX-7877,ORD-3877,CUSTOMER,CUST-0143,4337.59,INFLOW,ORDER_PAYMENT,2026-08-18 03:34:47
TX-7878,ORD-3878,CUSTOMER,CUST-0355,2252.3,INFLOW,ORDER_PAYMENT,2026-08-18 03:43:04
TX-7879,ORD-3879,CUSTOMER,CUST-0305,4257.97,INFLOW,ORDER_PAYMENT,2026-08-18 03:51:42
TX-7880,ORD-3880,CUSTOMER,CUST-0018,3297.77,INFLOW,ORDER_PAYMENT,2026-08-18 04:00:13
TX-7881,ORD-3881,CUSTOMER,CUST-0259,1658.08,INFLOW,ORDER_PAYMENT,2026-08-18 04:08:24
TX-7882,ORD-3882,CUSTOMER,CUST-0370,3310.04,INFLOW,ORDER_PAYMENT,2026-08-18 04:16:44
TX-7883,ORD-3883,CUSTOMER,CUST-0064,7808.1,INFLOW,ORDER_PAYMENT,2026-08-18 04:24:59
TX-7884,ORD-3884,CUSTOMER,CUST-0262,7054.32,INFLOW,ORDER_PAYMENT,2026-08-18 04:33:33
TX-7885,ORD-3885,CUSTOMER,CUST-0149,3297.77,INFLOW,ORDER_PAYMENT,2026-08-18 04:42:02
TX-7886,ORD-3886,CUSTOMER,CUST-0023,8152.86,INFLOW,ORDER_PAYMENT,2026-08-18 04:50:16
TX-7887,ORD-3887,CUSTOMER,CUST-0020,1882.85,INFLOW,ORDER_PAYMENT,2026-08-18 04:58:50
TX-7888,ORD-3888,CUSTOMER,CUST-0043,8515.94,INFLOW,ORDER_PAYMENT,2026-08-18 05:07:07
TX-7889,ORD-3889,CUSTOMER,CUST-0124,4093.93,INFLOW,ORDER_PAYMENT,2026-08-18 05:15:21
TX-7890,ORD-3890,CUSTOMER,CUST-0361,291.34,INFLOW,ORDER_PAYMENT,2026-08-18 05:23:50
TX-7891,ORD-3891,CUSTOMER,CUST-0114,4054.3,INFLOW,ORDER_PAYMENT,2026-08-18 05:32:23
TX-7892,ORD-3892,CUSTOMER,CUST-0370,2589.06,INFLOW,ORDER_PAYMENT,2026-08-18 05:41:01
TX-7893,ORD-3893,CUSTOMER,CUST-0031,263.42,INFLOW,ORDER_PAYMENT,2026-08-18 05:49:14
TX-7894,ORD-3894,CUSTOMER,CUST-0454,7475.48,INFLOW,ORDER_PAYMENT,2026-08-18 05:57:46
TX-7895,ORD-3895,CUSTOMER,CUST-0207,291.34,INFLOW,ORDER_PAYMENT,2026-08-18 06:05:56
TX-7896,ORD-3896,CUSTOMER,CUST-0482,851.72,INFLOW,ORDER_PAYMENT,2026-08-18 06:14:19
TX-7897,ORD-3897,CUSTOMER,CUST-0218,4257.97,INFLOW,ORDER_PAYMENT,2026-08-18 06:22:50
TX-7898,ORD-3898,CUSTOMER,CUST-0381,2598.2,INFLOW,ORDER_PAYMENT,2026-08-18 06:31:13
TX-7899,ORD-3899,CUSTOMER,CUST-0086,1100.0,INFLOW,ORDER_PAYMENT,2026-08-18 06:39:20
TX-7900,ORD-3900,CUSTOMER,CUST-0179,1992.9,INFLOW,ORDER_PAYMENT,2026-08-18 06:47:47
TX-7901,ORD-3901,CUSTOMER,CUST-0252,1862.43,INFLOW,ORDER_PAYMENT,2026-08-18 06:56:19
TX-7902,ORD-3902,CUSTOMER,CUST-0113,6629.06,INFLOW,ORDER_PAYMENT,2026-08-18 07:04:34
TX-7903,ORD-3903,CUSTOMER,CUST-0477,1090.0,INFLOW,ORDER_PAYMENT,2026-08-18 07:13:10
TX-7904,ORD-3904,CUSTOMER,CUST-0122,8545.9,INFLOW,ORDER_PAYMENT,2026-08-18 07:21:21
TX-7905,ORD-3905,CUSTOMER,CUST-0035,883.38,INFLOW,ORDER_PAYMENT,2026-08-18 07:29:54
TX-7906,ORD-3906,CUSTOMER,CUST-0180,1299.1,INFLOW,ORDER_PAYMENT,2026-08-18 07:38:13
TX-7907,ORD-3907,CUSTOMER,CUST-0073,1231.42,INFLOW,ORDER_PAYMENT,2026-08-18 07:46:49
TX-7908,ORD-3908,CUSTOMER,CUST-0420,1904.59,INFLOW,ORDER_PAYMENT,2026-08-18 07:55:18
TX-7909,ORD-3909,CUSTOMER,CUST-0088,3303.71,INFLOW,ORDER_PAYMENT,2026-08-18 08:03:18
TX-7910,ORD-3910,CUSTOMER,CUST-0206,4076.43,INFLOW,ORDER_PAYMENT,2026-08-18 08:12:07
TX-7911,ORD-3911,CUSTOMER,CUST-0371,1100.0,INFLOW,ORDER_PAYMENT,2026-08-18 08:20:35
TX-7912,ORD-3912,CUSTOMER,CUST-0273,3985.8,INFLOW,ORDER_PAYMENT,2026-08-18 08:28:33
TX-7913,ORD-3913,CUSTOMER,CUST-0453,3904.05,INFLOW,ORDER_PAYMENT,2026-08-18 08:36:54
TX-7914,ORD-3914,CUSTOMER,CUST-0172,3637.58,INFLOW,ORDER_PAYMENT,2026-08-18 08:45:37
TX-7915,ORD-3915,CUSTOMER,CUST-0192,3211.6,INFLOW,ORDER_PAYMENT,2026-08-18 08:53:47
TX-7916,ORD-3916,CUSTOMER,CUST-0249,1100.0,INFLOW,ORDER_PAYMENT,2026-08-18 09:02:27
TX-7917,ORD-3917,CUSTOMER,CUST-0043,3482.21,INFLOW,ORDER_PAYMENT,2026-08-18 09:10:58
TX-7918,ORD-3918,CUSTOMER,CUST-0389,1778.18,INFLOW,ORDER_PAYMENT,2026-08-18 09:19:04
TX-7919,ORD-3919,CUSTOMER,CUST-0284,3655.67,INFLOW,ORDER_PAYMENT,2026-08-18 09:27:26
TX-7920,ORD-3920,CUSTOMER,CUST-0015,1231.42,INFLOW,ORDER_PAYMENT,2026-08-18 09:35:55
TX-7921,ORD-3921,CUSTOMER,CUST-0005,2252.3,INFLOW,ORDER_PAYMENT,2026-08-18 09:44:12
TX-7922,ORD-3922,CUSTOMER,CUST-0299,1231.42,INFLOW,ORDER_PAYMENT,2026-08-18 09:52:53
TX-7923,ORD-3923,CUSTOMER,CUST-0203,4458.58,INFLOW,ORDER_PAYMENT,2026-08-18 10:01:08
TX-7924,ORD-3924,CUSTOMER,CUST-0151,1882.85,INFLOW,ORDER_PAYMENT,2026-08-18 10:09:47
TX-7925,ORD-3925,CUSTOMER,CUST-0429,1524.23,INFLOW,ORDER_PAYMENT,2026-08-18 10:17:59
TX-7926,ORD-3926,CUSTOMER,CUST-0329,3052.92,INFLOW,ORDER_PAYMENT,2026-08-18 10:26:30
TX-7927,ORD-3927,CUSTOMER,CUST-0347,3569.25,INFLOW,ORDER_PAYMENT,2026-08-18 10:34:35
TX-7928,ORD-3928,CUSTOMER,CUST-0039,1948.31,INFLOW,ORDER_PAYMENT,2026-08-18 10:43:11
TX-7929,ORD-3929,CUSTOMER,CUST-0024,1732.3,INFLOW,ORDER_PAYMENT,2026-08-18 10:51:42
TX-7930,ORD-3930,CUSTOMER,CUST-0161,6620.08,INFLOW,ORDER_PAYMENT,2026-08-18 10:59:58
TX-7931,ORD-3931,CUSTOMER,CUST-0131,3310.04,INFLOW,ORDER_PAYMENT,2026-08-18 11:08:32
TX-7932,ORD-3932,CUSTOMER,CUST-0140,3554.02,INFLOW,ORDER_PAYMENT,2026-08-18 11:16:35
TX-7933,ORD-3933,CUSTOMER,CUST-0189,2449.37,INFLOW,ORDER_PAYMENT,2026-08-18 11:25:20
TX-7934,ORD-3934,CUSTOMER,CUST-0285,1948.31,INFLOW,ORDER_PAYMENT,2026-08-18 11:33:18
TX-7935,ORD-3935,CUSTOMER,CUST-0364,1299.1,INFLOW,ORDER_PAYMENT,2026-08-18 11:41:52
TX-7936,ORD-3936,CUSTOMER,CUST-0340,1100.0,INFLOW,ORDER_PAYMENT,2026-08-18 11:50:07
TX-7937,ORD-3937,CUSTOMER,CUST-0324,4101.12,INFLOW,ORDER_PAYMENT,2026-08-18 11:58:32
TX-7938,ORD-3938,CUSTOMER,CUST-0076,670.05,INFLOW,ORDER_PAYMENT,2026-08-18 12:06:56
TX-7939,ORD-3939,CUSTOMER,CUST-0311,1882.85,INFLOW,ORDER_PAYMENT,2026-08-18 12:15:39
TX-7940,ORD-3940,CUSTOMER,CUST-0251,7275.16,INFLOW,ORDER_PAYMENT,2026-08-18 12:23:46
TX-7941,ORD-3941,CUSTOMER,CUST-0075,2757.05,INFLOW,ORDER_PAYMENT,2026-08-18 12:32:33
TX-7942,ORD-3942,CUSTOMER,CUST-0412,3305.06,INFLOW,ORDER_PAYMENT,2026-08-18 12:40:57
TX-7943,ORD-3943,CUSTOMER,CUST-0196,2560.05,INFLOW,ORDER_PAYMENT,2026-08-18 12:49:18
TX-7944,ORD-3944,CUSTOMER,CUST-0208,851.72,INFLOW,ORDER_PAYMENT,2026-08-18 12:57:43
TX-7945,ORD-3945,CUSTOMER,CUST-0081,3817.51,INFLOW,ORDER_PAYMENT,2026-08-18 13:05:56
TX-7946,ORD-3946,CUSTOMER,CUST-0475,674.08,INFLOW,ORDER_PAYMENT,2026-08-18 13:14:27
TX-7947,ORD-3947,CUSTOMER,CUST-0249,2560.05,INFLOW,ORDER_PAYMENT,2026-08-18 13:22:29
TX-7948,ORD-3948,CUSTOMER,CUST-0381,3052.92,INFLOW,ORDER_PAYMENT,2026-08-18 13:31:06
TX-7949,ORD-3949,CUSTOMER,CUST-0376,4294.61,INFLOW,ORDER_PAYMENT,2026-08-18 13:39:43
TX-7950,ORD-3950,CUSTOMER,CUST-0215,1768.39,INFLOW,ORDER_PAYMENT,2026-08-18 13:47:41
TX-7951,ORD-3951,CUSTOMER,CUST-0438,7444.7,INFLOW,ORDER_PAYMENT,2026-08-18 13:56:22
TX-7952,ORD-3952,CUSTOMER,CUST-0037,306.7,INFLOW,ORDER_PAYMENT,2026-08-18 14:04:36
TX-7953,ORD-3953,CUSTOMER,CUST-0233,1100.0,INFLOW,ORDER_PAYMENT,2026-08-18 14:13:20
TX-7954,ORD-3954,CUSTOMER,CUST-0440,582.68,INFLOW,ORDER_PAYMENT,2026-08-18 14:21:43
TX-7955,ORD-3955,CUSTOMER,CUST-0418,2589.06,INFLOW,ORDER_PAYMENT,2026-08-18 14:29:52
TX-7956,ORD-3956,CUSTOMER,CUST-0277,3209.36,INFLOW,ORDER_PAYMENT,2026-08-18 14:38:29
TX-7957,ORD-3957,CUSTOMER,CUST-0150,557.56,INFLOW,ORDER_PAYMENT,2026-08-18 14:46:29
TX-7958,ORD-3958,CUSTOMER,CUST-0009,7711.42,INFLOW,ORDER_PAYMENT,2026-08-18 14:55:17
TX-7959,ORD-3959,CUSTOMER,CUST-0246,2483.23,INFLOW,ORDER_PAYMENT,2026-08-18 15:03:31
TX-7960,ORD-3960,CUSTOMER,CUST-0304,306.7,INFLOW,ORDER_PAYMENT,2026-08-18 15:11:57
TX-7961,ORD-3961,CUSTOMER,CUST-0477,826.99,INFLOW,ORDER_PAYMENT,2026-08-18 15:20:12
TX-7962,ORD-3962,CUSTOMER,CUST-0402,3305.06,INFLOW,ORDER_PAYMENT,2026-08-18 15:28:26
TX-7963,ORD-3963,CUSTOMER,CUST-0049,1434.09,INFLOW,ORDER_PAYMENT,2026-08-18 15:37:10
TX-7964,ORD-3964,CUSTOMER,CUST-0284,4294.61,INFLOW,ORDER_PAYMENT,2026-08-18 15:45:32
TX-7965,ORD-3965,CUSTOMER,CUST-0395,1418.34,INFLOW,ORDER_PAYMENT,2026-08-18 15:53:56
TX-7966,ORD-3966,CUSTOMER,CUST-0411,3637.58,INFLOW,ORDER_PAYMENT,2026-08-18 16:02:21
TX-7967,ORD-3967,CUSTOMER,CUST-0364,7311.34,INFLOW,ORDER_PAYMENT,2026-08-18 16:10:39
TX-7968,ORD-3968,CUSTOMER,CUST-0045,3063.16,INFLOW,ORDER_PAYMENT,2026-08-18 16:19:11
TX-7969,ORD-3969,CUSTOMER,CUST-0270,431.18,INFLOW,ORDER_PAYMENT,2026-08-18 16:27:17
TX-7970,ORD-3970,CUSTOMER,CUST-0376,3570.49,INFLOW,ORDER_PAYMENT,2026-08-18 16:35:45
TX-7971,ORD-3971,CUSTOMER,CUST-0417,4257.97,INFLOW,ORDER_PAYMENT,2026-08-18 16:44:06
TX-7972,ORD-3972,CUSTOMER,CUST-0123,1070.16,INFLOW,ORDER_PAYMENT,2026-08-18 16:52:48
TX-7973,ORD-3973,CUSTOMER,CUST-0198,4093.93,INFLOW,ORDER_PAYMENT,2026-08-18 17:01:14
TX-7974,ORD-3974,CUSTOMER,CUST-0317,5288.26,INFLOW,ORDER_PAYMENT,2026-08-18 17:09:34
TX-7975,ORD-3975,CUSTOMER,CUST-0386,3063.16,INFLOW,ORDER_PAYMENT,2026-08-18 17:17:52
TX-7976,ORD-3976,CUSTOMER,CUST-0122,3786.85,INFLOW,ORDER_PAYMENT,2026-08-18 17:26:22
TX-7977,ORD-3977,CUSTOMER,CUST-0229,5288.26,INFLOW,ORDER_PAYMENT,2026-08-18 17:34:39
TX-7978,ORD-3978,CUSTOMER,CUST-0208,263.42,INFLOW,ORDER_PAYMENT,2026-08-18 17:43:12
TX-7979,ORD-3979,CUSTOMER,CUST-0112,1125.08,INFLOW,ORDER_PAYMENT,2026-08-18 17:51:42
TX-7980,ORD-3980,CUSTOMER,CUST-0138,5514.1,INFLOW,ORDER_PAYMENT,2026-08-18 17:59:55
TX-7981,ORD-3981,CUSTOMER,CUST-0017,7128.4,INFLOW,ORDER_PAYMENT,2026-08-18 18:08:05
TX-7982,ORD-3982,CUSTOMER,CUST-0308,414.04,INFLOW,ORDER_PAYMENT,2026-08-18 18:16:25
TX-7983,ORD-3983,CUSTOMER,CUST-0238,4336.35,INFLOW,ORDER_PAYMENT,2026-08-18 18:24:54
TX-7984,ORD-3984,CUSTOMER,CUST-0216,3855.71,INFLOW,ORDER_PAYMENT,2026-08-18 18:33:26
TX-7985,ORD-3985,CUSTOMER,CUST-0150,4966.46,INFLOW,ORDER_PAYMENT,2026-08-18 18:42:05
TX-7986,ORD-3986,CUSTOMER,CUST-0371,3554.02,INFLOW,ORDER_PAYMENT,2026-08-18 18:50:22
TX-7987,ORD-3987,CUSTOMER,CUST-0421,1434.09,INFLOW,ORDER_PAYMENT,2026-08-18 18:58:34
TX-7988,ORD-3988,CUSTOMER,CUST-0075,1100.0,INFLOW,ORDER_PAYMENT,2026-08-18 19:07:17
TX-7989,ORD-3989,CUSTOMER,CUST-0247,3737.74,INFLOW,ORDER_PAYMENT,2026-08-18 19:15:42
TX-7990,ORD-3990,CUSTOMER,CUST-0284,3684.61,INFLOW,ORDER_PAYMENT,2026-08-18 19:23:55
TX-7991,ORD-3991,CUSTOMER,CUST-0067,851.72,INFLOW,ORDER_PAYMENT,2026-08-18 19:32:17
TX-7992,ORD-3992,CUSTOMER,CUST-0309,4101.12,INFLOW,ORDER_PAYMENT,2026-08-18 19:40:29
TX-7993,ORD-3993,CUSTOMER,CUST-0228,862.36,INFLOW,ORDER_PAYMENT,2026-08-18 19:49:08
TX-7994,ORD-3994,CUSTOMER,CUST-0497,1434.09,INFLOW,ORDER_PAYMENT,2026-08-18 19:57:35
TX-7995,ORD-3995,CUSTOMER,CUST-0291,4093.93,INFLOW,ORDER_PAYMENT,2026-08-18 20:06:03
TX-7996,ORD-3996,CUSTOMER,CUST-0241,4966.46,INFLOW,ORDER_PAYMENT,2026-08-18 20:14:07
TX-7997,ORD-3997,CUSTOMER,CUST-0356,3196.07,INFLOW,ORDER_PAYMENT,2026-08-18 20:22:28
TX-7998,ORD-3998,CUSTOMER,CUST-0078,414.04,INFLOW,ORDER_PAYMENT,2026-08-18 20:31:00
TX-7999,ORD-3999,CUSTOMER,CUST-0073,557.56,INFLOW,ORDER_PAYMENT,2026-08-18 20:39:36
TX-8000,ORD-4000,CUSTOMER,CUST-0120,1100.0,INFLOW,ORDER_PAYMENT,2026-08-18 20:47:43
TX-8001,ORD-4001,CUSTOMER,CUST-0190,3063.16,INFLOW,ORDER_PAYMENT,2026-08-18 20:56:15
TX-8002,ORD-4002,CUSTOMER,CUST-0115,656.92,INFLOW,ORDER_PAYMENT,2026-08-18 21:04:43
TX-8003,ORD-4003,CUSTOMER,CUST-0072,431.18,INFLOW,ORDER_PAYMENT,2026-08-18 21:13:17
TX-8004,ORD-4004,CUSTOMER,CUST-0450,2788.05,INFLOW,ORDER_PAYMENT,2026-08-18 21:21:37
TX-8005,ORD-4005,CUSTOMER,CUST-0175,1313.84,INFLOW,ORDER_PAYMENT,2026-08-18 21:29:42
TX-8006,ORD-4006,CUSTOMER,CUST-0447,3482.21,INFLOW,ORDER_PAYMENT,2026-08-18 21:38:09
TX-8007,ORD-4007,CUSTOMER,CUST-0042,3855.71,INFLOW,ORDER_PAYMENT,2026-08-18 21:46:42
TX-8008,ORD-4008,CUSTOMER,CUST-0133,306.7,INFLOW,ORDER_PAYMENT,2026-08-18 21:55:15
TX-8009,ORD-4009,CUSTOMER,CUST-0162,4257.97,INFLOW,ORDER_PAYMENT,2026-08-18 22:03:26
TX-8010,ORD-4010,CUSTOMER,CUST-0082,3211.6,INFLOW,ORDER_PAYMENT,2026-08-18 22:11:41
TX-8011,ORD-4011,CUSTOMER,CUST-0284,4337.59,INFLOW,ORDER_PAYMENT,2026-08-18 22:20:05
TX-8012,ORD-4012,CUSTOMER,CUST-0229,2757.05,INFLOW,ORDER_PAYMENT,2026-08-18 22:28:46
TX-8013,ORD-4013,CUSTOMER,CUST-0022,1418.34,INFLOW,ORDER_PAYMENT,2026-08-18 22:37:16
TX-8014,ORD-4014,CUSTOMER,CUST-0455,414.04,INFLOW,ORDER_PAYMENT,2026-08-18 22:45:16
TX-8015,ORD-4015,CUSTOMER,CUST-0205,3303.71,INFLOW,ORDER_PAYMENT,2026-08-18 22:53:53
TX-8016,ORD-4016,CUSTOMER,CUST-0077,4337.59,INFLOW,ORDER_PAYMENT,2026-08-18 23:01:58
TX-8017,ORD-4017,CUSTOMER,CUST-0263,4054.3,INFLOW,ORDER_PAYMENT,2026-08-18 23:10:30
TX-8018,ORD-4018,CUSTOMER,CUST-0286,4054.3,INFLOW,ORDER_PAYMENT,2026-08-18 23:18:53
TX-8019,ORD-4019,CUSTOMER,CUST-0248,670.05,INFLOW,ORDER_PAYMENT,2026-08-18 23:27:30
TX-8020,ORD-4020,CUSTOMER,CUST-0071,3482.21,INFLOW,ORDER_PAYMENT,2026-08-18 23:35:44
TX-8021,ORD-4021,CUSTOMER,CUST-0420,3722.35,INFLOW,ORDER_PAYMENT,2026-08-18 23:44:02
TX-8022,ORD-4022,CUSTOMER,CUST-0154,3211.6,INFLOW,ORDER_PAYMENT,2026-08-18 23:52:43
TX-8023,ORD-4023,CUSTOMER,CUST-0006,4101.12,INFLOW,ORDER_PAYMENT,2026-08-19 00:01:04
TX-8024,ORD-4024,CUSTOMER,CUST-0393,3655.67,INFLOW,ORDER_PAYMENT,2026-08-19 00:09:19
TX-8025,ORD-4025,CUSTOMER,CUST-0160,4966.46,INFLOW,ORDER_PAYMENT,2026-08-19 00:17:39
TX-8026,ORD-4026,CUSTOMER,CUST-0037,5576.1,INFLOW,ORDER_PAYMENT,2026-08-19 00:26:09
TX-8027,ORD-4027,CUSTOMER,CUST-0203,8897.98,INFLOW,ORDER_PAYMENT,2026-08-19 00:34:43
TX-8028,ORD-4028,CUSTOMER,CUST-0478,3904.31,INFLOW,ORDER_PAYMENT,2026-08-19 00:43:03
TX-8029,ORD-4029,CUSTOMER,CUST-0256,291.34,INFLOW,ORDER_PAYMENT,2026-08-19 00:51:18
TX-8030,ORD-4030,CUSTOMER,CUST-0259,2449.37,INFLOW,ORDER_PAYMENT,2026-08-19 00:59:56
TX-8031,ORD-4031,CUSTOMER,CUST-0012,2200.0,INFLOW,ORDER_PAYMENT,2026-08-19 01:08:26
TX-8032,ORD-4032,CUSTOMER,CUST-0129,358.12,INFLOW,ORDER_PAYMENT,2026-08-19 01:16:39
TX-8033,ORD-4033,CUSTOMER,CUST-0103,889.09,INFLOW,ORDER_PAYMENT,2026-08-19 01:24:52
TX-8034,ORD-4034,CUSTOMER,CUST-0486,1862.43,INFLOW,ORDER_PAYMENT,2026-08-19 01:33:16
TX-8035,ORD-4035,CUSTOMER,CUST-0424,4424.97,INFLOW,ORDER_PAYMENT,2026-08-19 01:41:45
TX-8036,ORD-4036,CUSTOMER,CUST-0037,4458.58,INFLOW,ORDER_PAYMENT,2026-08-19 01:50:11
TX-8037,ORD-4037,CUSTOMER,CUST-0478,1882.85,INFLOW,ORDER_PAYMENT,2026-08-19 01:58:33
TX-8038,ORD-4038,CUSTOMER,CUST-0388,818.39,INFLOW,ORDER_PAYMENT,2026-08-19 02:07:13
TX-8039,ORD-4039,CUSTOMER,CUST-0237,4458.58,INFLOW,ORDER_PAYMENT,2026-08-19 02:15:20
TX-8040,ORD-4040,CUSTOMER,CUST-0439,1882.85,INFLOW,ORDER_PAYMENT,2026-08-19 02:23:54
TX-8041,ORD-4041,CUSTOMER,CUST-0017,4101.12,INFLOW,ORDER_PAYMENT,2026-08-19 02:32:07
TX-8042,ORD-4042,CUSTOMER,CUST-0371,1732.3,INFLOW,ORDER_PAYMENT,2026-08-19 02:40:49
TX-8043,ORD-4043,CUSTOMER,CUST-0127,7108.04,INFLOW,ORDER_PAYMENT,2026-08-19 02:48:58
TX-8044,ORD-4044,CUSTOMER,CUST-0060,1924.84,INFLOW,ORDER_PAYMENT,2026-08-19 02:57:29
TX-8045,ORD-4045,CUSTOMER,CUST-0251,1992.9,INFLOW,ORDER_PAYMENT,2026-08-19 03:06:00
TX-8046,ORD-4046,CUSTOMER,CUST-0286,2439.3,INFLOW,ORDER_PAYMENT,2026-08-19 03:14:25
TX-8047,ORD-4047,CUSTOMER,CUST-0357,1768.39,INFLOW,ORDER_PAYMENT,2026-08-19 03:22:23
TX-8048,ORD-4048,CUSTOMER,CUST-0283,4294.61,INFLOW,ORDER_PAYMENT,2026-08-19 03:31:13
TX-8049,ORD-4049,CUSTOMER,CUST-0106,358.12,INFLOW,ORDER_PAYMENT,2026-08-19 03:39:31
TX-8050,ORD-4050,CUSTOMER,CUST-0227,4448.99,INFLOW,ORDER_PAYMENT,2026-08-19 03:47:40
TX-8051,ORD-4051,CUSTOMER,CUST-0437,3621.3,INFLOW,ORDER_PAYMENT,2026-08-19 03:56:17
TX-8052,ORD-4052,CUSTOMER,CUST-0002,1229.97,INFLOW,ORDER_PAYMENT,2026-08-19 04:04:21
TX-8053,ORD-4053,CUSTOMER,CUST-0136,4336.35,INFLOW,ORDER_PAYMENT,2026-08-19 04:13:10
TX-8054,ORD-4054,CUSTOMER,CUST-0059,3554.02,INFLOW,ORDER_PAYMENT,2026-08-19 04:21:21
TX-8055,ORD-4055,CUSTOMER,CUST-0016,3246.81,INFLOW,ORDER_PAYMENT,2026-08-19 04:29:45
TX-8056,ORD-4056,CUSTOMER,CUST-0142,7635.02,INFLOW,ORDER_PAYMENT,2026-08-19 04:37:59
TX-8057,ORD-4057,CUSTOMER,CUST-0225,3246.81,INFLOW,ORDER_PAYMENT,2026-08-19 04:46:24
TX-8058,ORD-4058,CUSTOMER,CUST-0463,656.92,INFLOW,ORDER_PAYMENT,2026-08-19 04:54:52
TX-8059,ORD-4059,CUSTOMER,CUST-0163,3684.61,INFLOW,ORDER_PAYMENT,2026-08-19 05:03:24
TX-8060,ORD-4060,CUSTOMER,CUST-0002,2446.64,INFLOW,ORDER_PAYMENT,2026-08-19 05:11:43
TX-8061,ORD-4061,CUSTOMER,CUST-0306,1100.0,INFLOW,ORDER_PAYMENT,2026-08-19 05:19:57
TX-8062,ORD-4062,CUSTOMER,CUST-0081,1732.3,INFLOW,ORDER_PAYMENT,2026-08-19 05:28:44
TX-8063,ORD-4063,CUSTOMER,CUST-0188,1100.0,INFLOW,ORDER_PAYMENT,2026-08-19 05:36:59
TX-8064,ORD-4064,CUSTOMER,CUST-0490,1299.1,INFLOW,ORDER_PAYMENT,2026-08-19 05:45:35
TX-8065,ORD-4065,CUSTOMER,CUST-0263,6126.32,INFLOW,ORDER_PAYMENT,2026-08-19 05:53:44
TX-8066,ORD-4066,CUSTOMER,CUST-0374,6610.12,INFLOW,ORDER_PAYMENT,2026-08-19 06:02:16
TX-8067,ORD-4067,CUSTOMER,CUST-0251,1100.0,INFLOW,ORDER_PAYMENT,2026-08-19 06:10:27
TX-8068,ORD-4068,CUSTOMER,CUST-0104,1524.23,INFLOW,ORDER_PAYMENT,2026-08-19 06:19:07
TX-8069,ORD-4069,CUSTOMER,CUST-0242,4424.97,INFLOW,ORDER_PAYMENT,2026-08-19 06:27:23
TX-8070,ORD-4070,CUSTOMER,CUST-0157,3655.67,INFLOW,ORDER_PAYMENT,2026-08-19 06:35:35
TX-8071,ORD-4071,CUSTOMER,CUST-0241,1100.0,INFLOW,ORDER_PAYMENT,2026-08-19 06:43:57
TX-8072,ORD-4072,CUSTOMER,CUST-0227,3303.71,INFLOW,ORDER_PAYMENT,2026-08-19 06:52:43
TX-8073,ORD-4073,CUSTOMER,CUST-0423,3063.16,INFLOW,ORDER_PAYMENT,2026-08-19 07:00:45
TX-8074,ORD-4074,CUSTOMER,CUST-0459,3246.81,INFLOW,ORDER_PAYMENT,2026-08-19 07:09:17
TX-8075,ORD-4075,CUSTOMER,CUST-0147,358.12,INFLOW,ORDER_PAYMENT,2026-08-19 07:17:48
TX-8076,ORD-4076,CUSTOMER,CUST-0082,1100.0,INFLOW,ORDER_PAYMENT,2026-08-19 07:25:59
TX-8077,ORD-4077,CUSTOMER,CUST-0093,656.92,INFLOW,ORDER_PAYMENT,2026-08-19 07:34:39
TX-8078,ORD-4078,CUSTOMER,CUST-0489,1636.78,INFLOW,ORDER_PAYMENT,2026-08-19 07:43:12
TX-8079,ORD-4079,CUSTOMER,CUST-0008,1100.0,INFLOW,ORDER_PAYMENT,2026-08-19 07:51:17
TX-8080,ORD-4080,CUSTOMER,CUST-0296,3817.51,INFLOW,ORDER_PAYMENT,2026-08-19 07:59:56
TX-8081,ORD-4081,CUSTOMER,CUST-0056,258.84,INFLOW,ORDER_PAYMENT,2026-08-19 08:08:15
TX-8082,ORD-4082,CUSTOMER,CUST-0142,656.92,INFLOW,ORDER_PAYMENT,2026-08-19 08:16:46
TX-8083,ORD-4083,CUSTOMER,CUST-0138,3305.06,INFLOW,ORDER_PAYMENT,2026-08-19 08:24:56
TX-8084,ORD-4084,CUSTOMER,CUST-0016,7108.04,INFLOW,ORDER_PAYMENT,2026-08-19 08:33:35
TX-8085,ORD-4085,CUSTOMER,CUST-0184,3412.17,INFLOW,ORDER_PAYMENT,2026-08-19 08:41:38
TX-8086,ORD-4086,CUSTOMER,CUST-0481,2252.3,INFLOW,ORDER_PAYMENT,2026-08-19 08:49:58
TX-8087,ORD-4087,CUSTOMER,CUST-0474,7242.6,INFLOW,ORDER_PAYMENT,2026-08-19 08:58:31
TX-8088,ORD-4088,CUSTOMER,CUST-0102,1299.1,INFLOW,ORDER_PAYMENT,2026-08-19 09:06:49
TX-8089,ORD-4089,CUSTOMER,CUST-0364,7054.32,INFLOW,ORDER_PAYMENT,2026-08-19 09:15:28
TX-8090,ORD-4090,CUSTOMER,CUST-0208,3303.71,INFLOW,ORDER_PAYMENT,2026-08-19 09:23:58
TX-8091,ORD-4091,CUSTOMER,CUST-0099,2446.64,INFLOW,ORDER_PAYMENT,2026-08-19 09:31:56
TX-8092,ORD-4092,CUSTOMER,CUST-0241,4054.3,INFLOW,ORDER_PAYMENT,2026-08-19 09:40:33
TX-8093,ORD-4093,CUSTOMER,CUST-0212,2065.51,INFLOW,ORDER_PAYMENT,2026-08-19 09:48:43
TX-8094,ORD-4094,CUSTOMER,CUST-0155,2252.3,INFLOW,ORDER_PAYMENT,2026-08-19 09:57:23
TX-8095,ORD-4095,CUSTOMER,CUST-0179,1100.0,INFLOW,ORDER_PAYMENT,2026-08-19 10:05:57
TX-8096,ORD-4096,CUSTOMER,CUST-0283,3570.49,INFLOW,ORDER_PAYMENT,2026-08-19 10:14:10
TX-8097,ORD-4097,CUSTOMER,CUST-0458,1418.34,INFLOW,ORDER_PAYMENT,2026-08-19 10:22:20
TX-8098,ORD-4098,CUSTOMER,CUST-0148,1882.85,INFLOW,ORDER_PAYMENT,2026-08-19 10:31:06
TX-8099,ORD-4099,CUSTOMER,CUST-0150,1100.0,INFLOW,ORDER_PAYMENT,2026-08-19 10:39:30
TX-8100,ORD-4100,CUSTOMER,CUST-0199,1658.08,INFLOW,ORDER_PAYMENT,2026-08-19 10:47:31
TX-8101,ORD-4101,CUSTOMER,CUST-0130,1100.0,INFLOW,ORDER_PAYMENT,2026-08-19 10:56:12
TX-8102,ORD-4102,CUSTOMER,CUST-0102,1862.43,INFLOW,ORDER_PAYMENT,2026-08-19 11:04:34
TX-8103,ORD-4103,CUSTOMER,CUST-0040,1100.0,INFLOW,ORDER_PAYMENT,2026-08-19 11:12:42
TX-8104,ORD-4104,CUSTOMER,CUST-0329,414.04,INFLOW,ORDER_PAYMENT,2026-08-19 11:21:26
TX-8105,ORD-4105,CUSTOMER,CUST-0217,3564.2,INFLOW,ORDER_PAYMENT,2026-08-19 11:29:48
TX-8106,ORD-4106,CUSTOMER,CUST-0099,3303.71,INFLOW,ORDER_PAYMENT,2026-08-19 11:37:59
TX-8107,ORD-4107,CUSTOMER,CUST-0228,291.34,INFLOW,ORDER_PAYMENT,2026-08-19 11:46:20
TX-8108,ORD-4108,CUSTOMER,CUST-0296,414.04,INFLOW,ORDER_PAYMENT,2026-08-19 11:54:59
TX-8109,ORD-4109,CUSTOMER,CUST-0071,3737.74,INFLOW,ORDER_PAYMENT,2026-08-19 12:03:03
TX-8110,ORD-4110,CUSTOMER,CUST-0352,1604.68,INFLOW,ORDER_PAYMENT,2026-08-19 12:11:27
TX-8111,ORD-4111,CUSTOMER,CUST-0382,7140.98,INFLOW,ORDER_PAYMENT,2026-08-19 12:20:21
TX-8112,ORD-4112,CUSTOMER,CUST-0478,7369.22,INFLOW,ORDER_PAYMENT,2026-08-19 12:28:45
TX-8113,ORD-4113,CUSTOMER,CUST-0270,3554.02,INFLOW,ORDER_PAYMENT,2026-08-19 12:37:09
TX-8114,ORD-4114,CUSTOMER,CUST-0097,3303.71,INFLOW,ORDER_PAYMENT,2026-08-19 12:45:29
TX-8115,ORD-4115,CUSTOMER,CUST-0233,1862.43,INFLOW,ORDER_PAYMENT,2026-08-19 12:53:45
TX-8116,ORD-4116,CUSTOMER,CUST-0470,889.09,INFLOW,ORDER_PAYMENT,2026-08-19 13:02:03
TX-8117,ORD-4117,CUSTOMER,CUST-0215,716.24,INFLOW,ORDER_PAYMENT,2026-08-19 13:10:28
TX-8118,ORD-4118,CUSTOMER,CUST-0033,5288.26,INFLOW,ORDER_PAYMENT,2026-08-19 13:18:44
TX-8119,ORD-4119,CUSTOMER,CUST-0308,818.39,INFLOW,ORDER_PAYMENT,2026-08-19 13:27:06
TX-8120,ORD-4120,CUSTOMER,CUST-0493,1004.29,INFLOW,ORDER_PAYMENT,2026-08-19 13:35:39
TX-8121,ORD-4121,CUSTOMER,CUST-0171,258.84,INFLOW,ORDER_PAYMENT,2026-08-19 13:43:59
TX-8122,ORD-4122,CUSTOMER,CUST-0176,3310.04,INFLOW,ORDER_PAYMENT,2026-08-19 13:52:39
TX-8123,ORD-4123,CUSTOMER,CUST-0020,306.7,INFLOW,ORDER_PAYMENT,2026-08-19 14:00:53
TX-8124,ORD-4124,CUSTOMER,CUST-0469,557.56,INFLOW,ORDER_PAYMENT,2026-08-19 14:09:07
TX-8125,ORD-4125,CUSTOMER,CUST-0216,1100.0,INFLOW,ORDER_PAYMENT,2026-08-19 14:17:28
TX-8126,ORD-4126,CUSTOMER,CUST-0208,818.39,INFLOW,ORDER_PAYMENT,2026-08-19 14:25:52
TX-8127,ORD-4127,CUSTOMER,CUST-0308,3482.21,INFLOW,ORDER_PAYMENT,2026-08-19 14:34:25
TX-8128,ORD-4128,CUSTOMER,CUST-0402,557.56,INFLOW,ORDER_PAYMENT,2026-08-19 14:42:42
TX-8129,ORD-4129,CUSTOMER,CUST-0360,3817.51,INFLOW,ORDER_PAYMENT,2026-08-19 14:51:06
TX-8130,ORD-4130,CUSTOMER,CUST-0002,414.04,INFLOW,ORDER_PAYMENT,2026-08-19 14:59:45
TX-8131,ORD-4131,CUSTOMER,CUST-0495,4101.12,INFLOW,ORDER_PAYMENT,2026-08-19 15:07:58
TX-8132,ORD-4132,CUSTOMER,CUST-0031,656.92,INFLOW,ORDER_PAYMENT,2026-08-19 15:16:31
TX-8133,ORD-4133,CUSTOMER,CUST-0289,3024.83,INFLOW,ORDER_PAYMENT,2026-08-19 15:24:54
TX-8134,ORD-4134,CUSTOMER,CUST-0485,7242.6,INFLOW,ORDER_PAYMENT,2026-08-19 15:33:09
TX-8135,ORD-4135,CUSTOMER,CUST-0406,3904.31,INFLOW,ORDER_PAYMENT,2026-08-19 15:41:46
TX-8136,ORD-4136,CUSTOMER,CUST-0065,4054.3,INFLOW,ORDER_PAYMENT,2026-08-19 15:49:56
TX-8137,ORD-4137,CUSTOMER,CUST-0006,535.08,INFLOW,ORDER_PAYMENT,2026-08-19 15:58:33
TX-8138,ORD-4138,CUSTOMER,CUST-0211,3621.3,INFLOW,ORDER_PAYMENT,2026-08-19 16:06:45
TX-8139,ORD-4139,CUSTOMER,CUST-0142,4272.95,INFLOW,ORDER_PAYMENT,2026-08-19 16:15:09
TX-8140,ORD-4140,CUSTOMER,CUST-0146,2452.83,INFLOW,ORDER_PAYMENT,2026-08-19 16:23:52
TX-8141,ORD-4141,CUSTOMER,CUST-0342,883.38,INFLOW,ORDER_PAYMENT,2026-08-19 16:32:18
TX-8142,ORD-4142,CUSTOMER,CUST-0125,1231.42,INFLOW,ORDER_PAYMENT,2026-08-19 16:40:18
TX-8143,ORD-4143,CUSTOMER,CUST-0046,4226.7,INFLOW,ORDER_PAYMENT,2026-08-19 16:49:04
TX-8144,ORD-4144,CUSTOMER,CUST-0101,3412.17,INFLOW,ORDER_PAYMENT,2026-08-19 16:57:26
TX-8145,ORD-4145,CUSTOMER,CUST-0305,3063.16,INFLOW,ORDER_PAYMENT,2026-08-19 17:05:53
TX-8146,ORD-4146,CUSTOMER,CUST-0083,3904.31,INFLOW,ORDER_PAYMENT,2026-08-19 17:14:03
TX-8147,ORD-4147,CUSTOMER,CUST-0387,1348.16,INFLOW,ORDER_PAYMENT,2026-08-19 17:22:24
TX-8148,ORD-4148,CUSTOMER,CUST-0431,6607.42,INFLOW,ORDER_PAYMENT,2026-08-19 17:31:02
TX-8149,ORD-4149,CUSTOMER,CUST-0201,2757.05,INFLOW,ORDER_PAYMENT,2026-08-19 17:39:25
TX-8150,ORD-4150,CUSTOMER,CUST-0492,3063.16,INFLOW,ORDER_PAYMENT,2026-08-19 17:47:54
TX-8151,ORD-4151,CUSTOMER,CUST-0083,1434.09,INFLOW,ORDER_PAYMENT,2026-08-19 17:55:55
TX-8152,ORD-4152,CUSTOMER,CUST-0436,4272.95,INFLOW,ORDER_PAYMENT,2026-08-19 18:04:25
TX-8153,ORD-4153,CUSTOMER,CUST-0289,431.18,INFLOW,ORDER_PAYMENT,2026-08-19 18:12:37
TX-8154,ORD-4154,CUSTOMER,CUST-0339,2644.13,INFLOW,ORDER_PAYMENT,2026-08-19 18:21:27
TX-8155,ORD-4155,CUSTOMER,CUST-0271,1076.17,INFLOW,ORDER_PAYMENT,2026-08-19 18:29:51
TX-8156,ORD-4156,CUSTOMER,CUST-0306,3554.02,INFLOW,ORDER_PAYMENT,2026-08-19 18:37:52
TX-8157,ORD-4157,CUSTOMER,CUST-0379,3817.51,INFLOW,ORDER_PAYMENT,2026-08-19 18:46:12
TX-8158,ORD-4158,CUSTOMER,CUST-0082,4030.3,INFLOW,ORDER_PAYMENT,2026-08-19 18:54:56
TX-8159,ORD-4159,CUSTOMER,CUST-0257,1076.17,INFLOW,ORDER_PAYMENT,2026-08-19 19:03:07
TX-8160,ORD-4160,CUSTOMER,CUST-0459,3482.21,INFLOW,ORDER_PAYMENT,2026-08-19 19:11:52
TX-8161,ORD-4161,CUSTOMER,CUST-0154,1231.42,INFLOW,ORDER_PAYMENT,2026-08-19 19:19:53
TX-8162,ORD-4162,CUSTOMER,CUST-0377,3564.2,INFLOW,ORDER_PAYMENT,2026-08-19 19:28:41
TX-8163,ORD-4163,CUSTOMER,CUST-0132,3196.07,INFLOW,ORDER_PAYMENT,2026-08-19 19:37:03
TX-8164,ORD-4164,CUSTOMER,CUST-0267,2200.0,INFLOW,ORDER_PAYMENT,2026-08-19 19:45:07
TX-8165,ORD-4165,CUSTOMER,CUST-0233,1299.1,INFLOW,ORDER_PAYMENT,2026-08-19 19:53:49
TX-8166,ORD-4166,CUSTOMER,CUST-0249,3310.04,INFLOW,ORDER_PAYMENT,2026-08-19 20:02:00
TX-8167,ORD-4167,CUSTOMER,CUST-0437,3569.25,INFLOW,ORDER_PAYMENT,2026-08-19 20:10:18
TX-8168,ORD-4168,CUSTOMER,CUST-0269,3722.35,INFLOW,ORDER_PAYMENT,2026-08-19 20:18:59
TX-8169,ORD-4169,CUSTOMER,CUST-0158,2446.64,INFLOW,ORDER_PAYMENT,2026-08-19 20:27:19
TX-8170,ORD-4170,CUSTOMER,CUST-0429,826.99,INFLOW,ORDER_PAYMENT,2026-08-19 20:35:30
TX-8171,ORD-4171,CUSTOMER,CUST-0191,2788.05,INFLOW,ORDER_PAYMENT,2026-08-19 20:43:48
TX-8172,ORD-4172,CUSTOMER,CUST-0362,3637.58,INFLOW,ORDER_PAYMENT,2026-08-19 20:52:12
TX-8173,ORD-4173,CUSTOMER,CUST-0423,4093.93,INFLOW,ORDER_PAYMENT,2026-08-19 21:00:42
TX-8174,ORD-4174,CUSTOMER,CUST-0305,4074.31,INFLOW,ORDER_PAYMENT,2026-08-19 21:09:22
TX-8175,ORD-4175,CUSTOMER,CUST-0315,1229.97,INFLOW,ORDER_PAYMENT,2026-08-19 21:17:26
TX-8176,ORD-4176,CUSTOMER,CUST-0229,3305.06,INFLOW,ORDER_PAYMENT,2026-08-19 21:26:16
TX-8177,ORD-4177,CUSTOMER,CUST-0118,3722.35,INFLOW,ORDER_PAYMENT,2026-08-19 21:34:31
TX-8178,ORD-4178,CUSTOMER,CUST-0392,4294.61,INFLOW,ORDER_PAYMENT,2026-08-19 21:42:53
TX-8179,ORD-4179,CUSTOMER,CUST-0136,3310.04,INFLOW,ORDER_PAYMENT,2026-08-19 21:51:02
TX-8180,ORD-4180,CUSTOMER,CUST-0475,3684.61,INFLOW,ORDER_PAYMENT,2026-08-19 21:59:44
TX-8181,ORD-4181,CUSTOMER,CUST-0180,3412.17,INFLOW,ORDER_PAYMENT,2026-08-19 22:07:49
TX-8182,ORD-4182,CUSTOMER,CUST-0440,2452.83,INFLOW,ORDER_PAYMENT,2026-08-19 22:16:18
TX-8183,ORD-4183,CUSTOMER,CUST-0304,8672.7,INFLOW,ORDER_PAYMENT,2026-08-19 22:24:40
TX-8184,ORD-4184,CUSTOMER,CUST-0266,4337.59,INFLOW,ORDER_PAYMENT,2026-08-19 22:32:58
TX-8185,ORD-4185,CUSTOMER,CUST-0474,1544.47,INFLOW,ORDER_PAYMENT,2026-08-19 22:41:27
TX-8186,ORD-4186,CUSTOMER,CUST-0058,3904.31,INFLOW,ORDER_PAYMENT,2026-08-19 22:49:58
TX-8187,ORD-4187,CUSTOMER,CUST-0496,3052.92,INFLOW,ORDER_PAYMENT,2026-08-19 22:58:23
TX-8188,ORD-4188,CUSTOMER,CUST-0035,6620.08,INFLOW,ORDER_PAYMENT,2026-08-19 23:06:37
TX-8189,ORD-4189,CUSTOMER,CUST-0199,1100.0,INFLOW,ORDER_PAYMENT,2026-08-19 23:15:20
TX-8190,ORD-4190,CUSTOMER,CUST-0250,1882.85,INFLOW,ORDER_PAYMENT,2026-08-19 23:23:48
TX-8191,ORD-4191,CUSTOMER,CUST-0342,3246.81,INFLOW,ORDER_PAYMENT,2026-08-19 23:31:52
TX-8192,ORD-4192,CUSTOMER,CUST-0179,6105.84,INFLOW,ORDER_PAYMENT,2026-08-19 23:40:27
TX-8193,ORD-4193,CUSTOMER,CUST-0201,6620.08,INFLOW,ORDER_PAYMENT,2026-08-19 23:48:53
TX-8194,ORD-4194,CUSTOMER,CUST-0294,674.08,INFLOW,ORDER_PAYMENT,2026-08-19 23:57:25
TX-8195,ORD-4195,CUSTOMER,CUST-0285,3297.77,INFLOW,ORDER_PAYMENT,2026-08-20 00:05:37
TX-8196,ORD-4196,CUSTOMER,CUST-0474,3590.3,INFLOW,ORDER_PAYMENT,2026-08-20 00:14:10
TX-8197,ORD-4197,CUSTOMER,CUST-0252,1090.0,INFLOW,ORDER_PAYMENT,2026-08-20 00:22:29
TX-8198,ORD-4198,CUSTOMER,CUST-0043,8675.18,INFLOW,ORDER_PAYMENT,2026-08-20 00:30:42
TX-8199,ORD-4199,CUSTOMER,CUST-0221,889.09,INFLOW,ORDER_PAYMENT,2026-08-20 00:38:59
TX-8200,ORD-4200,CUSTOMER,CUST-0229,4390.3,INFLOW,ORDER_PAYMENT,2026-08-20 00:47:33
TX-8201,ORD-4201,CUSTOMER,CUST-0396,3482.21,INFLOW,ORDER_PAYMENT,2026-08-20 00:55:57
TX-8202,ORD-4202,CUSTOMER,CUST-0081,1434.09,INFLOW,ORDER_PAYMENT,2026-08-20 01:04:26
TX-8203,ORD-4203,CUSTOMER,CUST-0458,3482.21,INFLOW,ORDER_PAYMENT,2026-08-20 01:12:54
TX-8204,ORD-4204,CUSTOMER,CUST-0023,656.92,INFLOW,ORDER_PAYMENT,2026-08-20 01:21:00
TX-8205,ORD-4205,CUSTOMER,CUST-0276,2419.53,INFLOW,ORDER_PAYMENT,2026-08-20 01:29:43
TX-8206,ORD-4206,CUSTOMER,CUST-0077,8152.86,INFLOW,ORDER_PAYMENT,2026-08-20 01:37:46
TX-8207,ORD-4207,CUSTOMER,CUST-0057,2200.0,INFLOW,ORDER_PAYMENT,2026-08-20 01:46:18
TX-8208,ORD-4208,CUSTOMER,CUST-0477,2452.83,INFLOW,ORDER_PAYMENT,2026-08-20 01:54:47
TX-8209,ORD-4209,CUSTOMER,CUST-0268,716.24,INFLOW,ORDER_PAYMENT,2026-08-20 02:03:01
TX-8210,ORD-4210,CUSTOMER,CUST-0473,3724.86,INFLOW,ORDER_PAYMENT,2026-08-20 02:11:40
TX-8211,ORD-4211,CUSTOMER,CUST-0169,4054.3,INFLOW,ORDER_PAYMENT,2026-08-20 02:20:05
TX-8212,ORD-4212,CUSTOMER,CUST-0489,3897.52,INFLOW,ORDER_PAYMENT,2026-08-20 02:28:38
TX-8213,ORD-4213,CUSTOMER,CUST-0009,414.04,INFLOW,ORDER_PAYMENT,2026-08-20 02:36:39
TX-8214,ORD-4214,CUSTOMER,CUST-0295,4030.3,INFLOW,ORDER_PAYMENT,2026-08-20 02:44:55
TX-8215,ORD-4215,CUSTOMER,CUST-0379,2439.3,INFLOW,ORDER_PAYMENT,2026-08-20 02:53:47
TX-8216,ORD-4216,CUSTOMER,CUST-0238,3310.04,INFLOW,ORDER_PAYMENT,2026-08-20 03:01:49
TX-8217,ORD-4217,CUSTOMER,CUST-0280,1125.08,INFLOW,ORDER_PAYMENT,2026-08-20 03:10:19
TX-8218,ORD-4218,CUSTOMER,CUST-0449,4905.66,INFLOW,ORDER_PAYMENT,2026-08-20 03:18:33
TX-8219,ORD-4219,CUSTOMER,CUST-0472,2446.64,INFLOW,ORDER_PAYMENT,2026-08-20 03:27:08
TX-8220,ORD-4220,CUSTOMER,CUST-0208,2449.37,INFLOW,ORDER_PAYMENT,2026-08-20 03:35:27
TX-8221,ORD-4221,CUSTOMER,CUST-0342,1100.0,INFLOW,ORDER_PAYMENT,2026-08-20 03:43:45
TX-8222,ORD-4222,CUSTOMER,CUST-0394,4226.7,INFLOW,ORDER_PAYMENT,2026-08-20 03:52:12
TX-8223,ORD-4223,CUSTOMER,CUST-0475,1605.72,INFLOW,ORDER_PAYMENT,2026-08-20 04:00:42
TX-8224,ORD-4224,CUSTOMER,CUST-0237,3063.16,INFLOW,ORDER_PAYMENT,2026-08-20 04:09:14
TX-8225,ORD-4225,CUSTOMER,CUST-0319,8589.22,INFLOW,ORDER_PAYMENT,2026-08-20 04:17:35
TX-8226,ORD-4226,CUSTOMER,CUST-0247,3786.85,INFLOW,ORDER_PAYMENT,2026-08-20 04:25:43
TX-8227,ORD-4227,CUSTOMER,CUST-0291,2644.13,INFLOW,ORDER_PAYMENT,2026-08-20 04:34:16
TX-8228,ORD-4228,CUSTOMER,CUST-0144,3621.3,INFLOW,ORDER_PAYMENT,2026-08-20 04:42:32
TX-8229,ORD-4229,CUSTOMER,CUST-0333,1125.08,INFLOW,ORDER_PAYMENT,2026-08-20 04:50:55
TX-8230,ORD-4230,CUSTOMER,CUST-0195,4054.3,INFLOW,ORDER_PAYMENT,2026-08-20 04:59:26
TX-8231,ORD-4231,CUSTOMER,CUST-0106,1090.0,INFLOW,ORDER_PAYMENT,2026-08-20 05:07:46
TX-8232,ORD-4232,CUSTOMER,CUST-0393,2589.06,INFLOW,ORDER_PAYMENT,2026-08-20 05:16:16
TX-8233,ORD-4233,CUSTOMER,CUST-0454,2200.0,INFLOW,ORDER_PAYMENT,2026-08-20 05:24:40
TX-8234,ORD-4234,CUSTOMER,CUST-0087,4336.35,INFLOW,ORDER_PAYMENT,2026-08-20 05:32:55
TX-8235,ORD-4235,CUSTOMER,CUST-0483,1768.39,INFLOW,ORDER_PAYMENT,2026-08-20 05:41:30
TX-8236,ORD-4236,CUSTOMER,CUST-0224,2419.53,INFLOW,ORDER_PAYMENT,2026-08-20 05:50:05
TX-8237,ORD-4237,CUSTOMER,CUST-0336,358.12,INFLOW,ORDER_PAYMENT,2026-08-20 05:58:21
TX-8238,ORD-4238,CUSTOMER,CUST-0098,3786.85,INFLOW,ORDER_PAYMENT,2026-08-20 06:06:31
TX-8239,ORD-4239,CUSTOMER,CUST-0375,7275.16,INFLOW,ORDER_PAYMENT,2026-08-20 06:14:54
TX-8240,ORD-4240,CUSTOMER,CUST-0197,1732.3,INFLOW,ORDER_PAYMENT,2026-08-20 06:23:36
TX-8241,ORD-4241,CUSTOMER,CUST-0324,6126.32,INFLOW,ORDER_PAYMENT,2026-08-20 06:31:43
TX-8242,ORD-4242,CUSTOMER,CUST-0281,7475.48,INFLOW,ORDER_PAYMENT,2026-08-20 06:40:06
TX-8243,ORD-4243,CUSTOMER,CUST-0482,670.05,INFLOW,ORDER_PAYMENT,2026-08-20 06:48:40
TX-8244,ORD-4244,CUSTOMER,CUST-0097,3904.05,INFLOW,ORDER_PAYMENT,2026-08-20 06:56:54
TX-8245,ORD-4245,CUSTOMER,CUST-0415,7808.1,INFLOW,ORDER_PAYMENT,2026-08-20 07:05:36
TX-8246,ORD-4246,CUSTOMER,CUST-0023,3655.67,INFLOW,ORDER_PAYMENT,2026-08-20 07:13:41
TX-8247,ORD-4247,CUSTOMER,CUST-0018,3527.16,INFLOW,ORDER_PAYMENT,2026-08-20 07:22:14
TX-8248,ORD-4248,CUSTOMER,CUST-0069,3527.16,INFLOW,ORDER_PAYMENT,2026-08-20 07:30:59
TX-8249,ORD-4249,CUSTOMER,CUST-0486,4893.28,INFLOW,ORDER_PAYMENT,2026-08-20 07:39:20
TX-8250,ORD-4250,CUSTOMER,CUST-0433,4294.61,INFLOW,ORDER_PAYMENT,2026-08-20 07:47:21
TX-8251,ORD-4251,CUSTOMER,CUST-0153,6126.32,INFLOW,ORDER_PAYMENT,2026-08-20 07:55:44
TX-8252,ORD-4252,CUSTOMER,CUST-0454,3211.44,INFLOW,ORDER_PAYMENT,2026-08-20 08:04:10
TX-8253,ORD-4253,CUSTOMER,CUST-0225,4336.35,INFLOW,ORDER_PAYMENT,2026-08-20 08:12:29
TX-8254,ORD-4254,CUSTOMER,CUST-0006,7808.62,INFLOW,ORDER_PAYMENT,2026-08-20 08:20:57
TX-8255,ORD-4255,CUSTOMER,CUST-0122,557.56,INFLOW,ORDER_PAYMENT,2026-08-20 08:29:34
TX-8256,ORD-4256,CUSTOMER,CUST-0049,7795.04,INFLOW,ORDER_PAYMENT,2026-08-20 08:38:01
TX-8257,ORD-4257,CUSTOMER,CUST-0483,4448.99,INFLOW,ORDER_PAYMENT,2026-08-20 08:46:24
TX-8258,ORD-4258,CUSTOMER,CUST-0388,258.84,INFLOW,ORDER_PAYMENT,2026-08-20 08:54:33
TX-8259,ORD-4259,CUSTOMER,CUST-0488,8780.6,INFLOW,ORDER_PAYMENT,2026-08-20 09:03:04
TX-8260,ORD-4260,CUSTOMER,CUST-0230,1924.84,INFLOW,ORDER_PAYMENT,2026-08-20 09:11:36
TX-8261,ORD-4261,CUSTOMER,CUST-0051,3904.31,INFLOW,ORDER_PAYMENT,2026-08-20 09:19:54
TX-8262,ORD-4262,CUSTOMER,CUST-0307,4458.58,INFLOW,ORDER_PAYMENT,2026-08-20 09:28:25
TX-8263,ORD-4263,CUSTOMER,CUST-0329,3621.3,INFLOW,ORDER_PAYMENT,2026-08-20 09:36:42
TX-8264,ORD-4264,CUSTOMER,CUST-0299,3412.17,INFLOW,ORDER_PAYMENT,2026-08-20 09:44:58
TX-8265,ORD-4265,CUSTOMER,CUST-0131,414.04,INFLOW,ORDER_PAYMENT,2026-08-20 09:53:17
TX-8266,ORD-4266,CUSTOMER,CUST-0015,4448.99,INFLOW,ORDER_PAYMENT,2026-08-20 10:02:04
TX-8267,ORD-4267,CUSTOMER,CUST-0225,2462.84,INFLOW,ORDER_PAYMENT,2026-08-20 10:10:25
TX-8268,ORD-4268,CUSTOMER,CUST-0219,1992.9,INFLOW,ORDER_PAYMENT,2026-08-20 10:18:55
TX-8269,ORD-4269,CUSTOMER,CUST-0129,517.68,INFLOW,ORDER_PAYMENT,2026-08-20 10:26:57
TX-8270,ORD-4270,CUSTOMER,CUST-0390,557.56,INFLOW,ORDER_PAYMENT,2026-08-20 10:35:27
TX-8271,ORD-4271,CUSTOMER,CUST-0011,8545.9,INFLOW,ORDER_PAYMENT,2026-08-20 10:44:04
TX-8272,ORD-4272,CUSTOMER,CUST-0420,8917.16,INFLOW,ORDER_PAYMENT,2026-08-20 10:52:05
TX-8273,ORD-4273,CUSTOMER,CUST-0454,4076.43,INFLOW,ORDER_PAYMENT,2026-08-20 11:00:48
TX-8274,ORD-4274,CUSTOMER,CUST-0217,3196.07,INFLOW,ORDER_PAYMENT,2026-08-20 11:09:19
TX-8275,ORD-4275,CUSTOMER,CUST-0167,3855.71,INFLOW,ORDER_PAYMENT,2026-08-20 11:17:33
TX-8276,ORD-4276,CUSTOMER,CUST-0077,1229.97,INFLOW,ORDER_PAYMENT,2026-08-20 11:25:54
TX-8277,ORD-4277,CUSTOMER,CUST-0492,1544.47,INFLOW,ORDER_PAYMENT,2026-08-20 11:34:17
TX-8278,ORD-4278,CUSTOMER,CUST-0198,4272.95,INFLOW,ORDER_PAYMENT,2026-08-20 11:42:47
TX-8279,ORD-4279,CUSTOMER,CUST-0432,1231.42,INFLOW,ORDER_PAYMENT,2026-08-20 11:51:18
TX-8280,ORD-4280,CUSTOMER,CUST-0162,1948.31,INFLOW,ORDER_PAYMENT,2026-08-20 11:59:39
TX-8281,ORD-4281,CUSTOMER,CUST-0155,3786.85,INFLOW,ORDER_PAYMENT,2026-08-20 12:08:01
TX-8282,ORD-4282,CUSTOMER,CUST-0108,1544.47,INFLOW,ORDER_PAYMENT,2026-08-20 12:16:06
TX-8283,ORD-4283,CUSTOMER,CUST-0394,889.09,INFLOW,ORDER_PAYMENT,2026-08-20 12:24:39
TX-8284,ORD-4284,CUSTOMER,CUST-0156,829.04,INFLOW,ORDER_PAYMENT,2026-08-20 12:33:07
TX-8285,ORD-4285,CUSTOMER,CUST-0347,3310.04,INFLOW,ORDER_PAYMENT,2026-08-20 12:41:36
TX-8286,ORD-4286,CUSTOMER,CUST-0261,1924.84,INFLOW,ORDER_PAYMENT,2026-08-20 12:49:43
TX-8287,ORD-4287,CUSTOMER,CUST-0049,582.68,INFLOW,ORDER_PAYMENT,2026-08-20 12:58:07
TX-8288,ORD-4288,CUSTOMER,CUST-0163,3655.67,INFLOW,ORDER_PAYMENT,2026-08-20 13:06:46
TX-8289,ORD-4289,CUSTOMER,CUST-0012,3655.67,INFLOW,ORDER_PAYMENT,2026-08-20 13:15:00
TX-8290,ORD-4290,CUSTOMER,CUST-0192,3849.68,INFLOW,ORDER_PAYMENT,2026-08-20 13:23:22
TX-8291,ORD-4291,CUSTOMER,CUST-0393,3063.16,INFLOW,ORDER_PAYMENT,2026-08-20 13:31:55
TX-8292,ORD-4292,CUSTOMER,CUST-0451,4893.28,INFLOW,ORDER_PAYMENT,2026-08-20 13:40:22
TX-8293,ORD-4293,CUSTOMER,CUST-0071,1524.23,INFLOW,ORDER_PAYMENT,2026-08-20 13:48:42
TX-8294,ORD-4294,CUSTOMER,CUST-0008,716.24,INFLOW,ORDER_PAYMENT,2026-08-20 13:56:52
TX-8295,ORD-4295,CUSTOMER,CUST-0460,3897.52,INFLOW,ORDER_PAYMENT,2026-08-20 14:05:13
TX-8296,ORD-4296,CUSTOMER,CUST-0254,4226.7,INFLOW,ORDER_PAYMENT,2026-08-20 14:13:46
TX-8297,ORD-4297,CUSTOMER,CUST-0095,4101.12,INFLOW,ORDER_PAYMENT,2026-08-20 14:22:22
TX-8298,ORD-4298,CUSTOMER,CUST-0050,2452.83,INFLOW,ORDER_PAYMENT,2026-08-20 14:30:31
TX-8299,ORD-4299,CUSTOMER,CUST-0225,4966.46,INFLOW,ORDER_PAYMENT,2026-08-20 14:39:12
TX-8300,ORD-4300,CUSTOMER,CUST-0405,3063.16,INFLOW,ORDER_PAYMENT,2026-08-20 14:47:28
TX-8301,ORD-4301,CUSTOMER,CUST-0346,291.34,INFLOW,ORDER_PAYMENT,2026-08-20 14:56:05
TX-8302,ORD-4302,CUSTOMER,CUST-0039,8148.62,INFLOW,ORDER_PAYMENT,2026-08-20 15:04:04
TX-8303,ORD-4303,CUSTOMER,CUST-0401,3303.71,INFLOW,ORDER_PAYMENT,2026-08-20 15:12:25
TX-8304,ORD-4304,CUSTOMER,CUST-0461,4093.93,INFLOW,ORDER_PAYMENT,2026-08-20 15:21:10
TX-8305,ORD-4305,CUSTOMER,CUST-0369,2483.23,INFLOW,ORDER_PAYMENT,2026-08-20 15:29:13
TX-8306,ORD-4306,CUSTOMER,CUST-0341,3196.07,INFLOW,ORDER_PAYMENT,2026-08-20 15:37:44
TX-8307,ORD-4307,CUSTOMER,CUST-0349,2452.83,INFLOW,ORDER_PAYMENT,2026-08-20 15:46:13
TX-8308,ORD-4308,CUSTOMER,CUST-0140,4226.7,INFLOW,ORDER_PAYMENT,2026-08-20 15:54:43
TX-8309,ORD-4309,CUSTOMER,CUST-0305,2644.13,INFLOW,ORDER_PAYMENT,2026-08-20 16:03:13
TX-8310,ORD-4310,CUSTOMER,CUST-0473,3904.05,INFLOW,ORDER_PAYMENT,2026-08-20 16:11:42
TX-8311,ORD-4311,CUSTOMER,CUST-0148,1100.0,INFLOW,ORDER_PAYMENT,2026-08-20 16:19:39
TX-8312,ORD-4312,CUSTOMER,CUST-0032,4390.3,INFLOW,ORDER_PAYMENT,2026-08-20 16:28:05
TX-8313,ORD-4313,CUSTOMER,CUST-0235,6126.32,INFLOW,ORDER_PAYMENT,2026-08-20 16:36:25
TX-8314,ORD-4314,CUSTOMER,CUST-0214,3024.83,INFLOW,ORDER_PAYMENT,2026-08-20 16:45:18
TX-8315,ORD-4315,CUSTOMER,CUST-0393,851.72,INFLOW,ORDER_PAYMENT,2026-08-20 16:53:21
TX-8316,ORD-4316,CUSTOMER,CUST-0179,613.4,INFLOW,ORDER_PAYMENT,2026-08-20 17:01:50
TX-8317,ORD-4317,CUSTOMER,CUST-0460,2644.13,INFLOW,ORDER_PAYMENT,2026-08-20 17:10:23
TX-8318,ORD-4318,CUSTOMER,CUST-0315,1948.31,INFLOW,ORDER_PAYMENT,2026-08-20 17:18:54
TX-8319,ORD-4319,CUSTOMER,CUST-0208,826.99,INFLOW,ORDER_PAYMENT,2026-08-20 17:26:50
TX-8320,ORD-4320,CUSTOMER,CUST-0215,851.72,INFLOW,ORDER_PAYMENT,2026-08-20 17:35:29
TX-8321,ORD-4321,CUSTOMER,CUST-0328,1604.68,INFLOW,ORDER_PAYMENT,2026-08-20 17:43:49
TX-8322,ORD-4322,CUSTOMER,CUST-0237,1418.34,INFLOW,ORDER_PAYMENT,2026-08-20 17:52:17
TX-8323,ORD-4323,CUSTOMER,CUST-0009,1100.0,INFLOW,ORDER_PAYMENT,2026-08-20 18:00:42
TX-8324,ORD-4324,CUSTOMER,CUST-0119,1299.1,INFLOW,ORDER_PAYMENT,2026-08-20 18:08:56
TX-8325,ORD-4325,CUSTOMER,CUST-0350,291.34,INFLOW,ORDER_PAYMENT,2026-08-20 18:17:29
TX-8326,ORD-4326,CUSTOMER,CUST-0444,3305.06,INFLOW,ORDER_PAYMENT,2026-08-20 18:25:39
TX-8327,ORD-4327,CUSTOMER,CUST-0432,3684.61,INFLOW,ORDER_PAYMENT,2026-08-20 18:34:10
TX-8328,ORD-4328,CUSTOMER,CUST-0052,535.08,INFLOW,ORDER_PAYMENT,2026-08-20 18:42:25
TX-8329,ORD-4329,CUSTOMER,CUST-0426,2439.3,INFLOW,ORDER_PAYMENT,2026-08-20 18:50:55
TX-8330,ORD-4330,CUSTOMER,CUST-0178,3655.67,INFLOW,ORDER_PAYMENT,2026-08-20 18:59:20
TX-8331,ORD-4331,CUSTOMER,CUST-0407,4839.06,INFLOW,ORDER_PAYMENT,2026-08-20 19:07:56
TX-8332,ORD-4332,CUSTOMER,CUST-0002,1924.84,INFLOW,ORDER_PAYMENT,2026-08-20 19:16:00
TX-8333,ORD-4333,CUSTOMER,CUST-0273,7180.6,INFLOW,ORDER_PAYMENT,2026-08-20 19:24:49
TX-8334,ORD-4334,CUSTOMER,CUST-0465,3024.83,INFLOW,ORDER_PAYMENT,2026-08-20 19:32:57
TX-8335,ORD-4335,CUSTOMER,CUST-0093,4336.35,INFLOW,ORDER_PAYMENT,2026-08-20 19:41:29
TX-8336,ORD-4336,CUSTOMER,CUST-0060,3314.53,INFLOW,ORDER_PAYMENT,2026-08-20 19:49:49
TX-8337,ORD-4337,CUSTOMER,CUST-0123,889.09,INFLOW,ORDER_PAYMENT,2026-08-20 19:58:25
TX-8338,ORD-4338,CUSTOMER,CUST-0286,3052.92,INFLOW,ORDER_PAYMENT,2026-08-20 20:06:46
TX-8339,ORD-4339,CUSTOMER,CUST-0385,1904.59,INFLOW,ORDER_PAYMENT,2026-08-20 20:15:16
TX-8340,ORD-4340,CUSTOMER,CUST-0307,1778.18,INFLOW,ORDER_PAYMENT,2026-08-20 20:23:17
TX-8341,ORD-4341,CUSTOMER,CUST-0362,1100.0,INFLOW,ORDER_PAYMENT,2026-08-20 20:31:36
TX-8342,ORD-4342,CUSTOMER,CUST-0048,1948.31,INFLOW,ORDER_PAYMENT,2026-08-20 20:40:08
TX-8343,ORD-4343,CUSTOMER,CUST-0378,3314.53,INFLOW,ORDER_PAYMENT,2026-08-20 20:48:41
TX-8344,ORD-4344,CUSTOMER,CUST-0151,2598.2,INFLOW,ORDER_PAYMENT,2026-08-20 20:56:50
TX-8345,ORD-4345,CUSTOMER,CUST-0492,3063.16,INFLOW,ORDER_PAYMENT,2026-08-20 21:05:24
TX-8346,ORD-4346,CUSTOMER,CUST-0470,829.04,INFLOW,ORDER_PAYMENT,2026-08-20 21:13:57
TX-8347,ORD-4347,CUSTOMER,CUST-0217,3303.71,INFLOW,ORDER_PAYMENT,2026-08-20 21:22:17
TX-8348,ORD-4348,CUSTOMER,CUST-0323,2560.05,INFLOW,ORDER_PAYMENT,2026-08-20 21:30:32
TX-8349,ORD-4349,CUSTOMER,CUST-0371,7108.04,INFLOW,ORDER_PAYMENT,2026-08-20 21:39:04
TX-8350,ORD-4350,CUSTOMER,CUST-0110,2419.53,INFLOW,ORDER_PAYMENT,2026-08-20 21:47:09
TX-8351,ORD-4351,CUSTOMER,CUST-0223,4390.3,INFLOW,ORDER_PAYMENT,2026-08-20 21:55:54
TX-8352,ORD-4352,CUSTOMER,CUST-0303,4030.3,INFLOW,ORDER_PAYMENT,2026-08-20 22:04:19
TX-8353,ORD-4353,CUSTOMER,CUST-0162,1882.85,INFLOW,ORDER_PAYMENT,2026-08-20 22:12:43
TX-8354,ORD-4354,CUSTOMER,CUST-0004,2644.13,INFLOW,ORDER_PAYMENT,2026-08-20 22:20:47
TX-8355,ORD-4355,CUSTOMER,CUST-0461,2065.51,INFLOW,ORDER_PAYMENT,2026-08-20 22:29:23
TX-8356,ORD-4356,CUSTOMER,CUST-0150,3621.3,INFLOW,ORDER_PAYMENT,2026-08-20 22:37:39
TX-8357,ORD-4357,CUSTOMER,CUST-0307,1004.29,INFLOW,ORDER_PAYMENT,2026-08-20 22:46:26
TX-8358,ORD-4358,CUSTOMER,CUST-0166,3063.16,INFLOW,ORDER_PAYMENT,2026-08-20 22:54:47
TX-8359,ORD-4359,CUSTOMER,CUST-0167,4074.31,INFLOW,ORDER_PAYMENT,2026-08-20 23:03:11
TX-8360,ORD-4360,CUSTOMER,CUST-0396,2252.3,INFLOW,ORDER_PAYMENT,2026-08-20 23:11:28
TX-8361,ORD-4361,CUSTOMER,CUST-0176,7275.16,INFLOW,ORDER_PAYMENT,2026-08-20 23:19:54
TX-8362,ORD-4362,CUSTOMER,CUST-0319,4226.7,INFLOW,ORDER_PAYMENT,2026-08-20 23:28:14
TX-8363,ORD-4363,CUSTOMER,CUST-0080,2449.37,INFLOW,ORDER_PAYMENT,2026-08-20 23:36:49
TX-8364,ORD-4364,CUSTOMER,CUST-0255,4030.3,INFLOW,ORDER_PAYMENT,2026-08-20 23:44:58
TX-8365,ORD-4365,CUSTOMER,CUST-0478,3303.71,INFLOW,ORDER_PAYMENT,2026-08-20 23:53:12
TX-8366,ORD-4366,CUSTOMER,CUST-0416,2483.23,INFLOW,ORDER_PAYMENT,2026-08-21 00:01:46
TX-8367,ORD-4367,CUSTOMER,CUST-0213,3786.85,INFLOW,ORDER_PAYMENT,2026-08-21 00:10:01
TX-8368,ORD-4368,CUSTOMER,CUST-0478,3637.58,INFLOW,ORDER_PAYMENT,2026-08-21 00:18:25
TX-8369,ORD-4369,CUSTOMER,CUST-0052,8675.18,INFLOW,ORDER_PAYMENT,2026-08-21 00:26:53
TX-8370,ORD-4370,CUSTOMER,CUST-0347,1732.3,INFLOW,ORDER_PAYMENT,2026-08-21 00:35:16
TX-8371,ORD-4371,CUSTOMER,CUST-0086,4337.59,INFLOW,ORDER_PAYMENT,2026-08-21 00:43:52
TX-8372,ORD-4372,CUSTOMER,CUST-0159,3737.74,INFLOW,ORDER_PAYMENT,2026-08-21 00:52:12
TX-8373,ORD-4373,CUSTOMER,CUST-0239,3569.25,INFLOW,ORDER_PAYMENT,2026-08-21 01:00:46
TX-8374,ORD-4374,CUSTOMER,CUST-0255,1992.9,INFLOW,ORDER_PAYMENT,2026-08-21 01:09:03
TX-8375,ORD-4375,CUSTOMER,CUST-0052,3314.53,INFLOW,ORDER_PAYMENT,2026-08-21 01:17:26
TX-8376,ORD-4376,CUSTOMER,CUST-0084,1924.84,INFLOW,ORDER_PAYMENT,2026-08-21 01:25:48
TX-8377,ORD-4377,CUSTOMER,CUST-0374,1100.0,INFLOW,ORDER_PAYMENT,2026-08-21 01:34:19
TX-8378,ORD-4378,CUSTOMER,CUST-0477,4030.3,INFLOW,ORDER_PAYMENT,2026-08-21 01:42:48
TX-8379,ORD-4379,CUSTOMER,CUST-0045,306.7,INFLOW,ORDER_PAYMENT,2026-08-21 01:50:49
TX-8380,ORD-4380,CUSTOMER,CUST-0065,291.34,INFLOW,ORDER_PAYMENT,2026-08-21 01:59:31
TX-8381,ORD-4381,CUSTOMER,CUST-0239,3590.3,INFLOW,ORDER_PAYMENT,2026-08-21 02:07:34
TX-8382,ORD-4382,CUSTOMER,CUST-0206,4272.95,INFLOW,ORDER_PAYMENT,2026-08-21 02:16:03
TX-8383,ORD-4383,CUSTOMER,CUST-0141,291.34,INFLOW,ORDER_PAYMENT,2026-08-21 02:24:48
TX-8384,ORD-4384,CUSTOMER,CUST-0209,6392.14,INFLOW,ORDER_PAYMENT,2026-08-21 02:32:49
TX-8385,ORD-4385,CUSTOMER,CUST-0087,2757.05,INFLOW,ORDER_PAYMENT,2026-08-21 02:41:36
TX-8386,ORD-4386,CUSTOMER,CUST-0282,1904.59,INFLOW,ORDER_PAYMENT,2026-08-21 02:49:52
TX-8387,ORD-4387,CUSTOMER,CUST-0175,1418.34,INFLOW,ORDER_PAYMENT,2026-08-21 02:58:14
TX-8388,ORD-4388,CUSTOMER,CUST-0174,2757.05,INFLOW,ORDER_PAYMENT,2026-08-21 03:06:44
TX-8389,ORD-4389,CUSTOMER,CUST-0356,2439.3,INFLOW,ORDER_PAYMENT,2026-08-21 03:15:08
TX-8390,ORD-4390,CUSTOMER,CUST-0212,414.04,INFLOW,ORDER_PAYMENT,2026-08-21 03:23:30
TX-8391,ORD-4391,CUSTOMER,CUST-0369,3590.3,INFLOW,ORDER_PAYMENT,2026-08-21 03:31:54
TX-8392,ORD-4392,CUSTOMER,CUST-0018,5120.1,INFLOW,ORDER_PAYMENT,2026-08-21 03:40:21
TX-8393,ORD-4393,CUSTOMER,CUST-0027,3310.04,INFLOW,ORDER_PAYMENT,2026-08-21 03:48:27
TX-8394,ORD-4394,CUSTOMER,CUST-0428,6049.66,INFLOW,ORDER_PAYMENT,2026-08-21 03:56:50
TX-8395,ORD-4395,CUSTOMER,CUST-0148,2589.06,INFLOW,ORDER_PAYMENT,2026-08-21 04:05:35
TX-8396,ORD-4396,CUSTOMER,CUST-0145,4226.7,INFLOW,ORDER_PAYMENT,2026-08-21 04:13:37
TX-8397,ORD-4397,CUSTOMER,CUST-0386,3637.58,INFLOW,ORDER_PAYMENT,2026-08-21 04:21:54
TX-8398,ORD-4398,CUSTOMER,CUST-0212,306.7,INFLOW,ORDER_PAYMENT,2026-08-21 04:30:34
TX-8399,ORD-4399,CUSTOMER,CUST-0319,1100.0,INFLOW,ORDER_PAYMENT,2026-08-21 04:38:44
TX-8400,ORD-4400,CUSTOMER,CUST-0014,674.08,INFLOW,ORDER_PAYMENT,2026-08-21 04:47:27
TX-8401,ORD-4401,CUSTOMER,CUST-0454,4076.43,INFLOW,ORDER_PAYMENT,2026-08-21 04:55:47
TX-8402,ORD-4402,CUSTOMER,CUST-0324,851.72,INFLOW,ORDER_PAYMENT,2026-08-21 05:04:01
TX-8403,ORD-4403,CUSTOMER,CUST-0034,3855.71,INFLOW,ORDER_PAYMENT,2026-08-21 05:12:47
TX-8404,ORD-4404,CUSTOMER,CUST-0096,1604.68,INFLOW,ORDER_PAYMENT,2026-08-21 05:20:51
TX-8405,ORD-4405,CUSTOMER,CUST-0034,1125.08,INFLOW,ORDER_PAYMENT,2026-08-21 05:29:13
TX-8406,ORD-4406,CUSTOMER,CUST-0402,8545.9,INFLOW,ORDER_PAYMENT,2026-08-21 05:37:45
TX-8407,ORD-4407,CUSTOMER,CUST-0206,4337.59,INFLOW,ORDER_PAYMENT,2026-08-21 05:46:20
TX-8408,ORD-4408,CUSTOMER,CUST-0320,2560.05,INFLOW,ORDER_PAYMENT,2026-08-21 05:54:20
TX-8409,ORD-4409,CUSTOMER,CUST-0328,1090.0,INFLOW,ORDER_PAYMENT,2026-08-21 06:02:55
TX-8410,ORD-4410,CUSTOMER,CUST-0401,3314.53,INFLOW,ORDER_PAYMENT,2026-08-21 06:11:24
TX-8411,ORD-4411,CUSTOMER,CUST-0193,1948.31,INFLOW,ORDER_PAYMENT,2026-08-21 06:19:43
TX-8412,ORD-4412,CUSTOMER,CUST-0157,3211.6,INFLOW,ORDER_PAYMENT,2026-08-21 06:27:57
TX-8413,ORD-4413,CUSTOMER,CUST-0060,1434.09,INFLOW,ORDER_PAYMENT,2026-08-21 06:36:22
TX-8414,ORD-4414,CUSTOMER,CUST-0149,3297.77,INFLOW,ORDER_PAYMENT,2026-08-21 06:44:49
TX-8415,ORD-4415,CUSTOMER,CUST-0487,3590.3,INFLOW,ORDER_PAYMENT,2026-08-21 06:53:32
TX-8416,ORD-4416,CUSTOMER,CUST-0030,2065.51,INFLOW,ORDER_PAYMENT,2026-08-21 07:01:30
TX-8417,ORD-4417,CUSTOMER,CUST-0166,3024.83,INFLOW,ORDER_PAYMENT,2026-08-21 07:10:00
TX-8418,ORD-4418,CUSTOMER,CUST-0361,3655.67,INFLOW,ORDER_PAYMENT,2026-08-21 07:18:37
TX-8419,ORD-4419,CUSTOMER,CUST-0154,3737.74,INFLOW,ORDER_PAYMENT,2026-08-21 07:27:07
TX-8420,ORD-4420,CUSTOMER,CUST-0462,2419.53,INFLOW,ORDER_PAYMENT,2026-08-21 07:35:11
TX-8421,ORD-4421,CUSTOMER,CUST-0383,1076.17,INFLOW,ORDER_PAYMENT,2026-08-21 07:43:42
TX-8422,ORD-4422,CUSTOMER,CUST-0155,431.18,INFLOW,ORDER_PAYMENT,2026-08-21 07:51:56
TX-8423,ORD-4423,CUSTOMER,CUST-0396,1904.59,INFLOW,ORDER_PAYMENT,2026-08-21 08:00:46
TX-8424,ORD-4424,CUSTOMER,CUST-0213,2419.53,INFLOW,ORDER_PAYMENT,2026-08-21 08:09:02
TX-8425,ORD-4425,CUSTOMER,CUST-0497,4504.6,INFLOW,ORDER_PAYMENT,2026-08-21 08:17:10
TX-8426,ORD-4426,CUSTOMER,CUST-0321,1732.3,INFLOW,ORDER_PAYMENT,2026-08-21 08:25:42
TX-8427,ORD-4427,CUSTOMER,CUST-0240,4076.43,INFLOW,ORDER_PAYMENT,2026-08-21 08:34:10
TX-8428,ORD-4428,CUSTOMER,CUST-0163,3303.71,INFLOW,ORDER_PAYMENT,2026-08-21 08:42:32
TX-8429,ORD-4429,CUSTOMER,CUST-0065,3621.3,INFLOW,ORDER_PAYMENT,2026-08-21 08:51:01
TX-8430,ORD-4430,CUSTOMER,CUST-0221,656.92,INFLOW,ORDER_PAYMENT,2026-08-21 08:59:18
TX-8431,ORD-4431,CUSTOMER,CUST-0399,2483.23,INFLOW,ORDER_PAYMENT,2026-08-21 09:07:36
TX-8432,ORD-4432,CUSTOMER,CUST-0105,1434.09,INFLOW,ORDER_PAYMENT,2026-08-21 09:15:58
TX-8433,ORD-4433,CUSTOMER,CUST-0165,4272.95,INFLOW,ORDER_PAYMENT,2026-08-21 09:24:34
TX-8434,ORD-4434,CUSTOMER,CUST-0482,3855.71,INFLOW,ORDER_PAYMENT,2026-08-21 09:32:54
TX-8435,ORD-4435,CUSTOMER,CUST-0359,1924.84,INFLOW,ORDER_PAYMENT,2026-08-21 09:41:27
TX-8436,ORD-4436,CUSTOMER,CUST-0257,1100.0,INFLOW,ORDER_PAYMENT,2026-08-21 09:49:39
TX-8437,ORD-4437,CUSTOMER,CUST-0267,1524.23,INFLOW,ORDER_PAYMENT,2026-08-21 09:58:07
TX-8438,ORD-4438,CUSTOMER,CUST-0403,2644.13,INFLOW,ORDER_PAYMENT,2026-08-21 10:06:17
TX-8439,ORD-4439,CUSTOMER,CUST-0154,1229.97,INFLOW,ORDER_PAYMENT,2026-08-21 10:14:49
TX-8440,ORD-4440,CUSTOMER,CUST-0314,3786.85,INFLOW,ORDER_PAYMENT,2026-08-21 10:23:23
TX-8441,ORD-4441,CUSTOMER,CUST-0335,1768.39,INFLOW,ORDER_PAYMENT,2026-08-21 10:31:32
TX-8442,ORD-4442,CUSTOMER,CUST-0062,1100.0,INFLOW,ORDER_PAYMENT,2026-08-21 10:39:52
TX-8443,ORD-4443,CUSTOMER,CUST-0190,1348.16,INFLOW,ORDER_PAYMENT,2026-08-21 10:48:41
TX-8444,ORD-4444,CUSTOMER,CUST-0364,4390.3,INFLOW,ORDER_PAYMENT,2026-08-21 10:56:50
TX-8445,ORD-4445,CUSTOMER,CUST-0304,358.12,INFLOW,ORDER_PAYMENT,2026-08-21 11:05:31
TX-8446,ORD-4446,CUSTOMER,CUST-0124,3297.77,INFLOW,ORDER_PAYMENT,2026-08-21 11:13:51
TX-8447,ORD-4447,CUSTOMER,CUST-0443,4257.97,INFLOW,ORDER_PAYMENT,2026-08-21 11:22:02
TX-8448,ORD-4448,CUSTOMER,CUST-0159,1125.08,INFLOW,ORDER_PAYMENT,2026-08-21 11:30:17
TX-8449,ORD-4449,CUSTOMER,CUST-0449,1653.98,INFLOW,ORDER_PAYMENT,2026-08-21 11:38:39
TX-8450,ORD-4450,CUSTOMER,CUST-0134,1992.9,INFLOW,ORDER_PAYMENT,2026-08-21 11:47:28
TX-8451,ORD-4451,CUSTOMER,CUST-0279,8202.24,INFLOW,ORDER_PAYMENT,2026-08-21 11:55:51
TX-8452,ORD-4452,CUSTOMER,CUST-0166,1768.39,INFLOW,ORDER_PAYMENT,2026-08-21 12:04:09
TX-8453,ORD-4453,CUSTOMER,CUST-0123,582.68,INFLOW,ORDER_PAYMENT,2026-08-21 12:12:29
TX-8454,ORD-4454,CUSTOMER,CUST-0252,3211.6,INFLOW,ORDER_PAYMENT,2026-08-21 12:20:42
TX-8455,ORD-4455,CUSTOMER,CUST-0252,2449.37,INFLOW,ORDER_PAYMENT,2026-08-21 12:29:22
TX-8456,ORD-4456,CUSTOMER,CUST-0139,3412.17,INFLOW,ORDER_PAYMENT,2026-08-21 12:37:43
TX-8457,ORD-4457,CUSTOMER,CUST-0095,4054.3,INFLOW,ORDER_PAYMENT,2026-08-21 12:45:56
TX-8458,ORD-4458,CUSTOMER,CUST-0294,6105.84,INFLOW,ORDER_PAYMENT,2026-08-21 12:54:33
TX-8459,ORD-4459,CUSTOMER,CUST-0390,3722.35,INFLOW,ORDER_PAYMENT,2026-08-21 13:03:02
TX-8460,ORD-4460,CUSTOMER,CUST-0277,4076.43,INFLOW,ORDER_PAYMENT,2026-08-21 13:11:09
TX-8461,ORD-4461,CUSTOMER,CUST-0356,4030.3,INFLOW,ORDER_PAYMENT,2026-08-21 13:19:42
TX-8462,ORD-4462,CUSTOMER,CUST-0248,306.7,INFLOW,ORDER_PAYMENT,2026-08-21 13:28:19
TX-8463,ORD-4463,CUSTOMER,CUST-0002,4448.99,INFLOW,ORDER_PAYMENT,2026-08-21 13:36:26
TX-8464,ORD-4464,CUSTOMER,CUST-0121,7242.6,INFLOW,ORDER_PAYMENT,2026-08-21 13:44:45
TX-8465,ORD-4465,CUSTOMER,CUST-0240,1605.72,INFLOW,ORDER_PAYMENT,2026-08-21 13:53:11
TX-8466,ORD-4466,CUSTOMER,CUST-0034,3211.6,INFLOW,ORDER_PAYMENT,2026-08-21 14:01:37
TX-8467,ORD-4467,CUSTOMER,CUST-0330,263.42,INFLOW,ORDER_PAYMENT,2026-08-21 14:10:02
TX-8468,ORD-4468,CUSTOMER,CUST-0436,1100.0,INFLOW,ORDER_PAYMENT,2026-08-21 14:18:36
TX-8469,ORD-4469,CUSTOMER,CUST-0137,1948.31,INFLOW,ORDER_PAYMENT,2026-08-21 14:26:55
TX-8470,ORD-4470,CUSTOMER,CUST-0492,1100.0,INFLOW,ORDER_PAYMENT,2026-08-21 14:35:07
TX-8471,ORD-4471,CUSTOMER,CUST-0028,2446.64,INFLOW,ORDER_PAYMENT,2026-08-21 14:43:37
TX-8472,ORD-4472,CUSTOMER,CUST-0104,818.39,INFLOW,ORDER_PAYMENT,2026-08-21 14:51:54
TX-8473,ORD-4473,CUSTOMER,CUST-0287,4839.06,INFLOW,ORDER_PAYMENT,2026-08-21 15:00:26
TX-8474,ORD-4474,CUSTOMER,CUST-0373,3897.52,INFLOW,ORDER_PAYMENT,2026-08-21 15:08:56
TX-8475,ORD-4475,CUSTOMER,CUST-0303,3564.2,INFLOW,ORDER_PAYMENT,2026-08-21 15:17:29
TX-8476,ORD-4476,CUSTOMER,CUST-0288,851.72,INFLOW,ORDER_PAYMENT,2026-08-21 15:25:34
TX-8477,ORD-4477,CUSTOMER,CUST-0244,3482.21,INFLOW,ORDER_PAYMENT,2026-08-21 15:33:50
TX-8478,ORD-4478,CUSTOMER,CUST-0109,1231.42,INFLOW,ORDER_PAYMENT,2026-08-21 15:42:30
TX-8479,ORD-4479,CUSTOMER,CUST-0079,3737.74,INFLOW,ORDER_PAYMENT,2026-08-21 15:50:48
TX-8480,ORD-4480,CUSTOMER,CUST-0488,1004.29,INFLOW,ORDER_PAYMENT,2026-08-21 15:59:09
TX-8481,ORD-4481,CUSTOMER,CUST-0325,2200.0,INFLOW,ORDER_PAYMENT,2026-08-21 16:07:48
TX-8482,ORD-4482,CUSTOMER,CUST-0418,2560.05,INFLOW,ORDER_PAYMENT,2026-08-21 16:15:50
TX-8483,ORD-4483,CUSTOMER,CUST-0081,851.72,INFLOW,ORDER_PAYMENT,2026-08-21 16:24:13
TX-8484,ORD-4484,CUSTOMER,CUST-0086,258.84,INFLOW,ORDER_PAYMENT,2026-08-21 16:33:04
TX-8485,ORD-4485,CUSTOMER,CUST-0347,1100.0,INFLOW,ORDER_PAYMENT,2026-08-21 16:41:19
TX-8486,ORD-4486,CUSTOMER,CUST-0408,1100.0,INFLOW,ORDER_PAYMENT,2026-08-21 16:49:42
TX-8487,ORD-4487,CUSTOMER,CUST-0106,1100.0,INFLOW,ORDER_PAYMENT,2026-08-21 16:58:02
TX-8488,ORD-4488,CUSTOMER,CUST-0400,3196.07,INFLOW,ORDER_PAYMENT,2026-08-21 17:06:41
TX-8489,ORD-4489,CUSTOMER,CUST-0359,1948.31,INFLOW,ORDER_PAYMENT,2026-08-21 17:14:44
TX-8490,ORD-4490,CUSTOMER,CUST-0198,3590.3,INFLOW,ORDER_PAYMENT,2026-08-21 17:23:24
TX-8491,ORD-4491,CUSTOMER,CUST-0238,1100.0,INFLOW,ORDER_PAYMENT,2026-08-21 17:31:44
TX-8492,ORD-4492,CUSTOMER,CUST-0070,4424.97,INFLOW,ORDER_PAYMENT,2026-08-21 17:40:14
TX-8493,ORD-4493,CUSTOMER,CUST-0131,1100.0,INFLOW,ORDER_PAYMENT,2026-08-21 17:48:32
TX-8494,ORD-4494,CUSTOMER,CUST-0230,2065.51,INFLOW,ORDER_PAYMENT,2026-08-21 17:56:50
TX-8495,ORD-4495,CUSTOMER,CUST-0292,358.12,INFLOW,ORDER_PAYMENT,2026-08-21 18:04:59
TX-8496,ORD-4496,CUSTOMER,CUST-0240,826.99,INFLOW,ORDER_PAYMENT,2026-08-21 18:13:44
TX-8497,ORD-4497,CUSTOMER,CUST-0059,829.04,INFLOW,ORDER_PAYMENT,2026-08-21 18:22:02
TX-8498,ORD-4498,CUSTOMER,CUST-0445,1544.47,INFLOW,ORDER_PAYMENT,2026-08-21 18:30:37
TX-8499,ORD-4499,CUSTOMER,CUST-0345,3063.16,INFLOW,ORDER_PAYMENT,2026-08-21 18:38:52
TX-8500,ORD-4500,CUSTOMER,CUST-0126,3904.31,INFLOW,ORDER_PAYMENT,2026-08-21 18:47:26
TX-8501,ORD-4501,CUSTOMER,CUST-0065,1732.3,INFLOW,ORDER_PAYMENT,2026-08-21 18:55:35
TX-8502,ORD-4502,CUSTOMER,CUST-0357,829.04,INFLOW,ORDER_PAYMENT,2026-08-21 19:04:07
TX-8503,ORD-4503,CUSTOMER,CUST-0004,2598.2,INFLOW,ORDER_PAYMENT,2026-08-21 19:12:19
TX-8504,ORD-4504,CUSTOMER,CUST-0268,4257.97,INFLOW,ORDER_PAYMENT,2026-08-21 19:20:53
TX-8505,ORD-4505,CUSTOMER,CUST-0388,6620.08,INFLOW,ORDER_PAYMENT,2026-08-21 19:29:15
TX-8506,ORD-4506,CUSTOMER,CUST-0409,1862.43,INFLOW,ORDER_PAYMENT,2026-08-21 19:37:37
TX-8507,ORD-4507,CUSTOMER,CUST-0424,4893.28,INFLOW,ORDER_PAYMENT,2026-08-21 19:45:46
TX-8508,ORD-4508,CUSTOMER,CUST-0191,3817.51,INFLOW,ORDER_PAYMENT,2026-08-21 19:54:28
TX-8509,ORD-4509,CUSTOMER,CUST-0275,1434.09,INFLOW,ORDER_PAYMENT,2026-08-21 20:02:41
TX-8510,ORD-4510,CUSTOMER,CUST-0373,1100.0,INFLOW,ORDER_PAYMENT,2026-08-21 20:11:13
TX-8511,ORD-4511,CUSTOMER,CUST-0225,883.38,INFLOW,ORDER_PAYMENT,2026-08-21 20:19:33
TX-8512,ORD-4512,CUSTOMER,CUST-0040,2589.06,INFLOW,ORDER_PAYMENT,2026-08-21 20:28:04
TX-8513,ORD-4513,CUSTOMER,CUST-0454,1299.1,INFLOW,ORDER_PAYMENT,2026-08-21 20:36:14
TX-8514,ORD-4514,CUSTOMER,CUST-0121,4076.43,INFLOW,ORDER_PAYMENT,2026-08-21 20:44:50
TX-8515,ORD-4515,CUSTOMER,CUST-0218,826.99,INFLOW,ORDER_PAYMENT,2026-08-21 20:53:19
TX-8516,ORD-4516,CUSTOMER,CUST-0324,431.18,INFLOW,ORDER_PAYMENT,2026-08-21 21:01:26
TX-8517,ORD-4517,CUSTOMER,CUST-0029,3637.58,INFLOW,ORDER_PAYMENT,2026-08-21 21:10:00
TX-8518,ORD-4518,CUSTOMER,CUST-0028,3554.02,INFLOW,ORDER_PAYMENT,2026-08-21 21:18:27
TX-8519,ORD-4519,CUSTOMER,CUST-0342,2449.37,INFLOW,ORDER_PAYMENT,2026-08-21 21:26:39
TX-8520,ORD-4520,CUSTOMER,CUST-0467,4448.99,INFLOW,ORDER_PAYMENT,2026-08-21 21:35:15
TX-8521,ORD-4521,CUSTOMER,CUST-0076,2449.37,INFLOW,ORDER_PAYMENT,2026-08-21 21:43:36
TX-8522,ORD-4522,CUSTOMER,CUST-0389,1100.0,INFLOW,ORDER_PAYMENT,2026-08-21 21:51:58
TX-8523,ORD-4523,CUSTOMER,CUST-0293,1100.0,INFLOW,ORDER_PAYMENT,2026-08-21 22:00:38
TX-8524,ORD-4524,CUSTOMER,CUST-0057,3564.2,INFLOW,ORDER_PAYMENT,2026-08-21 22:08:58
TX-8525,ORD-4525,CUSTOMER,CUST-0369,4272.95,INFLOW,ORDER_PAYMENT,2026-08-21 22:17:11
TX-8526,ORD-4526,CUSTOMER,CUST-0092,3482.21,INFLOW,ORDER_PAYMENT,2026-08-21 22:25:29
TX-8527,ORD-4527,CUSTOMER,CUST-0167,3904.31,INFLOW,ORDER_PAYMENT,2026-08-21 22:33:53
TX-8528,ORD-4528,CUSTOMER,CUST-0343,1924.84,INFLOW,ORDER_PAYMENT,2026-08-21 22:42:12
TX-8529,ORD-4529,CUSTOMER,CUST-0485,3246.81,INFLOW,ORDER_PAYMENT,2026-08-21 22:50:58
TX-8530,ORD-4530,CUSTOMER,CUST-0116,613.4,INFLOW,ORDER_PAYMENT,2026-08-21 22:59:09
TX-8531,ORD-4531,CUSTOMER,CUST-0049,8917.16,INFLOW,ORDER_PAYMENT,2026-08-21 23:07:21
TX-8532,ORD-4532,CUSTOMER,CUST-0421,826.99,INFLOW,ORDER_PAYMENT,2026-08-21 23:16:08
TX-8533,ORD-4533,CUSTOMER,CUST-0130,3897.52,INFLOW,ORDER_PAYMENT,2026-08-21 23:24:10
TX-8534,ORD-4534,CUSTOMER,CUST-0297,3314.53,INFLOW,ORDER_PAYMENT,2026-08-21 23:32:55
TX-8535,ORD-4535,CUSTOMER,CUST-0108,1004.29,INFLOW,ORDER_PAYMENT,2026-08-21 23:41:12
TX-8536,ORD-4536,CUSTOMER,CUST-0045,1434.09,INFLOW,ORDER_PAYMENT,2026-08-21 23:49:48
TX-8537,ORD-4537,CUSTOMER,CUST-0274,4054.3,INFLOW,ORDER_PAYMENT,2026-08-21 23:57:59
TX-8538,ORD-4538,CUSTOMER,CUST-0496,3412.17,INFLOW,ORDER_PAYMENT,2026-08-22 00:06:19
TX-8539,ORD-4539,CUSTOMER,CUST-0201,656.92,INFLOW,ORDER_PAYMENT,2026-08-22 00:14:46
TX-8540,ORD-4540,CUSTOMER,CUST-0476,883.38,INFLOW,ORDER_PAYMENT,2026-08-22 00:23:00
TX-8541,ORD-4541,CUSTOMER,CUST-0178,3684.61,INFLOW,ORDER_PAYMENT,2026-08-22 00:31:43
TX-8542,ORD-4542,CUSTOMER,CUST-0402,3412.17,INFLOW,ORDER_PAYMENT,2026-08-22 00:39:43
TX-8543,ORD-4543,CUSTOMER,CUST-0244,258.84,INFLOW,ORDER_PAYMENT,2026-08-22 00:48:33
TX-8544,ORD-4544,CUSTOMER,CUST-0135,258.84,INFLOW,ORDER_PAYMENT,2026-08-22 00:56:48
TX-8545,ORD-4545,CUSTOMER,CUST-0129,3897.52,INFLOW,ORDER_PAYMENT,2026-08-22 01:05:04
TX-8546,ORD-4546,CUSTOMER,CUST-0175,3655.67,INFLOW,ORDER_PAYMENT,2026-08-22 01:13:41
TX-8547,ORD-4547,CUSTOMER,CUST-0434,889.09,INFLOW,ORDER_PAYMENT,2026-08-22 01:21:49
TX-8548,ORD-4548,CUSTOMER,CUST-0461,4337.59,INFLOW,ORDER_PAYMENT,2026-08-22 01:30:31
TX-8549,ORD-4549,CUSTOMER,CUST-0177,1604.68,INFLOW,ORDER_PAYMENT,2026-08-22 01:38:32
TX-8550,ORD-4550,CUSTOMER,CUST-0318,3855.71,INFLOW,ORDER_PAYMENT,2026-08-22 01:47:18
TX-8551,ORD-4551,CUSTOMER,CUST-0012,4257.97,INFLOW,ORDER_PAYMENT,2026-08-22 01:55:42
TX-8552,ORD-4552,CUSTOMER,CUST-0313,535.08,INFLOW,ORDER_PAYMENT,2026-08-22 02:04:02
TX-8553,ORD-4553,CUSTOMER,CUST-0021,3621.3,INFLOW,ORDER_PAYMENT,2026-08-22 02:12:11
TX-8554,ORD-4554,CUSTOMER,CUST-0336,7140.98,INFLOW,ORDER_PAYMENT,2026-08-22 02:20:41
TX-8555,ORD-4555,CUSTOMER,CUST-0385,3897.52,INFLOW,ORDER_PAYMENT,2026-08-22 02:29:03
TX-8556,ORD-4556,CUSTOMER,CUST-0433,535.08,INFLOW,ORDER_PAYMENT,2026-08-22 02:37:43
TX-8557,ORD-4557,CUSTOMER,CUST-0034,4226.7,INFLOW,ORDER_PAYMENT,2026-08-22 02:45:45
TX-8558,ORD-4558,CUSTOMER,CUST-0375,3897.52,INFLOW,ORDER_PAYMENT,2026-08-22 02:54:25
TX-8559,ORD-4559,CUSTOMER,CUST-0319,3904.05,INFLOW,ORDER_PAYMENT,2026-08-22 03:02:47
TX-8560,ORD-4560,CUSTOMER,CUST-0104,2252.3,INFLOW,ORDER_PAYMENT,2026-08-22 03:10:59
TX-8561,ORD-4561,CUSTOMER,CUST-0228,1524.23,INFLOW,ORDER_PAYMENT,2026-08-22 03:19:21
TX-8562,ORD-4562,CUSTOMER,CUST-0332,670.05,INFLOW,ORDER_PAYMENT,2026-08-22 03:27:50
TX-8563,ORD-4563,CUSTOMER,CUST-0073,1004.29,INFLOW,ORDER_PAYMENT,2026-08-22 03:36:24
TX-8564,ORD-4564,CUSTOMER,CUST-0071,2065.51,INFLOW,ORDER_PAYMENT,2026-08-22 03:44:42
TX-8565,ORD-4565,CUSTOMER,CUST-0269,4272.95,INFLOW,ORDER_PAYMENT,2026-08-22 03:52:59
TX-8566,ORD-4566,CUSTOMER,CUST-0270,2439.3,INFLOW,ORDER_PAYMENT,2026-08-22 04:01:40
TX-8567,ORD-4567,CUSTOMER,CUST-0037,2419.53,INFLOW,ORDER_PAYMENT,2026-08-22 04:09:42
TX-8568,ORD-4568,CUSTOMER,CUST-0424,829.04,INFLOW,ORDER_PAYMENT,2026-08-22 04:18:24
TX-8569,ORD-4569,CUSTOMER,CUST-0208,2589.06,INFLOW,ORDER_PAYMENT,2026-08-22 04:26:36
TX-8570,ORD-4570,CUSTOMER,CUST-0327,7054.32,INFLOW,ORDER_PAYMENT,2026-08-22 04:35:08
TX-8571,ORD-4571,CUSTOMER,CUST-0268,3527.16,INFLOW,ORDER_PAYMENT,2026-08-22 04:43:21
TX-8572,ORD-4572,CUSTOMER,CUST-0178,1524.23,INFLOW,ORDER_PAYMENT,2026-08-22 04:52:10
TX-8573,ORD-4573,CUSTOMER,CUST-0049,1100.0,INFLOW,ORDER_PAYMENT,2026-08-22 05:00:29
TX-8574,ORD-4574,CUSTOMER,CUST-0167,1732.3,INFLOW,ORDER_PAYMENT,2026-08-22 05:08:39
TX-8575,ORD-4575,CUSTOMER,CUST-0307,258.84,INFLOW,ORDER_PAYMENT,2026-08-22 05:16:59
TX-8576,ORD-4576,CUSTOMER,CUST-0411,1904.59,INFLOW,ORDER_PAYMENT,2026-08-22 05:25:22
TX-8577,ORD-4577,CUSTOMER,CUST-0252,1100.0,INFLOW,ORDER_PAYMENT,2026-08-22 05:33:58
TX-8578,ORD-4578,CUSTOMER,CUST-0314,1090.0,INFLOW,ORDER_PAYMENT,2026-08-22 05:42:11
TX-8579,ORD-4579,CUSTOMER,CUST-0315,829.04,INFLOW,ORDER_PAYMENT,2026-08-22 05:50:29
TX-8580,ORD-4580,CUSTOMER,CUST-0448,414.04,INFLOW,ORDER_PAYMENT,2026-08-22 05:59:03
TX-8581,ORD-4581,CUSTOMER,CUST-0084,358.12,INFLOW,ORDER_PAYMENT,2026-08-22 06:07:37
TX-8582,ORD-4582,CUSTOMER,CUST-0009,3310.04,INFLOW,ORDER_PAYMENT,2026-08-22 06:15:51
TX-8583,ORD-4583,CUSTOMER,CUST-0445,1090.0,INFLOW,ORDER_PAYMENT,2026-08-22 06:24:08
TX-8584,ORD-4584,CUSTOMER,CUST-0423,4030.3,INFLOW,ORDER_PAYMENT,2026-08-22 06:32:42
TX-8585,ORD-4585,CUSTOMER,CUST-0169,3052.92,INFLOW,ORDER_PAYMENT,2026-08-22 06:41:03
TX-8586,ORD-4586,CUSTOMER,CUST-0031,2446.64,INFLOW,ORDER_PAYMENT,2026-08-22 06:49:22
TX-8587,ORD-4587,CUSTOMER,CUST-0101,1862.43,INFLOW,ORDER_PAYMENT,2026-08-22 06:58:02
TX-8588,ORD-4588,CUSTOMER,CUST-0082,4448.99,INFLOW,ORDER_PAYMENT,2026-08-22 07:06:13
TX-8589,ORD-4589,CUSTOMER,CUST-0166,2644.13,INFLOW,ORDER_PAYMENT,2026-08-22 07:14:53
TX-8590,ORD-4590,CUSTOMER,CUST-0484,6049.66,INFLOW,ORDER_PAYMENT,2026-08-22 07:23:10
TX-8591,ORD-4591,CUSTOMER,CUST-0245,358.12,INFLOW,ORDER_PAYMENT,2026-08-22 07:31:18
TX-8592,ORD-4592,CUSTOMER,CUST-0226,1229.97,INFLOW,ORDER_PAYMENT,2026-08-22 07:40:06
TX-8593,ORD-4593,CUSTOMER,CUST-0434,1229.97,INFLOW,ORDER_PAYMENT,2026-08-22 07:48:32
TX-8594,ORD-4594,CUSTOMER,CUST-0049,3211.6,INFLOW,ORDER_PAYMENT,2026-08-22 07:56:37
TX-8595,ORD-4595,CUSTOMER,CUST-0256,1882.85,INFLOW,ORDER_PAYMENT,2026-08-22 08:04:58
TX-8596,ORD-4596,CUSTOMER,CUST-0369,2644.13,INFLOW,ORDER_PAYMENT,2026-08-22 08:13:21
TX-8597,ORD-4597,CUSTOMER,CUST-0428,4448.99,INFLOW,ORDER_PAYMENT,2026-08-22 08:22:03
TX-8598,ORD-4598,CUSTOMER,CUST-0314,1229.97,INFLOW,ORDER_PAYMENT,2026-08-22 08:30:15
TX-8599,ORD-4599,CUSTOMER,CUST-0197,4131.02,INFLOW,ORDER_PAYMENT,2026-08-22 08:38:40
TX-8600,ORD-4600,CUSTOMER,CUST-0131,8453.4,INFLOW,ORDER_PAYMENT,2026-08-22 08:47:08
TX-8601,ORD-4601,CUSTOMER,CUST-0284,1732.3,INFLOW,ORDER_PAYMENT,2026-08-22 08:55:19
TX-8602,ORD-4602,CUSTOMER,CUST-0266,818.39,INFLOW,ORDER_PAYMENT,2026-08-22 09:03:40
TX-8603,ORD-4603,CUSTOMER,CUST-0261,4458.58,INFLOW,ORDER_PAYMENT,2026-08-22 09:12:03
TX-8604,ORD-4604,CUSTOMER,CUST-0196,3554.02,INFLOW,ORDER_PAYMENT,2026-08-22 09:20:52
TX-8605,ORD-4605,CUSTOMER,CUST-0336,291.34,INFLOW,ORDER_PAYMENT,2026-08-22 09:28:56
TX-8606,ORD-4606,CUSTOMER,CUST-0289,3564.2,INFLOW,ORDER_PAYMENT,2026-08-22 09:37:27
TX-8607,ORD-4607,CUSTOMER,CUST-0394,258.84,INFLOW,ORDER_PAYMENT,2026-08-22 09:45:50
TX-8608,ORD-4608,CUSTOMER,CUST-0435,3569.25,INFLOW,ORDER_PAYMENT,2026-08-22 09:54:13
TX-8609,ORD-4609,CUSTOMER,CUST-0101,4390.3,INFLOW,ORDER_PAYMENT,2026-08-22 10:02:27
TX-8610,ORD-4610,CUSTOMER,CUST-0350,2462.84,INFLOW,ORDER_PAYMENT,2026-08-22 10:11:13
TX-8611,ORD-4611,CUSTOMER,CUST-0467,829.04,INFLOW,ORDER_PAYMENT,2026-08-22 10:19:35
TX-8612,ORD-4612,CUSTOMER,CUST-0486,3063.16,INFLOW,ORDER_PAYMENT,2026-08-22 10:28:02
TX-8613,ORD-4613,CUSTOMER,CUST-0348,1100.0,INFLOW,ORDER_PAYMENT,2026-08-22 10:36:11
TX-8614,ORD-4614,CUSTOMER,CUST-0128,862.36,INFLOW,ORDER_PAYMENT,2026-08-22 10:44:45
TX-8615,ORD-4615,CUSTOMER,CUST-0226,3024.83,INFLOW,ORDER_PAYMENT,2026-08-22 10:52:59
TX-8616,ORD-4616,CUSTOMER,CUST-0011,1524.23,INFLOW,ORDER_PAYMENT,2026-08-22 11:01:24
TX-8617,ORD-4617,CUSTOMER,CUST-0475,2419.53,INFLOW,ORDER_PAYMENT,2026-08-22 11:09:44
TX-8618,ORD-4618,CUSTOMER,CUST-0178,557.56,INFLOW,ORDER_PAYMENT,2026-08-22 11:18:26
TX-8619,ORD-4619,CUSTOMER,CUST-0011,557.56,INFLOW,ORDER_PAYMENT,2026-08-22 11:26:25
TX-8620,ORD-4620,CUSTOMER,CUST-0169,1100.0,INFLOW,ORDER_PAYMENT,2026-08-22 11:35:09
TX-8621,ORD-4621,CUSTOMER,CUST-0473,2483.23,INFLOW,ORDER_PAYMENT,2026-08-22 11:43:37
TX-8622,ORD-4622,CUSTOMER,CUST-0121,3817.51,INFLOW,ORDER_PAYMENT,2026-08-22 11:52:00
TX-8623,ORD-4623,CUSTOMER,CUST-0087,4093.93,INFLOW,ORDER_PAYMENT,2026-08-22 12:00:19
TX-8624,ORD-4624,CUSTOMER,CUST-0214,2439.3,INFLOW,ORDER_PAYMENT,2026-08-22 12:08:30
TX-8625,ORD-4625,CUSTOMER,CUST-0161,3482.21,INFLOW,ORDER_PAYMENT,2026-08-22 12:17:06
TX-8626,ORD-4626,CUSTOMER,CUST-0140,1604.68,INFLOW,ORDER_PAYMENT,2026-08-22 12:25:27
TX-8627,ORD-4627,CUSTOMER,CUST-0312,1544.47,INFLOW,ORDER_PAYMENT,2026-08-22 12:33:43
TX-8628,ORD-4628,CUSTOMER,CUST-0141,3246.81,INFLOW,ORDER_PAYMENT,2026-08-22 12:42:02
TX-8629,ORD-4629,CUSTOMER,CUST-0318,829.04,INFLOW,ORDER_PAYMENT,2026-08-22 12:50:39
TX-8630,ORD-4630,CUSTOMER,CUST-0271,431.18,INFLOW,ORDER_PAYMENT,2026-08-22 12:58:52
TX-8631,ORD-4631,CUSTOMER,CUST-0306,258.84,INFLOW,ORDER_PAYMENT,2026-08-22 13:07:39
TX-8632,ORD-4632,CUSTOMER,CUST-0314,3737.74,INFLOW,ORDER_PAYMENT,2026-08-22 13:15:40
TX-8633,ORD-4633,CUSTOMER,CUST-0472,2449.37,INFLOW,ORDER_PAYMENT,2026-08-22 13:24:22
TX-8634,ORD-4634,CUSTOMER,CUST-0265,3724.86,INFLOW,ORDER_PAYMENT,2026-08-22 13:32:44
TX-8635,ORD-4635,CUSTOMER,CUST-0425,862.36,INFLOW,ORDER_PAYMENT,2026-08-22 13:41:03
TX-8636,ORD-4636,CUSTOMER,CUST-0381,4030.3,INFLOW,ORDER_PAYMENT,2026-08-22 13:49:34
TX-8637,ORD-4637,CUSTOMER,CUST-0485,4294.61,INFLOW,ORDER_PAYMENT,2026-08-22 13:57:39
TX-8638,ORD-4638,CUSTOMER,CUST-0239,4093.93,INFLOW,ORDER_PAYMENT,2026-08-22 14:06:30
TX-8639,ORD-4639,CUSTOMER,CUST-0214,674.08,INFLOW,ORDER_PAYMENT,2026-08-22 14:14:24
TX-8640,ORD-4640,CUSTOMER,CUST-0466,1100.0,INFLOW,ORDER_PAYMENT,2026-08-22 14:23:05
TX-8641,ORD-4641,CUSTOMER,CUST-0475,3564.2,INFLOW,ORDER_PAYMENT,2026-08-22 14:31:14
TX-8642,ORD-4642,CUSTOMER,CUST-0459,414.04,INFLOW,ORDER_PAYMENT,2026-08-22 14:40:03
TX-8643,ORD-4643,CUSTOMER,CUST-0354,8060.6,INFLOW,ORDER_PAYMENT,2026-08-22 14:48:00
TX-8644,ORD-4644,CUSTOMER,CUST-0050,8148.62,INFLOW,ORDER_PAYMENT,2026-08-22 14:56:32
TX-8645,ORD-4645,CUSTOMER,CUST-0025,1070.16,INFLOW,ORDER_PAYMENT,2026-08-22 15:04:58
TX-8646,ORD-4646,CUSTOMER,CUST-0053,1948.31,INFLOW,ORDER_PAYMENT,2026-08-22 15:13:34
TX-8647,ORD-4647,CUSTOMER,CUST-0245,7140.98,INFLOW,ORDER_PAYMENT,2026-08-22 15:21:37
TX-8648,ORD-4648,CUSTOMER,CUST-0217,3855.71,INFLOW,ORDER_PAYMENT,2026-08-22 15:30:10
TX-8649,ORD-4649,CUSTOMER,CUST-0476,1992.9,INFLOW,ORDER_PAYMENT,2026-08-22 15:38:50
TX-8650,ORD-4650,CUSTOMER,CUST-0329,3904.05,INFLOW,ORDER_PAYMENT,2026-08-22 15:46:48
TX-8651,ORD-4651,CUSTOMER,CUST-0203,2252.3,INFLOW,ORDER_PAYMENT,2026-08-22 15:55:32
TX-8652,ORD-4652,CUSTOMER,CUST-0391,2644.13,INFLOW,ORDER_PAYMENT,2026-08-22 16:04:01
TX-8653,ORD-4653,CUSTOMER,CUST-0176,3024.83,INFLOW,ORDER_PAYMENT,2026-08-22 16:12:01
TX-8654,ORD-4654,CUSTOMER,CUST-0130,6105.84,INFLOW,ORDER_PAYMENT,2026-08-22 16:20:46
TX-8655,ORD-4655,CUSTOMER,CUST-0052,3564.2,INFLOW,ORDER_PAYMENT,2026-08-22 16:28:52
TX-8656,ORD-4656,CUSTOMER,CUST-0009,3786.85,INFLOW,ORDER_PAYMENT,2026-08-22 16:37:27
TX-8657,ORD-4657,CUSTOMER,CUST-0342,2462.84,INFLOW,ORDER_PAYMENT,2026-08-22 16:46:03
TX-8658,ORD-4658,CUSTOMER,CUST-0082,1924.84,INFLOW,ORDER_PAYMENT,2026-08-22 16:54:19
TX-8659,ORD-4659,CUSTOMER,CUST-0327,3211.6,INFLOW,ORDER_PAYMENT,2026-08-22 17:02:37
TX-8660,ORD-4660,CUSTOMER,CUST-0086,829.04,INFLOW,ORDER_PAYMENT,2026-08-22 17:11:04
TX-8661,ORD-4661,CUSTOMER,CUST-0018,2483.23,INFLOW,ORDER_PAYMENT,2026-08-22 17:19:16
TX-8662,ORD-4662,CUSTOMER,CUST-0222,3303.71,INFLOW,ORDER_PAYMENT,2026-08-22 17:27:42
TX-8663,ORD-4663,CUSTOMER,CUST-0236,4337.59,INFLOW,ORDER_PAYMENT,2026-08-22 17:36:09
TX-8664,ORD-4664,CUSTOMER,CUST-0388,3737.74,INFLOW,ORDER_PAYMENT,2026-08-22 17:44:43
TX-8665,ORD-4665,CUSTOMER,CUST-0120,6105.84,INFLOW,ORDER_PAYMENT,2026-08-22 17:52:53
TX-8666,ORD-4666,CUSTOMER,CUST-0233,883.38,INFLOW,ORDER_PAYMENT,2026-08-22 18:01:15
TX-8667,ORD-4667,CUSTOMER,CUST-0135,1524.23,INFLOW,ORDER_PAYMENT,2026-08-22 18:09:41
TX-8668,ORD-4668,CUSTOMER,CUST-0456,3564.2,INFLOW,ORDER_PAYMENT,2026-08-22 18:18:08
TX-8669,ORD-4669,CUSTOMER,CUST-0156,3637.58,INFLOW,ORDER_PAYMENT,2026-08-22 18:26:39
TX-8670,ORD-4670,CUSTOMER,CUST-0252,2560.05,INFLOW,ORDER_PAYMENT,2026-08-22 18:34:48
TX-8671,ORD-4671,CUSTOMER,CUST-0078,3297.77,INFLOW,ORDER_PAYMENT,2026-08-22 18:43:09
TX-8672,ORD-4672,CUSTOMER,CUST-0154,3655.67,INFLOW,ORDER_PAYMENT,2026-08-22 18:52:00
TX-8673,ORD-4673,CUSTOMER,CUST-0079,829.04,INFLOW,ORDER_PAYMENT,2026-08-22 19:00:23
TX-8674,ORD-4674,CUSTOMER,CUST-0283,2868.18,INFLOW,ORDER_PAYMENT,2026-08-22 19:08:30
TX-8675,ORD-4675,CUSTOMER,CUST-0347,2452.83,INFLOW,ORDER_PAYMENT,2026-08-22 19:17:02
TX-8676,ORD-4676,CUSTOMER,CUST-0132,4458.58,INFLOW,ORDER_PAYMENT,2026-08-22 19:25:32
TX-8677,ORD-4677,CUSTOMER,CUST-0154,4337.59,INFLOW,ORDER_PAYMENT,2026-08-22 19:33:39
TX-8678,ORD-4678,CUSTOMER,CUST-0176,1766.76,INFLOW,ORDER_PAYMENT,2026-08-22 19:42:25
TX-8679,ORD-4679,CUSTOMER,CUST-0496,3569.25,INFLOW,ORDER_PAYMENT,2026-08-22 19:50:42
TX-8680,ORD-4680,CUSTOMER,CUST-0410,3724.86,INFLOW,ORDER_PAYMENT,2026-08-22 19:59:02
TX-8681,ORD-4681,CUSTOMER,CUST-0099,3527.16,INFLOW,ORDER_PAYMENT,2026-08-22 20:07:16
TX-8682,ORD-4682,CUSTOMER,CUST-0321,4390.3,INFLOW,ORDER_PAYMENT,2026-08-22 20:15:56
TX-8683,ORD-4683,CUSTOMER,CUST-0464,1004.29,INFLOW,ORDER_PAYMENT,2026-08-22 20:24:02
TX-8684,ORD-4684,CUSTOMER,CUST-0447,4074.31,INFLOW,ORDER_PAYMENT,2026-08-22 20:32:21
TX-8685,ORD-4685,CUSTOMER,CUST-0328,1924.84,INFLOW,ORDER_PAYMENT,2026-08-22 20:40:50
TX-8686,ORD-4686,CUSTOMER,CUST-0117,4226.7,INFLOW,ORDER_PAYMENT,2026-08-22 20:49:33
TX-8687,ORD-4687,CUSTOMER,CUST-0483,3297.77,INFLOW,ORDER_PAYMENT,2026-08-22 20:57:42
TX-8688,ORD-4688,CUSTOMER,CUST-0023,4030.3,INFLOW,ORDER_PAYMENT,2026-08-22 21:06:23
TX-8689,ORD-4689,CUSTOMER,CUST-0302,258.84,INFLOW,ORDER_PAYMENT,2026-08-22 21:14:26
TX-8690,ORD-4690,CUSTOMER,CUST-0307,1924.84,INFLOW,ORDER_PAYMENT,2026-08-22 21:23:01
TX-8691,ORD-4691,CUSTOMER,CUST-0282,3211.6,INFLOW,ORDER_PAYMENT,2026-08-22 21:31:28
TX-8692,ORD-4692,CUSTOMER,CUST-0464,2065.51,INFLOW,ORDER_PAYMENT,2026-08-22 21:40:00
TX-8693,ORD-4693,CUSTOMER,CUST-0041,3569.25,INFLOW,ORDER_PAYMENT,2026-08-22 21:48:25
TX-8694,ORD-4694,CUSTOMER,CUST-0332,7635.02,INFLOW,ORDER_PAYMENT,2026-08-22 21:56:39
TX-8695,ORD-4695,CUSTOMER,CUST-0389,2560.05,INFLOW,ORDER_PAYMENT,2026-08-22 22:04:55
TX-8696,ORD-4696,CUSTOMER,CUST-0466,1229.97,INFLOW,ORDER_PAYMENT,2026-08-22 22:13:07
TX-8697,ORD-4697,CUSTOMER,CUST-0496,4294.61,INFLOW,ORDER_PAYMENT,2026-08-22 22:21:49
TX-8698,ORD-4698,CUSTOMER,CUST-0315,4458.58,INFLOW,ORDER_PAYMENT,2026-08-22 22:30:08
TX-8699,ORD-4699,CUSTOMER,CUST-0276,2446.64,INFLOW,ORDER_PAYMENT,2026-08-22 22:38:25
TX-8700,ORD-4700,CUSTOMER,CUST-0029,3621.3,INFLOW,ORDER_PAYMENT,2026-08-22 22:47:09
TX-8701,ORD-4701,CUSTOMER,CUST-0256,3684.61,INFLOW,ORDER_PAYMENT,2026-08-22 22:55:13
TX-8702,ORD-4702,CUSTOMER,CUST-0237,3024.83,INFLOW,ORDER_PAYMENT,2026-08-22 23:03:48
TX-8703,ORD-4703,CUSTOMER,CUST-0165,1299.1,INFLOW,ORDER_PAYMENT,2026-08-22 23:11:55
TX-8704,ORD-4704,CUSTOMER,CUST-0086,826.99,INFLOW,ORDER_PAYMENT,2026-08-22 23:20:27
TX-8705,ORD-4705,CUSTOMER,CUST-0155,3303.71,INFLOW,ORDER_PAYMENT,2026-08-22 23:28:47
TX-8706,ORD-4706,CUSTOMER,CUST-0104,656.92,INFLOW,ORDER_PAYMENT,2026-08-22 23:37:26
TX-8707,ORD-4707,CUSTOMER,CUST-0498,3314.53,INFLOW,ORDER_PAYMENT,2026-08-22 23:45:50
TX-8708,ORD-4708,CUSTOMER,CUST-0132,3855.71,INFLOW,ORDER_PAYMENT,2026-08-22 23:54:12
TX-8709,ORD-4709,CUSTOMER,CUST-0230,4336.35,INFLOW,ORDER_PAYMENT,2026-08-23 00:02:23
TX-8710,ORD-4710,CUSTOMER,CUST-0132,6607.42,INFLOW,ORDER_PAYMENT,2026-08-23 00:10:55
TX-8711,ORD-4711,CUSTOMER,CUST-0087,2757.05,INFLOW,ORDER_PAYMENT,2026-08-23 00:19:27
TX-8712,ORD-4712,CUSTOMER,CUST-0007,2560.05,INFLOW,ORDER_PAYMENT,2026-08-23 00:27:32
TX-8713,ORD-4713,CUSTOMER,CUST-0375,4074.31,INFLOW,ORDER_PAYMENT,2026-08-23 00:36:22
TX-8714,ORD-4714,CUSTOMER,CUST-0244,7573.7,INFLOW,ORDER_PAYMENT,2026-08-23 00:44:47
TX-8715,ORD-4715,CUSTOMER,CUST-0319,1434.09,INFLOW,ORDER_PAYMENT,2026-08-23 00:53:09
TX-8716,ORD-4716,CUSTOMER,CUST-0271,4458.58,INFLOW,ORDER_PAYMENT,2026-08-23 01:01:07
TX-8717,ORD-4717,CUSTOMER,CUST-0186,1125.08,INFLOW,ORDER_PAYMENT,2026-08-23 01:09:57
TX-8718,ORD-4718,CUSTOMER,CUST-0338,2560.05,INFLOW,ORDER_PAYMENT,2026-08-23 01:18:13
TX-8719,ORD-4719,CUSTOMER,CUST-0123,3637.58,INFLOW,ORDER_PAYMENT,2026-08-23 01:26:36
TX-8720,ORD-4720,CUSTOMER,CUST-0499,1544.47,INFLOW,ORDER_PAYMENT,2026-08-23 01:34:58
TX-8721,ORD-4721,CUSTOMER,CUST-0426,1100.0,INFLOW,ORDER_PAYMENT,2026-08-23 01:43:07
TX-8722,ORD-4722,CUSTOMER,CUST-0433,1992.9,INFLOW,ORDER_PAYMENT,2026-08-23 01:51:54
TX-8723,ORD-4723,CUSTOMER,CUST-0075,4054.3,INFLOW,ORDER_PAYMENT,2026-08-23 02:00:09
TX-8724,ORD-4724,CUSTOMER,CUST-0141,1768.39,INFLOW,ORDER_PAYMENT,2026-08-23 02:08:42
TX-8725,ORD-4725,CUSTOMER,CUST-0014,656.92,INFLOW,ORDER_PAYMENT,2026-08-23 02:16:50
TX-8726,ORD-4726,CUSTOMER,CUST-0299,2200.0,INFLOW,ORDER_PAYMENT,2026-08-23 02:25:20
TX-8727,ORD-4727,CUSTOMER,CUST-0127,1605.72,INFLOW,ORDER_PAYMENT,2026-08-23 02:33:36
TX-8728,ORD-4728,CUSTOMER,CUST-0232,1418.34,INFLOW,ORDER_PAYMENT,2026-08-23 02:42:09
TX-8729,ORD-4729,CUSTOMER,CUST-0062,2757.05,INFLOW,ORDER_PAYMENT,2026-08-23 02:50:40
TX-8730,ORD-4730,CUSTOMER,CUST-0277,1768.39,INFLOW,ORDER_PAYMENT,2026-08-23 02:59:00
TX-8731,ORD-4731,CUSTOMER,CUST-0134,2200.0,INFLOW,ORDER_PAYMENT,2026-08-23 03:07:31
TX-8732,ORD-4732,CUSTOMER,CUST-0144,6964.42,INFLOW,ORDER_PAYMENT,2026-08-23 03:15:30
TX-8733,ORD-4733,CUSTOMER,CUST-0110,889.09,INFLOW,ORDER_PAYMENT,2026-08-23 03:24:02
TX-8734,ORD-4734,CUSTOMER,CUST-0393,3684.61,INFLOW,ORDER_PAYMENT,2026-08-23 03:32:28
TX-8735,ORD-4735,CUSTOMER,CUST-0253,4093.93,INFLOW,ORDER_PAYMENT,2026-08-23 03:40:59
TX-8736,ORD-4736,CUSTOMER,CUST-0038,6620.08,INFLOW,ORDER_PAYMENT,2026-08-23 03:49:22
TX-8737,ORD-4737,CUSTOMER,CUST-0100,4390.3,INFLOW,ORDER_PAYMENT,2026-08-23 03:57:49
TX-8738,ORD-4738,CUSTOMER,CUST-0284,889.09,INFLOW,ORDER_PAYMENT,2026-08-23 04:06:04
TX-8739,ORD-4739,CUSTOMER,CUST-0339,2452.83,INFLOW,ORDER_PAYMENT,2026-08-23 04:14:33
TX-8740,ORD-4740,CUSTOMER,CUST-0022,4337.59,INFLOW,ORDER_PAYMENT,2026-08-23 04:22:52
TX-8741,ORD-4741,CUSTOMER,CUST-0335,263.42,INFLOW,ORDER_PAYMENT,2026-08-23 04:31:08
TX-8742,ORD-4742,CUSTOMER,CUST-0161,1100.0,INFLOW,ORDER_PAYMENT,2026-08-23 04:39:43
TX-8743,ORD-4743,CUSTOMER,CUST-0488,3246.81,INFLOW,ORDER_PAYMENT,2026-08-23 04:48:18
TX-8744,ORD-4744,CUSTOMER,CUST-0172,4294.61,INFLOW,ORDER_PAYMENT,2026-08-23 04:56:21
TX-8745,ORD-4745,CUSTOMER,CUST-0278,3904.05,INFLOW,ORDER_PAYMENT,2026-08-23 05:05:02
TX-8746,ORD-4746,CUSTOMER,CUST-0432,1348.16,INFLOW,ORDER_PAYMENT,2026-08-23 05:13:22
TX-8747,ORD-4747,CUSTOMER,CUST-0062,3569.25,INFLOW,ORDER_PAYMENT,2026-08-23 05:21:57
TX-8748,ORD-4748,CUSTOMER,CUST-0107,3590.3,INFLOW,ORDER_PAYMENT,2026-08-23 05:30:06
TX-8749,ORD-4749,CUSTOMER,CUST-0313,1100.0,INFLOW,ORDER_PAYMENT,2026-08-23 05:38:24
TX-8750,ORD-4750,CUSTOMER,CUST-0182,1229.97,INFLOW,ORDER_PAYMENT,2026-08-23 05:47:06
TX-8751,ORD-4751,CUSTOMER,CUST-0419,3855.71,INFLOW,ORDER_PAYMENT,2026-08-23 05:55:03
TX-8752,ORD-4752,CUSTOMER,CUST-0291,3684.61,INFLOW,ORDER_PAYMENT,2026-08-23 06:03:40
TX-8753,ORD-4753,CUSTOMER,CUST-0054,5288.26,INFLOW,ORDER_PAYMENT,2026-08-23 06:11:59
TX-8754,ORD-4754,CUSTOMER,CUST-0186,2065.51,INFLOW,ORDER_PAYMENT,2026-08-23 06:20:27
TX-8755,ORD-4755,CUSTOMER,CUST-0273,358.12,INFLOW,ORDER_PAYMENT,2026-08-23 06:28:43
TX-8756,ORD-4756,CUSTOMER,CUST-0388,4458.58,INFLOW,ORDER_PAYMENT,2026-08-23 06:37:12
TX-8757,ORD-4757,CUSTOMER,CUST-0128,4093.93,INFLOW,ORDER_PAYMENT,2026-08-23 06:45:40
TX-8758,ORD-4758,CUSTOMER,CUST-0253,1948.31,INFLOW,ORDER_PAYMENT,2026-08-23 06:54:05
TX-8759,ORD-4759,CUSTOMER,CUST-0304,3052.92,INFLOW,ORDER_PAYMENT,2026-08-23 07:02:22
TX-8760,ORD-4760,CUSTOMER,CUST-0252,557.56,INFLOW,ORDER_PAYMENT,2026-08-23 07:10:43
TX-8761,ORD-4761,CUSTOMER,CUST-0289,3088.94,INFLOW,ORDER_PAYMENT,2026-08-23 07:19:07
TX-8762,ORD-4762,CUSTOMER,CUST-0250,1948.31,INFLOW,ORDER_PAYMENT,2026-08-23 07:27:52
TX-8763,ORD-4763,CUSTOMER,CUST-0223,557.56,INFLOW,ORDER_PAYMENT,2026-08-23 07:36:15
TX-8764,ORD-4764,CUSTOMER,CUST-0064,4226.7,INFLOW,ORDER_PAYMENT,2026-08-23 07:44:21
TX-8765,ORD-4765,CUSTOMER,CUST-0029,1100.0,INFLOW,ORDER_PAYMENT,2026-08-23 07:52:45
TX-8766,ORD-4766,CUSTOMER,CUST-0089,535.08,INFLOW,ORDER_PAYMENT,2026-08-23 08:01:18
TX-8767,ORD-4767,CUSTOMER,CUST-0019,8545.9,INFLOW,ORDER_PAYMENT,2026-08-23 08:09:28
TX-8768,ORD-4768,CUSTOMER,CUST-0128,2757.05,INFLOW,ORDER_PAYMENT,2026-08-23 08:18:16
TX-8769,ORD-4769,CUSTOMER,CUST-0008,1882.85,INFLOW,ORDER_PAYMENT,2026-08-23 08:26:31
TX-8770,ORD-4770,CUSTOMER,CUST-0180,2252.3,INFLOW,ORDER_PAYMENT,2026-08-23 08:35:05
TX-8771,ORD-4771,CUSTOMER,CUST-0373,4076.43,INFLOW,ORDER_PAYMENT,2026-08-23 08:43:08
TX-8772,ORD-4772,CUSTOMER,CUST-0023,1924.84,INFLOW,ORDER_PAYMENT,2026-08-23 08:51:29
TX-8773,ORD-4773,CUSTOMER,CUST-0149,2065.51,INFLOW,ORDER_PAYMENT,2026-08-23 09:00:05
TX-8774,ORD-4774,CUSTOMER,CUST-0460,1340.1,INFLOW,ORDER_PAYMENT,2026-08-23 09:08:14
TX-8775,ORD-4775,CUSTOMER,CUST-0168,4272.95,INFLOW,ORDER_PAYMENT,2026-08-23 09:16:54
TX-8776,ORD-4776,CUSTOMER,CUST-0344,4272.95,INFLOW,ORDER_PAYMENT,2026-08-23 09:25:29
TX-8777,ORD-4777,CUSTOMER,CUST-0128,2483.23,INFLOW,ORDER_PAYMENT,2026-08-23 09:33:47
TX-8778,ORD-4778,CUSTOMER,CUST-0410,6595.54,INFLOW,ORDER_PAYMENT,2026-08-23 09:42:18
TX-8779,ORD-4779,CUSTOMER,CUST-0489,1948.31,INFLOW,ORDER_PAYMENT,2026-08-23 09:50:40
TX-8780,ORD-4780,CUSTOMER,CUST-0394,2252.3,INFLOW,ORDER_PAYMENT,2026-08-23 09:58:37
TX-8781,ORD-4781,CUSTOMER,CUST-0183,7128.4,INFLOW,ORDER_PAYMENT,2026-08-23 10:07:29
TX-8782,ORD-4782,CUSTOMER,CUST-0171,818.39,INFLOW,ORDER_PAYMENT,2026-08-23 10:15:33
TX-8783,ORD-4783,CUSTOMER,CUST-0455,4966.46,INFLOW,ORDER_PAYMENT,2026-08-23 10:24:11
TX-8784,ORD-4784,CUSTOMER,CUST-0025,3246.81,INFLOW,ORDER_PAYMENT,2026-08-23 10:32:42
TX-8785,ORD-4785,CUSTOMER,CUST-0143,3637.58,INFLOW,ORDER_PAYMENT,2026-08-23 10:40:53
TX-8786,ORD-4786,CUSTOMER,CUST-0114,4448.99,INFLOW,ORDER_PAYMENT,2026-08-23 10:49:09
TX-8787,ORD-4787,CUSTOMER,CUST-0022,670.05,INFLOW,ORDER_PAYMENT,2026-08-23 10:57:48
TX-8788,ORD-4788,CUSTOMER,CUST-0152,6620.08,INFLOW,ORDER_PAYMENT,2026-08-23 11:06:03
TX-8789,ORD-4789,CUSTOMER,CUST-0010,3482.21,INFLOW,ORDER_PAYMENT,2026-08-23 11:14:42
TX-8790,ORD-4790,CUSTOMER,CUST-0301,883.38,INFLOW,ORDER_PAYMENT,2026-08-23 11:23:05
TX-8791,ORD-4791,CUSTOMER,CUST-0142,1882.85,INFLOW,ORDER_PAYMENT,2026-08-23 11:31:28
TX-8792,ORD-4792,CUSTOMER,CUST-0234,2788.05,INFLOW,ORDER_PAYMENT,2026-08-23 11:39:37
TX-8793,ORD-4793,CUSTOMER,CUST-0290,2589.06,INFLOW,ORDER_PAYMENT,2026-08-23 11:48:10
TX-8794,ORD-4794,CUSTOMER,CUST-0452,3536.78,INFLOW,ORDER_PAYMENT,2026-08-23 11:56:26
TX-8795,ORD-4795,CUSTOMER,CUST-0204,1703.44,INFLOW,ORDER_PAYMENT,2026-08-23 12:04:56
TX-8796,ORD-4796,CUSTOMER,CUST-0070,1299.1,INFLOW,ORDER_PAYMENT,2026-08-23 12:13:06
TX-8797,ORD-4797,CUSTOMER,CUST-0183,4272.95,INFLOW,ORDER_PAYMENT,2026-08-23 12:21:39
TX-8798,ORD-4798,CUSTOMER,CUST-0246,1882.85,INFLOW,ORDER_PAYMENT,2026-08-23 12:30:18
TX-8799,ORD-4799,CUSTOMER,CUST-0110,3590.3,INFLOW,ORDER_PAYMENT,2026-08-23 12:38:38
TX-8800,ORD-4800,CUSTOMER,CUST-0435,851.72,INFLOW,ORDER_PAYMENT,2026-08-23 12:46:58
TX-8801,ORD-4801,CUSTOMER,CUST-0368,4257.97,INFLOW,ORDER_PAYMENT,2026-08-23 12:55:05
TX-8802,ORD-4802,CUSTOMER,CUST-0447,4272.95,INFLOW,ORDER_PAYMENT,2026-08-23 13:03:43
TX-8803,ORD-4803,CUSTOMER,CUST-0040,3855.71,INFLOW,ORDER_PAYMENT,2026-08-23 13:12:16
TX-8804,ORD-4804,CUSTOMER,CUST-0150,1882.85,INFLOW,ORDER_PAYMENT,2026-08-23 13:20:20
TX-8805,ORD-4805,CUSTOMER,CUST-0426,1732.3,INFLOW,ORDER_PAYMENT,2026-08-23 13:28:40
TX-8806,ORD-4806,CUSTOMER,CUST-0433,3310.04,INFLOW,ORDER_PAYMENT,2026-08-23 13:37:06
TX-8807,ORD-4807,CUSTOMER,CUST-0390,818.39,INFLOW,ORDER_PAYMENT,2026-08-23 13:45:33
TX-8808,ORD-4808,CUSTOMER,CUST-0197,3590.3,INFLOW,ORDER_PAYMENT,2026-08-23 13:54:13
TX-8809,ORD-4809,CUSTOMER,CUST-0492,2788.05,INFLOW,ORDER_PAYMENT,2026-08-23 14:02:38
TX-8810,ORD-4810,CUSTOMER,CUST-0013,1299.1,INFLOW,ORDER_PAYMENT,2026-08-23 14:10:56
TX-8811,ORD-4811,CUSTOMER,CUST-0292,4030.3,INFLOW,ORDER_PAYMENT,2026-08-23 14:19:23
TX-8812,ORD-4812,CUSTOMER,CUST-0174,1090.0,INFLOW,ORDER_PAYMENT,2026-08-23 14:27:38
TX-8813,ORD-4813,CUSTOMER,CUST-0432,1100.0,INFLOW,ORDER_PAYMENT,2026-08-23 14:35:53
TX-8814,ORD-4814,CUSTOMER,CUST-0500,2419.53,INFLOW,ORDER_PAYMENT,2026-08-23 14:44:18
TX-8815,ORD-4815,CUSTOMER,CUST-0441,1768.39,INFLOW,ORDER_PAYMENT,2026-08-23 14:52:38
TX-8816,ORD-4816,CUSTOMER,CUST-0048,1948.31,INFLOW,ORDER_PAYMENT,2026-08-23 15:01:27
TX-8817,ORD-4817,CUSTOMER,CUST-0266,1070.16,INFLOW,ORDER_PAYMENT,2026-08-23 15:09:26
TX-8818,ORD-4818,CUSTOMER,CUST-0371,7573.7,INFLOW,ORDER_PAYMENT,2026-08-23 15:17:54
TX-8819,ORD-4819,CUSTOMER,CUST-0076,1004.29,INFLOW,ORDER_PAYMENT,2026-08-23 15:26:25
TX-8820,ORD-4820,CUSTOMER,CUST-0453,670.05,INFLOW,ORDER_PAYMENT,2026-08-23 15:34:35
TX-8821,ORD-4821,CUSTOMER,CUST-0151,3655.67,INFLOW,ORDER_PAYMENT,2026-08-23 15:43:12
TX-8822,ORD-4822,CUSTOMER,CUST-0159,2788.05,INFLOW,ORDER_PAYMENT,2026-08-23 15:51:30
TX-8823,ORD-4823,CUSTOMER,CUST-0126,4226.7,INFLOW,ORDER_PAYMENT,2026-08-23 16:00:09
TX-8824,ORD-4824,CUSTOMER,CUST-0474,3904.05,INFLOW,ORDER_PAYMENT,2026-08-23 16:08:16
TX-8825,ORD-4825,CUSTOMER,CUST-0402,3527.16,INFLOW,ORDER_PAYMENT,2026-08-23 16:16:55
TX-8826,ORD-4826,CUSTOMER,CUST-0465,1100.0,INFLOW,ORDER_PAYMENT,2026-08-23 16:25:23
TX-8827,ORD-4827,CUSTOMER,CUST-0215,258.84,INFLOW,ORDER_PAYMENT,2026-08-23 16:33:50
TX-8828,ORD-4828,CUSTOMER,CUST-0448,3303.71,INFLOW,ORDER_PAYMENT,2026-08-23 16:41:58
TX-8829,ORD-4829,CUSTOMER,CUST-0107,2449.37,INFLOW,ORDER_PAYMENT,2026-08-23 16:50:38
TX-8830,ORD-4830,CUSTOMER,CUST-0095,3655.67,INFLOW,ORDER_PAYMENT,2026-08-23 16:58:47
TX-8831,ORD-4831,CUSTOMER,CUST-0459,291.34,INFLOW,ORDER_PAYMENT,2026-08-23 17:07:10
TX-8832,ORD-4832,CUSTOMER,CUST-0379,613.4,INFLOW,ORDER_PAYMENT,2026-08-23 17:15:46
TX-8833,ORD-4833,CUSTOMER,CUST-0369,7808.62,INFLOW,ORDER_PAYMENT,2026-08-23 17:24:02
TX-8834,ORD-4834,CUSTOMER,CUST-0056,3904.31,INFLOW,ORDER_PAYMENT,2026-08-23 17:32:21
TX-8835,ORD-4835,CUSTOMER,CUST-0091,4101.12,INFLOW,ORDER_PAYMENT,2026-08-23 17:40:55
TX-8836,ORD-4836,CUSTOMER,CUST-0176,2644.13,INFLOW,ORDER_PAYMENT,2026-08-23 17:48:59
TX-8837,ORD-4837,CUSTOMER,CUST-0060,431.18,INFLOW,ORDER_PAYMENT,2026-08-23 17:57:49
TX-8838,ORD-4838,CUSTOMER,CUST-0108,3052.92,INFLOW,ORDER_PAYMENT,2026-08-23 18:05:55
TX-8839,ORD-4839,CUSTOMER,CUST-0209,4458.58,INFLOW,ORDER_PAYMENT,2026-08-23 18:14:25
TX-8840,ORD-4840,CUSTOMER,CUST-0027,2560.05,INFLOW,ORDER_PAYMENT,2026-08-23 18:22:58
TX-8841,ORD-4841,CUSTOMER,CUST-0237,3904.31,INFLOW,ORDER_PAYMENT,2026-08-23 18:30:56
TX-8842,ORD-4842,CUSTOMER,CUST-0270,2644.13,INFLOW,ORDER_PAYMENT,2026-08-23 18:39:34
TX-8843,ORD-4843,CUSTOMER,CUST-0219,4257.97,INFLOW,ORDER_PAYMENT,2026-08-23 18:48:13
TX-8844,ORD-4844,CUSTOMER,CUST-0182,2065.51,INFLOW,ORDER_PAYMENT,2026-08-23 18:56:32
TX-8845,ORD-4845,CUSTOMER,CUST-0153,3246.81,INFLOW,ORDER_PAYMENT,2026-08-23 19:04:54
TX-8846,ORD-4846,CUSTOMER,CUST-0182,3724.86,INFLOW,ORDER_PAYMENT,2026-08-23 19:13:11
TX-8847,ORD-4847,CUSTOMER,CUST-0481,3809.18,INFLOW,ORDER_PAYMENT,2026-08-23 19:21:32
TX-8848,ORD-4848,CUSTOMER,CUST-0272,4074.31,INFLOW,ORDER_PAYMENT,2026-08-23 19:30:10
TX-8849,ORD-4849,CUSTOMER,CUST-0025,2180.0,INFLOW,ORDER_PAYMENT,2026-08-23 19:38:29
TX-8850,ORD-4850,CUSTOMER,CUST-0118,1604.68,INFLOW,ORDER_PAYMENT,2026-08-23 19:47:01
TX-8851,ORD-4851,CUSTOMER,CUST-0077,3621.3,INFLOW,ORDER_PAYMENT,2026-08-23 19:55:13
TX-8852,ORD-4852,CUSTOMER,CUST-0365,3569.25,INFLOW,ORDER_PAYMENT,2026-08-23 20:03:40
TX-8853,ORD-4853,CUSTOMER,CUST-0312,535.08,INFLOW,ORDER_PAYMENT,2026-08-23 20:12:02
TX-8854,ORD-4854,CUSTOMER,CUST-0119,6105.84,INFLOW,ORDER_PAYMENT,2026-08-23 20:20:24
TX-8855,ORD-4855,CUSTOMER,CUST-0263,4294.61,INFLOW,ORDER_PAYMENT,2026-08-23 20:28:59
TX-8856,ORD-4856,CUSTOMER,CUST-0336,4448.99,INFLOW,ORDER_PAYMENT,2026-08-23 20:36:59
TX-8857,ORD-4857,CUSTOMER,CUST-0414,5576.1,INFLOW,ORDER_PAYMENT,2026-08-23 20:45:37
TX-8858,ORD-4858,CUSTOMER,CUST-0432,1653.98,INFLOW,ORDER_PAYMENT,2026-08-23 20:53:43
TX-8859,ORD-4859,CUSTOMER,CUST-0120,3310.04,INFLOW,ORDER_PAYMENT,2026-08-23 21:02:24
TX-8860,ORD-4860,CUSTOMER,CUST-0282,1100.0,INFLOW,ORDER_PAYMENT,2026-08-23 21:10:45
TX-8861,ORD-4861,CUSTOMER,CUST-0232,526.84,INFLOW,ORDER_PAYMENT,2026-08-23 21:19:17
TX-8862,ORD-4862,CUSTOMER,CUST-0326,3482.21,INFLOW,ORDER_PAYMENT,2026-08-23 21:27:29
TX-8863,ORD-4863,CUSTOMER,CUST-0377,4054.3,INFLOW,ORDER_PAYMENT,2026-08-23 21:36:01
TX-8864,ORD-4864,CUSTOMER,CUST-0413,3209.36,INFLOW,ORDER_PAYMENT,2026-08-23 21:44:37
TX-8865,ORD-4865,CUSTOMER,CUST-0319,1948.31,INFLOW,ORDER_PAYMENT,2026-08-23 21:52:58
TX-8866,ORD-4866,CUSTOMER,CUST-0299,2788.05,INFLOW,ORDER_PAYMENT,2026-08-23 22:01:02
TX-8867,ORD-4867,CUSTOMER,CUST-0331,1100.0,INFLOW,ORDER_PAYMENT,2026-08-23 22:09:44
TX-8868,ORD-4868,CUSTOMER,CUST-0127,3310.04,INFLOW,ORDER_PAYMENT,2026-08-23 22:17:54
TX-8869,ORD-4869,CUSTOMER,CUST-0352,3637.58,INFLOW,ORDER_PAYMENT,2026-08-23 22:26:25
TX-8870,ORD-4870,CUSTOMER,CUST-0364,2065.51,INFLOW,ORDER_PAYMENT,2026-08-23 22:34:40
TX-8871,ORD-4871,CUSTOMER,CUST-0139,1768.39,INFLOW,ORDER_PAYMENT,2026-08-23 22:43:05
TX-8872,ORD-4872,CUSTOMER,CUST-0305,3569.25,INFLOW,ORDER_PAYMENT,2026-08-23 22:51:23
TX-8873,ORD-4873,CUSTOMER,CUST-0205,1004.29,INFLOW,ORDER_PAYMENT,2026-08-23 23:00:08
TX-8874,ORD-4874,CUSTOMER,CUST-0288,1948.31,INFLOW,ORDER_PAYMENT,2026-08-23 23:08:19
TX-8875,ORD-4875,CUSTOMER,CUST-0160,3737.74,INFLOW,ORDER_PAYMENT,2026-08-23 23:16:39
TX-8876,ORD-4876,CUSTOMER,CUST-0424,557.56,INFLOW,ORDER_PAYMENT,2026-08-23 23:25:11
TX-8877,ORD-4877,CUSTOMER,CUST-0161,1100.0,INFLOW,ORDER_PAYMENT,2026-08-23 23:33:34
TX-8878,ORD-4878,CUSTOMER,CUST-0432,1605.72,INFLOW,ORDER_PAYMENT,2026-08-23 23:42:11
TX-8879,ORD-4879,CUSTOMER,CUST-0312,4448.99,INFLOW,ORDER_PAYMENT,2026-08-23 23:50:21
TX-8880,ORD-4880,CUSTOMER,CUST-0090,8849.94,INFLOW,ORDER_PAYMENT,2026-08-23 23:58:42
TX-8881,ORD-4881,CUSTOMER,CUST-0356,4458.58,INFLOW,ORDER_PAYMENT,2026-08-24 00:06:54
TX-8882,ORD-4882,CUSTOMER,CUST-0376,1948.31,INFLOW,ORDER_PAYMENT,2026-08-24 00:15:33
TX-8883,ORD-4883,CUSTOMER,CUST-0216,4294.61,INFLOW,ORDER_PAYMENT,2026-08-24 00:24:02
TX-8884,ORD-4884,CUSTOMER,CUST-0107,1076.17,INFLOW,ORDER_PAYMENT,2026-08-24 00:32:23
TX-8885,ORD-4885,CUSTOMER,CUST-0488,3303.71,INFLOW,ORDER_PAYMENT,2026-08-24 00:40:38
TX-8886,ORD-4886,CUSTOMER,CUST-0457,1100.0,INFLOW,ORDER_PAYMENT,2026-08-24 00:49:16
TX-8887,ORD-4887,CUSTOMER,CUST-0102,829.04,INFLOW,ORDER_PAYMENT,2026-08-24 00:57:34
TX-8888,ORD-4888,CUSTOMER,CUST-0157,3297.77,INFLOW,ORDER_PAYMENT,2026-08-24 01:05:51
TX-8889,ORD-4889,CUSTOMER,CUST-0006,6493.62,INFLOW,ORDER_PAYMENT,2026-08-24 01:14:33
TX-8890,ORD-4890,CUSTOMER,CUST-0412,3310.04,INFLOW,ORDER_PAYMENT,2026-08-24 01:22:31
TX-8891,ORD-4891,CUSTOMER,CUST-0412,656.92,INFLOW,ORDER_PAYMENT,2026-08-24 01:31:02
TX-8892,ORD-4892,CUSTOMER,CUST-0214,8060.6,INFLOW,ORDER_PAYMENT,2026-08-24 01:39:19
TX-8893,ORD-4893,CUSTOMER,CUST-0002,4131.02,INFLOW,ORDER_PAYMENT,2026-08-24 01:47:57
TX-8894,ORD-4894,CUSTOMER,CUST-0050,3209.36,INFLOW,ORDER_PAYMENT,2026-08-24 01:56:17
TX-8895,ORD-4895,CUSTOMER,CUST-0491,3211.6,INFLOW,ORDER_PAYMENT,2026-08-24 02:04:33
TX-8896,ORD-4896,CUSTOMER,CUST-0254,535.08,INFLOW,ORDER_PAYMENT,2026-08-24 02:12:53
TX-8897,ORD-4897,CUSTOMER,CUST-0190,4448.99,INFLOW,ORDER_PAYMENT,2026-08-24 02:21:39
TX-8898,ORD-4898,CUSTOMER,CUST-0434,263.42,INFLOW,ORDER_PAYMENT,2026-08-24 02:29:48
TX-8899,ORD-4899,CUSTOMER,CUST-0029,3246.81,INFLOW,ORDER_PAYMENT,2026-08-24 02:38:27
TX-8900,ORD-4900,CUSTOMER,CUST-0193,2598.2,INFLOW,ORDER_PAYMENT,2026-08-24 02:46:30
TX-8901,ORD-4901,CUSTOMER,CUST-0020,1100.0,INFLOW,ORDER_PAYMENT,2026-08-24 02:55:19
TX-8902,ORD-4902,CUSTOMER,CUST-0146,4226.7,INFLOW,ORDER_PAYMENT,2026-08-24 03:03:44
TX-8903,ORD-4903,CUSTOMER,CUST-0360,4030.3,INFLOW,ORDER_PAYMENT,2026-08-24 03:12:10
TX-8904,ORD-4904,CUSTOMER,CUST-0339,2419.53,INFLOW,ORDER_PAYMENT,2026-08-24 03:20:05
TX-8905,ORD-4905,CUSTOMER,CUST-0126,3637.58,INFLOW,ORDER_PAYMENT,2026-08-24 03:28:30
TX-8906,ORD-4906,CUSTOMER,CUST-0445,1100.0,INFLOW,ORDER_PAYMENT,2026-08-24 03:37:04
TX-8907,ORD-4907,CUSTOMER,CUST-0481,3897.52,INFLOW,ORDER_PAYMENT,2026-08-24 03:45:30
TX-8908,ORD-4908,CUSTOMER,CUST-0068,3052.92,INFLOW,ORDER_PAYMENT,2026-08-24 03:53:39
TX-8909,ORD-4909,CUSTOMER,CUST-0016,2419.53,INFLOW,ORDER_PAYMENT,2026-08-24 04:02:13
TX-8910,ORD-4910,CUSTOMER,CUST-0219,4898.74,INFLOW,ORDER_PAYMENT,2026-08-24 04:10:34
TX-8911,ORD-4911,CUSTOMER,CUST-0261,1100.0,INFLOW,ORDER_PAYMENT,2026-08-24 04:19:18
TX-8912,ORD-4912,CUSTOMER,CUST-0272,3314.53,INFLOW,ORDER_PAYMENT,2026-08-24 04:27:29
TX-8913,ORD-4913,CUSTOMER,CUST-0185,2483.23,INFLOW,ORDER_PAYMENT,2026-08-24 04:35:51
TX-8914,ORD-4914,CUSTOMER,CUST-0276,4101.12,INFLOW,ORDER_PAYMENT,2026-08-24 04:44:11
TX-8915,ORD-4915,CUSTOMER,CUST-0051,3303.71,INFLOW,ORDER_PAYMENT,2026-08-24 04:52:38
TX-8916,ORD-4916,CUSTOMER,CUST-0079,7054.32,INFLOW,ORDER_PAYMENT,2026-08-24 05:00:54
TX-8917,ORD-4917,CUSTOMER,CUST-0006,1076.17,INFLOW,ORDER_PAYMENT,2026-08-24 05:09:31
TX-8918,ORD-4918,CUSTOMER,CUST-0221,2644.13,INFLOW,ORDER_PAYMENT,2026-08-24 05:17:45
TX-8919,ORD-4919,CUSTOMER,CUST-0009,829.04,INFLOW,ORDER_PAYMENT,2026-08-24 05:26:27
TX-8920,ORD-4920,CUSTOMER,CUST-0406,3310.04,INFLOW,ORDER_PAYMENT,2026-08-24 05:34:39
TX-8921,ORD-4921,CUSTOMER,CUST-0095,4076.43,INFLOW,ORDER_PAYMENT,2026-08-24 05:43:12
TX-8922,ORD-4922,CUSTOMER,CUST-0486,4226.7,INFLOW,ORDER_PAYMENT,2026-08-24 05:51:15
TX-8923,ORD-4923,CUSTOMER,CUST-0173,1231.42,INFLOW,ORDER_PAYMENT,2026-08-24 06:00:01
TX-8924,ORD-4924,CUSTOMER,CUST-0186,8515.94,INFLOW,ORDER_PAYMENT,2026-08-24 06:08:18
TX-8925,ORD-4925,CUSTOMER,CUST-0166,3527.16,INFLOW,ORDER_PAYMENT,2026-08-24 06:16:41
TX-8926,ORD-4926,CUSTOMER,CUST-0154,8108.6,INFLOW,ORDER_PAYMENT,2026-08-24 06:25:03
TX-8927,ORD-4927,CUSTOMER,CUST-0298,3684.61,INFLOW,ORDER_PAYMENT,2026-08-24 06:33:31
TX-8928,ORD-4928,CUSTOMER,CUST-0334,4257.97,INFLOW,ORDER_PAYMENT,2026-08-24 06:41:53
TX-8929,ORD-4929,CUSTOMER,CUST-0155,3855.71,INFLOW,ORDER_PAYMENT,2026-08-24 06:50:32
TX-8930,ORD-4930,CUSTOMER,CUST-0266,3897.52,INFLOW,ORDER_PAYMENT,2026-08-24 06:58:35
TX-8931,ORD-4931,CUSTOMER,CUST-0078,2757.05,INFLOW,ORDER_PAYMENT,2026-08-24 07:07:06
TX-8932,ORD-4932,CUSTOMER,CUST-0457,3052.92,INFLOW,ORDER_PAYMENT,2026-08-24 07:15:31
TX-8933,ORD-4933,CUSTOMER,CUST-0127,4226.7,INFLOW,ORDER_PAYMENT,2026-08-24 07:23:54
TX-8934,ORD-4934,CUSTOMER,CUST-0299,4076.43,INFLOW,ORDER_PAYMENT,2026-08-24 07:32:13
TX-8935,ORD-4935,CUSTOMER,CUST-0197,2200.0,INFLOW,ORDER_PAYMENT,2026-08-24 07:40:36
TX-8936,ORD-4936,CUSTOMER,CUST-0467,8589.22,INFLOW,ORDER_PAYMENT,2026-08-24 07:49:09
TX-8937,ORD-4937,CUSTOMER,CUST-0231,414.04,INFLOW,ORDER_PAYMENT,2026-08-24 07:57:18
TX-8938,ORD-4938,CUSTOMER,CUST-0234,3527.16,INFLOW,ORDER_PAYMENT,2026-08-24 08:06:04
TX-8939,ORD-4939,CUSTOMER,CUST-0364,2065.51,INFLOW,ORDER_PAYMENT,2026-08-24 08:14:07
TX-8940,ORD-4940,CUSTOMER,CUST-0172,431.18,INFLOW,ORDER_PAYMENT,2026-08-24 08:22:43
TX-8941,ORD-4941,CUSTOMER,CUST-0143,4898.74,INFLOW,ORDER_PAYMENT,2026-08-24 08:31:13
TX-8942,ORD-4942,CUSTOMER,CUST-0031,656.92,INFLOW,ORDER_PAYMENT,2026-08-24 08:39:29
TX-8943,ORD-4943,CUSTOMER,CUST-0174,4257.97,INFLOW,ORDER_PAYMENT,2026-08-24 08:48:07
TX-8944,ORD-4944,CUSTOMER,CUST-0255,431.18,INFLOW,ORDER_PAYMENT,2026-08-24 08:56:17
TX-8945,ORD-4945,CUSTOMER,CUST-0233,1862.43,INFLOW,ORDER_PAYMENT,2026-08-24 09:04:41
TX-8946,ORD-4946,CUSTOMER,CUST-0106,2419.53,INFLOW,ORDER_PAYMENT,2026-08-24 09:13:15
TX-8947,ORD-4947,CUSTOMER,CUST-0346,7311.34,INFLOW,ORDER_PAYMENT,2026-08-24 09:21:30
TX-8948,ORD-4948,CUSTOMER,CUST-0176,2065.51,INFLOW,ORDER_PAYMENT,2026-08-24 09:29:39
TX-8949,ORD-4949,CUSTOMER,CUST-0193,4074.31,INFLOW,ORDER_PAYMENT,2026-08-24 09:38:17
TX-8950,ORD-4950,CUSTOMER,CUST-0088,1604.68,INFLOW,ORDER_PAYMENT,2026-08-24 09:46:33
TX-8951,ORD-4951,CUSTOMER,CUST-0072,1125.08,INFLOW,ORDER_PAYMENT,2026-08-24 09:54:49
TX-8952,ORD-4952,CUSTOMER,CUST-0349,4030.3,INFLOW,ORDER_PAYMENT,2026-08-24 10:03:41
TX-8953,ORD-4953,CUSTOMER,CUST-0425,1434.09,INFLOW,ORDER_PAYMENT,2026-08-24 10:11:47
TX-8954,ORD-4954,CUSTOMER,CUST-0261,1732.3,INFLOW,ORDER_PAYMENT,2026-08-24 10:20:30
TX-8955,ORD-4955,CUSTOMER,CUST-0353,818.39,INFLOW,ORDER_PAYMENT,2026-08-24 10:28:40
TX-8956,ORD-4956,CUSTOMER,CUST-0280,3570.49,INFLOW,ORDER_PAYMENT,2026-08-24 10:37:08
TX-8957,ORD-4957,CUSTOMER,CUST-0403,1524.23,INFLOW,ORDER_PAYMENT,2026-08-24 10:45:42
TX-8958,ORD-4958,CUSTOMER,CUST-0133,2250.16,INFLOW,ORDER_PAYMENT,2026-08-24 10:53:40
TX-8959,ORD-4959,CUSTOMER,CUST-0207,4226.7,INFLOW,ORDER_PAYMENT,2026-08-24 11:02:07
TX-8960,ORD-4960,CUSTOMER,CUST-0294,3737.74,INFLOW,ORDER_PAYMENT,2026-08-24 11:10:33
TX-8961,ORD-4961,CUSTOMER,CUST-0419,1544.47,INFLOW,ORDER_PAYMENT,2026-08-24 11:18:54
TX-8962,ORD-4962,CUSTOMER,CUST-0304,557.56,INFLOW,ORDER_PAYMENT,2026-08-24 11:27:37
TX-8963,ORD-4963,CUSTOMER,CUST-0152,1229.97,INFLOW,ORDER_PAYMENT,2026-08-24 11:36:03
TX-8964,ORD-4964,CUSTOMER,CUST-0014,818.39,INFLOW,ORDER_PAYMENT,2026-08-24 11:44:22
TX-8965,ORD-4965,CUSTOMER,CUST-0037,4448.99,INFLOW,ORDER_PAYMENT,2026-08-24 11:52:46
TX-8966,ORD-4966,CUSTOMER,CUST-0376,3554.02,INFLOW,ORDER_PAYMENT,2026-08-24 12:00:54
TX-8967,ORD-4967,CUSTOMER,CUST-0209,2589.06,INFLOW,ORDER_PAYMENT,2026-08-24 12:09:27
TX-8968,ORD-4968,CUSTOMER,CUST-0141,3211.6,INFLOW,ORDER_PAYMENT,2026-08-24 12:17:47
TX-8969,ORD-4969,CUSTOMER,CUST-0468,7475.48,INFLOW,ORDER_PAYMENT,2026-08-24 12:26:01
TX-8970,ORD-4970,CUSTOMER,CUST-0039,1862.43,INFLOW,ORDER_PAYMENT,2026-08-24 12:34:25
TX-8971,ORD-4971,CUSTOMER,CUST-0381,3554.02,INFLOW,ORDER_PAYMENT,2026-08-24 12:43:11
TX-8972,ORD-4972,CUSTOMER,CUST-0068,431.18,INFLOW,ORDER_PAYMENT,2026-08-24 12:51:26
TX-8973,ORD-4973,CUSTOMER,CUST-0305,3482.21,INFLOW,ORDER_PAYMENT,2026-08-24 12:59:52
TX-8974,ORD-4974,CUSTOMER,CUST-0092,1524.23,INFLOW,ORDER_PAYMENT,2026-08-24 13:08:25
TX-8975,ORD-4975,CUSTOMER,CUST-0403,3554.02,INFLOW,ORDER_PAYMENT,2026-08-24 13:16:44
TX-8976,ORD-4976,CUSTOMER,CUST-0074,3246.81,INFLOW,ORDER_PAYMENT,2026-08-24 13:25:12
TX-8977,ORD-4977,CUSTOMER,CUST-0405,4294.61,INFLOW,ORDER_PAYMENT,2026-08-24 13:33:10
TX-8978,ORD-4978,CUSTOMER,CUST-0326,3536.78,INFLOW,ORDER_PAYMENT,2026-08-24 13:41:51
TX-8979,ORD-4979,CUSTOMER,CUST-0034,4030.3,INFLOW,ORDER_PAYMENT,2026-08-24 13:50:16
TX-8980,ORD-4980,CUSTOMER,CUST-0372,2788.05,INFLOW,ORDER_PAYMENT,2026-08-24 13:58:48
TX-8981,ORD-4981,CUSTOMER,CUST-0093,818.39,INFLOW,ORDER_PAYMENT,2026-08-24 14:06:50
TX-8982,ORD-4982,CUSTOMER,CUST-0272,4448.99,INFLOW,ORDER_PAYMENT,2026-08-24 14:15:25
TX-8983,ORD-4983,CUSTOMER,CUST-0385,1076.17,INFLOW,ORDER_PAYMENT,2026-08-24 14:23:48
TX-8984,ORD-4984,CUSTOMER,CUST-0204,2419.53,INFLOW,ORDER_PAYMENT,2026-08-24 14:32:03
TX-8985,ORD-4985,CUSTOMER,CUST-0238,258.84,INFLOW,ORDER_PAYMENT,2026-08-24 14:40:47
TX-8986,ORD-4986,CUSTOMER,CUST-0356,2757.05,INFLOW,ORDER_PAYMENT,2026-08-24 14:48:48
TX-8987,ORD-4987,CUSTOMER,CUST-0014,4424.97,INFLOW,ORDER_PAYMENT,2026-08-24 14:57:17
TX-8988,ORD-4988,CUSTOMER,CUST-0258,3904.31,INFLOW,ORDER_PAYMENT,2026-08-24 15:05:51
TX-8989,ORD-4989,CUSTOMER,CUST-0408,883.38,INFLOW,ORDER_PAYMENT,2026-08-24 15:13:57
TX-8990,ORD-4990,CUSTOMER,CUST-0473,3196.07,INFLOW,ORDER_PAYMENT,2026-08-24 15:22:35
TX-8991,ORD-4991,CUSTOMER,CUST-0216,2449.37,INFLOW,ORDER_PAYMENT,2026-08-24 15:30:56
TX-8992,ORD-4992,CUSTOMER,CUST-0453,1418.34,INFLOW,ORDER_PAYMENT,2026-08-24 15:39:17
TX-8993,ORD-4993,CUSTOMER,CUST-0431,2589.06,INFLOW,ORDER_PAYMENT,2026-08-24 15:47:57
TX-8994,ORD-4994,CUSTOMER,CUST-0129,3305.06,INFLOW,ORDER_PAYMENT,2026-08-24 15:56:03
TX-8995,ORD-4995,CUSTOMER,CUST-0046,1992.9,INFLOW,ORDER_PAYMENT,2026-08-24 16:04:21
TX-8996,ORD-4996,CUSTOMER,CUST-0081,306.7,INFLOW,ORDER_PAYMENT,2026-08-24 16:12:56
TX-8997,ORD-4997,CUSTOMER,CUST-0237,2644.13,INFLOW,ORDER_PAYMENT,2026-08-24 16:21:24
TX-8998,ORD-4998,CUSTOMER,CUST-0445,3052.92,INFLOW,ORDER_PAYMENT,2026-08-24 16:29:49
TX-8999,ORD-4999,CUSTOMER,CUST-0174,3527.16,INFLOW,ORDER_PAYMENT,2026-08-24 16:38:00
TX-9000,ORD-5000,CUSTOMER,CUST-0022,3621.3,INFLOW,ORDER_PAYMENT,2026-08-24 16:46:23
TX-9001,ORD-5001,CUSTOMER,CUST-0257,4390.3,INFLOW,ORDER_PAYMENT,2026-08-24 16:54:58
TX-9002,ORD-5002,CUSTOMER,CUST-0042,2788.05,INFLOW,ORDER_PAYMENT,2026-08-24 17:03:13
TX-9003,ORD-5003,CUSTOMER,CUST-0069,1862.43,INFLOW,ORDER_PAYMENT,2026-08-24 17:11:43
TX-9004,ORD-5004,CUSTOMER,CUST-0249,2757.05,INFLOW,ORDER_PAYMENT,2026-08-24 17:20:02
TX-9005,ORD-5005,CUSTOMER,CUST-0006,1544.47,INFLOW,ORDER_PAYMENT,2026-08-24 17:28:30
TX-9006,ORD-5006,CUSTOMER,CUST-0480,3621.3,INFLOW,ORDER_PAYMENT,2026-08-24 17:36:47
TX-9007,ORD-5007,CUSTOMER,CUST-0474,3305.06,INFLOW,ORDER_PAYMENT,2026-08-24 17:45:38
TX-9008,ORD-5008,CUSTOMER,CUST-0070,3655.67,INFLOW,ORDER_PAYMENT,2026-08-24 17:53:49
TX-9009,ORD-5009,CUSTOMER,CUST-0153,358.12,INFLOW,ORDER_PAYMENT,2026-08-24 18:02:06
TX-9010,ORD-5010,CUSTOMER,CUST-0187,6610.12,INFLOW,ORDER_PAYMENT,2026-08-24 18:10:28
TX-9011,ORD-5011,CUSTOMER,CUST-0009,1100.0,INFLOW,ORDER_PAYMENT,2026-08-24 18:18:47
TX-9012,ORD-5012,CUSTOMER,CUST-0495,3621.3,INFLOW,ORDER_PAYMENT,2026-08-24 18:27:13
TX-9013,ORD-5013,CUSTOMER,CUST-0162,1100.0,INFLOW,ORDER_PAYMENT,2026-08-24 18:35:47
TX-9014,ORD-5014,CUSTOMER,CUST-0003,2439.3,INFLOW,ORDER_PAYMENT,2026-08-24 18:44:03
TX-9015,ORD-5015,CUSTOMER,CUST-0049,3310.04,INFLOW,ORDER_PAYMENT,2026-08-24 18:52:35
TX-9016,ORD-5016,CUSTOMER,CUST-0356,8152.86,INFLOW,ORDER_PAYMENT,2026-08-24 19:00:48
TX-9017,ORD-5017,CUSTOMER,CUST-0188,2152.34,INFLOW,ORDER_PAYMENT,2026-08-24 19:09:34
TX-9018,ORD-5018,CUSTOMER,CUST-0163,1090.0,INFLOW,ORDER_PAYMENT,2026-08-24 19:17:39
TX-9019,ORD-5019,CUSTOMER,CUST-0191,670.05,INFLOW,ORDER_PAYMENT,2026-08-24 19:26:23
TX-9020,ORD-5020,CUSTOMER,CUST-0414,4390.3,INFLOW,ORDER_PAYMENT,2026-08-24 19:34:30
TX-9021,ORD-5021,CUSTOMER,CUST-0162,7475.48,INFLOW,ORDER_PAYMENT,2026-08-24 19:43:05
TX-9022,ORD-5022,CUSTOMER,CUST-0150,3412.17,INFLOW,ORDER_PAYMENT,2026-08-24 19:51:18
TX-9023,ORD-5023,CUSTOMER,CUST-0411,1768.39,INFLOW,ORDER_PAYMENT,2026-08-24 19:59:43
TX-9024,ORD-5024,CUSTOMER,CUST-0306,818.39,INFLOW,ORDER_PAYMENT,2026-08-24 20:08:05
TX-9025,ORD-5025,CUSTOMER,CUST-0399,1524.23,INFLOW,ORDER_PAYMENT,2026-08-24 20:16:27
TX-9026,ORD-5026,CUSTOMER,CUST-0467,414.04,INFLOW,ORDER_PAYMENT,2026-08-24 20:25:06
TX-9027,ORD-5027,CUSTOMER,CUST-0341,2459.94,INFLOW,ORDER_PAYMENT,2026-08-24 20:33:27
TX-9028,ORD-5028,CUSTOMER,CUST-0425,4101.12,INFLOW,ORDER_PAYMENT,2026-08-24 20:42:00
TX-9029,ORD-5029,CUSTOMER,CUST-0157,4898.74,INFLOW,ORDER_PAYMENT,2026-08-24 20:50:12
TX-9030,ORD-5030,CUSTOMER,CUST-0253,3897.52,INFLOW,ORDER_PAYMENT,2026-08-24 20:58:19
TX-9031,ORD-5031,CUSTOMER,CUST-0381,3985.8,INFLOW,ORDER_PAYMENT,2026-08-24 21:07:05
TX-9032,ORD-5032,CUSTOMER,CUST-0333,1862.43,INFLOW,ORDER_PAYMENT,2026-08-24 21:15:36
TX-9033,ORD-5033,CUSTOMER,CUST-0206,2452.83,INFLOW,ORDER_PAYMENT,2026-08-24 21:23:32
TX-9034,ORD-5034,CUSTOMER,CUST-0386,3765.7,INFLOW,ORDER_PAYMENT,2026-08-24 21:32:19
TX-9035,ORD-5035,CUSTOMER,CUST-0381,3303.71,INFLOW,ORDER_PAYMENT,2026-08-24 21:40:26
TX-9036,ORD-5036,CUSTOMER,CUST-0113,3786.85,INFLOW,ORDER_PAYMENT,2026-08-24 21:48:43
TX-9037,ORD-5037,CUSTOMER,CUST-0469,1604.68,INFLOW,ORDER_PAYMENT,2026-08-24 21:57:31
TX-9038,ORD-5038,CUSTOMER,CUST-0382,258.84,INFLOW,ORDER_PAYMENT,2026-08-24 22:05:55
TX-9039,ORD-5039,CUSTOMER,CUST-0311,1703.44,INFLOW,ORDER_PAYMENT,2026-08-24 22:14:20
TX-9040,ORD-5040,CUSTOMER,CUST-0183,3063.16,INFLOW,ORDER_PAYMENT,2026-08-24 22:22:29
TX-9041,ORD-5041,CUSTOMER,CUST-0327,2419.53,INFLOW,ORDER_PAYMENT,2026-08-24 22:30:46
TX-9042,ORD-5042,CUSTOMER,CUST-0386,3637.58,INFLOW,ORDER_PAYMENT,2026-08-24 22:39:29
TX-9043,ORD-5043,CUSTOMER,CUST-0044,1862.43,INFLOW,ORDER_PAYMENT,2026-08-24 22:47:46
TX-9044,ORD-5044,CUSTOMER,CUST-0214,2200.0,INFLOW,ORDER_PAYMENT,2026-08-24 22:56:23
TX-9045,ORD-5045,CUSTOMER,CUST-0415,2065.51,INFLOW,ORDER_PAYMENT,2026-08-24 23:04:46
TX-9046,ORD-5046,CUSTOMER,CUST-0245,3527.16,INFLOW,ORDER_PAYMENT,2026-08-24 23:12:48
TX-9047,ORD-5047,CUSTOMER,CUST-0471,4226.7,INFLOW,ORDER_PAYMENT,2026-08-24 23:21:25
TX-9048,ORD-5048,CUSTOMER,CUST-0403,4966.46,INFLOW,ORDER_PAYMENT,2026-08-24 23:29:36
TX-9049,ORD-5049,CUSTOMER,CUST-0048,656.92,INFLOW,ORDER_PAYMENT,2026-08-24 23:38:23
TX-9050,ORD-5050,CUSTOMER,CUST-0490,1434.09,INFLOW,ORDER_PAYMENT,2026-08-24 23:46:19
TX-9051,ORD-5051,CUSTOMER,CUST-0290,851.72,INFLOW,ORDER_PAYMENT,2026-08-24 23:54:56
TX-9052,ORD-5052,CUSTOMER,CUST-0308,4504.6,INFLOW,ORDER_PAYMENT,2026-08-25 00:03:12
TX-9053,ORD-5053,CUSTOMER,CUST-0468,4257.97,INFLOW,ORDER_PAYMENT,2026-08-25 00:11:28
TX-9054,ORD-5054,CUSTOMER,CUST-0392,3305.06,INFLOW,ORDER_PAYMENT,2026-08-25 00:20:18
TX-9055,ORD-5055,CUSTOMER,CUST-0128,6105.84,INFLOW,ORDER_PAYMENT,2026-08-25 00:28:30
TX-9056,ORD-5056,CUSTOMER,CUST-0218,3637.58,INFLOW,ORDER_PAYMENT,2026-08-25 00:37:07
TX-9057,ORD-5057,CUSTOMER,CUST-0254,3564.2,INFLOW,ORDER_PAYMENT,2026-08-25 00:45:06
TX-9058,ORD-5058,CUSTOMER,CUST-0177,2008.58,INFLOW,ORDER_PAYMENT,2026-08-25 00:53:32
TX-9059,ORD-5059,CUSTOMER,CUST-0151,1948.31,INFLOW,ORDER_PAYMENT,2026-08-25 01:01:59
TX-9060,ORD-5060,CUSTOMER,CUST-0225,7808.1,INFLOW,ORDER_PAYMENT,2026-08-25 01:10:21
TX-9061,ORD-5061,CUSTOMER,CUST-0377,3246.81,INFLOW,ORDER_PAYMENT,2026-08-25 01:18:43
TX-9062,ORD-5062,CUSTOMER,CUST-0421,3637.58,INFLOW,ORDER_PAYMENT,2026-08-25 01:27:21
TX-9063,ORD-5063,CUSTOMER,CUST-0179,3310.04,INFLOW,ORDER_PAYMENT,2026-08-25 01:35:56
TX-9064,ORD-5064,CUSTOMER,CUST-0097,4076.43,INFLOW,ORDER_PAYMENT,2026-08-25 01:44:06
TX-9065,ORD-5065,CUSTOMER,CUST-0272,8589.22,INFLOW,ORDER_PAYMENT,2026-08-25 01:52:30
TX-9066,ORD-5066,CUSTOMER,CUST-0052,3412.17,INFLOW,ORDER_PAYMENT,2026-08-25 02:00:55
TX-9067,ORD-5067,CUSTOMER,CUST-0205,818.39,INFLOW,ORDER_PAYMENT,2026-08-25 02:09:22
TX-9068,ORD-5068,CUSTOMER,CUST-0272,4101.12,INFLOW,ORDER_PAYMENT,2026-08-25 02:17:29
TX-9069,ORD-5069,CUSTOMER,CUST-0220,674.08,INFLOW,ORDER_PAYMENT,2026-08-25 02:25:52
TX-9070,ORD-5070,CUSTOMER,CUST-0307,2598.2,INFLOW,ORDER_PAYMENT,2026-08-25 02:34:33
TX-9071,ORD-5071,CUSTOMER,CUST-0282,1434.09,INFLOW,ORDER_PAYMENT,2026-08-25 02:43:00
TX-9072,ORD-5072,CUSTOMER,CUST-0475,1076.17,INFLOW,ORDER_PAYMENT,2026-08-25 02:51:31
TX-9073,ORD-5073,CUSTOMER,CUST-0153,1948.31,INFLOW,ORDER_PAYMENT,2026-08-25 02:59:48
TX-9074,ORD-5074,CUSTOMER,CUST-0209,1100.0,INFLOW,ORDER_PAYMENT,2026-08-25 03:08:13
TX-9075,ORD-5075,CUSTOMER,CUST-0205,2449.37,INFLOW,ORDER_PAYMENT,2026-08-25 03:16:20
TX-9076,ORD-5076,CUSTOMER,CUST-0006,1090.0,INFLOW,ORDER_PAYMENT,2026-08-25 03:25:09
TX-9077,ORD-5077,CUSTOMER,CUST-0137,851.72,INFLOW,ORDER_PAYMENT,2026-08-25 03:33:25
TX-9078,ORD-5078,CUSTOMER,CUST-0018,2788.05,INFLOW,ORDER_PAYMENT,2026-08-25 03:41:30
TX-9079,ORD-5079,CUSTOMER,CUST-0245,3310.04,INFLOW,ORDER_PAYMENT,2026-08-25 03:50:08
TX-9080,ORD-5080,CUSTOMER,CUST-0228,2589.06,INFLOW,ORDER_PAYMENT,2026-08-25 03:58:23
TX-9081,ORD-5081,CUSTOMER,CUST-0176,1605.72,INFLOW,ORDER_PAYMENT,2026-08-25 04:07:02
TX-9082,ORD-5082,CUSTOMER,CUST-0320,3052.92,INFLOW,ORDER_PAYMENT,2026-08-25 04:15:29
TX-9083,ORD-5083,CUSTOMER,CUST-0349,2439.3,INFLOW,ORDER_PAYMENT,2026-08-25 04:23:50
TX-9084,ORD-5084,CUSTOMER,CUST-0056,2560.05,INFLOW,ORDER_PAYMENT,2026-08-25 04:32:07
TX-9085,ORD-5085,CUSTOMER,CUST-0256,3305.06,INFLOW,ORDER_PAYMENT,2026-08-25 04:40:36
TX-9086,ORD-5086,CUSTOMER,CUST-0097,670.05,INFLOW,ORDER_PAYMENT,2026-08-25 04:48:42
TX-9087,ORD-5087,CUSTOMER,CUST-0061,889.09,INFLOW,ORDER_PAYMENT,2026-08-25 04:57:17
TX-9088,ORD-5088,CUSTOMER,CUST-0476,1115.12,INFLOW,ORDER_PAYMENT,2026-08-25 05:05:40
TX-9089,ORD-5089,CUSTOMER,CUST-0236,3684.61,INFLOW,ORDER_PAYMENT,2026-08-25 05:14:02
TX-9090,ORD-5090,CUSTOMER,CUST-0264,3527.16,INFLOW,ORDER_PAYMENT,2026-08-25 05:22:31
TX-9091,ORD-5091,CUSTOMER,CUST-0492,3786.85,INFLOW,ORDER_PAYMENT,2026-08-25 05:30:38
TX-9092,ORD-5092,CUSTOMER,CUST-0485,2788.05,INFLOW,ORDER_PAYMENT,2026-08-25 05:39:06
TX-9093,ORD-5093,CUSTOMER,CUST-0224,829.04,INFLOW,ORDER_PAYMENT,2026-08-25 05:47:30
TX-9094,ORD-5094,CUSTOMER,CUST-0421,2560.05,INFLOW,ORDER_PAYMENT,2026-08-25 05:55:54
TX-9095,ORD-5095,CUSTOMER,CUST-0325,5288.26,INFLOW,ORDER_PAYMENT,2026-08-25 06:04:41
TX-9096,ORD-5096,CUSTOMER,CUST-0167,4424.97,INFLOW,ORDER_PAYMENT,2026-08-25 06:12:46
TX-9097,ORD-5097,CUSTOMER,CUST-0344,1229.97,INFLOW,ORDER_PAYMENT,2026-08-25 06:21:21
TX-9098,ORD-5098,CUSTOMER,CUST-0322,4336.35,INFLOW,ORDER_PAYMENT,2026-08-25 06:29:50
TX-9099,ORD-5099,CUSTOMER,CUST-0332,1904.59,INFLOW,ORDER_PAYMENT,2026-08-25 06:37:51
TX-9100,ORD-5100,CUSTOMER,CUST-0176,4074.31,INFLOW,ORDER_PAYMENT,2026-08-25 06:46:43
TX-9101,ORD-5101,CUSTOMER,CUST-0220,4294.61,INFLOW,ORDER_PAYMENT,2026-08-25 06:54:46
TX-9102,ORD-5102,CUSTOMER,CUST-0235,2449.37,INFLOW,ORDER_PAYMENT,2026-08-25 07:03:19
TX-9103,ORD-5103,CUSTOMER,CUST-0238,3684.61,INFLOW,ORDER_PAYMENT,2026-08-25 07:11:26
TX-9104,ORD-5104,CUSTOMER,CUST-0214,3063.16,INFLOW,ORDER_PAYMENT,2026-08-25 07:19:54
TX-9105,ORD-5105,CUSTOMER,CUST-0374,6607.42,INFLOW,ORDER_PAYMENT,2026-08-25 07:28:42
TX-9106,ORD-5106,CUSTOMER,CUST-0032,3314.53,INFLOW,ORDER_PAYMENT,2026-08-25 07:36:51
TX-9107,ORD-5107,CUSTOMER,CUST-0078,2462.84,INFLOW,ORDER_PAYMENT,2026-08-25 07:45:30
TX-9108,ORD-5108,CUSTOMER,CUST-0236,535.08,INFLOW,ORDER_PAYMENT,2026-08-25 07:53:40
TX-9109,ORD-5109,CUSTOMER,CUST-0446,829.04,INFLOW,ORDER_PAYMENT,2026-08-25 08:01:59
TX-9110,ORD-5110,CUSTOMER,CUST-0245,4905.66,INFLOW,ORDER_PAYMENT,2026-08-25 08:10:23
TX-9111,ORD-5111,CUSTOMER,CUST-0286,7444.7,INFLOW,ORDER_PAYMENT,2026-08-25 08:18:47
TX-9112,ORD-5112,CUSTOMER,CUST-0095,3621.3,INFLOW,ORDER_PAYMENT,2026-08-25 08:27:04
TX-9113,ORD-5113,CUSTOMER,CUST-0002,2065.51,INFLOW,ORDER_PAYMENT,2026-08-25 08:35:50
TX-9114,ORD-5114,CUSTOMER,CUST-0367,431.18,INFLOW,ORDER_PAYMENT,2026-08-25 08:44:01
TX-9115,ORD-5115,CUSTOMER,CUST-0159,1778.18,INFLOW,ORDER_PAYMENT,2026-08-25 08:52:33
TX-9116,ORD-5116,CUSTOMER,CUST-0229,7242.6,INFLOW,ORDER_PAYMENT,2026-08-25 09:00:51
TX-9117,ORD-5117,CUSTOMER,CUST-0209,557.56,INFLOW,ORDER_PAYMENT,2026-08-25 09:09:30
TX-9118,ORD-5118,CUSTOMER,CUST-0360,7311.34,INFLOW,ORDER_PAYMENT,2026-08-25 09:17:28
TX-9119,ORD-5119,CUSTOMER,CUST-0329,7635.02,INFLOW,ORDER_PAYMENT,2026-08-25 09:26:06
TX-9120,ORD-5120,CUSTOMER,CUST-0156,1125.08,INFLOW,ORDER_PAYMENT,2026-08-25 09:34:21
TX-9121,ORD-5121,CUSTOMER,CUST-0393,2483.23,INFLOW,ORDER_PAYMENT,2026-08-25 09:42:57
TX-9122,ORD-5122,CUSTOMER,CUST-0384,2065.51,INFLOW,ORDER_PAYMENT,2026-08-25 09:51:15
TX-9123,ORD-5123,CUSTOMER,CUST-0361,431.18,INFLOW,ORDER_PAYMENT,2026-08-25 09:59:29
TX-9124,ORD-5124,CUSTOMER,CUST-0405,1299.1,INFLOW,ORDER_PAYMENT,2026-08-25 10:07:50
TX-9125,ORD-5125,CUSTOMER,CUST-0462,3570.49,INFLOW,ORDER_PAYMENT,2026-08-25 10:16:29
TX-9126,ORD-5126,CUSTOMER,CUST-0278,3855.71,INFLOW,ORDER_PAYMENT,2026-08-25 10:24:42
TX-9127,ORD-5127,CUSTOMER,CUST-0426,4101.12,INFLOW,ORDER_PAYMENT,2026-08-25 10:33:00
TX-9128,ORD-5128,CUSTOMER,CUST-0016,3024.83,INFLOW,ORDER_PAYMENT,2026-08-25 10:41:26
TX-9129,ORD-5129,CUSTOMER,CUST-0434,8675.18,INFLOW,ORDER_PAYMENT,2026-08-25 10:50:08
TX-9130,ORD-5130,CUSTOMER,CUST-0325,3904.31,INFLOW,ORDER_PAYMENT,2026-08-25 10:58:25
TX-9131,ORD-5131,CUSTOMER,CUST-0248,818.39,INFLOW,ORDER_PAYMENT,2026-08-25 11:06:48
TX-9132,ORD-5132,CUSTOMER,CUST-0376,1348.16,INFLOW,ORDER_PAYMENT,2026-08-25 11:15:02
TX-9133,ORD-5133,CUSTOMER,CUST-0152,3305.06,INFLOW,ORDER_PAYMENT,2026-08-25 11:23:46
TX-9134,ORD-5134,CUSTOMER,CUST-0116,1862.43,INFLOW,ORDER_PAYMENT,2026-08-25 11:31:52
TX-9135,ORD-5135,CUSTOMER,CUST-0131,3849.68,INFLOW,ORDER_PAYMENT,2026-08-25 11:40:12
TX-9136,ORD-5136,CUSTOMER,CUST-0414,3246.81,INFLOW,ORDER_PAYMENT,2026-08-25 11:48:46
TX-9137,ORD-5137,CUSTOMER,CUST-0418,2419.53,INFLOW,ORDER_PAYMENT,2026-08-25 11:57:25
TX-9138,ORD-5138,CUSTOMER,CUST-0114,613.4,INFLOW,ORDER_PAYMENT,2026-08-25 12:05:24
TX-9139,ORD-5139,CUSTOMER,CUST-0460,1605.72,INFLOW,ORDER_PAYMENT,2026-08-25 12:13:54
TX-9140,ORD-5140,CUSTOMER,CUST-0094,1862.43,INFLOW,ORDER_PAYMENT,2026-08-25 12:22:24
TX-9141,ORD-5141,CUSTOMER,CUST-0254,1004.29,INFLOW,ORDER_PAYMENT,2026-08-25 12:31:03
TX-9142,ORD-5142,CUSTOMER,CUST-0279,2483.23,INFLOW,ORDER_PAYMENT,2026-08-25 12:38:59
TX-9143,ORD-5143,CUSTOMER,CUST-0397,3196.07,INFLOW,ORDER_PAYMENT,2026-08-25 12:47:51
TX-9144,ORD-5144,CUSTOMER,CUST-0178,1100.0,INFLOW,ORDER_PAYMENT,2026-08-25 12:56:12
TX-9145,ORD-5145,CUSTOMER,CUST-0379,3211.6,INFLOW,ORDER_PAYMENT,2026-08-25 13:04:22
TX-9146,ORD-5146,CUSTOMER,CUST-0026,670.05,INFLOW,ORDER_PAYMENT,2026-08-25 13:12:59
TX-9147,ORD-5147,CUSTOMER,CUST-0497,3590.3,INFLOW,ORDER_PAYMENT,2026-08-25 13:20:59
TX-9148,ORD-5148,CUSTOMER,CUST-0433,1434.09,INFLOW,ORDER_PAYMENT,2026-08-25 13:29:40
TX-9149,ORD-5149,CUSTOMER,CUST-0279,2446.64,INFLOW,ORDER_PAYMENT,2026-08-25 13:37:53
TX-9150,ORD-5150,CUSTOMER,CUST-0057,8148.62,INFLOW,ORDER_PAYMENT,2026-08-25 13:46:23
TX-9151,ORD-5151,CUSTOMER,CUST-0362,2250.16,INFLOW,ORDER_PAYMENT,2026-08-25 13:54:48
TX-9152,ORD-5152,CUSTOMER,CUST-0097,1544.47,INFLOW,ORDER_PAYMENT,2026-08-25 14:03:09
TX-9153,ORD-5153,CUSTOMER,CUST-0254,670.05,INFLOW,ORDER_PAYMENT,2026-08-25 14:11:32
TX-9154,ORD-5154,CUSTOMER,CUST-0036,6620.08,INFLOW,ORDER_PAYMENT,2026-08-25 14:19:52
TX-9155,ORD-5155,CUSTOMER,CUST-0404,2446.64,INFLOW,ORDER_PAYMENT,2026-08-25 14:28:22
TX-9156,ORD-5156,CUSTOMER,CUST-0421,2439.3,INFLOW,ORDER_PAYMENT,2026-08-25 14:37:01
TX-9157,ORD-5157,CUSTOMER,CUST-0189,2008.58,INFLOW,ORDER_PAYMENT,2026-08-25 14:45:16
TX-9158,ORD-5158,CUSTOMER,CUST-0369,2252.3,INFLOW,ORDER_PAYMENT,2026-08-25 14:53:23
TX-9159,ORD-5159,CUSTOMER,CUST-0287,358.12,INFLOW,ORDER_PAYMENT,2026-08-25 15:01:51
TX-9160,ORD-5160,CUSTOMER,CUST-0401,1948.31,INFLOW,ORDER_PAYMENT,2026-08-25 15:10:16
TX-9161,ORD-5161,CUSTOMER,CUST-0213,3305.06,INFLOW,ORDER_PAYMENT,2026-08-25 15:19:01
TX-9162,ORD-5162,CUSTOMER,CUST-0032,3297.77,INFLOW,ORDER_PAYMENT,2026-08-25 15:27:20
TX-9163,ORD-5163,CUSTOMER,CUST-0036,3527.16,INFLOW,ORDER_PAYMENT,2026-08-25 15:35:30
TX-9164,ORD-5164,CUSTOMER,CUST-0159,5288.26,INFLOW,ORDER_PAYMENT,2026-08-25 15:44:03
TX-9165,ORD-5165,CUSTOMER,CUST-0261,2439.3,INFLOW,ORDER_PAYMENT,2026-08-25 15:52:35
TX-9166,ORD-5166,CUSTOMER,CUST-0108,8148.62,INFLOW,ORDER_PAYMENT,2026-08-25 16:00:49
TX-9167,ORD-5167,CUSTOMER,CUST-0006,4448.99,INFLOW,ORDER_PAYMENT,2026-08-25 16:09:16
TX-9168,ORD-5168,CUSTOMER,CUST-0362,4390.3,INFLOW,ORDER_PAYMENT,2026-08-25 16:17:36
TX-9169,ORD-5169,CUSTOMER,CUST-0182,358.12,INFLOW,ORDER_PAYMENT,2026-08-25 16:25:55
TX-9170,ORD-5170,CUSTOMER,CUST-0057,8108.6,INFLOW,ORDER_PAYMENT,2026-08-25 16:34:30
TX-9171,ORD-5171,CUSTOMER,CUST-0090,2252.3,INFLOW,ORDER_PAYMENT,2026-08-25 16:42:46
TX-9172,ORD-5172,CUSTOMER,CUST-0243,3786.85,INFLOW,ORDER_PAYMENT,2026-08-25 16:51:19
TX-9173,ORD-5173,CUSTOMER,CUST-0140,4294.61,INFLOW,ORDER_PAYMENT,2026-08-25 16:59:23
TX-9174,ORD-5174,CUSTOMER,CUST-0165,674.08,INFLOW,ORDER_PAYMENT,2026-08-25 17:07:47
TX-9175,ORD-5175,CUSTOMER,CUST-0040,535.08,INFLOW,ORDER_PAYMENT,2026-08-25 17:16:35
TX-9176,ORD-5176,CUSTOMER,CUST-0205,1882.85,INFLOW,ORDER_PAYMENT,2026-08-25 17:24:59
TX-9177,ORD-5177,CUSTOMER,CUST-0092,1299.1,INFLOW,ORDER_PAYMENT,2026-08-25 17:33:03
TX-9178,ORD-5178,CUSTOMER,CUST-0025,263.42,INFLOW,ORDER_PAYMENT,2026-08-25 17:41:28
TX-9179,ORD-5179,CUSTOMER,CUST-0233,3817.51,INFLOW,ORDER_PAYMENT,2026-08-25 17:50:03
TX-9180,ORD-5180,CUSTOMER,CUST-0039,4272.95,INFLOW,ORDER_PAYMENT,2026-08-25 17:58:07
TX-9181,ORD-5181,CUSTOMER,CUST-0074,4424.97,INFLOW,ORDER_PAYMENT,2026-08-25 18:06:39
TX-9182,ORD-5182,CUSTOMER,CUST-0302,2589.06,INFLOW,ORDER_PAYMENT,2026-08-25 18:15:01
TX-9183,ORD-5183,CUSTOMER,CUST-0251,4226.7,INFLOW,ORDER_PAYMENT,2026-08-25 18:23:35
TX-9184,ORD-5184,CUSTOMER,CUST-0375,1100.0,INFLOW,ORDER_PAYMENT,2026-08-25 18:31:48
TX-9185,ORD-5185,CUSTOMER,CUST-0408,3569.25,INFLOW,ORDER_PAYMENT,2026-08-25 18:40:11
TX-9186,ORD-5186,CUSTOMER,CUST-0420,3570.49,INFLOW,ORDER_PAYMENT,2026-08-25 18:48:42
TX-9187,ORD-5187,CUSTOMER,CUST-0176,3412.17,INFLOW,ORDER_PAYMENT,2026-08-25 18:57:18
TX-9188,ORD-5188,CUSTOMER,CUST-0092,4076.43,INFLOW,ORDER_PAYMENT,2026-08-25 19:05:19
TX-9189,ORD-5189,CUSTOMER,CUST-0302,4839.06,INFLOW,ORDER_PAYMENT,2026-08-25 19:13:43
TX-9190,ORD-5190,CUSTOMER,CUST-0028,1004.29,INFLOW,ORDER_PAYMENT,2026-08-25 19:22:23
TX-9191,ORD-5191,CUSTOMER,CUST-0436,3897.52,INFLOW,ORDER_PAYMENT,2026-08-25 19:30:48
TX-9192,ORD-5192,CUSTOMER,CUST-0064,1992.9,INFLOW,ORDER_PAYMENT,2026-08-25 19:39:09
TX-9193,ORD-5193,CUSTOMER,CUST-0134,1100.0,INFLOW,ORDER_PAYMENT,2026-08-25 19:47:28
TX-9194,ORD-5194,CUSTOMER,CUST-0255,4076.43,INFLOW,ORDER_PAYMENT,2026-08-25 19:55:47
TX-9195,ORD-5195,CUSTOMER,CUST-0420,2788.05,INFLOW,ORDER_PAYMENT,2026-08-25 20:04:31
TX-9196,ORD-5196,CUSTOMER,CUST-0319,3211.6,INFLOW,ORDER_PAYMENT,2026-08-25 20:12:32
TX-9197,ORD-5197,CUSTOMER,CUST-0392,670.05,INFLOW,ORDER_PAYMENT,2026-08-25 20:21:22
TX-9198,ORD-5198,CUSTOMER,CUST-0057,2200.0,INFLOW,ORDER_PAYMENT,2026-08-25 20:29:47
TX-9199,ORD-5199,CUSTOMER,CUST-0359,1434.09,INFLOW,ORDER_PAYMENT,2026-08-25 20:38:05
TX-9200,ORD-5200,CUSTOMER,CUST-0378,4030.3,INFLOW,ORDER_PAYMENT,2026-08-25 20:46:18
TX-9201,ORD-5201,CUSTOMER,CUST-0018,3655.67,INFLOW,ORDER_PAYMENT,2026-08-25 20:54:47
TX-9202,ORD-5202,CUSTOMER,CUST-0203,7635.02,INFLOW,ORDER_PAYMENT,2026-08-25 21:03:05
TX-9203,ORD-5203,CUSTOMER,CUST-0278,4905.66,INFLOW,ORDER_PAYMENT,2026-08-25 21:11:36
TX-9204,ORD-5204,CUSTOMER,CUST-0461,2560.05,INFLOW,ORDER_PAYMENT,2026-08-25 21:19:50
TX-9205,ORD-5205,CUSTOMER,CUST-0359,3655.67,INFLOW,ORDER_PAYMENT,2026-08-25 21:28:17
TX-9206,ORD-5206,CUSTOMER,CUST-0231,1604.68,INFLOW,ORDER_PAYMENT,2026-08-25 21:36:50
TX-9207,ORD-5207,CUSTOMER,CUST-0314,291.34,INFLOW,ORDER_PAYMENT,2026-08-25 21:44:55
TX-9208,ORD-5208,CUSTOMER,CUST-0270,4054.3,INFLOW,ORDER_PAYMENT,2026-08-25 21:53:42
TX-9209,ORD-5209,CUSTOMER,CUST-0460,3209.36,INFLOW,ORDER_PAYMENT,2026-08-25 22:02:04
TX-9210,ORD-5210,CUSTOMER,CUST-0339,3063.16,INFLOW,ORDER_PAYMENT,2026-08-25 22:10:18
TX-9211,ORD-5211,CUSTOMER,CUST-0288,7180.6,INFLOW,ORDER_PAYMENT,2026-08-25 22:18:46
TX-9212,ORD-5212,CUSTOMER,CUST-0305,1100.0,INFLOW,ORDER_PAYMENT,2026-08-25 22:27:06
TX-9213,ORD-5213,CUSTOMER,CUST-0111,4101.12,INFLOW,ORDER_PAYMENT,2026-08-25 22:35:39
TX-9214,ORD-5214,CUSTOMER,CUST-0358,4101.12,INFLOW,ORDER_PAYMENT,2026-08-25 22:43:42
TX-9215,ORD-5215,CUSTOMER,CUST-0021,263.42,INFLOW,ORDER_PAYMENT,2026-08-25 22:52:22
TX-9216,ORD-5216,CUSTOMER,CUST-0333,3527.16,INFLOW,ORDER_PAYMENT,2026-08-25 23:00:45
TX-9217,ORD-5217,CUSTOMER,CUST-0113,3637.58,INFLOW,ORDER_PAYMENT,2026-08-25 23:09:07
TX-9218,ORD-5218,CUSTOMER,CUST-0057,535.08,INFLOW,ORDER_PAYMENT,2026-08-25 23:17:26
TX-9219,ORD-5219,CUSTOMER,CUST-0330,2560.05,INFLOW,ORDER_PAYMENT,2026-08-25 23:25:41
TX-9220,ORD-5220,CUSTOMER,CUST-0033,3904.05,INFLOW,ORDER_PAYMENT,2026-08-25 23:34:04
TX-9221,ORD-5221,CUSTOMER,CUST-0047,3482.21,INFLOW,ORDER_PAYMENT,2026-08-25 23:42:33
TX-9222,ORD-5222,CUSTOMER,CUST-0113,8545.9,INFLOW,ORDER_PAYMENT,2026-08-25 23:50:57
TX-9223,ORD-5223,CUSTOMER,CUST-0260,6595.54,INFLOW,ORDER_PAYMENT,2026-08-25 23:59:44
TX-9224,ORD-5224,CUSTOMER,CUST-0482,535.08,INFLOW,ORDER_PAYMENT,2026-08-26 00:08:04
TX-9225,ORD-5225,CUSTOMER,CUST-0096,2788.05,INFLOW,ORDER_PAYMENT,2026-08-26 00:16:08
TX-9226,ORD-5226,CUSTOMER,CUST-0026,1418.34,INFLOW,ORDER_PAYMENT,2026-08-26 00:24:48
TX-9227,ORD-5227,CUSTOMER,CUST-0388,3722.35,INFLOW,ORDER_PAYMENT,2026-08-26 00:33:12
TX-9228,ORD-5228,CUSTOMER,CUST-0296,3849.68,INFLOW,ORDER_PAYMENT,2026-08-26 00:41:22
TX-9229,ORD-5229,CUSTOMER,CUST-0110,1948.31,INFLOW,ORDER_PAYMENT,2026-08-26 00:50:05
TX-9230,ORD-5230,CUSTOMER,CUST-0210,1100.0,INFLOW,ORDER_PAYMENT,2026-08-26 00:58:09
TX-9231,ORD-5231,CUSTOMER,CUST-0268,1100.0,INFLOW,ORDER_PAYMENT,2026-08-26 01:06:44
TX-9232,ORD-5232,CUSTOMER,CUST-0270,306.7,INFLOW,ORDER_PAYMENT,2026-08-26 01:15:01
TX-9233,ORD-5233,CUSTOMER,CUST-0231,3554.02,INFLOW,ORDER_PAYMENT,2026-08-26 01:23:42
TX-9234,ORD-5234,CUSTOMER,CUST-0171,829.04,INFLOW,ORDER_PAYMENT,2026-08-26 01:32:01
TX-9235,ORD-5235,CUSTOMER,CUST-0270,4337.59,INFLOW,ORDER_PAYMENT,2026-08-26 01:40:11
TX-9236,ORD-5236,CUSTOMER,CUST-0468,4337.59,INFLOW,ORDER_PAYMENT,2026-08-26 01:48:34
TX-9237,ORD-5237,CUSTOMER,CUST-0491,3621.3,INFLOW,ORDER_PAYMENT,2026-08-26 01:56:52
TX-9238,ORD-5238,CUSTOMER,CUST-0334,3564.2,INFLOW,ORDER_PAYMENT,2026-08-26 02:05:24
TX-9239,ORD-5239,CUSTOMER,CUST-0452,4030.3,INFLOW,ORDER_PAYMENT,2026-08-26 02:13:43
TX-9240,ORD-5240,CUSTOMER,CUST-0029,1100.0,INFLOW,ORDER_PAYMENT,2026-08-26 02:22:10
TX-9241,ORD-5241,CUSTOMER,CUST-0269,3621.3,INFLOW,ORDER_PAYMENT,2026-08-26 02:30:56
TX-9242,ORD-5242,CUSTOMER,CUST-0360,674.08,INFLOW,ORDER_PAYMENT,2026-08-26 02:38:55
TX-9243,ORD-5243,CUSTOMER,CUST-0222,3817.51,INFLOW,ORDER_PAYMENT,2026-08-26 02:47:42
TX-9244,ORD-5244,CUSTOMER,CUST-0401,4337.59,INFLOW,ORDER_PAYMENT,2026-08-26 02:55:44
TX-9245,ORD-5245,CUSTOMER,CUST-0295,1100.0,INFLOW,ORDER_PAYMENT,2026-08-26 03:04:30
TX-9246,ORD-5246,CUSTOMER,CUST-0436,3904.05,INFLOW,ORDER_PAYMENT,2026-08-26 03:12:52
TX-9247,ORD-5247,CUSTOMER,CUST-0355,3063.16,INFLOW,ORDER_PAYMENT,2026-08-26 03:20:54
TX-9248,ORD-5248,CUSTOMER,CUST-0296,3722.35,INFLOW,ORDER_PAYMENT,2026-08-26 03:29:14
TX-9249,ORD-5249,CUSTOMER,CUST-0160,6126.32,INFLOW,ORDER_PAYMENT,2026-08-26 03:37:47
TX-9250,ORD-5250,CUSTOMER,CUST-0349,4390.3,INFLOW,ORDER_PAYMENT,2026-08-26 03:46:29
TX-9251,ORD-5251,CUSTOMER,CUST-0369,7242.6,INFLOW,ORDER_PAYMENT,2026-08-26 03:54:56
TX-9252,ORD-5252,CUSTOMER,CUST-0352,1434.09,INFLOW,ORDER_PAYMENT,2026-08-26 04:02:58
TX-9253,ORD-5253,CUSTOMER,CUST-0174,3482.21,INFLOW,ORDER_PAYMENT,2026-08-26 04:11:33
TX-9254,ORD-5254,CUSTOMER,CUST-0348,656.92,INFLOW,ORDER_PAYMENT,2026-08-26 04:19:59
TX-9255,ORD-5255,CUSTOMER,CUST-0312,414.04,INFLOW,ORDER_PAYMENT,2026-08-26 04:28:11
TX-9256,ORD-5256,CUSTOMER,CUST-0056,4294.61,INFLOW,ORDER_PAYMENT,2026-08-26 04:36:39
TX-9257,ORD-5257,CUSTOMER,CUST-0105,2788.05,INFLOW,ORDER_PAYMENT,2026-08-26 04:45:09
TX-9258,ORD-5258,CUSTOMER,CUST-0161,851.72,INFLOW,ORDER_PAYMENT,2026-08-26 04:53:38
TX-9259,ORD-5259,CUSTOMER,CUST-0069,4337.59,INFLOW,ORDER_PAYMENT,2026-08-26 05:01:37
TX-9260,ORD-5260,CUSTOMER,CUST-0295,3211.6,INFLOW,ORDER_PAYMENT,2026-08-26 05:10:07
TX-9261,ORD-5261,CUSTOMER,CUST-0324,4101.12,INFLOW,ORDER_PAYMENT,2026-08-26 05:18:55
TX-9262,ORD-5262,CUSTOMER,CUST-0272,3897.52,INFLOW,ORDER_PAYMENT,2026-08-26 05:27:17
TX-9263,ORD-5263,CUSTOMER,CUST-0483,3063.16,INFLOW,ORDER_PAYMENT,2026-08-26 05:35:24
TX-9264,ORD-5264,CUSTOMER,CUST-0131,2644.13,INFLOW,ORDER_PAYMENT,2026-08-26 05:43:58
TX-9265,ORD-5265,CUSTOMER,CUST-0118,4076.43,INFLOW,ORDER_PAYMENT,2026-08-26 05:52:15
TX-9266,ORD-5266,CUSTOMER,CUST-0363,4898.74,INFLOW,ORDER_PAYMENT,2026-08-26 06:00:43
TX-9267,ORD-5267,CUSTOMER,CUST-0384,557.56,INFLOW,ORDER_PAYMENT,2026-08-26 06:08:58
TX-9268,ORD-5268,CUSTOMER,CUST-0075,1992.9,INFLOW,ORDER_PAYMENT,2026-08-26 06:17:25
TX-9269,ORD-5269,CUSTOMER,CUST-0030,3412.17,INFLOW,ORDER_PAYMENT,2026-08-26 06:26:00
TX-9270,ORD-5270,CUSTOMER,CUST-0373,2252.3,INFLOW,ORDER_PAYMENT,2026-08-26 06:34:25
TX-9271,ORD-5271,CUSTOMER,CUST-0377,3655.67,INFLOW,ORDER_PAYMENT,2026-08-26 06:42:41
TX-9272,ORD-5272,CUSTOMER,CUST-0248,1299.1,INFLOW,ORDER_PAYMENT,2026-08-26 06:51:09
TX-9273,ORD-5273,CUSTOMER,CUST-0048,1100.0,INFLOW,ORDER_PAYMENT,2026-08-26 06:59:40
TX-9274,ORD-5274,CUSTOMER,CUST-0312,7138.5,INFLOW,ORDER_PAYMENT,2026-08-26 07:08:03
TX-9275,ORD-5275,CUSTOMER,CUST-0307,1100.0,INFLOW,ORDER_PAYMENT,2026-08-26 07:16:29
TX-9276,ORD-5276,CUSTOMER,CUST-0067,4424.97,INFLOW,ORDER_PAYMENT,2026-08-26 07:24:35
TX-9277,ORD-5277,CUSTOMER,CUST-0084,1125.08,INFLOW,ORDER_PAYMENT,2026-08-26 07:32:58
TX-9278,ORD-5278,CUSTOMER,CUST-0198,3052.92,INFLOW,ORDER_PAYMENT,2026-08-26 07:41:30
TX-9279,ORD-5279,CUSTOMER,CUST-0332,1004.29,INFLOW,ORDER_PAYMENT,2026-08-26 07:49:40
TX-9280,ORD-5280,CUSTOMER,CUST-0262,8187.86,INFLOW,ORDER_PAYMENT,2026-08-26 07:58:15
TX-9281,ORD-5281,CUSTOMER,CUST-0186,1904.59,INFLOW,ORDER_PAYMENT,2026-08-26 08:06:42
TX-9282,ORD-5282,CUSTOMER,CUST-0371,1992.9,INFLOW,ORDER_PAYMENT,2026-08-26 08:14:59
TX-9283,ORD-5283,CUSTOMER,CUST-0105,2644.13,INFLOW,ORDER_PAYMENT,2026-08-26 08:23:31
TX-9284,ORD-5284,CUSTOMER,CUST-0473,1090.0,INFLOW,ORDER_PAYMENT,2026-08-26 08:32:03
TX-9285,ORD-5285,CUSTOMER,CUST-0293,7108.04,INFLOW,ORDER_PAYMENT,2026-08-26 08:40:02
TX-9286,ORD-5286,CUSTOMER,CUST-0014,2788.05,INFLOW,ORDER_PAYMENT,2026-08-26 08:48:48
TX-9287,ORD-5287,CUSTOMER,CUST-0490,1862.43,INFLOW,ORDER_PAYMENT,2026-08-26 08:56:47
TX-9288,ORD-5288,CUSTOMER,CUST-0285,414.04,INFLOW,ORDER_PAYMENT,2026-08-26 09:05:18
TX-9289,ORD-5289,CUSTOMER,CUST-0191,2788.05,INFLOW,ORDER_PAYMENT,2026-08-26 09:13:36
TX-9290,ORD-5290,CUSTOMER,CUST-0154,3024.83,INFLOW,ORDER_PAYMENT,2026-08-26 09:22:23
TX-9291,ORD-5291,CUSTOMER,CUST-0476,818.39,INFLOW,ORDER_PAYMENT,2026-08-26 09:30:24
TX-9292,ORD-5292,CUSTOMER,CUST-0047,535.08,INFLOW,ORDER_PAYMENT,2026-08-26 09:38:59
TX-9293,ORD-5293,CUSTOMER,CUST-0027,258.84,INFLOW,ORDER_PAYMENT,2026-08-26 09:47:26
TX-9294,ORD-5294,CUSTOMER,CUST-0212,1299.1,INFLOW,ORDER_PAYMENT,2026-08-26 09:55:52
TX-9295,ORD-5295,CUSTOMER,CUST-0259,2788.05,INFLOW,ORDER_PAYMENT,2026-08-26 10:04:25
TX-9296,ORD-5296,CUSTOMER,CUST-0461,1732.3,INFLOW,ORDER_PAYMENT,2026-08-26 10:12:26
TX-9297,ORD-5297,CUSTOMER,CUST-0011,2598.2,INFLOW,ORDER_PAYMENT,2026-08-26 10:20:52
TX-9298,ORD-5298,CUSTOMER,CUST-0461,883.38,INFLOW,ORDER_PAYMENT,2026-08-26 10:29:35
TX-9299,ORD-5299,CUSTOMER,CUST-0244,2757.05,INFLOW,ORDER_PAYMENT,2026-08-26 10:37:34
TX-9300,ORD-5300,CUSTOMER,CUST-0025,1882.85,INFLOW,ORDER_PAYMENT,2026-08-26 10:46:20
TX-9301,ORD-5301,CUSTOMER,CUST-0087,2560.05,INFLOW,ORDER_PAYMENT,2026-08-26 10:54:37
TX-9302,ORD-5302,CUSTOMER,CUST-0367,3569.25,INFLOW,ORDER_PAYMENT,2026-08-26 11:03:14
TX-9303,ORD-5303,CUSTOMER,CUST-0333,1231.42,INFLOW,ORDER_PAYMENT,2026-08-26 11:11:15
TX-9304,ORD-5304,CUSTOMER,CUST-0203,4336.35,INFLOW,ORDER_PAYMENT,2026-08-26 11:19:58
TX-9305,ORD-5305,CUSTOMER,CUST-0116,3896.62,INFLOW,ORDER_PAYMENT,2026-08-26 11:28:10
TX-9306,ORD-5306,CUSTOMER,CUST-0131,818.39,INFLOW,ORDER_PAYMENT,2026-08-26 11:36:45
TX-9307,ORD-5307,CUSTOMER,CUST-0136,1076.17,INFLOW,ORDER_PAYMENT,2026-08-26 11:45:07
TX-9308,ORD-5308,CUSTOMER,CUST-0174,1125.08,INFLOW,ORDER_PAYMENT,2026-08-26 11:53:31
TX-9309,ORD-5309,CUSTOMER,CUST-0085,6595.54,INFLOW,ORDER_PAYMENT,2026-08-26 12:01:44
TX-9310,ORD-5310,CUSTOMER,CUST-0151,1604.68,INFLOW,ORDER_PAYMENT,2026-08-26 12:10:24
TX-9311,ORD-5311,CUSTOMER,CUST-0388,829.04,INFLOW,ORDER_PAYMENT,2026-08-26 12:18:50
TX-9312,ORD-5312,CUSTOMER,CUST-0416,3817.51,INFLOW,ORDER_PAYMENT,2026-08-26 12:26:56
TX-9313,ORD-5313,CUSTOMER,CUST-0055,7711.42,INFLOW,ORDER_PAYMENT,2026-08-26 12:35:11
TX-9314,ORD-5314,CUSTOMER,CUST-0117,3305.06,INFLOW,ORDER_PAYMENT,2026-08-26 12:43:44
TX-9315,ORD-5315,CUSTOMER,CUST-0302,3196.07,INFLOW,ORDER_PAYMENT,2026-08-26 12:52:03
TX-9316,ORD-5316,CUSTOMER,CUST-0440,3817.51,INFLOW,ORDER_PAYMENT,2026-08-26 13:00:49
TX-9317,ORD-5317,CUSTOMER,CUST-0431,3904.31,INFLOW,ORDER_PAYMENT,2026-08-26 13:08:59
TX-9318,ORD-5318,CUSTOMER,CUST-0369,1924.84,INFLOW,ORDER_PAYMENT,2026-08-26 13:17:26
TX-9319,ORD-5319,CUSTOMER,CUST-0435,4076.43,INFLOW,ORDER_PAYMENT,2026-08-26 13:25:44
TX-9320,ORD-5320,CUSTOMER,CUST-0385,2598.2,INFLOW,ORDER_PAYMENT,2026-08-26 13:33:56
TX-9321,ORD-5321,CUSTOMER,CUST-0400,3305.06,INFLOW,ORDER_PAYMENT,2026-08-26 13:42:42
TX-9322,ORD-5322,CUSTOMER,CUST-0227,1100.0,INFLOW,ORDER_PAYMENT,2026-08-26 13:50:51
TX-9323,ORD-5323,CUSTOMER,CUST-0008,826.99,INFLOW,ORDER_PAYMENT,2026-08-26 13:59:29
TX-9324,ORD-5324,CUSTOMER,CUST-0053,2757.05,INFLOW,ORDER_PAYMENT,2026-08-26 14:07:40
TX-9325,ORD-5325,CUSTOMER,CUST-0335,4030.3,INFLOW,ORDER_PAYMENT,2026-08-26 14:16:07
TX-9326,ORD-5326,CUSTOMER,CUST-0304,3527.16,INFLOW,ORDER_PAYMENT,2026-08-26 14:24:46
TX-9327,ORD-5327,CUSTOMER,CUST-0434,4878.6,INFLOW,ORDER_PAYMENT,2026-08-26 14:33:09
TX-9328,ORD-5328,CUSTOMER,CUST-0385,3412.17,INFLOW,ORDER_PAYMENT,2026-08-26 14:41:09
TX-9329,ORD-5329,CUSTOMER,CUST-0030,535.08,INFLOW,ORDER_PAYMENT,2026-08-26 14:49:43
TX-9330,ORD-5330,CUSTOMER,CUST-0120,3052.92,INFLOW,ORDER_PAYMENT,2026-08-26 14:58:02
TX-9331,ORD-5331,CUSTOMER,CUST-0330,883.38,INFLOW,ORDER_PAYMENT,2026-08-26 15:06:50
TX-9332,ORD-5332,CUSTOMER,CUST-0373,1076.17,INFLOW,ORDER_PAYMENT,2026-08-26 15:14:53
TX-9333,ORD-5333,CUSTOMER,CUST-0057,1605.72,INFLOW,ORDER_PAYMENT,2026-08-26 15:23:30
TX-9334,ORD-5334,CUSTOMER,CUST-0045,7444.7,INFLOW,ORDER_PAYMENT,2026-08-26 15:31:38
TX-9335,ORD-5335,CUSTOMER,CUST-0011,3855.71,INFLOW,ORDER_PAYMENT,2026-08-26 15:40:09
TX-9336,ORD-5336,CUSTOMER,CUST-0200,4448.99,INFLOW,ORDER_PAYMENT,2026-08-26 15:48:33
TX-9337,ORD-5337,CUSTOMER,CUST-0462,3904.31,INFLOW,ORDER_PAYMENT,2026-08-26 15:57:05
TX-9338,ORD-5338,CUSTOMER,CUST-0436,3904.05,INFLOW,ORDER_PAYMENT,2026-08-26 16:05:09
TX-9339,ORD-5339,CUSTOMER,CUST-0197,4030.3,INFLOW,ORDER_PAYMENT,2026-08-26 16:13:31
TX-9340,ORD-5340,CUSTOMER,CUST-0457,1229.97,INFLOW,ORDER_PAYMENT,2026-08-26 16:22:19
TX-9341,ORD-5341,CUSTOMER,CUST-0212,8453.4,INFLOW,ORDER_PAYMENT,2026-08-26 16:30:23
TX-9342,ORD-5342,CUSTOMER,CUST-0416,2008.58,INFLOW,ORDER_PAYMENT,2026-08-26 16:38:43
TX-9343,ORD-5343,CUSTOMER,CUST-0269,4294.61,INFLOW,ORDER_PAYMENT,2026-08-26 16:47:10
TX-9344,ORD-5344,CUSTOMER,CUST-0405,3904.31,INFLOW,ORDER_PAYMENT,2026-08-26 16:55:32
TX-9345,ORD-5345,CUSTOMER,CUST-0125,2065.51,INFLOW,ORDER_PAYMENT,2026-08-26 17:04:11
TX-9346,ORD-5346,CUSTOMER,CUST-0279,3554.02,INFLOW,ORDER_PAYMENT,2026-08-26 17:12:30
TX-9347,ORD-5347,CUSTOMER,CUST-0028,1231.42,INFLOW,ORDER_PAYMENT,2026-08-26 17:20:46
TX-9348,ORD-5348,CUSTOMER,CUST-0375,1992.9,INFLOW,ORDER_PAYMENT,2026-08-26 17:29:23
TX-9349,ORD-5349,CUSTOMER,CUST-0237,1100.0,INFLOW,ORDER_PAYMENT,2026-08-26 17:37:59
TX-9350,ORD-5350,CUSTOMER,CUST-0157,2483.23,INFLOW,ORDER_PAYMENT,2026-08-26 17:46:04
TX-9351,ORD-5351,CUSTOMER,CUST-0494,2483.23,INFLOW,ORDER_PAYMENT,2026-08-26 17:54:20
TX-9352,ORD-5352,CUSTOMER,CUST-0199,4093.93,INFLOW,ORDER_PAYMENT,2026-08-26 18:03:09
TX-9353,ORD-5353,CUSTOMER,CUST-0148,2452.83,INFLOW,ORDER_PAYMENT,2026-08-26 18:11:25
TX-9354,ORD-5354,CUSTOMER,CUST-0177,3786.85,INFLOW,ORDER_PAYMENT,2026-08-26 18:19:53
TX-9355,ORD-5355,CUSTOMER,CUST-0256,1605.72,INFLOW,ORDER_PAYMENT,2026-08-26 18:28:00
TX-9356,ORD-5356,CUSTOMER,CUST-0479,2200.0,INFLOW,ORDER_PAYMENT,2026-08-26 18:36:40
TX-9357,ORD-5357,CUSTOMER,CUST-0121,4336.35,INFLOW,ORDER_PAYMENT,2026-08-26 18:44:45
TX-9358,ORD-5358,CUSTOMER,CUST-0345,431.18,INFLOW,ORDER_PAYMENT,2026-08-26 18:53:26
TX-9359,ORD-5359,CUSTOMER,CUST-0324,431.18,INFLOW,ORDER_PAYMENT,2026-08-26 19:01:34
TX-9360,ORD-5360,CUSTOMER,CUST-0257,3310.04,INFLOW,ORDER_PAYMENT,2026-08-26 19:10:00
TX-9361,ORD-5361,CUSTOMER,CUST-0010,851.72,INFLOW,ORDER_PAYMENT,2026-08-26 19:18:35
TX-9362,ORD-5362,CUSTOMER,CUST-0291,2560.05,INFLOW,ORDER_PAYMENT,2026-08-26 19:27:05
TX-9363,ORD-5363,CUSTOMER,CUST-0100,3855.71,INFLOW,ORDER_PAYMENT,2026-08-26 19:35:13
TX-9364,ORD-5364,CUSTOMER,CUST-0143,2560.05,INFLOW,ORDER_PAYMENT,2026-08-26 19:43:29
TX-9365,ORD-5365,CUSTOMER,CUST-0449,3063.16,INFLOW,ORDER_PAYMENT,2026-08-26 19:52:20
TX-9366,ORD-5366,CUSTOMER,CUST-0297,3569.25,INFLOW,ORDER_PAYMENT,2026-08-26 20:00:21
TX-9367,ORD-5367,CUSTOMER,CUST-0144,263.42,INFLOW,ORDER_PAYMENT,2026-08-26 20:08:47
TX-9368,ORD-5368,CUSTOMER,CUST-0429,1605.72,INFLOW,ORDER_PAYMENT,2026-08-26 20:17:06
TX-9369,ORD-5369,CUSTOMER,CUST-0110,3303.71,INFLOW,ORDER_PAYMENT,2026-08-26 20:25:30
TX-9370,ORD-5370,CUSTOMER,CUST-0074,6493.62,INFLOW,ORDER_PAYMENT,2026-08-26 20:34:21
TX-9371,ORD-5371,CUSTOMER,CUST-0475,3211.6,INFLOW,ORDER_PAYMENT,2026-08-26 20:42:42
TX-9372,ORD-5372,CUSTOMER,CUST-0161,3904.31,INFLOW,ORDER_PAYMENT,2026-08-26 20:51:10
TX-9373,ORD-5373,CUSTOMER,CUST-0380,2419.53,INFLOW,ORDER_PAYMENT,2026-08-26 20:59:12
TX-9374,ORD-5374,CUSTOMER,CUST-0479,1992.9,INFLOW,ORDER_PAYMENT,2026-08-26 21:07:58
TX-9375,ORD-5375,CUSTOMER,CUST-0416,2644.13,INFLOW,ORDER_PAYMENT,2026-08-26 21:16:10
TX-9376,ORD-5376,CUSTOMER,CUST-0329,1992.9,INFLOW,ORDER_PAYMENT,2026-08-26 21:24:27
TX-9377,ORD-5377,CUSTOMER,CUST-0174,4839.06,INFLOW,ORDER_PAYMENT,2026-08-26 21:32:45
TX-9378,ORD-5378,CUSTOMER,CUST-0213,2449.37,INFLOW,ORDER_PAYMENT,2026-08-26 21:41:19
TX-9379,ORD-5379,CUSTOMER,CUST-0455,4294.61,INFLOW,ORDER_PAYMENT,2026-08-26 21:49:33
TX-9380,ORD-5380,CUSTOMER,CUST-0077,4448.99,INFLOW,ORDER_PAYMENT,2026-08-26 21:57:54
TX-9381,ORD-5381,CUSTOMER,CUST-0302,4424.97,INFLOW,ORDER_PAYMENT,2026-08-26 22:06:24
TX-9382,ORD-5382,CUSTOMER,CUST-0408,3297.77,INFLOW,ORDER_PAYMENT,2026-08-26 22:14:44
TX-9383,ORD-5383,CUSTOMER,CUST-0390,1076.17,INFLOW,ORDER_PAYMENT,2026-08-26 22:23:06
TX-9384,ORD-5384,CUSTOMER,CUST-0235,6629.06,INFLOW,ORDER_PAYMENT,2026-08-26 22:31:55
TX-9385,ORD-5385,CUSTOMER,CUST-0466,4074.31,INFLOW,ORDER_PAYMENT,2026-08-26 22:40:13
TX-9386,ORD-5386,CUSTOMER,CUST-0237,828.08,INFLOW,ORDER_PAYMENT,2026-08-26 22:48:29
TX-9387,ORD-5387,CUSTOMER,CUST-0436,4030.3,INFLOW,ORDER_PAYMENT,2026-08-26 22:56:56
TX-9388,ORD-5388,CUSTOMER,CUST-0388,1948.31,INFLOW,ORDER_PAYMENT,2026-08-26 23:05:24
TX-9389,ORD-5389,CUSTOMER,CUST-0093,2200.0,INFLOW,ORDER_PAYMENT,2026-08-26 23:13:29
TX-9390,ORD-5390,CUSTOMER,CUST-0361,4336.35,INFLOW,ORDER_PAYMENT,2026-08-26 23:21:53
TX-9391,ORD-5391,CUSTOMER,CUST-0116,8152.86,INFLOW,ORDER_PAYMENT,2026-08-26 23:30:39
TX-9392,ORD-5392,CUSTOMER,CUST-0041,3024.83,INFLOW,ORDER_PAYMENT,2026-08-26 23:38:40
TX-9393,ORD-5393,CUSTOMER,CUST-0139,670.05,INFLOW,ORDER_PAYMENT,2026-08-26 23:47:12
TX-9394,ORD-5394,CUSTOMER,CUST-0470,1904.59,INFLOW,ORDER_PAYMENT,2026-08-26 23:55:34
TX-9395,ORD-5395,CUSTOMER,CUST-0328,5178.12,INFLOW,ORDER_PAYMENT,2026-08-27 00:04:14
TX-9396,ORD-5396,CUSTOMER,CUST-0129,674.08,INFLOW,ORDER_PAYMENT,2026-08-27 00:12:22
TX-9397,ORD-5397,CUSTOMER,CUST-0140,6493.62,INFLOW,ORDER_PAYMENT,2026-08-27 00:21:08
TX-9398,ORD-5398,CUSTOMER,CUST-0274,3564.2,INFLOW,ORDER_PAYMENT,2026-08-27 00:29:26
TX-9399,ORD-5399,CUSTOMER,CUST-0087,1653.98,INFLOW,ORDER_PAYMENT,2026-08-27 00:37:56
TX-9400,ORD-5400,CUSTOMER,CUST-0305,263.42,INFLOW,ORDER_PAYMENT,2026-08-27 00:46:14
TX-9401,ORD-5401,CUSTOMER,CUST-0435,1231.42,INFLOW,ORDER_PAYMENT,2026-08-27 00:54:23
TX-9402,ORD-5402,CUSTOMER,CUST-0032,851.72,INFLOW,ORDER_PAYMENT,2026-08-27 01:02:40
TX-9403,ORD-5403,CUSTOMER,CUST-0146,1924.84,INFLOW,ORDER_PAYMENT,2026-08-27 01:11:16
TX-9404,ORD-5404,CUSTOMER,CUST-0036,1100.0,INFLOW,ORDER_PAYMENT,2026-08-27 01:19:54
TX-9405,ORD-5405,CUSTOMER,CUST-0157,3621.3,INFLOW,ORDER_PAYMENT,2026-08-27 01:28:16
TX-9406,ORD-5406,CUSTOMER,CUST-0474,4074.31,INFLOW,ORDER_PAYMENT,2026-08-27 01:36:18
TX-9407,ORD-5407,CUSTOMER,CUST-0056,291.34,INFLOW,ORDER_PAYMENT,2026-08-27 01:44:41
TX-9408,ORD-5408,CUSTOMER,CUST-0018,1100.0,INFLOW,ORDER_PAYMENT,2026-08-27 01:53:03
TX-9409,ORD-5409,CUSTOMER,CUST-0321,1076.17,INFLOW,ORDER_PAYMENT,2026-08-27 02:01:39
TX-9410,ORD-5410,CUSTOMER,CUST-0229,1524.23,INFLOW,ORDER_PAYMENT,2026-08-27 02:09:59
TX-9411,ORD-5411,CUSTOMER,CUST-0425,3196.07,INFLOW,ORDER_PAYMENT,2026-08-27 02:18:35
TX-9412,ORD-5412,CUSTOMER,CUST-0480,4076.43,INFLOW,ORDER_PAYMENT,2026-08-27 02:26:45
TX-9413,ORD-5413,CUSTOMER,CUST-0002,557.56,INFLOW,ORDER_PAYMENT,2026-08-27 02:35:14
TX-9414,ORD-5414,CUSTOMER,CUST-0209,3063.16,INFLOW,ORDER_PAYMENT,2026-08-27 02:43:34
TX-9415,ORD-5415,CUSTOMER,CUST-0262,1090.0,INFLOW,ORDER_PAYMENT,2026-08-27 02:52:14
TX-9416,ORD-5416,CUSTOMER,CUST-0303,1125.08,INFLOW,ORDER_PAYMENT,2026-08-27 03:00:40
TX-9417,ORD-5417,CUSTOMER,CUST-0290,7635.02,INFLOW,ORDER_PAYMENT,2026-08-27 03:08:59
TX-9418,ORD-5418,CUSTOMER,CUST-0198,2757.05,INFLOW,ORDER_PAYMENT,2026-08-27 03:17:03
TX-9419,ORD-5419,CUSTOMER,CUST-0262,3817.51,INFLOW,ORDER_PAYMENT,2026-08-27 03:25:32
TX-9420,ORD-5420,CUSTOMER,CUST-0247,4093.93,INFLOW,ORDER_PAYMENT,2026-08-27 03:33:54
TX-9421,ORD-5421,CUSTOMER,CUST-0043,291.34,INFLOW,ORDER_PAYMENT,2026-08-27 03:42:24
TX-9422,ORD-5422,CUSTOMER,CUST-0344,3655.67,INFLOW,ORDER_PAYMENT,2026-08-27 03:50:52
TX-9423,ORD-5423,CUSTOMER,CUST-0005,3482.21,INFLOW,ORDER_PAYMENT,2026-08-27 03:59:22
TX-9424,ORD-5424,CUSTOMER,CUST-0038,3209.36,INFLOW,ORDER_PAYMENT,2026-08-27 04:07:30
TX-9425,ORD-5425,CUSTOMER,CUST-0100,3684.61,INFLOW,ORDER_PAYMENT,2026-08-27 04:15:57
TX-9426,ORD-5426,CUSTOMER,CUST-0258,431.18,INFLOW,ORDER_PAYMENT,2026-08-27 04:24:40
TX-9427,ORD-5427,CUSTOMER,CUST-0384,2419.53,INFLOW,ORDER_PAYMENT,2026-08-27 04:32:51
TX-9428,ORD-5428,CUSTOMER,CUST-0090,1229.97,INFLOW,ORDER_PAYMENT,2026-08-27 04:41:08
TX-9429,ORD-5429,CUSTOMER,CUST-0145,1100.0,INFLOW,ORDER_PAYMENT,2026-08-27 04:49:24
TX-9430,ORD-5430,CUSTOMER,CUST-0119,557.56,INFLOW,ORDER_PAYMENT,2026-08-27 04:58:08
TX-9431,ORD-5431,CUSTOMER,CUST-0015,8060.6,INFLOW,ORDER_PAYMENT,2026-08-27 05:06:35
TX-9432,ORD-5432,CUSTOMER,CUST-0469,3297.77,INFLOW,ORDER_PAYMENT,2026-08-27 05:14:45
TX-9433,ORD-5433,CUSTOMER,CUST-0439,3482.21,INFLOW,ORDER_PAYMENT,2026-08-27 05:23:05
TX-9434,ORD-5434,CUSTOMER,CUST-0119,3684.61,INFLOW,ORDER_PAYMENT,2026-08-27 05:31:41
TX-9435,ORD-5435,CUSTOMER,CUST-0236,674.08,INFLOW,ORDER_PAYMENT,2026-08-27 05:40:05
TX-9436,ORD-5436,CUSTOMER,CUST-0352,3985.8,INFLOW,ORDER_PAYMENT,2026-08-27 05:48:13
TX-9437,ORD-5437,CUSTOMER,CUST-0423,1924.84,INFLOW,ORDER_PAYMENT,2026-08-27 05:56:51
TX-9438,ORD-5438,CUSTOMER,CUST-0339,3817.51,INFLOW,ORDER_PAYMENT,2026-08-27 06:05:10
TX-9439,ORD-5439,CUSTOMER,CUST-0464,1076.17,INFLOW,ORDER_PAYMENT,2026-08-27 06:13:44
TX-9440,ORD-5440,CUSTOMER,CUST-0448,3904.05,INFLOW,ORDER_PAYMENT,2026-08-27 06:21:47
TX-9441,ORD-5441,CUSTOMER,CUST-0015,8152.86,INFLOW,ORDER_PAYMENT,2026-08-27 06:30:15
TX-9442,ORD-5442,CUSTOMER,CUST-0037,6620.08,INFLOW,ORDER_PAYMENT,2026-08-27 06:38:36
TX-9443,ORD-5443,CUSTOMER,CUST-0382,1418.34,INFLOW,ORDER_PAYMENT,2026-08-27 06:47:03
TX-9444,ORD-5444,CUSTOMER,CUST-0499,4093.93,INFLOW,ORDER_PAYMENT,2026-08-27 06:55:29
TX-9445,ORD-5445,CUSTOMER,CUST-0071,557.56,INFLOW,ORDER_PAYMENT,2026-08-27 07:04:15
TX-9446,ORD-5446,CUSTOMER,CUST-0010,3412.17,INFLOW,ORDER_PAYMENT,2026-08-27 07:12:29
TX-9447,ORD-5447,CUSTOMER,CUST-0027,3303.71,INFLOW,ORDER_PAYMENT,2026-08-27 07:20:57
TX-9448,ORD-5448,CUSTOMER,CUST-0441,656.92,INFLOW,ORDER_PAYMENT,2026-08-27 07:29:13
TX-9449,ORD-5449,CUSTOMER,CUST-0322,258.84,INFLOW,ORDER_PAYMENT,2026-08-27 07:37:39
TX-9450,ORD-5450,CUSTOMER,CUST-0146,1544.47,INFLOW,ORDER_PAYMENT,2026-08-27 07:45:47
TX-9451,ORD-5451,CUSTOMER,CUST-0420,7635.02,INFLOW,ORDER_PAYMENT,2026-08-27 07:54:13
TX-9452,ORD-5452,CUSTOMER,CUST-0046,2483.23,INFLOW,ORDER_PAYMENT,2026-08-27 08:02:45
TX-9453,ORD-5453,CUSTOMER,CUST-0240,3564.2,INFLOW,ORDER_PAYMENT,2026-08-27 08:11:27
TX-9454,ORD-5454,CUSTOMER,CUST-0496,1100.0,INFLOW,ORDER_PAYMENT,2026-08-27 08:19:22
TX-9455,ORD-5455,CUSTOMER,CUST-0396,826.99,INFLOW,ORDER_PAYMENT,2026-08-27 08:28:02
TX-9456,ORD-5456,CUSTOMER,CUST-0146,3554.02,INFLOW,ORDER_PAYMENT,2026-08-27 08:36:20
TX-9457,ORD-5457,CUSTOMER,CUST-0251,2452.83,INFLOW,ORDER_PAYMENT,2026-08-27 08:44:36
TX-9458,ORD-5458,CUSTOMER,CUST-0122,3621.3,INFLOW,ORDER_PAYMENT,2026-08-27 08:53:27
TX-9459,ORD-5459,CUSTOMER,CUST-0472,1524.23,INFLOW,ORDER_PAYMENT,2026-08-27 09:01:42
TX-9460,ORD-5460,CUSTOMER,CUST-0064,4074.31,INFLOW,ORDER_PAYMENT,2026-08-27 09:10:12
TX-9461,ORD-5461,CUSTOMER,CUST-0248,4458.58,INFLOW,ORDER_PAYMENT,2026-08-27 09:18:25
TX-9462,ORD-5462,CUSTOMER,CUST-0044,3297.77,INFLOW,ORDER_PAYMENT,2026-08-27 09:26:43
TX-9463,ORD-5463,CUSTOMER,CUST-0197,414.04,INFLOW,ORDER_PAYMENT,2026-08-27 09:35:18
TX-9464,ORD-5464,CUSTOMER,CUST-0071,1004.29,INFLOW,ORDER_PAYMENT,2026-08-27 09:43:39
TX-9465,ORD-5465,CUSTOMER,CUST-0390,4272.95,INFLOW,ORDER_PAYMENT,2026-08-27 09:52:04
TX-9466,ORD-5466,CUSTOMER,CUST-0334,2560.05,INFLOW,ORDER_PAYMENT,2026-08-27 10:00:39
TX-9467,ORD-5467,CUSTOMER,CUST-0326,3765.7,INFLOW,ORDER_PAYMENT,2026-08-27 10:08:51
TX-9468,ORD-5468,CUSTOMER,CUST-0058,3737.74,INFLOW,ORDER_PAYMENT,2026-08-27 10:17:25
TX-9469,ORD-5469,CUSTOMER,CUST-0312,1299.1,INFLOW,ORDER_PAYMENT,2026-08-27 10:25:22
TX-9470,ORD-5470,CUSTOMER,CUST-0020,535.08,INFLOW,ORDER_PAYMENT,2026-08-27 10:34:05
TX-9471,ORD-5471,CUSTOMER,CUST-0465,3303.71,INFLOW,ORDER_PAYMENT,2026-08-27 10:42:14
TX-9472,ORD-5472,CUSTOMER,CUST-0150,1605.72,INFLOW,ORDER_PAYMENT,2026-08-27 10:51:01
TX-9473,ORD-5473,CUSTOMER,CUST-0199,6607.42,INFLOW,ORDER_PAYMENT,2026-08-27 10:58:57
TX-9474,ORD-5474,CUSTOMER,CUST-0262,3211.6,INFLOW,ORDER_PAYMENT,2026-08-27 11:07:40
TX-9475,ORD-5475,CUSTOMER,CUST-0118,1299.1,INFLOW,ORDER_PAYMENT,2026-08-27 11:16:00
TX-9476,ORD-5476,CUSTOMER,CUST-0088,3817.51,INFLOW,ORDER_PAYMENT,2026-08-27 11:24:39
TX-9477,ORD-5477,CUSTOMER,CUST-0280,5514.1,INFLOW,ORDER_PAYMENT,2026-08-27 11:32:51
TX-9478,ORD-5478,CUSTOMER,CUST-0330,3246.81,INFLOW,ORDER_PAYMENT,2026-08-27 11:41:14
TX-9479,ORD-5479,CUSTOMER,CUST-0213,3637.58,INFLOW,ORDER_PAYMENT,2026-08-27 11:49:21
TX-9480,ORD-5480,CUSTOMER,CUST-0445,2644.13,INFLOW,ORDER_PAYMENT,2026-08-27 11:57:56
TX-9481,ORD-5481,CUSTOMER,CUST-0440,431.18,INFLOW,ORDER_PAYMENT,2026-08-27 12:06:12
TX-9482,ORD-5482,CUSTOMER,CUST-0444,535.08,INFLOW,ORDER_PAYMENT,2026-08-27 12:14:49
TX-9483,ORD-5483,CUSTOMER,CUST-0133,3684.61,INFLOW,ORDER_PAYMENT,2026-08-27 12:22:56
TX-9484,ORD-5484,CUSTOMER,CUST-0020,3817.51,INFLOW,ORDER_PAYMENT,2026-08-27 12:31:32
TX-9485,ORD-5485,CUSTOMER,CUST-0287,4093.93,INFLOW,ORDER_PAYMENT,2026-08-27 12:40:09
TX-9486,ORD-5486,CUSTOMER,CUST-0464,670.05,INFLOW,ORDER_PAYMENT,2026-08-27 12:48:15
TX-9487,ORD-5487,CUSTOMER,CUST-0133,1125.08,INFLOW,ORDER_PAYMENT,2026-08-27 12:56:32
TX-9488,ORD-5488,CUSTOMER,CUST-0205,3904.31,INFLOW,ORDER_PAYMENT,2026-08-27 13:05:20
TX-9489,ORD-5489,CUSTOMER,CUST-0480,1100.0,INFLOW,ORDER_PAYMENT,2026-08-27 13:13:44
TX-9490,ORD-5490,CUSTOMER,CUST-0107,3904.05,INFLOW,ORDER_PAYMENT,2026-08-27 13:21:46
TX-9491,ORD-5491,CUSTOMER,CUST-0358,818.39,INFLOW,ORDER_PAYMENT,2026-08-27 13:30:27
TX-9492,ORD-5492,CUSTOMER,CUST-0038,3024.83,INFLOW,ORDER_PAYMENT,2026-08-27 13:38:41
TX-9493,ORD-5493,CUSTOMER,CUST-0064,2065.51,INFLOW,ORDER_PAYMENT,2026-08-27 13:47:24
TX-9494,ORD-5494,CUSTOMER,CUST-0158,1992.9,INFLOW,ORDER_PAYMENT,2026-08-27 13:55:32
TX-9495,ORD-5495,CUSTOMER,CUST-0125,6824.34,INFLOW,ORDER_PAYMENT,2026-08-27 14:04:11
TX-9496,ORD-5496,CUSTOMER,CUST-0264,1004.29,INFLOW,ORDER_PAYMENT,2026-08-27 14:12:09
TX-9497,ORD-5497,CUSTOMER,CUST-0150,1904.59,INFLOW,ORDER_PAYMENT,2026-08-27 14:20:59
TX-9498,ORD-5498,CUSTOMER,CUST-0295,3786.85,INFLOW,ORDER_PAYMENT,2026-08-27 14:29:09
TX-9499,ORD-5499,CUSTOMER,CUST-0239,1076.17,INFLOW,ORDER_PAYMENT,2026-08-27 14:37:29
TX-9500,ORD-5500,CUSTOMER,CUST-0073,3684.61,INFLOW,ORDER_PAYMENT,2026-08-27 14:46:05
TX-9501,ORD-5501,CUSTOMER,CUST-0145,4294.61,INFLOW,ORDER_PAYMENT,2026-08-27 14:54:20
TX-9502,ORD-5502,CUSTOMER,CUST-0090,414.04,INFLOW,ORDER_PAYMENT,2026-08-27 15:02:42
TX-9503,ORD-5503,CUSTOMER,CUST-0079,1299.1,INFLOW,ORDER_PAYMENT,2026-08-27 15:11:14
TX-9504,ORD-5504,CUSTOMER,CUST-0163,1605.72,INFLOW,ORDER_PAYMENT,2026-08-27 15:19:44
TX-9505,ORD-5505,CUSTOMER,CUST-0063,4337.59,INFLOW,ORDER_PAYMENT,2026-08-27 15:28:06
TX-9506,ORD-5506,CUSTOMER,CUST-0236,3303.71,INFLOW,ORDER_PAYMENT,2026-08-27 15:36:15
TX-9507,ORD-5507,CUSTOMER,CUST-0073,4272.95,INFLOW,ORDER_PAYMENT,2026-08-27 15:44:59
TX-9508,ORD-5508,CUSTOMER,CUST-0185,2452.83,INFLOW,ORDER_PAYMENT,2026-08-27 15:53:18
TX-9509,ORD-5509,CUSTOMER,CUST-0299,1924.84,INFLOW,ORDER_PAYMENT,2026-08-27 16:01:48
TX-9510,ORD-5510,CUSTOMER,CUST-0169,3052.92,INFLOW,ORDER_PAYMENT,2026-08-27 16:09:56
TX-9511,ORD-5511,CUSTOMER,CUST-0043,6126.32,INFLOW,ORDER_PAYMENT,2026-08-27 16:18:27
TX-9512,ORD-5512,CUSTOMER,CUST-0423,851.72,INFLOW,ORDER_PAYMENT,2026-08-27 16:26:45
TX-9513,ORD-5513,CUSTOMER,CUST-0448,1604.68,INFLOW,ORDER_PAYMENT,2026-08-27 16:35:14
TX-9514,ORD-5514,CUSTOMER,CUST-0309,4074.31,INFLOW,ORDER_PAYMENT,2026-08-27 16:43:29
TX-9515,ORD-5515,CUSTOMER,CUST-0061,1862.43,INFLOW,ORDER_PAYMENT,2026-08-27 16:52:12
TX-9516,ORD-5516,CUSTOMER,CUST-0344,8108.6,INFLOW,ORDER_PAYMENT,2026-08-27 17:00:12
TX-9517,ORD-5517,CUSTOMER,CUST-0091,557.56,INFLOW,ORDER_PAYMENT,2026-08-27 17:08:47
TX-9518,ORD-5518,CUSTOMER,CUST-0327,8202.24,INFLOW,ORDER_PAYMENT,2026-08-27 17:17:16
TX-9519,ORD-5519,CUSTOMER,CUST-0230,3722.35,INFLOW,ORDER_PAYMENT,2026-08-27 17:25:42
TX-9520,ORD-5520,CUSTOMER,CUST-0036,2065.51,INFLOW,ORDER_PAYMENT,2026-08-27 17:33:58
TX-9521,ORD-5521,CUSTOMER,CUST-0455,1604.68,INFLOW,ORDER_PAYMENT,2026-08-27 17:42:29
TX-9522,ORD-5522,CUSTOMER,CUST-0055,4101.12,INFLOW,ORDER_PAYMENT,2026-08-27 17:50:36
TX-9523,ORD-5523,CUSTOMER,CUST-0018,291.34,INFLOW,ORDER_PAYMENT,2026-08-27 17:59:13
TX-9524,ORD-5524,CUSTOMER,CUST-0343,3564.2,INFLOW,ORDER_PAYMENT,2026-08-27 18:07:21
TX-9525,ORD-5525,CUSTOMER,CUST-0310,358.12,INFLOW,ORDER_PAYMENT,2026-08-27 18:15:47
TX-9526,ORD-5526,CUSTOMER,CUST-0059,1924.84,INFLOW,ORDER_PAYMENT,2026-08-27 18:24:28
TX-9527,ORD-5527,CUSTOMER,CUST-0213,1904.59,INFLOW,ORDER_PAYMENT,2026-08-27 18:32:51
TX-9528,ORD-5528,CUSTOMER,CUST-0491,1100.0,INFLOW,ORDER_PAYMENT,2026-08-27 18:41:20
TX-9529,ORD-5529,CUSTOMER,CUST-0174,1004.29,INFLOW,ORDER_PAYMENT,2026-08-27 18:49:21
TX-9530,ORD-5530,CUSTOMER,CUST-0147,1100.0,INFLOW,ORDER_PAYMENT,2026-08-27 18:57:58
TX-9531,ORD-5531,CUSTOMER,CUST-0219,1100.0,INFLOW,ORDER_PAYMENT,2026-08-27 19:06:16
TX-9532,ORD-5532,CUSTOMER,CUST-0492,656.92,INFLOW,ORDER_PAYMENT,2026-08-27 19:14:40
TX-9533,ORD-5533,CUSTOMER,CUST-0313,818.39,INFLOW,ORDER_PAYMENT,2026-08-27 19:22:52
TX-9534,ORD-5534,CUSTOMER,CUST-0020,1090.0,INFLOW,ORDER_PAYMENT,2026-08-27 19:31:17
TX-9535,ORD-5535,CUSTOMER,CUST-0052,4257.97,INFLOW,ORDER_PAYMENT,2026-08-27 19:39:44
TX-9536,ORD-5536,CUSTOMER,CUST-0027,3590.3,INFLOW,ORDER_PAYMENT,2026-08-27 19:48:25
TX-9537,ORD-5537,CUSTOMER,CUST-0425,306.7,INFLOW,ORDER_PAYMENT,2026-08-27 19:56:44
TX-9538,ORD-5538,CUSTOMER,CUST-0369,1605.72,INFLOW,ORDER_PAYMENT,2026-08-27 20:04:53
TX-9539,ORD-5539,CUSTOMER,CUST-0201,1090.0,INFLOW,ORDER_PAYMENT,2026-08-27 20:13:41
TX-9540,ORD-5540,CUSTOMER,CUST-0193,3637.58,INFLOW,ORDER_PAYMENT,2026-08-27 20:22:05
TX-9541,ORD-5541,CUSTOMER,CUST-0115,5576.1,INFLOW,ORDER_PAYMENT,2026-08-27 20:30:24
TX-9542,ORD-5542,CUSTOMER,CUST-0389,1768.39,INFLOW,ORDER_PAYMENT,2026-08-27 20:38:54
TX-9543,ORD-5543,CUSTOMER,CUST-0258,3305.06,INFLOW,ORDER_PAYMENT,2026-08-27 20:47:05
TX-9544,ORD-5544,CUSTOMER,CUST-0435,3211.6,INFLOW,ORDER_PAYMENT,2026-08-27 20:55:44
TX-9545,ORD-5545,CUSTOMER,CUST-0054,3196.07,INFLOW,ORDER_PAYMENT,2026-08-27 21:03:50
TX-9546,ORD-5546,CUSTOMER,CUST-0399,3904.05,INFLOW,ORDER_PAYMENT,2026-08-27 21:12:07
TX-9547,ORD-5547,CUSTOMER,CUST-0222,1076.17,INFLOW,ORDER_PAYMENT,2026-08-27 21:20:51
TX-9548,ORD-5548,CUSTOMER,CUST-0062,1605.72,INFLOW,ORDER_PAYMENT,2026-08-27 21:28:57
TX-9549,ORD-5549,CUSTOMER,CUST-0313,3412.17,INFLOW,ORDER_PAYMENT,2026-08-27 21:37:20
TX-9550,ORD-5550,CUSTOMER,CUST-0183,291.34,INFLOW,ORDER_PAYMENT,2026-08-27 21:46:05
TX-9551,ORD-5551,CUSTOMER,CUST-0474,4054.3,INFLOW,ORDER_PAYMENT,2026-08-27 21:54:04
TX-9552,ORD-5552,CUSTOMER,CUST-0017,4093.93,INFLOW,ORDER_PAYMENT,2026-08-27 22:02:49
TX-9553,ORD-5553,CUSTOMER,CUST-0353,2560.05,INFLOW,ORDER_PAYMENT,2026-08-27 22:11:15
TX-9554,ORD-5554,CUSTOMER,CUST-0068,1434.09,INFLOW,ORDER_PAYMENT,2026-08-27 22:19:38
TX-9555,ORD-5555,CUSTOMER,CUST-0209,1524.23,INFLOW,ORDER_PAYMENT,2026-08-27 22:27:52
TX-9556,ORD-5556,CUSTOMER,CUST-0085,2483.23,INFLOW,ORDER_PAYMENT,2026-08-27 22:36:20
TX-9557,ORD-5557,CUSTOMER,CUST-0227,826.99,INFLOW,ORDER_PAYMENT,2026-08-27 22:44:43
TX-9558,ORD-5558,CUSTOMER,CUST-0105,4093.93,INFLOW,ORDER_PAYMENT,2026-08-27 22:53:03
TX-9559,ORD-5559,CUSTOMER,CUST-0227,3024.83,INFLOW,ORDER_PAYMENT,2026-08-27 23:01:21
TX-9560,ORD-5560,CUSTOMER,CUST-0464,1524.23,INFLOW,ORDER_PAYMENT,2026-08-27 23:10:04
TX-9561,ORD-5561,CUSTOMER,CUST-0266,8675.18,INFLOW,ORDER_PAYMENT,2026-08-27 23:18:15
TX-9562,ORD-5562,CUSTOMER,CUST-0158,2757.05,INFLOW,ORDER_PAYMENT,2026-08-27 23:26:34
TX-9563,ORD-5563,CUSTOMER,CUST-0133,2065.51,INFLOW,ORDER_PAYMENT,2026-08-27 23:35:11
TX-9564,ORD-5564,CUSTOMER,CUST-0332,2065.51,INFLOW,ORDER_PAYMENT,2026-08-27 23:43:44
TX-9565,ORD-5565,CUSTOMER,CUST-0336,4966.46,INFLOW,ORDER_PAYMENT,2026-08-27 23:51:40
TX-9566,ORD-5566,CUSTOMER,CUST-0424,258.84,INFLOW,ORDER_PAYMENT,2026-08-28 00:00:15
TX-9567,ORD-5567,CUSTOMER,CUST-0381,3655.67,INFLOW,ORDER_PAYMENT,2026-08-28 00:08:43
TX-9568,ORD-5568,CUSTOMER,CUST-0074,3211.44,INFLOW,ORDER_PAYMENT,2026-08-28 00:16:50
TX-9569,ORD-5569,CUSTOMER,CUST-0422,3904.31,INFLOW,ORDER_PAYMENT,2026-08-28 00:25:31
TX-9570,ORD-5570,CUSTOMER,CUST-0089,7635.02,INFLOW,ORDER_PAYMENT,2026-08-28 00:33:43
TX-9571,ORD-5571,CUSTOMER,CUST-0475,3246.81,INFLOW,ORDER_PAYMENT,2026-08-28 00:42:18
TX-9572,ORD-5572,CUSTOMER,CUST-0347,5514.1,INFLOW,ORDER_PAYMENT,2026-08-28 00:50:44
TX-9573,ORD-5573,CUSTOMER,CUST-0478,851.72,INFLOW,ORDER_PAYMENT,2026-08-28 00:59:07
TX-9574,ORD-5574,CUSTOMER,CUST-0016,1768.39,INFLOW,ORDER_PAYMENT,2026-08-28 01:07:16
TX-9575,ORD-5575,CUSTOMER,CUST-0368,3196.07,INFLOW,ORDER_PAYMENT,2026-08-28 01:15:47
TX-9576,ORD-5576,CUSTOMER,CUST-0013,2644.13,INFLOW,ORDER_PAYMENT,2026-08-28 01:24:22
TX-9577,ORD-5577,CUSTOMER,CUST-0473,1340.1,INFLOW,ORDER_PAYMENT,2026-08-28 01:32:27
TX-9578,ORD-5578,CUSTOMER,CUST-0317,2419.53,INFLOW,ORDER_PAYMENT,2026-08-28 01:41:09
TX-9579,ORD-5579,CUSTOMER,CUST-0370,1100.0,INFLOW,ORDER_PAYMENT,2026-08-28 01:49:13
TX-9580,ORD-5580,CUSTOMER,CUST-0496,656.92,INFLOW,ORDER_PAYMENT,2026-08-28 01:57:41
TX-9581,ORD-5581,CUSTOMER,CUST-0228,1418.34,INFLOW,ORDER_PAYMENT,2026-08-28 02:06:16
TX-9582,ORD-5582,CUSTOMER,CUST-0100,526.84,INFLOW,ORDER_PAYMENT,2026-08-28 02:14:46
TX-9583,ORD-5583,CUSTOMER,CUST-0043,1924.84,INFLOW,ORDER_PAYMENT,2026-08-28 02:22:57
TX-9584,ORD-5584,CUSTOMER,CUST-0190,4337.59,INFLOW,ORDER_PAYMENT,2026-08-28 02:31:31
TX-9585,ORD-5585,CUSTOMER,CUST-0430,1231.42,INFLOW,ORDER_PAYMENT,2026-08-28 02:39:48
TX-9586,ORD-5586,CUSTOMER,CUST-0196,517.68,INFLOW,ORDER_PAYMENT,2026-08-28 02:48:29
TX-9587,ORD-5587,CUSTOMER,CUST-0089,3211.6,INFLOW,ORDER_PAYMENT,2026-08-28 02:56:43
TX-9588,ORD-5588,CUSTOMER,CUST-0425,8187.86,INFLOW,ORDER_PAYMENT,2026-08-28 03:05:03
TX-9589,ORD-5589,CUSTOMER,CUST-0382,1100.0,INFLOW,ORDER_PAYMENT,2026-08-28 03:13:15
TX-9590,ORD-5590,CUSTOMER,CUST-0107,4076.43,INFLOW,ORDER_PAYMENT,2026-08-28 03:21:57
TX-9591,ORD-5591,CUSTOMER,CUST-0216,431.18,INFLOW,ORDER_PAYMENT,2026-08-28 03:30:09
TX-9592,ORD-5592,CUSTOMER,CUST-0141,3554.02,INFLOW,ORDER_PAYMENT,2026-08-28 03:38:34
TX-9593,ORD-5593,CUSTOMER,CUST-0130,4337.59,INFLOW,ORDER_PAYMENT,2026-08-28 03:47:08
TX-9594,ORD-5594,CUSTOMER,CUST-0338,8108.6,INFLOW,ORDER_PAYMENT,2026-08-28 03:55:38
TX-9595,ORD-5595,CUSTOMER,CUST-0333,4272.95,INFLOW,ORDER_PAYMENT,2026-08-28 04:03:41
TX-9596,ORD-5596,CUSTOMER,CUST-0156,4294.61,INFLOW,ORDER_PAYMENT,2026-08-28 04:12:24
TX-9597,ORD-5597,CUSTOMER,CUST-0137,1418.34,INFLOW,ORDER_PAYMENT,2026-08-28 04:20:32
TX-9598,ORD-5598,CUSTOMER,CUST-0239,1418.34,INFLOW,ORDER_PAYMENT,2026-08-28 04:28:58
TX-9599,ORD-5599,CUSTOMER,CUST-0062,3527.16,INFLOW,ORDER_PAYMENT,2026-08-28 04:37:39
TX-9600,ORD-5600,CUSTOMER,CUST-0448,3482.21,INFLOW,ORDER_PAYMENT,2026-08-28 04:45:47
TX-9601,ORD-5601,CUSTOMER,CUST-0033,2065.51,INFLOW,ORDER_PAYMENT,2026-08-28 04:54:21
TX-9602,ORD-5602,CUSTOMER,CUST-0005,1100.0,INFLOW,ORDER_PAYMENT,2026-08-28 05:02:39
TX-9603,ORD-5603,CUSTOMER,CUST-0154,4030.3,INFLOW,ORDER_PAYMENT,2026-08-28 05:10:55
TX-9604,ORD-5604,CUSTOMER,CUST-0417,883.38,INFLOW,ORDER_PAYMENT,2026-08-28 05:19:15
TX-9605,ORD-5605,CUSTOMER,CUST-0497,851.72,INFLOW,ORDER_PAYMENT,2026-08-28 05:28:02
TX-9606,ORD-5606,CUSTOMER,CUST-0449,2788.05,INFLOW,ORDER_PAYMENT,2026-08-28 05:36:25
TX-9607,ORD-5607,CUSTOMER,CUST-0321,2446.64,INFLOW,ORDER_PAYMENT,2026-08-28 05:44:33
TX-9608,ORD-5608,CUSTOMER,CUST-0444,3904.05,INFLOW,ORDER_PAYMENT,2026-08-28 05:53:15
TX-9609,ORD-5609,CUSTOMER,CUST-0311,1100.0,INFLOW,ORDER_PAYMENT,2026-08-28 06:01:18
TX-9610,ORD-5610,CUSTOMER,CUST-0444,3637.58,INFLOW,ORDER_PAYMENT,2026-08-28 06:09:49
TX-9611,ORD-5611,CUSTOMER,CUST-0161,3904.31,INFLOW,ORDER_PAYMENT,2026-08-28 06:18:15
TX-9612,ORD-5612,CUSTOMER,CUST-0383,3684.61,INFLOW,ORDER_PAYMENT,2026-08-28 06:26:26
TX-9613,ORD-5613,CUSTOMER,CUST-0481,4458.58,INFLOW,ORDER_PAYMENT,2026-08-28 06:34:48
TX-9614,ORD-5614,CUSTOMER,CUST-0354,2419.53,INFLOW,ORDER_PAYMENT,2026-08-28 06:43:18
TX-9615,ORD-5615,CUSTOMER,CUST-0417,306.7,INFLOW,ORDER_PAYMENT,2026-08-28 06:52:01
TX-9616,ORD-5616,CUSTOMER,CUST-0162,1732.3,INFLOW,ORDER_PAYMENT,2026-08-28 07:00:24
TX-9617,ORD-5617,CUSTOMER,CUST-0255,8108.6,INFLOW,ORDER_PAYMENT,2026-08-28 07:08:27
TX-9618,ORD-5618,CUSTOMER,CUST-0337,4076.43,INFLOW,ORDER_PAYMENT,2026-08-28 07:17:12
TX-9619,ORD-5619,CUSTOMER,CUST-0095,1100.0,INFLOW,ORDER_PAYMENT,2026-08-28 07:25:29
TX-9620,ORD-5620,CUSTOMER,CUST-0060,3246.81,INFLOW,ORDER_PAYMENT,2026-08-28 07:33:35
TX-9621,ORD-5621,CUSTOMER,CUST-0455,3196.07,INFLOW,ORDER_PAYMENT,2026-08-28 07:41:58
TX-9622,ORD-5622,CUSTOMER,CUST-0170,263.42,INFLOW,ORDER_PAYMENT,2026-08-28 07:50:39
TX-9623,ORD-5623,CUSTOMER,CUST-0479,2439.3,INFLOW,ORDER_PAYMENT,2026-08-28 07:59:10
TX-9624,ORD-5624,CUSTOMER,CUST-0233,3024.83,INFLOW,ORDER_PAYMENT,2026-08-28 08:07:33
TX-9625,ORD-5625,CUSTOMER,CUST-0383,4226.7,INFLOW,ORDER_PAYMENT,2026-08-28 08:15:36
TX-9626,ORD-5626,CUSTOMER,CUST-0191,1732.3,INFLOW,ORDER_PAYMENT,2026-08-28 08:24:08
TX-9627,ORD-5627,CUSTOMER,CUST-0480,6620.08,INFLOW,ORDER_PAYMENT,2026-08-28 08:32:46
TX-9628,ORD-5628,CUSTOMER,CUST-0231,535.08,INFLOW,ORDER_PAYMENT,2026-08-28 08:40:51
TX-9629,ORD-5629,CUSTOMER,CUST-0043,1732.3,INFLOW,ORDER_PAYMENT,2026-08-28 08:49:27
TX-9630,ORD-5630,CUSTOMER,CUST-0205,3303.71,INFLOW,ORDER_PAYMENT,2026-08-28 08:58:02
TX-9631,ORD-5631,CUSTOMER,CUST-0130,3196.07,INFLOW,ORDER_PAYMENT,2026-08-28 09:06:12
TX-9632,ORD-5632,CUSTOMER,CUST-0469,3637.58,INFLOW,ORDER_PAYMENT,2026-08-28 09:14:50
TX-9633,ORD-5633,CUSTOMER,CUST-0473,1090.0,INFLOW,ORDER_PAYMENT,2026-08-28 09:22:52
TX-9634,ORD-5634,CUSTOMER,CUST-0100,851.72,INFLOW,ORDER_PAYMENT,2026-08-28 09:31:14
TX-9635,ORD-5635,CUSTOMER,CUST-0053,3817.51,INFLOW,ORDER_PAYMENT,2026-08-28 09:39:44
TX-9636,ORD-5636,CUSTOMER,CUST-0320,1100.0,INFLOW,ORDER_PAYMENT,2026-08-28 09:48:16
TX-9637,ORD-5637,CUSTOMER,CUST-0257,3024.83,INFLOW,ORDER_PAYMENT,2026-08-28 09:56:46
TX-9638,ORD-5638,CUSTOMER,CUST-0003,1882.85,INFLOW,ORDER_PAYMENT,2026-08-28 10:05:12
TX-9639,ORD-5639,CUSTOMER,CUST-0483,414.04,INFLOW,ORDER_PAYMENT,2026-08-28 10:13:35
TX-9640,ORD-5640,CUSTOMER,CUST-0136,3655.67,INFLOW,ORDER_PAYMENT,2026-08-28 10:21:54
TX-9641,ORD-5641,CUSTOMER,CUST-0308,4336.35,INFLOW,ORDER_PAYMENT,2026-08-28 10:30:11
TX-9642,ORD-5642,CUSTOMER,CUST-0429,3786.85,INFLOW,ORDER_PAYMENT,2026-08-28 10:38:37
TX-9643,ORD-5643,CUSTOMER,CUST-0235,3786.85,INFLOW,ORDER_PAYMENT,2026-08-28 10:47:01
TX-9644,ORD-5644,CUSTOMER,CUST-0426,7711.42,INFLOW,ORDER_PAYMENT,2026-08-28 10:55:10
TX-9645,ORD-5645,CUSTOMER,CUST-0207,826.99,INFLOW,ORDER_PAYMENT,2026-08-28 11:03:37
TX-9646,ORD-5646,CUSTOMER,CUST-0493,889.09,INFLOW,ORDER_PAYMENT,2026-08-28 11:12:06
TX-9647,ORD-5647,CUSTOMER,CUST-0029,3412.17,INFLOW,ORDER_PAYMENT,2026-08-28 11:20:39
TX-9648,ORD-5648,CUSTOMER,CUST-0275,3482.21,INFLOW,ORDER_PAYMENT,2026-08-28 11:28:50
TX-9649,ORD-5649,CUSTOMER,CUST-0053,1904.59,INFLOW,ORDER_PAYMENT,2026-08-28 11:37:22
TX-9650,ORD-5650,CUSTOMER,CUST-0280,4424.97,INFLOW,ORDER_PAYMENT,2026-08-28 11:45:54
TX-9651,ORD-5651,CUSTOMER,CUST-0330,4101.12,INFLOW,ORDER_PAYMENT,2026-08-28 11:54:23
TX-9652,ORD-5652,CUSTOMER,CUST-0231,2200.0,INFLOW,ORDER_PAYMENT,2026-08-28 12:02:30
TX-9653,ORD-5653,CUSTOMER,CUST-0239,3637.58,INFLOW,ORDER_PAYMENT,2026-08-28 12:10:48
TX-9654,ORD-5654,CUSTOMER,CUST-0213,2757.05,INFLOW,ORDER_PAYMENT,2026-08-28 12:19:34
TX-9655,ORD-5655,CUSTOMER,CUST-0446,3570.49,INFLOW,ORDER_PAYMENT,2026-08-28 12:27:36
TX-9656,ORD-5656,CUSTOMER,CUST-0011,4337.59,INFLOW,ORDER_PAYMENT,2026-08-28 12:36:09
TX-9657,ORD-5657,CUSTOMER,CUST-0397,431.18,INFLOW,ORDER_PAYMENT,2026-08-28 12:44:19
TX-9658,ORD-5658,CUSTOMER,CUST-0193,2757.05,INFLOW,ORDER_PAYMENT,2026-08-28 12:53:08
TX-9659,ORD-5659,CUSTOMER,CUST-0060,3303.71,INFLOW,ORDER_PAYMENT,2026-08-28 13:01:17
TX-9660,ORD-5660,CUSTOMER,CUST-0213,263.42,INFLOW,ORDER_PAYMENT,2026-08-28 13:09:44
TX-9661,ORD-5661,CUSTOMER,CUST-0404,3590.3,INFLOW,ORDER_PAYMENT,2026-08-28 13:18:17
TX-9662,ORD-5662,CUSTOMER,CUST-0135,656.92,INFLOW,ORDER_PAYMENT,2026-08-28 13:26:38
TX-9663,ORD-5663,CUSTOMER,CUST-0469,3737.74,INFLOW,ORDER_PAYMENT,2026-08-28 13:35:13
TX-9664,ORD-5664,CUSTOMER,CUST-0068,3246.81,INFLOW,ORDER_PAYMENT,2026-08-28 13:43:25
TX-9665,ORD-5665,CUSTOMER,CUST-0406,3786.85,INFLOW,ORDER_PAYMENT,2026-08-28 13:51:49
TX-9666,ORD-5666,CUSTOMER,CUST-0280,2452.83,INFLOW,ORDER_PAYMENT,2026-08-28 14:00:23
TX-9667,ORD-5667,CUSTOMER,CUST-0244,3482.21,INFLOW,ORDER_PAYMENT,2026-08-28 14:08:21
TX-9668,ORD-5668,CUSTOMER,CUST-0278,7140.98,INFLOW,ORDER_PAYMENT,2026-08-28 14:16:48
TX-9669,ORD-5669,CUSTOMER,CUST-0266,4448.99,INFLOW,ORDER_PAYMENT,2026-08-28 14:25:06
TX-9670,ORD-5670,CUSTOMER,CUST-0135,1544.47,INFLOW,ORDER_PAYMENT,2026-08-28 14:33:51
TX-9671,ORD-5671,CUSTOMER,CUST-0060,3621.3,INFLOW,ORDER_PAYMENT,2026-08-28 14:42:23
TX-9672,ORD-5672,CUSTOMER,CUST-0407,3024.83,INFLOW,ORDER_PAYMENT,2026-08-28 14:50:40
TX-9673,ORD-5673,CUSTOMER,CUST-0297,1090.0,INFLOW,ORDER_PAYMENT,2026-08-28 14:58:44
TX-9674,ORD-5674,CUSTOMER,CUST-0167,1229.97,INFLOW,ORDER_PAYMENT,2026-08-28 15:07:30
TX-9675,ORD-5675,CUSTOMER,CUST-0011,3310.04,INFLOW,ORDER_PAYMENT,2026-08-28 15:15:49
TX-9676,ORD-5676,CUSTOMER,CUST-0045,1768.39,INFLOW,ORDER_PAYMENT,2026-08-28 15:24:22
TX-9677,ORD-5677,CUSTOMER,CUST-0071,6964.42,INFLOW,ORDER_PAYMENT,2026-08-28 15:32:32
TX-9678,ORD-5678,CUSTOMER,CUST-0289,818.39,INFLOW,ORDER_PAYMENT,2026-08-28 15:40:45
TX-9679,ORD-5679,CUSTOMER,CUST-0358,4093.93,INFLOW,ORDER_PAYMENT,2026-08-28 15:49:36
TX-9680,ORD-5680,CUSTOMER,CUST-0374,263.42,INFLOW,ORDER_PAYMENT,2026-08-28 15:57:32
TX-9681,ORD-5681,CUSTOMER,CUST-0154,1418.34,INFLOW,ORDER_PAYMENT,2026-08-28 16:06:13
TX-9682,ORD-5682,CUSTOMER,CUST-0493,3722.35,INFLOW,ORDER_PAYMENT,2026-08-28 16:14:38
TX-9683,ORD-5683,CUSTOMER,CUST-0497,1100.0,INFLOW,ORDER_PAYMENT,2026-08-28 16:22:42
TX-9684,ORD-5684,CUSTOMER,CUST-0468,8148.62,INFLOW,ORDER_PAYMENT,2026-08-28 16:31:24
TX-9685,ORD-5685,CUSTOMER,CUST-0255,1768.39,INFLOW,ORDER_PAYMENT,2026-08-28 16:39:56
TX-9686,ORD-5686,CUSTOMER,CUST-0133,3786.85,INFLOW,ORDER_PAYMENT,2026-08-28 16:48:13
TX-9687,ORD-5687,CUSTOMER,CUST-0461,3897.52,INFLOW,ORDER_PAYMENT,2026-08-28 16:56:40
TX-9688,ORD-5688,CUSTOMER,CUST-0108,883.38,INFLOW,ORDER_PAYMENT,2026-08-28 17:05:04
TX-9689,ORD-5689,CUSTOMER,CUST-0011,6620.08,INFLOW,ORDER_PAYMENT,2026-08-28 17:13:26
TX-9690,ORD-5690,CUSTOMER,CUST-0020,4448.99,INFLOW,ORDER_PAYMENT,2026-08-28 17:21:52
TX-9691,ORD-5691,CUSTOMER,CUST-0283,3314.53,INFLOW,ORDER_PAYMENT,2026-08-28 17:30:12
TX-9692,ORD-5692,CUSTOMER,CUST-0449,3655.67,INFLOW,ORDER_PAYMENT,2026-08-28 17:38:39
TX-9693,ORD-5693,CUSTOMER,CUST-0110,3570.49,INFLOW,ORDER_PAYMENT,2026-08-28 17:46:44
TX-9694,ORD-5694,CUSTOMER,CUST-0018,2419.53,INFLOW,ORDER_PAYMENT,2026-08-28 17:55:04
TX-9695,ORD-5695,CUSTOMER,CUST-0046,4448.99,INFLOW,ORDER_PAYMENT,2026-08-28 18:03:47
TX-9696,ORD-5696,CUSTOMER,CUST-0099,1992.9,INFLOW,ORDER_PAYMENT,2026-08-28 18:11:58
TX-9697,ORD-5697,CUSTOMER,CUST-0320,1434.09,INFLOW,ORDER_PAYMENT,2026-08-28 18:20:46
TX-9698,ORD-5698,CUSTOMER,CUST-0332,517.68,INFLOW,ORDER_PAYMENT,2026-08-28 18:29:06
TX-9699,ORD-5699,CUSTOMER,CUST-0211,6595.54,INFLOW,ORDER_PAYMENT,2026-08-28 18:37:31
TX-9700,ORD-5700,CUSTOMER,CUST-0293,4093.93,INFLOW,ORDER_PAYMENT,2026-08-28 18:45:53
TX-9701,ORD-5701,CUSTOMER,CUST-0171,3786.85,INFLOW,ORDER_PAYMENT,2026-08-28 18:53:56
TX-9702,ORD-5702,CUSTOMER,CUST-0336,4226.7,INFLOW,ORDER_PAYMENT,2026-08-28 19:02:45
TX-9703,ORD-5703,CUSTOMER,CUST-0128,4101.12,INFLOW,ORDER_PAYMENT,2026-08-28 19:10:41
TX-9704,ORD-5704,CUSTOMER,CUST-0262,2252.3,INFLOW,ORDER_PAYMENT,2026-08-28 19:19:29
TX-9705,ORD-5705,CUSTOMER,CUST-0212,3855.71,INFLOW,ORDER_PAYMENT,2026-08-28 19:27:55
TX-9706,ORD-5706,CUSTOMER,CUST-0140,4074.31,INFLOW,ORDER_PAYMENT,2026-08-28 19:36:20
TX-9707,ORD-5707,CUSTOMER,CUST-0481,2252.3,INFLOW,ORDER_PAYMENT,2026-08-28 19:44:29
TX-9708,ORD-5708,CUSTOMER,CUST-0320,889.09,INFLOW,ORDER_PAYMENT,2026-08-28 19:53:05
TX-9709,ORD-5709,CUSTOMER,CUST-0367,1992.9,INFLOW,ORDER_PAYMENT,2026-08-28 20:01:18
TX-9710,ORD-5710,CUSTOMER,CUST-0026,517.68,INFLOW,ORDER_PAYMENT,2026-08-28 20:09:41
TX-9711,ORD-5711,CUSTOMER,CUST-0020,1229.97,INFLOW,ORDER_PAYMENT,2026-08-28 20:17:57
TX-9712,ORD-5712,CUSTOMER,CUST-0210,3303.71,INFLOW,ORDER_PAYMENT,2026-08-28 20:26:36
TX-9713,ORD-5713,CUSTOMER,CUST-0026,4294.61,INFLOW,ORDER_PAYMENT,2026-08-28 20:34:43
TX-9714,ORD-5714,CUSTOMER,CUST-0051,3024.83,INFLOW,ORDER_PAYMENT,2026-08-28 20:43:15
TX-9715,ORD-5715,CUSTOMER,CUST-0306,1100.0,INFLOW,ORDER_PAYMENT,2026-08-28 20:51:32
TX-9716,ORD-5716,CUSTOMER,CUST-0099,3536.78,INFLOW,ORDER_PAYMENT,2026-08-28 20:59:58
TX-9717,ORD-5717,CUSTOMER,CUST-0111,7711.42,INFLOW,ORDER_PAYMENT,2026-08-28 21:08:19
TX-9718,ORD-5718,CUSTOMER,CUST-0442,1948.31,INFLOW,ORDER_PAYMENT,2026-08-28 21:16:47
TX-9719,ORD-5719,CUSTOMER,CUST-0489,7444.7,INFLOW,ORDER_PAYMENT,2026-08-28 21:25:23
TX-9720,ORD-5720,CUSTOMER,CUST-0108,3464.6,INFLOW,ORDER_PAYMENT,2026-08-28 21:33:34
TX-9721,ORD-5721,CUSTOMER,CUST-0002,1115.12,INFLOW,ORDER_PAYMENT,2026-08-28 21:42:10
TX-9722,ORD-5722,CUSTOMER,CUST-0342,829.04,INFLOW,ORDER_PAYMENT,2026-08-28 21:50:14
TX-9723,ORD-5723,CUSTOMER,CUST-0086,1125.08,INFLOW,ORDER_PAYMENT,2026-08-28 21:58:48
TX-9724,ORD-5724,CUSTOMER,CUST-0417,1100.0,INFLOW,ORDER_PAYMENT,2026-08-28 22:07:23
TX-9725,ORD-5725,CUSTOMER,CUST-0408,3896.62,INFLOW,ORDER_PAYMENT,2026-08-28 22:15:40
TX-9726,ORD-5726,CUSTOMER,CUST-0440,8202.24,INFLOW,ORDER_PAYMENT,2026-08-28 22:24:05
TX-9727,ORD-5727,CUSTOMER,CUST-0004,3052.92,INFLOW,ORDER_PAYMENT,2026-08-28 22:32:34
TX-9728,ORD-5728,CUSTOMER,CUST-0155,3737.74,INFLOW,ORDER_PAYMENT,2026-08-28 22:40:48
TX-9729,ORD-5729,CUSTOMER,CUST-0367,2483.23,INFLOW,ORDER_PAYMENT,2026-08-28 22:49:24
TX-9730,ORD-5730,CUSTOMER,CUST-0110,1948.31,INFLOW,ORDER_PAYMENT,2026-08-28 22:57:49
TX-9731,ORD-5731,CUSTOMER,CUST-0340,2419.53,INFLOW,ORDER_PAYMENT,2026-08-28 23:05:50
TX-9732,ORD-5732,CUSTOMER,CUST-0397,8453.4,INFLOW,ORDER_PAYMENT,2026-08-28 23:14:27
TX-9733,ORD-5733,CUSTOMER,CUST-0086,6126.32,INFLOW,ORDER_PAYMENT,2026-08-28 23:23:04
TX-9734,ORD-5734,CUSTOMER,CUST-0245,2200.0,INFLOW,ORDER_PAYMENT,2026-08-28 23:31:08
TX-9735,ORD-5735,CUSTOMER,CUST-0075,3554.02,INFLOW,ORDER_PAYMENT,2026-08-28 23:39:37
TX-9736,ORD-5736,CUSTOMER,CUST-0306,818.39,INFLOW,ORDER_PAYMENT,2026-08-28 23:48:09
TX-9737,ORD-5737,CUSTOMER,CUST-0189,431.18,INFLOW,ORDER_PAYMENT,2026-08-28 23:56:20
TX-9738,ORD-5738,CUSTOMER,CUST-0228,3897.52,INFLOW,ORDER_PAYMENT,2026-08-29 00:05:05
TX-9739,ORD-5739,CUSTOMER,CUST-0067,3737.74,INFLOW,ORDER_PAYMENT,2026-08-29 00:13:17
TX-9740,ORD-5740,CUSTOMER,CUST-0420,1100.0,INFLOW,ORDER_PAYMENT,2026-08-29 00:21:27
TX-9741,ORD-5741,CUSTOMER,CUST-0304,2452.83,INFLOW,ORDER_PAYMENT,2026-08-29 00:29:57
TX-9742,ORD-5742,CUSTOMER,CUST-0326,1100.0,INFLOW,ORDER_PAYMENT,2026-08-29 00:38:32
TX-9743,ORD-5743,CUSTOMER,CUST-0495,4076.43,INFLOW,ORDER_PAYMENT,2026-08-29 00:46:40
TX-9744,ORD-5744,CUSTOMER,CUST-0122,2598.2,INFLOW,ORDER_PAYMENT,2026-08-29 00:55:21
TX-9745,ORD-5745,CUSTOMER,CUST-0091,1992.9,INFLOW,ORDER_PAYMENT,2026-08-29 01:03:51
TX-9746,ORD-5746,CUSTOMER,CUST-0448,1229.97,INFLOW,ORDER_PAYMENT,2026-08-29 01:11:54
TX-9747,ORD-5747,CUSTOMER,CUST-0447,1904.59,INFLOW,ORDER_PAYMENT,2026-08-29 01:20:31
TX-9748,ORD-5748,CUSTOMER,CUST-0453,3570.49,INFLOW,ORDER_PAYMENT,2026-08-29 01:28:56
TX-9749,ORD-5749,CUSTOMER,CUST-0201,4101.12,INFLOW,ORDER_PAYMENT,2026-08-29 01:37:19
TX-9750,ORD-5750,CUSTOMER,CUST-0300,4390.3,INFLOW,ORDER_PAYMENT,2026-08-29 01:45:34
TX-9751,ORD-5751,CUSTOMER,CUST-0321,1100.0,INFLOW,ORDER_PAYMENT,2026-08-29 01:53:50
TX-9752,ORD-5752,CUSTOMER,CUST-0452,3569.25,INFLOW,ORDER_PAYMENT,2026-08-29 02:02:14
TX-9753,ORD-5753,CUSTOMER,CUST-0240,1434.09,INFLOW,ORDER_PAYMENT,2026-08-29 02:10:57
TX-9754,ORD-5754,CUSTOMER,CUST-0124,4272.95,INFLOW,ORDER_PAYMENT,2026-08-29 02:19:15
TX-9755,ORD-5755,CUSTOMER,CUST-0197,8108.6,INFLOW,ORDER_PAYMENT,2026-08-29 02:27:33
TX-9756,ORD-5756,CUSTOMER,CUST-0494,1299.1,INFLOW,ORDER_PAYMENT,2026-08-29 02:35:48
TX-9757,ORD-5757,CUSTOMER,CUST-0286,1434.09,INFLOW,ORDER_PAYMENT,2026-08-29 02:44:24
TX-9758,ORD-5758,CUSTOMER,CUST-0059,1231.42,INFLOW,ORDER_PAYMENT,2026-08-29 02:52:37
TX-9759,ORD-5759,CUSTOMER,CUST-0284,1778.18,INFLOW,ORDER_PAYMENT,2026-08-29 03:01:08
TX-9760,ORD-5760,CUSTOMER,CUST-0495,7180.6,INFLOW,ORDER_PAYMENT,2026-08-29 03:09:32
TX-9761,ORD-5761,CUSTOMER,CUST-0105,8917.16,INFLOW,ORDER_PAYMENT,2026-08-29 03:18:16
TX-9762,ORD-5762,CUSTOMER,CUST-0428,3569.25,INFLOW,ORDER_PAYMENT,2026-08-29 03:26:38
TX-9763,ORD-5763,CUSTOMER,CUST-0171,4226.7,INFLOW,ORDER_PAYMENT,2026-08-29 03:34:43
TX-9764,ORD-5764,CUSTOMER,CUST-0065,3904.31,INFLOW,ORDER_PAYMENT,2026-08-29 03:43:11
TX-9765,ORD-5765,CUSTOMER,CUST-0428,4390.3,INFLOW,ORDER_PAYMENT,2026-08-29 03:51:43
TX-9766,ORD-5766,CUSTOMER,CUST-0128,4226.7,INFLOW,ORDER_PAYMENT,2026-08-29 03:59:58
TX-9767,ORD-5767,CUSTOMER,CUST-0176,1100.0,INFLOW,ORDER_PAYMENT,2026-08-29 04:08:19
TX-9768,ORD-5768,CUSTOMER,CUST-0048,258.84,INFLOW,ORDER_PAYMENT,2026-08-29 04:16:47
TX-9769,ORD-5769,CUSTOMER,CUST-0206,1924.84,INFLOW,ORDER_PAYMENT,2026-08-29 04:25:09
TX-9770,ORD-5770,CUSTOMER,CUST-0428,3737.74,INFLOW,ORDER_PAYMENT,2026-08-29 04:33:40
TX-9771,ORD-5771,CUSTOMER,CUST-0065,2788.05,INFLOW,ORDER_PAYMENT,2026-08-29 04:41:56
TX-9772,ORD-5772,CUSTOMER,CUST-0186,1766.76,INFLOW,ORDER_PAYMENT,2026-08-29 04:50:24
TX-9773,ORD-5773,CUSTOMER,CUST-0416,2788.05,INFLOW,ORDER_PAYMENT,2026-08-29 04:58:59
TX-9774,ORD-5774,CUSTOMER,CUST-0031,716.24,INFLOW,ORDER_PAYMENT,2026-08-29 05:07:24
TX-9775,ORD-5775,CUSTOMER,CUST-0373,1100.0,INFLOW,ORDER_PAYMENT,2026-08-29 05:15:24
TX-9776,ORD-5776,CUSTOMER,CUST-0073,1434.09,INFLOW,ORDER_PAYMENT,2026-08-29 05:24:07
TX-9777,ORD-5777,CUSTOMER,CUST-0088,3904.31,INFLOW,ORDER_PAYMENT,2026-08-29 05:32:18
TX-9778,ORD-5778,CUSTOMER,CUST-0145,4337.59,INFLOW,ORDER_PAYMENT,2026-08-29 05:40:42
TX-9779,ORD-5779,CUSTOMER,CUST-0476,2757.05,INFLOW,ORDER_PAYMENT,2026-08-29 05:49:24
TX-9780,ORD-5780,CUSTOMER,CUST-0356,7140.98,INFLOW,ORDER_PAYMENT,2026-08-29 05:57:33
TX-9781,ORD-5781,CUSTOMER,CUST-0189,557.56,INFLOW,ORDER_PAYMENT,2026-08-29 06:06:16
TX-9782,ORD-5782,CUSTOMER,CUST-0349,3314.53,INFLOW,ORDER_PAYMENT,2026-08-29 06:14:38
TX-9783,ORD-5783,CUSTOMER,CUST-0203,3482.21,INFLOW,ORDER_PAYMENT,2026-08-29 06:22:39
TX-9784,ORD-5784,CUSTOMER,CUST-0123,3310.04,INFLOW,ORDER_PAYMENT,2026-08-29 06:31:15
TX-9785,ORD-5785,CUSTOMER,CUST-0019,6493.62,INFLOW,ORDER_PAYMENT,2026-08-29 06:39:47
TX-9786,ORD-5786,CUSTOMER,CUST-0008,4101.12,INFLOW,ORDER_PAYMENT,2026-08-29 06:47:57
TX-9787,ORD-5787,CUSTOMER,CUST-0124,414.04,INFLOW,ORDER_PAYMENT,2026-08-29 06:56:37
TX-9788,ORD-5788,CUSTOMER,CUST-0321,4337.59,INFLOW,ORDER_PAYMENT,2026-08-29 07:05:01
TX-9789,ORD-5789,CUSTOMER,CUST-0077,3314.53,INFLOW,ORDER_PAYMENT,2026-08-29 07:13:17
TX-9790,ORD-5790,CUSTOMER,CUST-0308,3817.51,INFLOW,ORDER_PAYMENT,2026-08-29 07:21:25
TX-9791,ORD-5791,CUSTOMER,CUST-0470,3211.6,INFLOW,ORDER_PAYMENT,2026-08-29 07:29:54
TX-9792,ORD-5792,CUSTOMER,CUST-0324,4101.12,INFLOW,ORDER_PAYMENT,2026-08-29 07:38:20
TX-9793,ORD-5793,CUSTOMER,CUST-0219,2462.84,INFLOW,ORDER_PAYMENT,2026-08-29 07:46:53
TX-9794,ORD-5794,CUSTOMER,CUST-0109,3211.6,INFLOW,ORDER_PAYMENT,2026-08-29 07:54:57
TX-9795,ORD-5795,CUSTOMER,CUST-0440,3722.35,INFLOW,ORDER_PAYMENT,2026-08-29 08:03:23
TX-9796,ORD-5796,CUSTOMER,CUST-0487,1299.1,INFLOW,ORDER_PAYMENT,2026-08-29 08:11:52
TX-9797,ORD-5797,CUSTOMER,CUST-0445,414.04,INFLOW,ORDER_PAYMENT,2026-08-29 08:20:29
TX-9798,ORD-5798,CUSTOMER,CUST-0282,431.18,INFLOW,ORDER_PAYMENT,2026-08-29 08:28:58
TX-9799,ORD-5799,CUSTOMER,CUST-0423,3310.04,INFLOW,ORDER_PAYMENT,2026-08-29 08:37:03
TX-9800,ORD-5800,CUSTOMER,CUST-0137,3482.21,INFLOW,ORDER_PAYMENT,2026-08-29 08:45:32
TX-9801,ORD-5801,CUSTOMER,CUST-0014,3211.6,INFLOW,ORDER_PAYMENT,2026-08-29 08:53:57
TX-9802,ORD-5802,CUSTOMER,CUST-0352,4390.3,INFLOW,ORDER_PAYMENT,2026-08-29 09:02:08
TX-9803,ORD-5803,CUSTOMER,CUST-0364,4294.61,INFLOW,ORDER_PAYMENT,2026-08-29 09:10:45
TX-9804,ORD-5804,CUSTOMER,CUST-0429,2446.64,INFLOW,ORDER_PAYMENT,2026-08-29 09:18:56
TX-9805,ORD-5805,CUSTOMER,CUST-0215,1231.42,INFLOW,ORDER_PAYMENT,2026-08-29 09:27:50
TX-9806,ORD-5806,CUSTOMER,CUST-0026,1004.29,INFLOW,ORDER_PAYMENT,2026-08-29 09:35:57
TX-9807,ORD-5807,CUSTOMER,CUST-0007,1004.29,INFLOW,ORDER_PAYMENT,2026-08-29 09:44:38
TX-9808,ORD-5808,CUSTOMER,CUST-0312,1904.59,INFLOW,ORDER_PAYMENT,2026-08-29 09:52:37
TX-9809,ORD-5809,CUSTOMER,CUST-0013,656.92,INFLOW,ORDER_PAYMENT,2026-08-29 10:01:20
TX-9810,ORD-5810,CUSTOMER,CUST-0143,7180.6,INFLOW,ORDER_PAYMENT,2026-08-29 10:09:24
TX-9811,ORD-5811,CUSTOMER,CUST-0442,4054.3,INFLOW,ORDER_PAYMENT,2026-08-29 10:17:49
TX-9812,ORD-5812,CUSTOMER,CUST-0495,1658.08,INFLOW,ORDER_PAYMENT,2026-08-29 10:26:19
TX-9813,ORD-5813,CUSTOMER,CUST-0267,1229.97,INFLOW,ORDER_PAYMENT,2026-08-29 10:34:54
TX-9814,ORD-5814,CUSTOMER,CUST-0166,2446.64,INFLOW,ORDER_PAYMENT,2026-08-29 10:42:56
TX-9815,ORD-5815,CUSTOMER,CUST-0346,3855.71,INFLOW,ORDER_PAYMENT,2026-08-29 10:51:25
TX-9816,ORD-5816,CUSTOMER,CUST-0257,1076.17,INFLOW,ORDER_PAYMENT,2026-08-29 10:59:53
TX-9817,ORD-5817,CUSTOMER,CUST-0346,3211.6,INFLOW,ORDER_PAYMENT,2026-08-29 11:08:18
TX-9818,ORD-5818,CUSTOMER,CUST-0223,3024.83,INFLOW,ORDER_PAYMENT,2026-08-29 11:16:46
TX-9819,ORD-5819,CUSTOMER,CUST-0117,818.39,INFLOW,ORDER_PAYMENT,2026-08-29 11:25:09
TX-9820,ORD-5820,CUSTOMER,CUST-0191,2065.51,INFLOW,ORDER_PAYMENT,2026-08-29 11:33:20
TX-9821,ORD-5821,CUSTOMER,CUST-0058,3554.02,INFLOW,ORDER_PAYMENT,2026-08-29 11:42:10
TX-9822,ORD-5822,CUSTOMER,CUST-0260,3063.16,INFLOW,ORDER_PAYMENT,2026-08-29 11:50:10
TX-9823,ORD-5823,CUSTOMER,CUST-0340,8515.94,INFLOW,ORDER_PAYMENT,2026-08-29 11:58:48
TX-9824,ORD-5824,CUSTOMER,CUST-0315,3904.05,INFLOW,ORDER_PAYMENT,2026-08-29 12:07:24
TX-9825,ORD-5825,CUSTOMER,CUST-0497,4337.59,INFLOW,ORDER_PAYMENT,2026-08-29 12:15:27
TX-9826,ORD-5826,CUSTOMER,CUST-0267,3196.07,INFLOW,ORDER_PAYMENT,2026-08-29 12:23:47
TX-9827,ORD-5827,CUSTOMER,CUST-0281,1299.1,INFLOW,ORDER_PAYMENT,2026-08-29 12:32:28
TX-9828,ORD-5828,CUSTOMER,CUST-0189,306.7,INFLOW,ORDER_PAYMENT,2026-08-29 12:41:00
TX-9829,ORD-5829,CUSTOMER,CUST-0449,358.12,INFLOW,ORDER_PAYMENT,2026-08-29 12:49:04
TX-9830,ORD-5830,CUSTOMER,CUST-0098,889.09,INFLOW,ORDER_PAYMENT,2026-08-29 12:57:39
TX-9831,ORD-5831,CUSTOMER,CUST-0403,1544.47,INFLOW,ORDER_PAYMENT,2026-08-29 13:05:53
TX-9832,ORD-5832,CUSTOMER,CUST-0422,3554.02,INFLOW,ORDER_PAYMENT,2026-08-29 13:14:32
TX-9833,ORD-5833,CUSTOMER,CUST-0168,3570.49,INFLOW,ORDER_PAYMENT,2026-08-29 13:23:00
TX-9834,ORD-5834,CUSTOMER,CUST-0107,3482.21,INFLOW,ORDER_PAYMENT,2026-08-29 13:31:02
TX-9835,ORD-5835,CUSTOMER,CUST-0263,3809.18,INFLOW,ORDER_PAYMENT,2026-08-29 13:39:35
TX-9836,ORD-5836,CUSTOMER,CUST-0373,1992.9,INFLOW,ORDER_PAYMENT,2026-08-29 13:47:52
TX-9837,ORD-5837,CUSTOMER,CUST-0345,4839.06,INFLOW,ORDER_PAYMENT,2026-08-29 13:56:21
TX-9838,ORD-5838,CUSTOMER,CUST-0317,7369.22,INFLOW,ORDER_PAYMENT,2026-08-29 14:04:50
TX-9839,ORD-5839,CUSTOMER,CUST-0177,557.56,INFLOW,ORDER_PAYMENT,2026-08-29 14:13:05
TX-9840,ORD-5840,CUSTOMER,CUST-0483,7242.6,INFLOW,ORDER_PAYMENT,2026-08-29 14:21:30
TX-9841,ORD-5841,CUSTOMER,CUST-0159,8545.9,INFLOW,ORDER_PAYMENT,2026-08-29 14:30:02
TX-9842,ORD-5842,CUSTOMER,CUST-0160,3024.83,INFLOW,ORDER_PAYMENT,2026-08-29 14:38:26
TX-9843,ORD-5843,CUSTOMER,CUST-0172,1004.29,INFLOW,ORDER_PAYMENT,2026-08-29 14:46:44
TX-9844,ORD-5844,CUSTOMER,CUST-0084,358.12,INFLOW,ORDER_PAYMENT,2026-08-29 14:54:54
TX-9845,ORD-5845,CUSTOMER,CUST-0178,526.84,INFLOW,ORDER_PAYMENT,2026-08-29 15:03:39
TX-9846,ORD-5846,CUSTOMER,CUST-0276,3786.85,INFLOW,ORDER_PAYMENT,2026-08-29 15:11:50
TX-9847,ORD-5847,CUSTOMER,CUST-0030,3063.16,INFLOW,ORDER_PAYMENT,2026-08-29 15:20:07
TX-9848,ORD-5848,CUSTOMER,CUST-0091,3849.68,INFLOW,ORDER_PAYMENT,2026-08-29 15:28:36
TX-9849,ORD-5849,CUSTOMER,CUST-0396,3724.86,INFLOW,ORDER_PAYMENT,2026-08-29 15:37:18
TX-9850,ORD-5850,CUSTOMER,CUST-0091,3737.74,INFLOW,ORDER_PAYMENT,2026-08-29 15:45:27
TX-9851,ORD-5851,CUSTOMER,CUST-0157,4054.3,INFLOW,ORDER_PAYMENT,2026-08-29 15:53:42
TX-9852,ORD-5852,CUSTOMER,CUST-0289,7475.48,INFLOW,ORDER_PAYMENT,2026-08-29 16:02:22
TX-9853,ORD-5853,CUSTOMER,CUST-0012,2589.06,INFLOW,ORDER_PAYMENT,2026-08-29 16:10:56
TX-9854,ORD-5854,CUSTOMER,CUST-0282,6105.84,INFLOW,ORDER_PAYMENT,2026-08-29 16:18:55
TX-9855,ORD-5855,CUSTOMER,CUST-0006,2419.53,INFLOW,ORDER_PAYMENT,2026-08-29 16:27:43
TX-9856,ORD-5856,CUSTOMER,CUST-0003,1524.23,INFLOW,ORDER_PAYMENT,2026-08-29 16:36:06
TX-9857,ORD-5857,CUSTOMER,CUST-0446,2560.05,INFLOW,ORDER_PAYMENT,2026-08-29 16:44:30
TX-9858,ORD-5858,CUSTOMER,CUST-0314,7311.34,INFLOW,ORDER_PAYMENT,2026-08-29 16:52:48
TX-9859,ORD-5859,CUSTOMER,CUST-0166,3303.71,INFLOW,ORDER_PAYMENT,2026-08-29 17:01:21
TX-9860,ORD-5860,CUSTOMER,CUST-0030,4448.99,INFLOW,ORDER_PAYMENT,2026-08-29 17:09:26
TX-9861,ORD-5861,CUSTOMER,CUST-0243,1768.39,INFLOW,ORDER_PAYMENT,2026-08-29 17:17:58
TX-9862,ORD-5862,CUSTOMER,CUST-0472,1658.08,INFLOW,ORDER_PAYMENT,2026-08-29 17:26:06
TX-9863,ORD-5863,CUSTOMER,CUST-0475,2757.05,INFLOW,ORDER_PAYMENT,2026-08-29 17:34:44
TX-9864,ORD-5864,CUSTOMER,CUST-0006,1658.08,INFLOW,ORDER_PAYMENT,2026-08-29 17:42:57
TX-9865,ORD-5865,CUSTOMER,CUST-0253,3554.02,INFLOW,ORDER_PAYMENT,2026-08-29 17:51:43
TX-9866,ORD-5866,CUSTOMER,CUST-0346,7795.04,INFLOW,ORDER_PAYMENT,2026-08-29 17:59:57
TX-9867,ORD-5867,CUSTOMER,CUST-0126,1299.1,INFLOW,ORDER_PAYMENT,2026-08-29 18:08:23
TX-9868,ORD-5868,CUSTOMER,CUST-0100,1231.42,INFLOW,ORDER_PAYMENT,2026-08-29 18:16:35
TX-9869,ORD-5869,CUSTOMER,CUST-0447,6964.42,INFLOW,ORDER_PAYMENT,2026-08-29 18:24:59
TX-9870,ORD-5870,CUSTOMER,CUST-0221,670.05,INFLOW,ORDER_PAYMENT,2026-08-29 18:33:22
TX-9871,ORD-5871,CUSTOMER,CUST-0391,818.39,INFLOW,ORDER_PAYMENT,2026-08-29 18:41:47
TX-9872,ORD-5872,CUSTOMER,CUST-0202,1100.0,INFLOW,ORDER_PAYMENT,2026-08-29 18:50:04
TX-9873,ORD-5873,CUSTOMER,CUST-0073,4390.3,INFLOW,ORDER_PAYMENT,2026-08-29 18:58:46
TX-9874,ORD-5874,CUSTOMER,CUST-0485,1904.59,INFLOW,ORDER_PAYMENT,2026-08-29 19:07:06
TX-9875,ORD-5875,CUSTOMER,CUST-0239,3590.3,INFLOW,ORDER_PAYMENT,2026-08-29 19:15:38
TX-9876,ORD-5876,CUSTOMER,CUST-0406,7808.62,INFLOW,ORDER_PAYMENT,2026-08-29 19:23:56
TX-9877,ORD-5877,CUSTOMER,CUST-0496,4093.93,INFLOW,ORDER_PAYMENT,2026-08-29 19:32:24
TX-9878,ORD-5878,CUSTOMER,CUST-0028,7444.7,INFLOW,ORDER_PAYMENT,2026-08-29 19:40:48
TX-9879,ORD-5879,CUSTOMER,CUST-0251,3904.05,INFLOW,ORDER_PAYMENT,2026-08-29 19:48:53
TX-9880,ORD-5880,CUSTOMER,CUST-0247,1100.0,INFLOW,ORDER_PAYMENT,2026-08-29 19:57:22
TX-9881,ORD-5881,CUSTOMER,CUST-0401,4076.43,INFLOW,ORDER_PAYMENT,2026-08-29 20:05:43
TX-9882,ORD-5882,CUSTOMER,CUST-0495,8672.7,INFLOW,ORDER_PAYMENT,2026-08-29 20:14:13
TX-9883,ORD-5883,CUSTOMER,CUST-0019,5514.1,INFLOW,ORDER_PAYMENT,2026-08-29 20:22:53
TX-9884,ORD-5884,CUSTOMER,CUST-0304,358.12,INFLOW,ORDER_PAYMENT,2026-08-29 20:31:04
TX-9885,ORD-5885,CUSTOMER,CUST-0119,829.04,INFLOW,ORDER_PAYMENT,2026-08-29 20:39:34
TX-9886,ORD-5886,CUSTOMER,CUST-0197,1100.0,INFLOW,ORDER_PAYMENT,2026-08-29 20:47:43
TX-9887,ORD-5887,CUSTOMER,CUST-0181,3564.2,INFLOW,ORDER_PAYMENT,2026-08-29 20:56:12
TX-9888,ORD-5888,CUSTOMER,CUST-0101,1115.12,INFLOW,ORDER_PAYMENT,2026-08-29 21:04:30
TX-9889,ORD-5889,CUSTOMER,CUST-0192,3684.61,INFLOW,ORDER_PAYMENT,2026-08-29 21:13:10
TX-9890,ORD-5890,CUSTOMER,CUST-0145,3817.51,INFLOW,ORDER_PAYMENT,2026-08-29 21:21:30
TX-9891,ORD-5891,CUSTOMER,CUST-0146,1604.68,INFLOW,ORDER_PAYMENT,2026-08-29 21:29:42
TX-9892,ORD-5892,CUSTOMER,CUST-0343,674.08,INFLOW,ORDER_PAYMENT,2026-08-29 21:38:14
TX-9893,ORD-5893,CUSTOMER,CUST-0094,291.34,INFLOW,ORDER_PAYMENT,2026-08-29 21:46:50
TX-9894,ORD-5894,CUSTOMER,CUST-0002,1231.42,INFLOW,ORDER_PAYMENT,2026-08-29 21:54:57
TX-9895,ORD-5895,CUSTOMER,CUST-0015,4336.35,INFLOW,ORDER_PAYMENT,2026-08-29 22:03:13
TX-9896,ORD-5896,CUSTOMER,CUST-0147,535.08,INFLOW,ORDER_PAYMENT,2026-08-29 22:11:41
TX-9897,ORD-5897,CUSTOMER,CUST-0217,4054.3,INFLOW,ORDER_PAYMENT,2026-08-29 22:20:29
TX-9898,ORD-5898,CUSTOMER,CUST-0359,3305.06,INFLOW,ORDER_PAYMENT,2026-08-29 22:28:30
TX-9899,ORD-5899,CUSTOMER,CUST-0110,1100.0,INFLOW,ORDER_PAYMENT,2026-08-29 22:36:55
TX-9900,ORD-5900,CUSTOMER,CUST-0001,3211.44,INFLOW,ORDER_PAYMENT,2026-08-29 22:45:18
TX-9901,ORD-5901,CUSTOMER,CUST-0255,1604.68,INFLOW,ORDER_PAYMENT,2026-08-29 22:53:50
TX-9902,ORD-5902,CUSTOMER,CUST-0282,2439.3,INFLOW,ORDER_PAYMENT,2026-08-29 23:02:26
TX-9903,ORD-5903,CUSTOMER,CUST-0414,1004.29,INFLOW,ORDER_PAYMENT,2026-08-29 23:10:25
TX-9904,ORD-5904,CUSTOMER,CUST-0359,8780.6,INFLOW,ORDER_PAYMENT,2026-08-29 23:19:04
TX-9905,ORD-5905,CUSTOMER,CUST-0017,4093.93,INFLOW,ORDER_PAYMENT,2026-08-29 23:27:42
TX-9906,ORD-5906,CUSTOMER,CUST-0340,2788.05,INFLOW,ORDER_PAYMENT,2026-08-29 23:35:58
TX-9907,ORD-5907,CUSTOMER,CUST-0072,2252.3,INFLOW,ORDER_PAYMENT,2026-08-29 23:44:14
TX-9908,ORD-5908,CUSTOMER,CUST-0443,8917.16,INFLOW,ORDER_PAYMENT,2026-08-29 23:52:24
TX-9909,ORD-5909,CUSTOMER,CUST-0324,4294.61,INFLOW,ORDER_PAYMENT,2026-08-30 00:00:48
TX-9910,ORD-5910,CUSTOMER,CUST-0258,1904.59,INFLOW,ORDER_PAYMENT,2026-08-30 00:09:16
TX-9911,ORD-5911,CUSTOMER,CUST-0244,3621.3,INFLOW,ORDER_PAYMENT,2026-08-30 00:17:47
TX-9912,ORD-5912,CUSTOMER,CUST-0483,1948.31,INFLOW,ORDER_PAYMENT,2026-08-30 00:26:20
TX-9913,ORD-5913,CUSTOMER,CUST-0058,1732.3,INFLOW,ORDER_PAYMENT,2026-08-30 00:34:33
TX-9914,ORD-5914,CUSTOMER,CUST-0400,4272.95,INFLOW,ORDER_PAYMENT,2026-08-30 00:43:14
TX-9915,ORD-5915,CUSTOMER,CUST-0299,3590.3,INFLOW,ORDER_PAYMENT,2026-08-30 00:51:22
TX-9916,ORD-5916,CUSTOMER,CUST-0191,4337.59,INFLOW,ORDER_PAYMENT,2026-08-30 00:59:56
TX-9917,ORD-5917,CUSTOMER,CUST-0442,1100.0,INFLOW,ORDER_PAYMENT,2026-08-30 01:08:12
TX-9918,ORD-5918,CUSTOMER,CUST-0142,4076.43,INFLOW,ORDER_PAYMENT,2026-08-30 01:16:37
TX-9919,ORD-5919,CUSTOMER,CUST-0230,1100.0,INFLOW,ORDER_PAYMENT,2026-08-30 01:24:58
TX-9920,ORD-5920,CUSTOMER,CUST-0396,7311.34,INFLOW,ORDER_PAYMENT,2026-08-30 01:33:14
TX-9921,ORD-5921,CUSTOMER,CUST-0143,306.7,INFLOW,ORDER_PAYMENT,2026-08-30 01:42:05
TX-9922,ORD-5922,CUSTOMER,CUST-0477,2252.3,INFLOW,ORDER_PAYMENT,2026-08-30 01:50:05
TX-9923,ORD-5923,CUSTOMER,CUST-0166,851.72,INFLOW,ORDER_PAYMENT,2026-08-30 01:58:29
TX-9924,ORD-5924,CUSTOMER,CUST-0167,7808.1,INFLOW,ORDER_PAYMENT,2026-08-30 02:07:02
TX-9925,ORD-5925,CUSTOMER,CUST-0150,851.72,INFLOW,ORDER_PAYMENT,2026-08-30 02:15:20
TX-9926,ORD-5926,CUSTOMER,CUST-0500,3211.44,INFLOW,ORDER_PAYMENT,2026-08-30 02:23:54
TX-9927,ORD-5927,CUSTOMER,CUST-0361,851.72,INFLOW,ORDER_PAYMENT,2026-08-30 02:32:18
TX-9928,ORD-5928,CUSTOMER,CUST-0048,4424.97,INFLOW,ORDER_PAYMENT,2026-08-30 02:40:26
TX-9929,ORD-5929,CUSTOMER,CUST-0448,1658.08,INFLOW,ORDER_PAYMENT,2026-08-30 02:48:53
TX-9930,ORD-5930,CUSTOMER,CUST-0481,826.99,INFLOW,ORDER_PAYMENT,2026-08-30 02:57:19
TX-9931,ORD-5931,CUSTOMER,CUST-0164,1004.29,INFLOW,ORDER_PAYMENT,2026-08-30 03:06:02
TX-9932,ORD-5932,CUSTOMER,CUST-0004,4076.43,INFLOW,ORDER_PAYMENT,2026-08-30 03:14:15
TX-9933,ORD-5933,CUSTOMER,CUST-0055,6493.62,INFLOW,ORDER_PAYMENT,2026-08-30 03:22:24
TX-9934,ORD-5934,CUSTOMER,CUST-0486,4054.3,INFLOW,ORDER_PAYMENT,2026-08-30 03:30:49
TX-9935,ORD-5935,CUSTOMER,CUST-0241,1768.39,INFLOW,ORDER_PAYMENT,2026-08-30 03:39:34
TX-9936,ORD-5936,CUSTOMER,CUST-0281,3590.3,INFLOW,ORDER_PAYMENT,2026-08-30 03:48:03
TX-9937,ORD-5937,CUSTOMER,CUST-0004,3482.21,INFLOW,ORDER_PAYMENT,2026-08-30 03:56:14
TX-9938,ORD-5938,CUSTOMER,CUST-0291,4898.74,INFLOW,ORDER_PAYMENT,2026-08-30 04:04:52
TX-9939,ORD-5939,CUSTOMER,CUST-0022,3554.02,INFLOW,ORDER_PAYMENT,2026-08-30 04:13:07
TX-9940,ORD-5940,CUSTOMER,CUST-0054,3314.53,INFLOW,ORDER_PAYMENT,2026-08-30 04:21:13
TX-9941,ORD-5941,CUSTOMER,CUST-0456,526.84,INFLOW,ORDER_PAYMENT,2026-08-30 04:29:48
TX-9942,ORD-5942,CUSTOMER,CUST-0298,6493.62,INFLOW,ORDER_PAYMENT,2026-08-30 04:38:24
TX-9943,ORD-5943,CUSTOMER,CUST-0195,3482.21,INFLOW,ORDER_PAYMENT,2026-08-30 04:46:39
TX-9944,ORD-5944,CUSTOMER,CUST-0004,8060.6,INFLOW,ORDER_PAYMENT,2026-08-30 04:55:05
TX-9945,ORD-5945,CUSTOMER,CUST-0262,3570.49,INFLOW,ORDER_PAYMENT,2026-08-30 05:03:13
TX-9946,ORD-5946,CUSTOMER,CUST-0495,1544.47,INFLOW,ORDER_PAYMENT,2026-08-30 05:11:54
TX-9947,ORD-5947,CUSTOMER,CUST-0376,1524.23,INFLOW,ORDER_PAYMENT,2026-08-30 05:20:14
TX-9948,ORD-5948,CUSTOMER,CUST-0359,2439.3,INFLOW,ORDER_PAYMENT,2026-08-30 05:28:47
TX-9949,ORD-5949,CUSTOMER,CUST-0287,4074.31,INFLOW,ORDER_PAYMENT,2026-08-30 05:37:12
TX-9950,ORD-5950,CUSTOMER,CUST-0350,3554.02,INFLOW,ORDER_PAYMENT,2026-08-30 05:45:25
TX-9951,ORD-5951,CUSTOMER,CUST-0186,674.08,INFLOW,ORDER_PAYMENT,2026-08-30 05:53:50
TX-9952,ORD-5952,CUSTOMER,CUST-0103,3527.16,INFLOW,ORDER_PAYMENT,2026-08-30 06:01:57
TX-9953,ORD-5953,CUSTOMER,CUST-0018,1992.9,INFLOW,ORDER_PAYMENT,2026-08-30 06:10:34
TX-9954,ORD-5954,CUSTOMER,CUST-0091,557.56,INFLOW,ORDER_PAYMENT,2026-08-30 06:18:50
TX-9955,ORD-5955,CUSTOMER,CUST-0339,1100.0,INFLOW,ORDER_PAYMENT,2026-08-30 06:27:21
TX-9956,ORD-5956,CUSTOMER,CUST-0361,8849.94,INFLOW,ORDER_PAYMENT,2026-08-30 06:35:45
TX-9957,ORD-5957,CUSTOMER,CUST-0311,8917.16,INFLOW,ORDER_PAYMENT,2026-08-30 06:43:59
TX-9958,ORD-5958,CUSTOMER,CUST-0468,1703.44,INFLOW,ORDER_PAYMENT,2026-08-30 06:52:23
TX-9959,ORD-5959,CUSTOMER,CUST-0213,1100.0,INFLOW,ORDER_PAYMENT,2026-08-30 07:00:52
TX-9960,ORD-5960,CUSTOMER,CUST-0442,2449.37,INFLOW,ORDER_PAYMENT,2026-08-30 07:09:11
TX-9961,ORD-5961,CUSTOMER,CUST-0274,851.72,INFLOW,ORDER_PAYMENT,2026-08-30 07:17:58
TX-9962,ORD-5962,CUSTOMER,CUST-0114,1604.68,INFLOW,ORDER_PAYMENT,2026-08-30 07:26:09
TX-9963,ORD-5963,CUSTOMER,CUST-0365,3211.6,INFLOW,ORDER_PAYMENT,2026-08-30 07:34:49
TX-9964,ORD-5964,CUSTOMER,CUST-0396,4054.3,INFLOW,ORDER_PAYMENT,2026-08-30 07:43:06
TX-9965,ORD-5965,CUSTOMER,CUST-0336,1090.0,INFLOW,ORDER_PAYMENT,2026-08-30 07:51:32
TX-9966,ORD-5966,CUSTOMER,CUST-0250,2560.05,INFLOW,ORDER_PAYMENT,2026-08-30 08:00:01
TX-9967,ORD-5967,CUSTOMER,CUST-0461,6610.12,INFLOW,ORDER_PAYMENT,2026-08-30 08:08:21
TX-9968,ORD-5968,CUSTOMER,CUST-0411,5178.12,INFLOW,ORDER_PAYMENT,2026-08-30 08:16:43
TX-9969,ORD-5969,CUSTOMER,CUST-0385,3564.2,INFLOW,ORDER_PAYMENT,2026-08-30 08:25:12
TX-9970,ORD-5970,CUSTOMER,CUST-0285,4226.7,INFLOW,ORDER_PAYMENT,2026-08-30 08:33:34
TX-9971,ORD-5971,CUSTOMER,CUST-0315,1100.0,INFLOW,ORDER_PAYMENT,2026-08-30 08:41:32
TX-9972,ORD-5972,CUSTOMER,CUST-0358,1605.72,INFLOW,ORDER_PAYMENT,2026-08-30 08:50:15
TX-9973,ORD-5973,CUSTOMER,CUST-0209,535.08,INFLOW,ORDER_PAYMENT,2026-08-30 08:58:42
TX-9974,ORD-5974,CUSTOMER,CUST-0117,4294.61,INFLOW,ORDER_PAYMENT,2026-08-30 09:07:06
TX-9975,ORD-5975,CUSTOMER,CUST-0273,1904.59,INFLOW,ORDER_PAYMENT,2026-08-30 09:15:23
TX-9976,ORD-5976,CUSTOMER,CUST-0135,557.56,INFLOW,ORDER_PAYMENT,2026-08-30 09:23:52
TX-9977,ORD-5977,CUSTOMER,CUST-0012,1100.0,INFLOW,ORDER_PAYMENT,2026-08-30 09:32:21
TX-9978,ORD-5978,CUSTOMER,CUST-0135,3211.6,INFLOW,ORDER_PAYMENT,2026-08-30 09:40:41
TX-9979,ORD-5979,CUSTOMER,CUST-0350,2419.53,INFLOW,ORDER_PAYMENT,2026-08-30 09:49:11
TX-9980,ORD-5980,CUSTOMER,CUST-0484,3564.2,INFLOW,ORDER_PAYMENT,2026-08-30 09:57:14
TX-9981,ORD-5981,CUSTOMER,CUST-0424,862.36,INFLOW,ORDER_PAYMENT,2026-08-30 10:05:48
TX-9982,ORD-5982,CUSTOMER,CUST-0060,3904.05,INFLOW,ORDER_PAYMENT,2026-08-30 10:14:24
TX-9983,ORD-5983,CUSTOMER,CUST-0107,3564.2,INFLOW,ORDER_PAYMENT,2026-08-30 10:22:44
TX-9984,ORD-5984,CUSTOMER,CUST-0170,674.08,INFLOW,ORDER_PAYMENT,2026-08-30 10:31:11
TX-9985,ORD-5985,CUSTOMER,CUST-0429,3655.67,INFLOW,ORDER_PAYMENT,2026-08-30 10:39:33
TX-9986,ORD-5986,CUSTOMER,CUST-0118,3310.04,INFLOW,ORDER_PAYMENT,2026-08-30 10:47:43
TX-9987,ORD-5987,CUSTOMER,CUST-0016,3737.74,INFLOW,ORDER_PAYMENT,2026-08-30 10:56:06
TX-9988,ORD-5988,CUSTOMER,CUST-0006,3655.67,INFLOW,ORDER_PAYMENT,2026-08-30 11:04:48
TX-9989,ORD-5989,CUSTOMER,CUST-0137,1125.08,INFLOW,ORDER_PAYMENT,2026-08-30 11:12:51
TX-9990,ORD-5990,CUSTOMER,CUST-0094,829.04,INFLOW,ORDER_PAYMENT,2026-08-30 11:21:18
TX-9991,ORD-5991,CUSTOMER,CUST-0218,3564.2,INFLOW,ORDER_PAYMENT,2026-08-30 11:29:48
TX-9992,ORD-5992,CUSTOMER,CUST-0410,1768.39,INFLOW,ORDER_PAYMENT,2026-08-30 11:38:21
TX-9993,ORD-5993,CUSTOMER,CUST-0135,2439.3,INFLOW,ORDER_PAYMENT,2026-08-30 11:46:34
TX-9994,ORD-5994,CUSTOMER,CUST-0019,2449.37,INFLOW,ORDER_PAYMENT,2026-08-30 11:54:56
TX-9995,ORD-5995,CUSTOMER,CUST-0467,4390.3,INFLOW,ORDER_PAYMENT,2026-08-30 12:03:15
TX-9996,ORD-5996,CUSTOMER,CUST-0129,2644.13,INFLOW,ORDER_PAYMENT,2026-08-30 12:11:41
TX-9997,ORD-5997,CUSTOMER,CUST-0169,2252.3,INFLOW,ORDER_PAYMENT,2026-08-30 12:20:23
TX-9998,ORD-5998,CUSTOMER,CUST-0151,4272.95,INFLOW,ORDER_PAYMENT,2026-08-30 12:28:40
TX-9999,ORD-5999,CUSTOMER,CUST-0364,4294.61,INFLOW,ORDER_PAYMENT,2026-08-30 12:36:48
TX-10000,ORD-6000,CUSTOMER,CUST-0191,431.18,INFLOW,ORDER_PAYMENT,2026-08-30 12:45:23
TX-10001,ORD-6001,CUSTOMER,CUST-0414,1299.1,INFLOW,ORDER_PAYMENT,2026-08-30 12:53:41
TX-10002,ORD-6002,CUSTOMER,CUST-0192,818.39,INFLOW,ORDER_PAYMENT,2026-08-30 13:01:53
TX-10003,ORD-6003,CUSTOMER,CUST-0453,3412.17,INFLOW,ORDER_PAYMENT,2026-08-30 13:10:22
TX-10004,ORD-6004,CUSTOMER,CUST-0088,826.99,INFLOW,ORDER_PAYMENT,2026-08-30 13:19:08
TX-10005,ORD-6005,CUSTOMER,CUST-0182,2560.05,INFLOW,ORDER_PAYMENT,2026-08-30 13:27:21
TX-10006,ORD-6006,CUSTOMER,CUST-0262,1299.1,INFLOW,ORDER_PAYMENT,2026-08-30 13:35:37
TX-10007,ORD-6007,CUSTOMER,CUST-0223,2200.0,INFLOW,ORDER_PAYMENT,2026-08-30 13:44:07
TX-10008,ORD-6008,CUSTOMER,CUST-0370,851.72,INFLOW,ORDER_PAYMENT,2026-08-30 13:52:20
TX-10009,ORD-6009,CUSTOMER,CUST-0218,3849.68,INFLOW,ORDER_PAYMENT,2026-08-30 14:00:50
TX-10010,ORD-6010,CUSTOMER,CUST-0470,4458.58,INFLOW,ORDER_PAYMENT,2026-08-30 14:09:35
TX-10011,ORD-6011,CUSTOMER,CUST-0327,1904.59,INFLOW,ORDER_PAYMENT,2026-08-30 14:17:44
TX-10012,ORD-6012,CUSTOMER,CUST-0372,4294.61,INFLOW,ORDER_PAYMENT,2026-08-30 14:26:23
TX-10013,ORD-6013,CUSTOMER,CUST-0277,5514.1,INFLOW,ORDER_PAYMENT,2026-08-30 14:34:21
TX-10014,ORD-6014,CUSTOMER,CUST-0068,3855.71,INFLOW,ORDER_PAYMENT,2026-08-30 14:43:01
TX-10015,ORD-6015,CUSTOMER,CUST-0064,1948.31,INFLOW,ORDER_PAYMENT,2026-08-30 14:51:18
TX-10016,ORD-6016,CUSTOMER,CUST-0316,1100.0,INFLOW,ORDER_PAYMENT,2026-08-30 14:59:29
TX-10017,ORD-6017,CUSTOMER,CUST-0303,2200.0,INFLOW,ORDER_PAYMENT,2026-08-30 15:08:00
TX-10018,ORD-6018,CUSTOMER,CUST-0048,1524.23,INFLOW,ORDER_PAYMENT,2026-08-30 15:16:17
TX-10019,ORD-6019,CUSTOMER,CUST-0380,4458.58,INFLOW,ORDER_PAYMENT,2026-08-30 15:24:43
TX-10020,ORD-6020,CUSTOMER,CUST-0422,3412.17,INFLOW,ORDER_PAYMENT,2026-08-30 15:33:26
TX-10021,ORD-6021,CUSTOMER,CUST-0172,3297.77,INFLOW,ORDER_PAYMENT,2026-08-30 15:41:56
TX-10022,ORD-6022,CUSTOMER,CUST-0411,358.12,INFLOW,ORDER_PAYMENT,2026-08-30 15:50:01
TX-10023,ORD-6023,CUSTOMER,CUST-0444,3303.71,INFLOW,ORDER_PAYMENT,2026-08-30 15:58:42
TX-10024,ORD-6024,CUSTOMER,CUST-0424,1904.59,INFLOW,ORDER_PAYMENT,2026-08-30 16:06:50
TX-10025,ORD-6025,CUSTOMER,CUST-0221,8675.18,INFLOW,ORDER_PAYMENT,2026-08-30 16:15:11
TX-10026,ORD-6026,CUSTOMER,CUST-0344,1768.39,INFLOW,ORDER_PAYMENT,2026-08-30 16:23:37
TX-10027,ORD-6027,CUSTOMER,CUST-0303,1229.97,INFLOW,ORDER_PAYMENT,2026-08-30 16:31:57
TX-10028,ORD-6028,CUSTOMER,CUST-0049,1434.09,INFLOW,ORDER_PAYMENT,2026-08-30 16:40:40
TX-10029,ORD-6029,CUSTOMER,CUST-0295,3297.77,INFLOW,ORDER_PAYMENT,2026-08-30 16:48:54
TX-10030,ORD-6030,CUSTOMER,CUST-0318,1524.23,INFLOW,ORDER_PAYMENT,2026-08-30 16:57:29
TX-10031,ORD-6031,CUSTOMER,CUST-0370,656.92,INFLOW,ORDER_PAYMENT,2026-08-30 17:05:43
TX-10032,ORD-6032,CUSTOMER,CUST-0035,5576.1,INFLOW,ORDER_PAYMENT,2026-08-30 17:13:55
TX-10033,ORD-6033,CUSTOMER,CUST-0081,656.92,INFLOW,ORDER_PAYMENT,2026-08-30 17:22:22
TX-10034,ORD-6034,CUSTOMER,CUST-0100,1768.39,INFLOW,ORDER_PAYMENT,2026-08-30 17:30:47
TX-10035,ORD-6035,CUSTOMER,CUST-0345,557.56,INFLOW,ORDER_PAYMENT,2026-08-30 17:39:11
TX-10036,ORD-6036,CUSTOMER,CUST-0355,3722.35,INFLOW,ORDER_PAYMENT,2026-08-30 17:47:45
TX-10037,ORD-6037,CUSTOMER,CUST-0411,3722.35,INFLOW,ORDER_PAYMENT,2026-08-30 17:55:59
TX-10038,ORD-6038,CUSTOMER,CUST-0147,3564.2,INFLOW,ORDER_PAYMENT,2026-08-30 18:04:18
TX-10039,ORD-6039,CUSTOMER,CUST-0131,8453.4,INFLOW,ORDER_PAYMENT,2026-08-30 18:13:03
TX-10040,ORD-6040,CUSTOMER,CUST-0420,889.09,INFLOW,ORDER_PAYMENT,2026-08-30 18:21:02
TX-10041,ORD-6041,CUSTOMER,CUST-0305,3897.52,INFLOW,ORDER_PAYMENT,2026-08-30 18:29:47
TX-10042,ORD-6042,CUSTOMER,CUST-0414,7138.5,INFLOW,ORDER_PAYMENT,2026-08-30 18:37:57
TX-10043,ORD-6043,CUSTOMER,CUST-0428,3855.71,INFLOW,ORDER_PAYMENT,2026-08-30 18:46:42
TX-10044,ORD-6044,CUSTOMER,CUST-0255,4074.31,INFLOW,ORDER_PAYMENT,2026-08-30 18:54:41
TX-10045,ORD-6045,CUSTOMER,CUST-0048,1904.59,INFLOW,ORDER_PAYMENT,2026-08-30 19:03:16
TX-10046,ORD-6046,CUSTOMER,CUST-0042,1100.0,INFLOW,ORDER_PAYMENT,2026-08-30 19:11:29
TX-10047,ORD-6047,CUSTOMER,CUST-0367,889.09,INFLOW,ORDER_PAYMENT,2026-08-30 19:20:03
TX-10048,ORD-6048,CUSTOMER,CUST-0202,8060.6,INFLOW,ORDER_PAYMENT,2026-08-30 19:28:20
TX-10049,ORD-6049,CUSTOMER,CUST-0343,1605.72,INFLOW,ORDER_PAYMENT,2026-08-30 19:36:41
TX-10050,ORD-6050,CUSTOMER,CUST-0494,3246.81,INFLOW,ORDER_PAYMENT,2026-08-30 19:45:28
TX-10051,ORD-6051,CUSTOMER,CUST-0425,4966.46,INFLOW,ORDER_PAYMENT,2026-08-30 19:53:55
TX-10052,ORD-6052,CUSTOMER,CUST-0090,3590.3,INFLOW,ORDER_PAYMENT,2026-08-30 20:02:18
TX-10053,ORD-6053,CUSTOMER,CUST-0135,1992.9,INFLOW,ORDER_PAYMENT,2026-08-30 20:10:33
TX-10054,ORD-6054,CUSTOMER,CUST-0470,4336.35,INFLOW,ORDER_PAYMENT,2026-08-30 20:18:38
TX-10055,ORD-6055,CUSTOMER,CUST-0277,2200.0,INFLOW,ORDER_PAYMENT,2026-08-30 20:27:19
TX-10056,ORD-6056,CUSTOMER,CUST-0345,2152.34,INFLOW,ORDER_PAYMENT,2026-08-30 20:35:54
TX-10057,ORD-6057,CUSTOMER,CUST-0249,3621.3,INFLOW,ORDER_PAYMENT,2026-08-30 20:44:13
TX-10058,ORD-6058,CUSTOMER,CUST-0144,557.56,INFLOW,ORDER_PAYMENT,2026-08-30 20:52:34
TX-10059,ORD-6059,CUSTOMER,CUST-0149,1544.47,INFLOW,ORDER_PAYMENT,2026-08-30 21:01:06
TX-10060,ORD-6060,CUSTOMER,CUST-0169,656.92,INFLOW,ORDER_PAYMENT,2026-08-30 21:09:28
TX-10061,ORD-6061,CUSTOMER,CUST-0464,3088.94,INFLOW,ORDER_PAYMENT,2026-08-30 21:17:34
TX-10062,ORD-6062,CUSTOMER,CUST-0011,1605.72,INFLOW,ORDER_PAYMENT,2026-08-30 21:25:49
TX-10063,ORD-6063,CUSTOMER,CUST-0370,1882.85,INFLOW,ORDER_PAYMENT,2026-08-30 21:34:14
TX-10064,ORD-6064,CUSTOMER,CUST-0166,2598.2,INFLOW,ORDER_PAYMENT,2026-08-30 21:42:38
TX-10065,ORD-6065,CUSTOMER,CUST-0345,3052.92,INFLOW,ORDER_PAYMENT,2026-08-30 21:51:16
TX-10066,ORD-6066,CUSTOMER,CUST-0399,2252.3,INFLOW,ORDER_PAYMENT,2026-08-30 21:59:34
TX-10067,ORD-6067,CUSTOMER,CUST-0172,1004.29,INFLOW,ORDER_PAYMENT,2026-08-30 22:07:51
TX-10068,ORD-6068,CUSTOMER,CUST-0060,2446.64,INFLOW,ORDER_PAYMENT,2026-08-30 22:16:19
TX-10069,ORD-6069,CUSTOMER,CUST-0391,2788.05,INFLOW,ORDER_PAYMENT,2026-08-30 22:24:56
TX-10070,ORD-6070,CUSTOMER,CUST-0497,4336.35,INFLOW,ORDER_PAYMENT,2026-08-30 22:33:15
TX-10071,ORD-6071,CUSTOMER,CUST-0063,1229.97,INFLOW,ORDER_PAYMENT,2026-08-30 22:41:48
TX-10072,ORD-6072,CUSTOMER,CUST-0466,1732.3,INFLOW,ORDER_PAYMENT,2026-08-30 22:50:13
TX-10073,ORD-6073,CUSTOMER,CUST-0091,1125.08,INFLOW,ORDER_PAYMENT,2026-08-30 22:58:29
TX-10074,ORD-6074,CUSTOMER,CUST-0420,3564.2,INFLOW,ORDER_PAYMENT,2026-08-30 23:06:37
TX-10075,ORD-6075,CUSTOMER,CUST-0334,4336.35,INFLOW,ORDER_PAYMENT,2026-08-30 23:15:11
TX-10076,ORD-6076,CUSTOMER,CUST-0460,2788.05,INFLOW,ORDER_PAYMENT,2026-08-30 23:23:36
TX-10077,ORD-6077,CUSTOMER,CUST-0291,3737.74,INFLOW,ORDER_PAYMENT,2026-08-30 23:32:02
TX-10078,ORD-6078,CUSTOMER,CUST-0460,2589.06,INFLOW,ORDER_PAYMENT,2026-08-30 23:40:41
TX-10079,ORD-6079,CUSTOMER,CUST-0494,7311.34,INFLOW,ORDER_PAYMENT,2026-08-30 23:48:50
TX-10080,ORD-6080,CUSTOMER,CUST-0262,1100.0,INFLOW,ORDER_PAYMENT,2026-08-30 23:57:23
TX-10081,ORD-6081,CUSTOMER,CUST-0421,826.99,INFLOW,ORDER_PAYMENT,2026-08-31 00:05:42
TX-10082,ORD-6082,CUSTOMER,CUST-0070,1100.0,INFLOW,ORDER_PAYMENT,2026-08-31 00:14:15
TX-10083,ORD-6083,CUSTOMER,CUST-0029,3855.71,INFLOW,ORDER_PAYMENT,2026-08-31 00:22:37
TX-10084,ORD-6084,CUSTOMER,CUST-0172,1100.0,INFLOW,ORDER_PAYMENT,2026-08-31 00:30:42
TX-10085,ORD-6085,CUSTOMER,CUST-0255,674.08,INFLOW,ORDER_PAYMENT,2026-08-31 00:39:10
TX-10086,ORD-6086,CUSTOMER,CUST-0194,3590.3,INFLOW,ORDER_PAYMENT,2026-08-31 00:47:41
TX-10087,ORD-6087,CUSTOMER,CUST-0165,1090.0,INFLOW,ORDER_PAYMENT,2026-08-31 00:56:05
TX-10088,ORD-6088,CUSTOMER,CUST-0107,4448.99,INFLOW,ORDER_PAYMENT,2026-08-31 01:04:34
TX-10089,ORD-6089,CUSTOMER,CUST-0097,3052.92,INFLOW,ORDER_PAYMENT,2026-08-31 01:12:48
TX-10090,ORD-6090,CUSTOMER,CUST-0153,1231.42,INFLOW,ORDER_PAYMENT,2026-08-31 01:21:00
TX-10091,ORD-6091,CUSTOMER,CUST-0452,2439.3,INFLOW,ORDER_PAYMENT,2026-08-31 01:29:38
TX-10092,ORD-6092,CUSTOMER,CUST-0075,670.05,INFLOW,ORDER_PAYMENT,2026-08-31 01:37:52
TX-10093,ORD-6093,CUSTOMER,CUST-0049,1703.44,INFLOW,ORDER_PAYMENT,2026-08-31 01:46:36
TX-10094,ORD-6094,CUSTOMER,CUST-0211,3637.58,INFLOW,ORDER_PAYMENT,2026-08-31 01:54:40
TX-10095,ORD-6095,CUSTOMER,CUST-0385,3855.71,INFLOW,ORDER_PAYMENT,2026-08-31 02:03:23
TX-10096,ORD-6096,CUSTOMER,CUST-0110,3569.25,INFLOW,ORDER_PAYMENT,2026-08-31 02:11:43
TX-10097,ORD-6097,CUSTOMER,CUST-0391,3297.77,INFLOW,ORDER_PAYMENT,2026-08-31 02:19:48
TX-10098,ORD-6098,CUSTOMER,CUST-0160,889.09,INFLOW,ORDER_PAYMENT,2026-08-31 02:28:38
TX-10099,ORD-6099,CUSTOMER,CUST-0260,2459.94,INFLOW,ORDER_PAYMENT,2026-08-31 02:36:38
TX-10100,ORD-6100,CUSTOMER,CUST-0166,3590.3,INFLOW,ORDER_PAYMENT,2026-08-31 02:45:20
TX-10101,ORD-6101,CUSTOMER,CUST-0011,1434.09,INFLOW,ORDER_PAYMENT,2026-08-31 02:53:23
TX-10102,ORD-6102,CUSTOMER,CUST-0286,1100.0,INFLOW,ORDER_PAYMENT,2026-08-31 03:02:01
TX-10103,ORD-6103,CUSTOMER,CUST-0104,1924.84,INFLOW,ORDER_PAYMENT,2026-08-31 03:10:26
TX-10104,ORD-6104,CUSTOMER,CUST-0283,3024.83,INFLOW,ORDER_PAYMENT,2026-08-31 03:18:40
TX-10105,ORD-6105,CUSTOMER,CUST-0187,3722.35,INFLOW,ORDER_PAYMENT,2026-08-31 03:27:28
TX-10106,ORD-6106,CUSTOMER,CUST-0066,3310.04,INFLOW,ORDER_PAYMENT,2026-08-31 03:35:36
TX-10107,ORD-6107,CUSTOMER,CUST-0410,3897.52,INFLOW,ORDER_PAYMENT,2026-08-31 03:44:12
TX-10108,ORD-6108,CUSTOMER,CUST-0223,2598.2,INFLOW,ORDER_PAYMENT,2026-08-31 03:52:09
TX-10109,ORD-6109,CUSTOMER,CUST-0013,3855.71,INFLOW,ORDER_PAYMENT,2026-08-31 04:00:47
TX-10110,ORD-6110,CUSTOMER,CUST-0319,2598.2,INFLOW,ORDER_PAYMENT,2026-08-31 04:09:10
TX-10111,ORD-6111,CUSTOMER,CUST-0106,291.34,INFLOW,ORDER_PAYMENT,2026-08-31 04:17:33
TX-10112,ORD-6112,CUSTOMER,CUST-0395,3063.16,INFLOW,ORDER_PAYMENT,2026-08-31 04:26:13
TX-10113,ORD-6113,CUSTOMER,CUST-0027,4878.6,INFLOW,ORDER_PAYMENT,2026-08-31 04:34:16
TX-10114,ORD-6114,CUSTOMER,CUST-0300,2449.37,INFLOW,ORDER_PAYMENT,2026-08-31 04:42:49
TX-10115,ORD-6115,CUSTOMER,CUST-0440,883.38,INFLOW,ORDER_PAYMENT,2026-08-31 04:51:15
TX-10116,ORD-6116,CUSTOMER,CUST-0190,4054.3,INFLOW,ORDER_PAYMENT,2026-08-31 04:59:32
TX-10117,ORD-6117,CUSTOMER,CUST-0045,3303.71,INFLOW,ORDER_PAYMENT,2026-08-31 05:07:47
TX-10118,ORD-6118,CUSTOMER,CUST-0489,3904.05,INFLOW,ORDER_PAYMENT,2026-08-31 05:16:27
TX-10119,ORD-6119,CUSTOMER,CUST-0092,4337.59,INFLOW,ORDER_PAYMENT,2026-08-31 05:24:41
TX-10120,ORD-6120,CUSTOMER,CUST-0087,557.56,INFLOW,ORDER_PAYMENT,2026-08-31 05:33:00
TX-10121,ORD-6121,CUSTOMER,CUST-0277,1418.34,INFLOW,ORDER_PAYMENT,2026-08-31 05:41:26
TX-10122,ORD-6122,CUSTOMER,CUST-0282,1732.3,INFLOW,ORDER_PAYMENT,2026-08-31 05:50:06
TX-10123,ORD-6123,CUSTOMER,CUST-0303,826.99,INFLOW,ORDER_PAYMENT,2026-08-31 05:58:36
TX-10124,ORD-6124,CUSTOMER,CUST-0406,3817.51,INFLOW,ORDER_PAYMENT,2026-08-31 06:06:39
TX-10125,ORD-6125,CUSTOMER,CUST-0198,2836.68,INFLOW,ORDER_PAYMENT,2026-08-31 06:14:59
TX-10126,ORD-6126,CUSTOMER,CUST-0384,557.56,INFLOW,ORDER_PAYMENT,2026-08-31 06:23:48
TX-10127,ORD-6127,CUSTOMER,CUST-0180,3211.6,INFLOW,ORDER_PAYMENT,2026-08-31 06:31:54
TX-10128,ORD-6128,CUSTOMER,CUST-0165,2065.51,INFLOW,ORDER_PAYMENT,2026-08-31 06:40:36
TX-10129,ORD-6129,CUSTOMER,CUST-0163,3554.02,INFLOW,ORDER_PAYMENT,2026-08-31 06:49:01
TX-10130,ORD-6130,CUSTOMER,CUST-0445,2452.83,INFLOW,ORDER_PAYMENT,2026-08-31 06:57:18
TX-10131,ORD-6131,CUSTOMER,CUST-0416,1524.23,INFLOW,ORDER_PAYMENT,2026-08-31 07:05:41
TX-10132,ORD-6132,CUSTOMER,CUST-0093,306.7,INFLOW,ORDER_PAYMENT,2026-08-31 07:14:10
TX-10133,ORD-6133,CUSTOMER,CUST-0486,4448.99,INFLOW,ORDER_PAYMENT,2026-08-31 07:22:34
TX-10134,ORD-6134,CUSTOMER,CUST-0296,5514.1,INFLOW,ORDER_PAYMENT,2026-08-31 07:30:39
TX-10135,ORD-6135,CUSTOMER,CUST-0009,3196.07,INFLOW,ORDER_PAYMENT,2026-08-31 07:39:21
TX-10136,ORD-6136,CUSTOMER,CUST-0101,5576.1,INFLOW,ORDER_PAYMENT,2026-08-31 07:47:28
TX-10137,ORD-6137,CUSTOMER,CUST-0420,2252.3,INFLOW,ORDER_PAYMENT,2026-08-31 07:55:49
TX-10138,ORD-6138,CUSTOMER,CUST-0327,306.7,INFLOW,ORDER_PAYMENT,2026-08-31 08:04:17
TX-10139,ORD-6139,CUSTOMER,CUST-0017,5288.26,INFLOW,ORDER_PAYMENT,2026-08-31 08:12:33
TX-10140,ORD-6140,CUSTOMER,CUST-0215,3211.6,INFLOW,ORDER_PAYMENT,2026-08-31 08:21:02
TX-10141,ORD-6141,CUSTOMER,CUST-0212,582.68,INFLOW,ORDER_PAYMENT,2026-08-31 08:29:39
TX-10142,ORD-6142,CUSTOMER,CUST-0493,1604.68,INFLOW,ORDER_PAYMENT,2026-08-31 08:38:00
TX-10143,ORD-6143,CUSTOMER,CUST-0013,1604.68,INFLOW,ORDER_PAYMENT,2026-08-31 08:46:14
TX-10144,ORD-6144,CUSTOMER,CUST-0222,1076.17,INFLOW,ORDER_PAYMENT,2026-08-31 08:54:36
TX-10145,ORD-6145,CUSTOMER,CUST-0015,3621.3,INFLOW,ORDER_PAYMENT,2026-08-31 09:03:18
TX-10146,ORD-6146,CUSTOMER,CUST-0414,3590.3,INFLOW,ORDER_PAYMENT,2026-08-31 09:11:43
TX-10147,ORD-6147,CUSTOMER,CUST-0328,1948.31,INFLOW,ORDER_PAYMENT,2026-08-31 09:19:42
TX-10148,ORD-6148,CUSTOMER,CUST-0090,1768.39,INFLOW,ORDER_PAYMENT,2026-08-31 09:28:08
TX-10149,ORD-6149,CUSTOMER,CUST-0400,1100.0,INFLOW,ORDER_PAYMENT,2026-08-31 09:36:49
TX-10150,ORD-6150,CUSTOMER,CUST-0471,4101.12,INFLOW,ORDER_PAYMENT,2026-08-31 09:45:19
TX-10151,ORD-6151,CUSTOMER,CUST-0266,3052.92,INFLOW,ORDER_PAYMENT,2026-08-31 09:53:48
TX-10152,ORD-6152,CUSTOMER,CUST-0138,4054.3,INFLOW,ORDER_PAYMENT,2026-08-31 10:02:11
TX-10153,ORD-6153,CUSTOMER,CUST-0003,3817.51,INFLOW,ORDER_PAYMENT,2026-08-31 10:10:27
TX-10154,ORD-6154,CUSTOMER,CUST-0001,358.12,INFLOW,ORDER_PAYMENT,2026-08-31 10:18:55
TX-10155,ORD-6155,CUSTOMER,CUST-0375,1434.09,INFLOW,ORDER_PAYMENT,2026-08-31 10:27:08
TX-10156,ORD-6156,CUSTOMER,CUST-0206,5514.1,INFLOW,ORDER_PAYMENT,2026-08-31 10:35:48
TX-10157,ORD-6157,CUSTOMER,CUST-0407,2452.83,INFLOW,ORDER_PAYMENT,2026-08-31 10:43:56
TX-10158,ORD-6158,CUSTOMER,CUST-0265,3196.07,INFLOW,ORDER_PAYMENT,2026-08-31 10:52:27
TX-10159,ORD-6159,CUSTOMER,CUST-0125,7444.7,INFLOW,ORDER_PAYMENT,2026-08-31 11:00:45
TX-10160,ORD-6160,CUSTOMER,CUST-0179,291.34,INFLOW,ORDER_PAYMENT,2026-08-31 11:09:00
TX-10161,ORD-6161,CUSTOMER,CUST-0173,1862.43,INFLOW,ORDER_PAYMENT,2026-08-31 11:17:35
TX-10162,ORD-6162,CUSTOMER,CUST-0413,1418.34,INFLOW,ORDER_PAYMENT,2026-08-31 11:25:42
TX-10163,ORD-6163,CUSTOMER,CUST-0063,4448.99,INFLOW,ORDER_PAYMENT,2026-08-31 11:34:23
TX-10164,ORD-6164,CUSTOMER,CUST-0103,818.39,INFLOW,ORDER_PAYMENT,2026-08-31 11:42:42
TX-10165,ORD-6165,CUSTOMER,CUST-0348,4878.6,INFLOW,ORDER_PAYMENT,2026-08-31 11:51:00
TX-10166,ORD-6166,CUSTOMER,CUST-0347,291.34,INFLOW,ORDER_PAYMENT,2026-08-31 11:59:22
TX-10167,ORD-6167,CUSTOMER,CUST-0469,4424.97,INFLOW,ORDER_PAYMENT,2026-08-31 12:07:59
TX-10168,ORD-6168,CUSTOMER,CUST-0219,1100.0,INFLOW,ORDER_PAYMENT,2026-08-31 12:16:10
TX-10169,ORD-6169,CUSTOMER,CUST-0194,2419.53,INFLOW,ORDER_PAYMENT,2026-08-31 12:24:37
TX-10170,ORD-6170,CUSTOMER,CUST-0124,6629.06,INFLOW,ORDER_PAYMENT,2026-08-31 12:33:13
TX-10171,ORD-6171,CUSTOMER,CUST-0491,358.12,INFLOW,ORDER_PAYMENT,2026-08-31 12:41:45
TX-10172,ORD-6172,CUSTOMER,CUST-0473,1524.23,INFLOW,ORDER_PAYMENT,2026-08-31 12:50:08
TX-10173,ORD-6173,CUSTOMER,CUST-0201,431.18,INFLOW,ORDER_PAYMENT,2026-08-31 12:58:31
TX-10174,ORD-6174,CUSTOMER,CUST-0246,3722.35,INFLOW,ORDER_PAYMENT,2026-08-31 13:06:29
TX-10175,ORD-6175,CUSTOMER,CUST-0035,2449.37,INFLOW,ORDER_PAYMENT,2026-08-31 13:15:20
TX-10176,ORD-6176,CUSTOMER,CUST-0351,3211.6,INFLOW,ORDER_PAYMENT,2026-08-31 13:23:18
TX-10177,ORD-6177,CUSTOMER,CUST-0406,358.12,INFLOW,ORDER_PAYMENT,2026-08-31 13:31:50
TX-10178,ORD-6178,CUSTOMER,CUST-0360,3570.49,INFLOW,ORDER_PAYMENT,2026-08-31 13:40:34
TX-10179,ORD-6179,CUSTOMER,CUST-0248,2252.3,INFLOW,ORDER_PAYMENT,2026-08-31 13:48:35
TX-10180,ORD-6180,CUSTOMER,CUST-0156,4458.58,INFLOW,ORDER_PAYMENT,2026-08-31 13:57:11
TX-10181,ORD-6181,CUSTOMER,CUST-0099,414.04,INFLOW,ORDER_PAYMENT,2026-08-31 14:05:17
TX-10182,ORD-6182,CUSTOMER,CUST-0367,2180.0,INFLOW,ORDER_PAYMENT,2026-08-31 14:13:40
TX-10183,ORD-6183,CUSTOMER,CUST-0372,3737.74,INFLOW,ORDER_PAYMENT,2026-08-31 14:22:22
TX-10184,ORD-6184,CUSTOMER,CUST-0369,291.34,INFLOW,ORDER_PAYMENT,2026-08-31 14:30:40
TX-10185,ORD-6185,CUSTOMER,CUST-0231,4337.59,INFLOW,ORDER_PAYMENT,2026-08-31 14:39:07
TX-10186,ORD-6186,CUSTOMER,CUST-0480,1231.42,INFLOW,ORDER_PAYMENT,2026-08-31 14:47:26
TX-10187,ORD-6187,CUSTOMER,CUST-0176,3564.2,INFLOW,ORDER_PAYMENT,2026-08-31 14:55:59
TX-10188,ORD-6188,CUSTOMER,CUST-0438,4030.3,INFLOW,ORDER_PAYMENT,2026-08-31 15:04:30
TX-10189,ORD-6189,CUSTOMER,CUST-0185,3554.02,INFLOW,ORDER_PAYMENT,2026-08-31 15:12:45
TX-10190,ORD-6190,CUSTOMER,CUST-0249,2560.05,INFLOW,ORDER_PAYMENT,2026-08-31 15:21:11
TX-10191,ORD-6191,CUSTOMER,CUST-0238,2252.3,INFLOW,ORDER_PAYMENT,2026-08-31 15:29:19
TX-10192,ORD-6192,CUSTOMER,CUST-0294,291.34,INFLOW,ORDER_PAYMENT,2026-08-31 15:38:01
TX-10193,ORD-6193,CUSTOMER,CUST-0347,1229.97,INFLOW,ORDER_PAYMENT,2026-08-31 15:46:19
TX-10194,ORD-6194,CUSTOMER,CUST-0408,431.18,INFLOW,ORDER_PAYMENT,2026-08-31 15:54:54
TX-10195,ORD-6195,CUSTOMER,CUST-0483,3310.04,INFLOW,ORDER_PAYMENT,2026-08-31 16:02:58
TX-10196,ORD-6196,CUSTOMER,CUST-0020,4424.97,INFLOW,ORDER_PAYMENT,2026-08-31 16:11:31
TX-10197,ORD-6197,CUSTOMER,CUST-0258,3655.67,INFLOW,ORDER_PAYMENT,2026-08-31 16:20:06
TX-10198,ORD-6198,CUSTOMER,CUST-0342,656.92,INFLOW,ORDER_PAYMENT,2026-08-31 16:28:14
TX-10199,ORD-6199,CUSTOMER,CUST-0381,4030.3,INFLOW,ORDER_PAYMENT,2026-08-31 16:36:54
TX-10200,ORD-6200,CUSTOMER,CUST-0141,4074.31,INFLOW,ORDER_PAYMENT,2026-08-31 16:45:04
TX-10201,ORD-6201,CUSTOMER,CUST-0439,3985.8,INFLOW,ORDER_PAYMENT,2026-08-31 16:53:30
TX-10202,ORD-6202,CUSTOMER,CUST-0283,3904.05,INFLOW,ORDER_PAYMENT,2026-08-31 17:01:58
TX-10203,ORD-6203,CUSTOMER,CUST-0141,4054.3,INFLOW,ORDER_PAYMENT,2026-08-31 17:10:24
TX-10204,ORD-6204,CUSTOMER,CUST-0256,883.38,INFLOW,ORDER_PAYMENT,2026-08-31 17:18:43
TX-10205,ORD-6205,CUSTOMER,CUST-0134,557.56,INFLOW,ORDER_PAYMENT,2026-08-31 17:26:58
TX-10206,ORD-6206,CUSTOMER,CUST-0260,3786.85,INFLOW,ORDER_PAYMENT,2026-08-31 17:35:38
TX-10207,ORD-6207,CUSTOMER,CUST-0309,3063.16,INFLOW,ORDER_PAYMENT,2026-08-31 17:43:41
TX-10208,ORD-6208,CUSTOMER,CUST-0134,2252.3,INFLOW,ORDER_PAYMENT,2026-08-31 17:52:11
TX-10209,ORD-6209,CUSTOMER,CUST-0204,851.72,INFLOW,ORDER_PAYMENT,2026-08-31 18:00:51
TX-10210,ORD-6210,CUSTOMER,CUST-0308,1604.68,INFLOW,ORDER_PAYMENT,2026-08-31 18:09:04
TX-10211,ORD-6211,CUSTOMER,CUST-0370,1703.44,INFLOW,ORDER_PAYMENT,2026-08-31 18:17:31
TX-10212,ORD-6212,CUSTOMER,CUST-0362,1948.31,INFLOW,ORDER_PAYMENT,2026-08-31 18:25:39
TX-10213,ORD-6213,CUSTOMER,CUST-0342,7108.04,INFLOW,ORDER_PAYMENT,2026-08-31 18:34:23
TX-10214,ORD-6214,CUSTOMER,CUST-0341,1100.0,INFLOW,ORDER_PAYMENT,2026-08-31 18:42:44
TX-10215,ORD-6215,CUSTOMER,CUST-0144,3527.16,INFLOW,ORDER_PAYMENT,2026-08-31 18:50:54
TX-10216,ORD-6216,CUSTOMER,CUST-0421,3855.71,INFLOW,ORDER_PAYMENT,2026-08-31 18:59:25
TX-10217,ORD-6217,CUSTOMER,CUST-0494,2200.0,INFLOW,ORDER_PAYMENT,2026-08-31 19:07:38
TX-10218,ORD-6218,CUSTOMER,CUST-0375,7108.04,INFLOW,ORDER_PAYMENT,2026-08-31 19:16:24
TX-10219,ORD-6219,CUSTOMER,CUST-0285,4030.3,INFLOW,ORDER_PAYMENT,2026-08-31 19:24:43
TX-10220,ORD-6220,CUSTOMER,CUST-0369,3684.61,INFLOW,ORDER_PAYMENT,2026-08-31 19:33:13
TX-10221,ORD-6221,CUSTOMER,CUST-0370,1004.29,INFLOW,ORDER_PAYMENT,2026-08-31 19:41:16
TX-10222,ORD-6222,CUSTOMER,CUST-0261,535.08,INFLOW,ORDER_PAYMENT,2026-08-31 19:50:07
TX-10223,ORD-6223,CUSTOMER,CUST-0495,2788.05,INFLOW,ORDER_PAYMENT,2026-08-31 19:58:09
TX-10224,ORD-6224,CUSTOMER,CUST-0488,358.12,INFLOW,ORDER_PAYMENT,2026-08-31 20:06:37
TX-10225,ORD-6225,CUSTOMER,CUST-0111,3786.85,INFLOW,ORDER_PAYMENT,2026-08-31 20:15:13
TX-10226,ORD-6226,CUSTOMER,CUST-0329,4390.3,INFLOW,ORDER_PAYMENT,2026-08-31 20:23:39
TX-10227,ORD-6227,CUSTOMER,CUST-0129,4337.59,INFLOW,ORDER_PAYMENT,2026-08-31 20:31:53
TX-10228,ORD-6228,CUSTOMER,CUST-0112,535.08,INFLOW,ORDER_PAYMENT,2026-08-31 20:40:30
TX-10229,ORD-6229,CUSTOMER,CUST-0451,4226.7,INFLOW,ORDER_PAYMENT,2026-08-31 20:48:54
TX-10230,ORD-6230,CUSTOMER,CUST-0306,656.92,INFLOW,ORDER_PAYMENT,2026-08-31 20:56:49
TX-10231,ORD-6231,CUSTOMER,CUST-0080,3464.6,INFLOW,ORDER_PAYMENT,2026-08-31 21:05:34
TX-10232,ORD-6232,CUSTOMER,CUST-0250,3722.35,INFLOW,ORDER_PAYMENT,2026-08-31 21:13:59
TX-10233,ORD-6233,CUSTOMER,CUST-0215,3297.77,INFLOW,ORDER_PAYMENT,2026-08-31 21:22:03
TX-10234,ORD-6234,CUSTOMER,CUST-0001,1605.72,INFLOW,ORDER_PAYMENT,2026-08-31 21:30:31
TX-10235,ORD-6235,CUSTOMER,CUST-0164,1992.9,INFLOW,ORDER_PAYMENT,2026-08-31 21:39:01
TX-10236,ORD-6236,CUSTOMER,CUST-0466,2180.0,INFLOW,ORDER_PAYMENT,2026-08-31 21:47:25
TX-10237,ORD-6237,CUSTOMER,CUST-0429,2589.06,INFLOW,ORDER_PAYMENT,2026-08-31 21:55:50
TX-10238,ORD-6238,CUSTOMER,CUST-0080,3482.21,INFLOW,ORDER_PAYMENT,2026-08-31 22:04:27
TX-10239,ORD-6239,CUSTOMER,CUST-0480,7275.16,INFLOW,ORDER_PAYMENT,2026-08-31 22:12:47
TX-10240,ORD-6240,CUSTOMER,CUST-0341,4424.97,INFLOW,ORDER_PAYMENT,2026-08-31 22:21:09
TX-10241,ORD-6241,CUSTOMER,CUST-0152,3482.21,INFLOW,ORDER_PAYMENT,2026-08-31 22:29:18
TX-10242,ORD-6242,CUSTOMER,CUST-0360,4272.95,INFLOW,ORDER_PAYMENT,2026-08-31 22:37:56
TX-10243,ORD-6243,CUSTOMER,CUST-0433,1904.59,INFLOW,ORDER_PAYMENT,2026-08-31 22:46:09
TX-10244,ORD-6244,CUSTOMER,CUST-0004,1299.1,INFLOW,ORDER_PAYMENT,2026-08-31 22:54:53
TX-10245,ORD-6245,CUSTOMER,CUST-0012,6392.14,INFLOW,ORDER_PAYMENT,2026-08-31 23:03:16
TX-10246,ORD-6246,CUSTOMER,CUST-0074,4054.3,INFLOW,ORDER_PAYMENT,2026-08-31 23:11:16
TX-10247,ORD-6247,CUSTOMER,CUST-0105,3211.44,INFLOW,ORDER_PAYMENT,2026-08-31 23:19:47
TX-10248,ORD-6248,CUSTOMER,CUST-0402,3527.16,INFLOW,ORDER_PAYMENT,2026-08-31 23:28:27
TX-10249,ORD-6249,CUSTOMER,CUST-0254,4458.58,INFLOW,ORDER_PAYMENT,2026-08-31 23:36:40
TX-10250,ORD-6250,CUSTOMER,CUST-0385,2200.0,INFLOW,ORDER_PAYMENT,2026-08-31 23:44:55
TX-10251,ORD-6251,CUSTOMER,CUST-0100,656.92,INFLOW,ORDER_PAYMENT,2026-08-31 23:53:20
TX-10252,ORD-6252,CUSTOMER,CUST-0385,4448.99,INFLOW,ORDER_PAYMENT,2026-09-01 00:01:53
TX-10253,ORD-6253,CUSTOMER,CUST-0345,2788.05,INFLOW,ORDER_PAYMENT,2026-09-01 00:10:07
TX-10254,ORD-6254,CUSTOMER,CUST-0143,3412.17,INFLOW,ORDER_PAYMENT,2026-09-01 00:18:34
TX-10255,ORD-6255,CUSTOMER,CUST-0238,7242.6,INFLOW,ORDER_PAYMENT,2026-09-01 00:26:53
TX-10256,ORD-6256,CUSTOMER,CUST-0084,3063.16,INFLOW,ORDER_PAYMENT,2026-09-01 00:35:15
TX-10257,ORD-6257,CUSTOMER,CUST-0425,4448.99,INFLOW,ORDER_PAYMENT,2026-09-01 00:43:37
TX-10258,ORD-6258,CUSTOMER,CUST-0398,535.08,INFLOW,ORDER_PAYMENT,2026-09-01 00:52:19
TX-10259,ORD-6259,CUSTOMER,CUST-0371,4076.43,INFLOW,ORDER_PAYMENT,2026-09-01 01:00:22
TX-10260,ORD-6260,CUSTOMER,CUST-0068,3621.3,INFLOW,ORDER_PAYMENT,2026-09-01 01:08:56
TX-10261,ORD-6261,CUSTOMER,CUST-0094,2483.23,INFLOW,ORDER_PAYMENT,2026-09-01 01:17:12
TX-10262,ORD-6262,CUSTOMER,CUST-0216,2644.13,INFLOW,ORDER_PAYMENT,2026-09-01 01:25:37
TX-10263,ORD-6263,CUSTOMER,CUST-0424,2757.05,INFLOW,ORDER_PAYMENT,2026-09-01 01:34:20
TX-10264,ORD-6264,CUSTOMER,CUST-0403,613.4,INFLOW,ORDER_PAYMENT,2026-09-01 01:42:37
TX-10265,ORD-6265,CUSTOMER,CUST-0257,4272.95,INFLOW,ORDER_PAYMENT,2026-09-01 01:50:52
TX-10266,ORD-6266,CUSTOMER,CUST-0326,4226.7,INFLOW,ORDER_PAYMENT,2026-09-01 01:59:33
TX-10267,ORD-6267,CUSTOMER,CUST-0260,263.42,INFLOW,ORDER_PAYMENT,2026-09-01 02:07:57
TX-10268,ORD-6268,CUSTOMER,CUST-0212,674.08,INFLOW,ORDER_PAYMENT,2026-09-01 02:16:11
TX-10269,ORD-6269,CUSTOMER,CUST-0386,1090.0,INFLOW,ORDER_PAYMENT,2026-09-01 02:24:47
TX-10270,ORD-6270,CUSTOMER,CUST-0351,2757.05,INFLOW,ORDER_PAYMENT,2026-09-01 02:32:54
TX-10271,ORD-6271,CUSTOMER,CUST-0101,4131.02,INFLOW,ORDER_PAYMENT,2026-09-01 02:41:36
TX-10272,ORD-6272,CUSTOMER,CUST-0373,5288.26,INFLOW,ORDER_PAYMENT,2026-09-01 02:49:58
TX-10273,ORD-6273,CUSTOMER,CUST-0044,1100.0,INFLOW,ORDER_PAYMENT,2026-09-01 02:58:17
TX-10274,ORD-6274,CUSTOMER,CUST-0421,1004.29,INFLOW,ORDER_PAYMENT,2026-09-01 03:06:32
TX-10275,ORD-6275,CUSTOMER,CUST-0233,8780.6,INFLOW,ORDER_PAYMENT,2026-09-01 03:15:11
TX-10276,ORD-6276,CUSTOMER,CUST-0157,4424.97,INFLOW,ORDER_PAYMENT,2026-09-01 03:23:31
TX-10277,ORD-6277,CUSTOMER,CUST-0407,4054.3,INFLOW,ORDER_PAYMENT,2026-09-01 03:31:45
TX-10278,ORD-6278,CUSTOMER,CUST-0468,1100.0,INFLOW,ORDER_PAYMENT,2026-09-01 03:40:19
TX-10279,ORD-6279,CUSTOMER,CUST-0281,1004.29,INFLOW,ORDER_PAYMENT,2026-09-01 03:48:26
TX-10280,ORD-6280,CUSTOMER,CUST-0226,1125.08,INFLOW,ORDER_PAYMENT,2026-09-01 03:56:48
TX-10281,ORD-6281,CUSTOMER,CUST-0271,4336.35,INFLOW,ORDER_PAYMENT,2026-09-01 04:05:27
TX-10282,ORD-6282,CUSTOMER,CUST-0222,2788.05,INFLOW,ORDER_PAYMENT,2026-09-01 04:13:34
TX-10283,ORD-6283,CUSTOMER,CUST-0491,828.08,INFLOW,ORDER_PAYMENT,2026-09-01 04:22:18
TX-10284,ORD-6284,CUSTOMER,CUST-0091,674.08,INFLOW,ORDER_PAYMENT,2026-09-01 04:30:23
TX-10285,ORD-6285,CUSTOMER,CUST-0377,3855.71,INFLOW,ORDER_PAYMENT,2026-09-01 04:38:58
TX-10286,ORD-6286,CUSTOMER,CUST-0103,829.04,INFLOW,ORDER_PAYMENT,2026-09-01 04:47:10
TX-10287,ORD-6287,CUSTOMER,CUST-0478,1090.0,INFLOW,ORDER_PAYMENT,2026-09-01 04:55:48
TX-10288,ORD-6288,CUSTOMER,CUST-0087,1862.43,INFLOW,ORDER_PAYMENT,2026-09-01 05:04:06
TX-10289,ORD-6289,CUSTOMER,CUST-0060,1604.68,INFLOW,ORDER_PAYMENT,2026-09-01 05:12:22
TX-10290,ORD-6290,CUSTOMER,CUST-0468,3482.21,INFLOW,ORDER_PAYMENT,2026-09-01 05:20:52
TX-10291,ORD-6291,CUSTOMER,CUST-0031,1544.47,INFLOW,ORDER_PAYMENT,2026-09-01 05:29:15
TX-10292,ORD-6292,CUSTOMER,CUST-0045,4054.3,INFLOW,ORDER_PAYMENT,2026-09-01 05:37:37
TX-10293,ORD-6293,CUSTOMER,CUST-0476,3196.07,INFLOW,ORDER_PAYMENT,2026-09-01 05:45:56
TX-10294,ORD-6294,CUSTOMER,CUST-0115,7138.5,INFLOW,ORDER_PAYMENT,2026-09-01 05:54:21
TX-10295,ORD-6295,CUSTOMER,CUST-0213,1948.31,INFLOW,ORDER_PAYMENT,2026-09-01 06:02:55
TX-10296,ORD-6296,CUSTOMER,CUST-0323,3904.05,INFLOW,ORDER_PAYMENT,2026-09-01 06:11:22
TX-10297,ORD-6297,CUSTOMER,CUST-0207,3786.85,INFLOW,ORDER_PAYMENT,2026-09-01 06:19:39
TX-10298,ORD-6298,CUSTOMER,CUST-0250,3564.2,INFLOW,ORDER_PAYMENT,2026-09-01 06:28:11
TX-10299,ORD-6299,CUSTOMER,CUST-0452,1862.43,INFLOW,ORDER_PAYMENT,2026-09-01 06:36:35
TX-10300,ORD-6300,CUSTOMER,CUST-0430,3310.04,INFLOW,ORDER_PAYMENT,2026-09-01 06:45:09
TX-10301,ORD-6301,CUSTOMER,CUST-0177,4272.95,INFLOW,ORDER_PAYMENT,2026-09-01 06:53:33
TX-10302,ORD-6302,CUSTOMER,CUST-0059,4101.12,INFLOW,ORDER_PAYMENT,2026-09-01 07:01:53
TX-10303,ORD-6303,CUSTOMER,CUST-0291,8849.94,INFLOW,ORDER_PAYMENT,2026-09-01 07:10:19
TX-10304,ORD-6304,CUSTOMER,CUST-0378,1524.23,INFLOW,ORDER_PAYMENT,2026-09-01 07:18:47
TX-10305,ORD-6305,CUSTOMER,CUST-0052,3684.61,INFLOW,ORDER_PAYMENT,2026-09-01 07:27:04
TX-10306,ORD-6306,CUSTOMER,CUST-0472,2200.0,INFLOW,ORDER_PAYMENT,2026-09-01 07:35:26
TX-10307,ORD-6307,CUSTOMER,CUST-0008,258.84,INFLOW,ORDER_PAYMENT,2026-09-01 07:43:31
TX-10308,ORD-6308,CUSTOMER,CUST-0195,1076.17,INFLOW,ORDER_PAYMENT,2026-09-01 07:52:05
TX-10309,ORD-6309,CUSTOMER,CUST-0192,1544.47,INFLOW,ORDER_PAYMENT,2026-09-01 08:00:21
TX-10310,ORD-6310,CUSTOMER,CUST-0085,1100.0,INFLOW,ORDER_PAYMENT,2026-09-01 08:08:59
TX-10311,ORD-6311,CUSTOMER,CUST-0110,656.92,INFLOW,ORDER_PAYMENT,2026-09-01 08:17:17
TX-10312,ORD-6312,CUSTOMER,CUST-0299,4257.97,INFLOW,ORDER_PAYMENT,2026-09-01 08:25:32
TX-10313,ORD-6313,CUSTOMER,CUST-0132,1732.3,INFLOW,ORDER_PAYMENT,2026-09-01 08:33:57
TX-10314,ORD-6314,CUSTOMER,CUST-0366,7180.6,INFLOW,ORDER_PAYMENT,2026-09-01 08:42:33
TX-10315,ORD-6315,CUSTOMER,CUST-0337,4076.43,INFLOW,ORDER_PAYMENT,2026-09-01 08:50:57
TX-10316,ORD-6316,CUSTOMER,CUST-0336,535.08,INFLOW,ORDER_PAYMENT,2026-09-01 08:59:33
TX-10317,ORD-6317,CUSTOMER,CUST-0129,2788.05,INFLOW,ORDER_PAYMENT,2026-09-01 09:07:32
TX-10318,ORD-6318,CUSTOMER,CUST-0279,3297.77,INFLOW,ORDER_PAYMENT,2026-09-01 09:16:05
TX-10319,ORD-6319,CUSTOMER,CUST-0498,1544.47,INFLOW,ORDER_PAYMENT,2026-09-01 09:24:27
TX-10320,ORD-6320,CUSTOMER,CUST-0279,851.72,INFLOW,ORDER_PAYMENT,2026-09-01 09:32:58
TX-10321,ORD-6321,CUSTOMER,CUST-0291,7311.34,INFLOW,ORDER_PAYMENT,2026-09-01 09:41:34
TX-10322,ORD-6322,CUSTOMER,CUST-0035,3554.02,INFLOW,ORDER_PAYMENT,2026-09-01 09:49:31
TX-10323,ORD-6323,CUSTOMER,CUST-0258,1524.23,INFLOW,ORDER_PAYMENT,2026-09-01 09:58:00
TX-10324,ORD-6324,CUSTOMER,CUST-0495,306.7,INFLOW,ORDER_PAYMENT,2026-09-01 10:06:27
TX-10325,ORD-6325,CUSTOMER,CUST-0006,4294.61,INFLOW,ORDER_PAYMENT,2026-09-01 10:14:54
TX-10326,ORD-6326,CUSTOMER,CUST-0116,3904.31,INFLOW,ORDER_PAYMENT,2026-09-01 10:23:20
TX-10327,ORD-6327,CUSTOMER,CUST-0050,4448.99,INFLOW,ORDER_PAYMENT,2026-09-01 10:31:35
TX-10328,ORD-6328,CUSTOMER,CUST-0100,2419.53,INFLOW,ORDER_PAYMENT,2026-09-01 10:40:11
TX-10329,ORD-6329,CUSTOMER,CUST-0056,3897.52,INFLOW,ORDER_PAYMENT,2026-09-01 10:48:38
TX-10330,ORD-6330,CUSTOMER,CUST-0305,431.18,INFLOW,ORDER_PAYMENT,2026-09-01 10:56:46
TX-10331,ORD-6331,CUSTOMER,CUST-0019,414.04,INFLOW,ORDER_PAYMENT,2026-09-01 11:05:31
TX-10332,ORD-6332,CUSTOMER,CUST-0005,818.39,INFLOW,ORDER_PAYMENT,2026-09-01 11:13:35
TX-10333,ORD-6333,CUSTOMER,CUST-0237,4424.97,INFLOW,ORDER_PAYMENT,2026-09-01 11:22:08
TX-10334,ORD-6334,CUSTOMER,CUST-0364,306.7,INFLOW,ORDER_PAYMENT,2026-09-01 11:30:18
TX-10335,ORD-6335,CUSTOMER,CUST-0041,1100.0,INFLOW,ORDER_PAYMENT,2026-09-01 11:38:50
TX-10336,ORD-6336,CUSTOMER,CUST-0033,7180.6,INFLOW,ORDER_PAYMENT,2026-09-01 11:47:26
TX-10337,ORD-6337,CUSTOMER,CUST-0241,3569.25,INFLOW,ORDER_PAYMENT,2026-09-01 11:55:54
TX-10338,ORD-6338,CUSTOMER,CUST-0073,3570.49,INFLOW,ORDER_PAYMENT,2026-09-01 12:04:15
TX-10339,ORD-6339,CUSTOMER,CUST-0453,4390.3,INFLOW,ORDER_PAYMENT,2026-09-01 12:12:38
TX-10340,ORD-6340,CUSTOMER,CUST-0296,4458.58,INFLOW,ORDER_PAYMENT,2026-09-01 12:21:06
TX-10341,ORD-6341,CUSTOMER,CUST-0220,3786.85,INFLOW,ORDER_PAYMENT,2026-09-01 12:29:29
TX-10342,ORD-6342,CUSTOMER,CUST-0250,3737.74,INFLOW,ORDER_PAYMENT,2026-09-01 12:37:35
TX-10343,ORD-6343,CUSTOMER,CUST-0191,818.39,INFLOW,ORDER_PAYMENT,2026-09-01 12:46:21
TX-10344,ORD-6344,CUSTOMER,CUST-0080,3482.21,INFLOW,ORDER_PAYMENT,2026-09-01 12:54:22
TX-10345,ORD-6345,CUSTOMER,CUST-0103,2757.05,INFLOW,ORDER_PAYMENT,2026-09-01 13:02:47
TX-10346,ORD-6346,CUSTOMER,CUST-0149,3855.71,INFLOW,ORDER_PAYMENT,2026-09-01 13:11:12
TX-10347,ORD-6347,CUSTOMER,CUST-0388,1299.1,INFLOW,ORDER_PAYMENT,2026-09-01 13:19:39
TX-10348,ORD-6348,CUSTOMER,CUST-0352,7635.02,INFLOW,ORDER_PAYMENT,2026-09-01 13:28:01
TX-10349,ORD-6349,CUSTOMER,CUST-0012,1100.0,INFLOW,ORDER_PAYMENT,2026-09-01 13:36:17
TX-10350,ORD-6350,CUSTOMER,CUST-0334,1862.43,INFLOW,ORDER_PAYMENT,2026-09-01 13:44:43
TX-10351,ORD-6351,CUSTOMER,CUST-0275,1768.39,INFLOW,ORDER_PAYMENT,2026-09-01 13:53:32
TX-10352,ORD-6352,CUSTOMER,CUST-0427,4336.35,INFLOW,ORDER_PAYMENT,2026-09-01 14:01:44
TX-10353,ORD-6353,CUSTOMER,CUST-0008,2836.68,INFLOW,ORDER_PAYMENT,2026-09-01 14:10:12
TX-10354,ORD-6354,CUSTOMER,CUST-0141,3569.25,INFLOW,ORDER_PAYMENT,2026-09-01 14:18:38
TX-10355,ORD-6355,CUSTOMER,CUST-0422,4272.95,INFLOW,ORDER_PAYMENT,2026-09-01 14:26:50
TX-10356,ORD-6356,CUSTOMER,CUST-0106,2788.05,INFLOW,ORDER_PAYMENT,2026-09-01 14:35:33
TX-10357,ORD-6357,CUSTOMER,CUST-0279,258.84,INFLOW,ORDER_PAYMENT,2026-09-01 14:43:48
TX-10358,ORD-6358,CUSTOMER,CUST-0078,2252.3,INFLOW,ORDER_PAYMENT,2026-09-01 14:51:57
TX-10359,ORD-6359,CUSTOMER,CUST-0391,535.08,INFLOW,ORDER_PAYMENT,2026-09-01 15:00:43
TX-10360,ORD-6360,CUSTOMER,CUST-0149,4093.93,INFLOW,ORDER_PAYMENT,2026-09-01 15:08:57
TX-10361,ORD-6361,CUSTOMER,CUST-0314,4076.43,INFLOW,ORDER_PAYMENT,2026-09-01 15:17:28
TX-10362,ORD-6362,CUSTOMER,CUST-0253,1100.0,INFLOW,ORDER_PAYMENT,2026-09-01 15:25:46
TX-10363,ORD-6363,CUSTOMER,CUST-0089,2065.51,INFLOW,ORDER_PAYMENT,2026-09-01 15:33:50
TX-10364,ORD-6364,CUSTOMER,CUST-0313,1100.0,INFLOW,ORDER_PAYMENT,2026-09-01 15:42:21
TX-10365,ORD-6365,CUSTOMER,CUST-0180,851.72,INFLOW,ORDER_PAYMENT,2026-09-01 15:50:51
TX-10366,ORD-6366,CUSTOMER,CUST-0426,3737.74,INFLOW,ORDER_PAYMENT,2026-09-01 15:59:20
TX-10367,ORD-6367,CUSTOMER,CUST-0365,4504.6,INFLOW,ORDER_PAYMENT,2026-09-01 16:07:46
TX-10368,ORD-6368,CUSTOMER,CUST-0474,674.08,INFLOW,ORDER_PAYMENT,2026-09-01 16:16:08
TX-10369,ORD-6369,CUSTOMER,CUST-0203,1076.17,INFLOW,ORDER_PAYMENT,2026-09-01 16:24:41
TX-10370,ORD-6370,CUSTOMER,CUST-0349,8060.6,INFLOW,ORDER_PAYMENT,2026-09-01 16:32:56
TX-10371,ORD-6371,CUSTOMER,CUST-0287,674.08,INFLOW,ORDER_PAYMENT,2026-09-01 16:41:31
TX-10372,ORD-6372,CUSTOMER,CUST-0499,4226.7,INFLOW,ORDER_PAYMENT,2026-09-01 16:49:52
TX-10373,ORD-6373,CUSTOMER,CUST-0126,3052.92,INFLOW,ORDER_PAYMENT,2026-09-01 16:58:08
TX-10374,ORD-6374,CUSTOMER,CUST-0170,674.08,INFLOW,ORDER_PAYMENT,2026-09-01 17:06:26
TX-10375,ORD-6375,CUSTOMER,CUST-0069,3722.35,INFLOW,ORDER_PAYMENT,2026-09-01 17:15:03
TX-10376,ORD-6376,CUSTOMER,CUST-0236,431.18,INFLOW,ORDER_PAYMENT,2026-09-01 17:23:23
TX-10377,ORD-6377,CUSTOMER,CUST-0065,3303.71,INFLOW,ORDER_PAYMENT,2026-09-01 17:31:35
TX-10378,ORD-6378,CUSTOMER,CUST-0349,1992.9,INFLOW,ORDER_PAYMENT,2026-09-01 17:40:11
TX-10379,ORD-6379,CUSTOMER,CUST-0196,1090.0,INFLOW,ORDER_PAYMENT,2026-09-01 17:48:27
TX-10380,ORD-6380,CUSTOMER,CUST-0126,1100.0,INFLOW,ORDER_PAYMENT,2026-09-01 17:57:07
TX-10381,ORD-6381,CUSTOMER,CUST-0091,263.42,INFLOW,ORDER_PAYMENT,2026-09-01 18:05:02
TX-10382,ORD-6382,CUSTOMER,CUST-0401,2449.37,INFLOW,ORDER_PAYMENT,2026-09-01 18:13:55
TX-10383,ORD-6383,CUSTOMER,CUST-0059,1076.17,INFLOW,ORDER_PAYMENT,2026-09-01 18:22:01
TX-10384,ORD-6384,CUSTOMER,CUST-0361,1524.23,INFLOW,ORDER_PAYMENT,2026-09-01 18:30:38
TX-10385,ORD-6385,CUSTOMER,CUST-0467,1100.0,INFLOW,ORDER_PAYMENT,2026-09-01 18:38:56
TX-10386,ORD-6386,CUSTOMER,CUST-0281,3310.04,INFLOW,ORDER_PAYMENT,2026-09-01 18:47:25
TX-10387,ORD-6387,CUSTOMER,CUST-0209,431.18,INFLOW,ORDER_PAYMENT,2026-09-01 18:55:31
TX-10388,ORD-6388,CUSTOMER,CUST-0096,1904.59,INFLOW,ORDER_PAYMENT,2026-09-01 19:04:06
TX-10389,ORD-6389,CUSTOMER,CUST-0270,3314.53,INFLOW,ORDER_PAYMENT,2026-09-01 19:12:23
TX-10390,ORD-6390,CUSTOMER,CUST-0248,3904.05,INFLOW,ORDER_PAYMENT,2026-09-01 19:20:39
TX-10391,ORD-6391,CUSTOMER,CUST-0374,1732.3,INFLOW,ORDER_PAYMENT,2026-09-01 19:29:01
TX-10392,ORD-6392,CUSTOMER,CUST-0226,4226.7,INFLOW,ORDER_PAYMENT,2026-09-01 19:37:34
TX-10393,ORD-6393,CUSTOMER,CUST-0168,3314.53,INFLOW,ORDER_PAYMENT,2026-09-01 19:45:53
TX-10394,ORD-6394,CUSTOMER,CUST-0233,4131.02,INFLOW,ORDER_PAYMENT,2026-09-01 19:54:31
TX-10395,ORD-6395,CUSTOMER,CUST-0195,2589.06,INFLOW,ORDER_PAYMENT,2026-09-01 20:03:01
TX-10396,ORD-6396,CUSTOMER,CUST-0009,3305.06,INFLOW,ORDER_PAYMENT,2026-09-01 20:11:22
TX-10397,ORD-6397,CUSTOMER,CUST-0237,8187.86,INFLOW,ORDER_PAYMENT,2026-09-01 20:19:51
TX-10398,ORD-6398,CUSTOMER,CUST-0081,4054.3,INFLOW,ORDER_PAYMENT,2026-09-01 20:28:08
TX-10399,ORD-6399,CUSTOMER,CUST-0409,4390.3,INFLOW,ORDER_PAYMENT,2026-09-01 20:36:16
TX-10400,ORD-6400,CUSTOMER,CUST-0302,1100.0,INFLOW,ORDER_PAYMENT,2026-09-01 20:44:57
TX-10401,ORD-6401,CUSTOMER,CUST-0039,3904.05,INFLOW,ORDER_PAYMENT,2026-09-01 20:53:27
TX-10402,ORD-6402,CUSTOMER,CUST-0229,2757.05,INFLOW,ORDER_PAYMENT,2026-09-01 21:01:52
TX-10403,ORD-6403,CUSTOMER,CUST-0425,1418.34,INFLOW,ORDER_PAYMENT,2026-09-01 21:10:07
TX-10404,ORD-6404,CUSTOMER,CUST-0014,1004.29,INFLOW,ORDER_PAYMENT,2026-09-01 21:18:34
TX-10405,ORD-6405,CUSTOMER,CUST-0445,3314.53,INFLOW,ORDER_PAYMENT,2026-09-01 21:26:56
TX-10406,ORD-6406,CUSTOMER,CUST-0218,3246.81,INFLOW,ORDER_PAYMENT,2026-09-01 21:35:12
TX-10407,ORD-6407,CUSTOMER,CUST-0327,291.34,INFLOW,ORDER_PAYMENT,2026-09-01 21:43:30
TX-10408,ORD-6408,CUSTOMER,CUST-0129,2589.06,INFLOW,ORDER_PAYMENT,2026-09-01 21:52:04
TX-10409,ORD-6409,CUSTOMER,CUST-0001,8202.24,INFLOW,ORDER_PAYMENT,2026-09-01 22:00:14
TX-10410,ORD-6410,CUSTOMER,CUST-0443,3297.77,INFLOW,ORDER_PAYMENT,2026-09-01 22:08:55
TX-10411,ORD-6411,CUSTOMER,CUST-0333,883.38,INFLOW,ORDER_PAYMENT,2026-09-01 22:17:03
TX-10412,ORD-6412,CUSTOMER,CUST-0098,2008.58,INFLOW,ORDER_PAYMENT,2026-09-01 22:25:40
TX-10413,ORD-6413,CUSTOMER,CUST-0030,8849.94,INFLOW,ORDER_PAYMENT,2026-09-01 22:34:03
TX-10414,ORD-6414,CUSTOMER,CUST-0487,3904.05,INFLOW,ORDER_PAYMENT,2026-09-01 22:42:13
TX-10415,ORD-6415,CUSTOMER,CUST-0284,4390.3,INFLOW,ORDER_PAYMENT,2026-09-01 22:50:48
TX-10416,ORD-6416,CUSTOMER,CUST-0132,1434.09,INFLOW,ORDER_PAYMENT,2026-09-01 22:58:58
TX-10417,ORD-6417,CUSTOMER,CUST-0085,3590.3,INFLOW,ORDER_PAYMENT,2026-09-01 23:07:42
TX-10418,ORD-6418,CUSTOMER,CUST-0002,3482.21,INFLOW,ORDER_PAYMENT,2026-09-01 23:15:57
TX-10419,ORD-6419,CUSTOMER,CUST-0326,2483.23,INFLOW,ORDER_PAYMENT,2026-09-01 23:24:31
TX-10420,ORD-6420,CUSTOMER,CUST-0048,889.09,INFLOW,ORDER_PAYMENT,2026-09-01 23:32:53
TX-10421,ORD-6421,CUSTOMER,CUST-0367,3024.83,INFLOW,ORDER_PAYMENT,2026-09-01 23:41:17
TX-10422,ORD-6422,CUSTOMER,CUST-0008,4257.97,INFLOW,ORDER_PAYMENT,2026-09-01 23:49:50
TX-10423,ORD-6423,CUSTOMER,CUST-0267,3412.17,INFLOW,ORDER_PAYMENT,2026-09-01 23:57:54
TX-10424,ORD-6424,CUSTOMER,CUST-0377,4294.61,INFLOW,ORDER_PAYMENT,2026-09-02 00:06:35
TX-10425,ORD-6425,CUSTOMER,CUST-0223,1100.0,INFLOW,ORDER_PAYMENT,2026-09-02 00:14:57
TX-10426,ORD-6426,CUSTOMER,CUST-0462,3817.51,INFLOW,ORDER_PAYMENT,2026-09-02 00:22:58
TX-10427,ORD-6427,CUSTOMER,CUST-0468,4337.59,INFLOW,ORDER_PAYMENT,2026-09-02 00:31:47
TX-10428,ORD-6428,CUSTOMER,CUST-0482,1125.08,INFLOW,ORDER_PAYMENT,2026-09-02 00:39:57
TX-10429,ORD-6429,CUSTOMER,CUST-0431,6105.84,INFLOW,ORDER_PAYMENT,2026-09-02 00:48:38
TX-10430,ORD-6430,CUSTOMER,CUST-0154,306.7,INFLOW,ORDER_PAYMENT,2026-09-02 00:56:42
TX-10431,ORD-6431,CUSTOMER,CUST-0423,818.39,INFLOW,ORDER_PAYMENT,2026-09-02 01:04:59
TX-10432,ORD-6432,CUSTOMER,CUST-0001,7444.7,INFLOW,ORDER_PAYMENT,2026-09-02 01:13:37
TX-10433,ORD-6433,CUSTOMER,CUST-0346,1231.42,INFLOW,ORDER_PAYMENT,2026-09-02 01:22:04
TX-10434,ORD-6434,CUSTOMER,CUST-0483,3684.61,INFLOW,ORDER_PAYMENT,2026-09-02 01:30:10
TX-10435,ORD-6435,CUSTOMER,CUST-0349,3314.53,INFLOW,ORDER_PAYMENT,2026-09-02 01:39:00
TX-10436,ORD-6436,CUSTOMER,CUST-0161,3904.31,INFLOW,ORDER_PAYMENT,2026-09-02 01:47:10
TX-10437,ORD-6437,CUSTOMER,CUST-0358,670.05,INFLOW,ORDER_PAYMENT,2026-09-02 01:55:43
TX-10438,ORD-6438,CUSTOMER,CUST-0500,4054.3,INFLOW,ORDER_PAYMENT,2026-09-02 02:03:58
TX-10439,ORD-6439,CUSTOMER,CUST-0227,3412.17,INFLOW,ORDER_PAYMENT,2026-09-02 02:12:37
TX-10440,ORD-6440,CUSTOMER,CUST-0376,829.04,INFLOW,ORDER_PAYMENT,2026-09-02 02:20:54
TX-10441,ORD-6441,CUSTOMER,CUST-0176,656.92,INFLOW,ORDER_PAYMENT,2026-09-02 02:29:05
TX-10442,ORD-6442,CUSTOMER,CUST-0067,4458.58,INFLOW,ORDER_PAYMENT,2026-09-02 02:37:45
TX-10443,ORD-6443,CUSTOMER,CUST-0150,258.84,INFLOW,ORDER_PAYMENT,2026-09-02 02:45:49
TX-10444,ORD-6444,CUSTOMER,CUST-0491,1924.84,INFLOW,ORDER_PAYMENT,2026-09-02 02:54:30
TX-10445,ORD-6445,CUSTOMER,CUST-0280,4905.66,INFLOW,ORDER_PAYMENT,2026-09-02 03:02:43
TX-10446,ORD-6446,CUSTOMER,CUST-0136,3305.06,INFLOW,ORDER_PAYMENT,2026-09-02 03:11:23
TX-10447,ORD-6447,CUSTOMER,CUST-0431,3904.31,INFLOW,ORDER_PAYMENT,2026-09-02 03:19:23
TX-10448,ORD-6448,CUSTOMER,CUST-0363,1924.84,INFLOW,ORDER_PAYMENT,2026-09-02 03:27:56
TX-10449,ORD-6449,CUSTOMER,CUST-0185,1418.34,INFLOW,ORDER_PAYMENT,2026-09-02 03:36:12
TX-10450,ORD-6450,CUSTOMER,CUST-0159,3246.81,INFLOW,ORDER_PAYMENT,2026-09-02 03:44:54
TX-10451,ORD-6451,CUSTOMER,CUST-0443,414.04,INFLOW,ORDER_PAYMENT,2026-09-02 03:53:20
TX-10452,ORD-6452,CUSTOMER,CUST-0128,889.09,INFLOW,ORDER_PAYMENT,2026-09-02 04:01:20
TX-10453,ORD-6453,CUSTOMER,CUST-0076,2200.0,INFLOW,ORDER_PAYMENT,2026-09-02 04:09:48
TX-10454,ORD-6454,CUSTOMER,CUST-0128,4504.6,INFLOW,ORDER_PAYMENT,2026-09-02 04:18:09
TX-10455,ORD-6455,CUSTOMER,CUST-0379,3737.74,INFLOW,ORDER_PAYMENT,2026-09-02 04:26:44
TX-10456,ORD-6456,CUSTOMER,CUST-0038,263.42,INFLOW,ORDER_PAYMENT,2026-09-02 04:35:16
TX-10457,ORD-6457,CUSTOMER,CUST-0403,818.39,INFLOW,ORDER_PAYMENT,2026-09-02 04:43:40
TX-10458,ORD-6458,CUSTOMER,CUST-0160,4076.43,INFLOW,ORDER_PAYMENT,2026-09-02 04:52:09
TX-10459,ORD-6459,CUSTOMER,CUST-0054,3246.81,INFLOW,ORDER_PAYMENT,2026-09-02 05:00:34
TX-10460,ORD-6460,CUSTOMER,CUST-0267,1100.0,INFLOW,ORDER_PAYMENT,2026-09-02 05:08:41
TX-10461,ORD-6461,CUSTOMER,CUST-0377,1524.23,INFLOW,ORDER_PAYMENT,2026-09-02 05:17:21
TX-10462,ORD-6462,CUSTOMER,CUST-0201,1100.0,INFLOW,ORDER_PAYMENT,2026-09-02 05:25:23
TX-10463,ORD-6463,CUSTOMER,CUST-0067,3722.35,INFLOW,ORDER_PAYMENT,2026-09-02 05:34:05
TX-10464,ORD-6464,CUSTOMER,CUST-0059,2065.51,INFLOW,ORDER_PAYMENT,2026-09-02 05:42:11
TX-10465,ORD-6465,CUSTOMER,CUST-0368,8780.6,INFLOW,ORDER_PAYMENT,2026-09-02 05:50:59
TX-10466,ORD-6466,CUSTOMER,CUST-0054,8202.24,INFLOW,ORDER_PAYMENT,2026-09-02 05:59:16
TX-10467,ORD-6467,CUSTOMER,CUST-0102,4030.3,INFLOW,ORDER_PAYMENT,2026-09-02 06:07:27
TX-10468,ORD-6468,CUSTOMER,CUST-0477,1948.31,INFLOW,ORDER_PAYMENT,2026-09-02 06:16:06
TX-10469,ORD-6469,CUSTOMER,CUST-0146,3024.83,INFLOW,ORDER_PAYMENT,2026-09-02 06:24:09
TX-10470,ORD-6470,CUSTOMER,CUST-0036,3855.71,INFLOW,ORDER_PAYMENT,2026-09-02 06:32:52
TX-10471,ORD-6471,CUSTOMER,CUST-0212,414.04,INFLOW,ORDER_PAYMENT,2026-09-02 06:41:09
TX-10472,ORD-6472,CUSTOMER,CUST-0284,4424.97,INFLOW,ORDER_PAYMENT,2026-09-02 06:49:38
TX-10473,ORD-6473,CUSTOMER,CUST-0475,2252.3,INFLOW,ORDER_PAYMENT,2026-09-02 06:57:48
TX-10474,ORD-6474,CUSTOMER,CUST-0383,1340.1,INFLOW,ORDER_PAYMENT,2026-09-02 07:06:19
TX-10475,ORD-6475,CUSTOMER,CUST-0290,2439.3,INFLOW,ORDER_PAYMENT,2026-09-02 07:14:35
TX-10476,ORD-6476,CUSTOMER,CUST-0353,1418.34,INFLOW,ORDER_PAYMENT,2026-09-02 07:23:22
TX-10477,ORD-6477,CUSTOMER,CUST-0296,4076.43,INFLOW,ORDER_PAYMENT,2026-09-02 07:31:40
TX-10478,ORD-6478,CUSTOMER,CUST-0299,3904.31,INFLOW,ORDER_PAYMENT,2026-09-02 07:39:59
TX-10479,ORD-6479,CUSTOMER,CUST-0120,3904.31,INFLOW,ORDER_PAYMENT,2026-09-02 07:48:30
TX-10480,ORD-6480,CUSTOMER,CUST-0181,535.08,INFLOW,ORDER_PAYMENT,2026-09-02 07:56:29
TX-10481,ORD-6481,CUSTOMER,CUST-0124,829.04,INFLOW,ORDER_PAYMENT,2026-09-02 08:05:05
TX-10482,ORD-6482,CUSTOMER,CUST-0396,4458.58,INFLOW,ORDER_PAYMENT,2026-09-02 08:13:29
TX-10483,ORD-6483,CUSTOMER,CUST-0124,3722.35,INFLOW,ORDER_PAYMENT,2026-09-02 08:21:55
TX-10484,ORD-6484,CUSTOMER,CUST-0276,6629.06,INFLOW,ORDER_PAYMENT,2026-09-02 08:30:30
TX-10485,ORD-6485,CUSTOMER,CUST-0279,1904.59,INFLOW,ORDER_PAYMENT,2026-09-02 08:38:32
TX-10486,ORD-6486,CUSTOMER,CUST-0476,3570.49,INFLOW,ORDER_PAYMENT,2026-09-02 08:47:09
TX-10487,ORD-6487,CUSTOMER,CUST-0198,1231.42,INFLOW,ORDER_PAYMENT,2026-09-02 08:55:30
TX-10488,ORD-6488,CUSTOMER,CUST-0173,2446.64,INFLOW,ORDER_PAYMENT,2026-09-02 09:04:05
TX-10489,ORD-6489,CUSTOMER,CUST-0140,1231.42,INFLOW,ORDER_PAYMENT,2026-09-02 09:12:11
TX-10490,ORD-6490,CUSTOMER,CUST-0442,4458.58,INFLOW,ORDER_PAYMENT,2026-09-02 09:20:59
TX-10491,ORD-6491,CUSTOMER,CUST-0020,670.05,INFLOW,ORDER_PAYMENT,2026-09-02 09:28:59
TX-10492,ORD-6492,CUSTOMER,CUST-0352,4294.61,INFLOW,ORDER_PAYMENT,2026-09-02 09:37:25
TX-10493,ORD-6493,CUSTOMER,CUST-0136,1768.39,INFLOW,ORDER_PAYMENT,2026-09-02 09:46:01
TX-10494,ORD-6494,CUSTOMER,CUST-0046,2589.06,INFLOW,ORDER_PAYMENT,2026-09-02 09:54:09
TX-10495,ORD-6495,CUSTOMER,CUST-0048,3063.16,INFLOW,ORDER_PAYMENT,2026-09-02 10:02:48
TX-10496,ORD-6496,CUSTOMER,CUST-0200,4226.7,INFLOW,ORDER_PAYMENT,2026-09-02 10:10:56
TX-10497,ORD-6497,CUSTOMER,CUST-0092,2589.06,INFLOW,ORDER_PAYMENT,2026-09-02 10:19:42
TX-10498,ORD-6498,CUSTOMER,CUST-0446,3684.61,INFLOW,ORDER_PAYMENT,2026-09-02 10:27:58
TX-10499,ORD-6499,CUSTOMER,CUST-0005,3482.21,INFLOW,ORDER_PAYMENT,2026-09-02 10:36:20
TX-10500,ORD-6500,CUSTOMER,CUST-0347,4424.97,INFLOW,ORDER_PAYMENT,2026-09-02 10:44:58
TX-10501,ORD-6501,CUSTOMER,CUST-0430,3527.16,INFLOW,ORDER_PAYMENT,2026-09-02 10:53:18
TX-10502,ORD-6502,CUSTOMER,CUST-0053,4030.3,INFLOW,ORDER_PAYMENT,2026-09-02 11:01:41
TX-10503,ORD-6503,CUSTOMER,CUST-0388,3621.3,INFLOW,ORDER_PAYMENT,2026-09-02 11:10:07
TX-10504,ORD-6504,CUSTOMER,CUST-0042,1348.16,INFLOW,ORDER_PAYMENT,2026-09-02 11:18:04
TX-10505,ORD-6505,CUSTOMER,CUST-0112,3737.74,INFLOW,ORDER_PAYMENT,2026-09-02 11:26:45
TX-10506,ORD-6506,CUSTOMER,CUST-0308,2589.06,INFLOW,ORDER_PAYMENT,2026-09-02 11:34:52
TX-10507,ORD-6507,CUSTOMER,CUST-0300,3786.85,INFLOW,ORDER_PAYMENT,2026-09-02 11:43:34
TX-10508,ORD-6508,CUSTOMER,CUST-0291,4226.7,INFLOW,ORDER_PAYMENT,2026-09-02 11:51:43
TX-10509,ORD-6509,CUSTOMER,CUST-0251,674.08,INFLOW,ORDER_PAYMENT,2026-09-02 12:00:14
TX-10510,ORD-6510,CUSTOMER,CUST-0432,4093.93,INFLOW,ORDER_PAYMENT,2026-09-02 12:08:27
TX-10511,ORD-6511,CUSTOMER,CUST-0345,7808.62,INFLOW,ORDER_PAYMENT,2026-09-02 12:17:00
TX-10512,ORD-6512,CUSTOMER,CUST-0364,4101.12,INFLOW,ORDER_PAYMENT,2026-09-02 12:25:41
TX-10513,ORD-6513,CUSTOMER,CUST-0444,4390.3,INFLOW,ORDER_PAYMENT,2026-09-02 12:33:57
TX-10514,ORD-6514,CUSTOMER,CUST-0170,2757.05,INFLOW,ORDER_PAYMENT,2026-09-02 12:42:30
TX-10515,ORD-6515,CUSTOMER,CUST-0465,4272.95,INFLOW,ORDER_PAYMENT,2026-09-02 12:50:37
TX-10516,ORD-6516,CUSTOMER,CUST-0054,1904.59,INFLOW,ORDER_PAYMENT,2026-09-02 12:59:00
TX-10517,ORD-6517,CUSTOMER,CUST-0332,431.18,INFLOW,ORDER_PAYMENT,2026-09-02 13:07:19
TX-10518,ORD-6518,CUSTOMER,CUST-0444,4337.59,INFLOW,ORDER_PAYMENT,2026-09-02 13:15:42
TX-10519,ORD-6519,CUSTOMER,CUST-0032,670.05,INFLOW,ORDER_PAYMENT,2026-09-02 13:24:24
TX-10520,ORD-6520,CUSTOMER,CUST-0006,3817.51,INFLOW,ORDER_PAYMENT,2026-09-02 13:32:56
TX-10521,ORD-6521,CUSTOMER,CUST-0429,7795.04,INFLOW,ORDER_PAYMENT,2026-09-02 13:41:13
TX-10522,ORD-6522,CUSTOMER,CUST-0061,3637.58,INFLOW,ORDER_PAYMENT,2026-09-02 13:49:20
TX-10523,ORD-6523,CUSTOMER,CUST-0111,3196.07,INFLOW,ORDER_PAYMENT,2026-09-02 13:58:02
TX-10524,ORD-6524,CUSTOMER,CUST-0260,3024.83,INFLOW,ORDER_PAYMENT,2026-09-02 14:06:25
TX-10525,ORD-6525,CUSTOMER,CUST-0330,258.84,INFLOW,ORDER_PAYMENT,2026-09-02 14:14:26
TX-10526,ORD-6526,CUSTOMER,CUST-0209,1924.84,INFLOW,ORDER_PAYMENT,2026-09-02 14:23:16
TX-10527,ORD-6527,CUSTOMER,CUST-0439,535.08,INFLOW,ORDER_PAYMENT,2026-09-02 14:31:23
TX-10528,ORD-6528,CUSTOMER,CUST-0385,3305.06,INFLOW,ORDER_PAYMENT,2026-09-02 14:39:47
TX-10529,ORD-6529,CUSTOMER,CUST-0490,1231.42,INFLOW,ORDER_PAYMENT,2026-09-02 14:48:26
TX-10530,ORD-6530,CUSTOMER,CUST-0365,3570.49,INFLOW,ORDER_PAYMENT,2026-09-02 14:56:54
TX-10531,ORD-6531,CUSTOMER,CUST-0080,3904.05,INFLOW,ORDER_PAYMENT,2026-09-02 15:05:16
TX-10532,ORD-6532,CUSTOMER,CUST-0345,1229.97,INFLOW,ORDER_PAYMENT,2026-09-02 15:13:23
TX-10533,ORD-6533,CUSTOMER,CUST-0117,1768.39,INFLOW,ORDER_PAYMENT,2026-09-02 15:21:48
TX-10534,ORD-6534,CUSTOMER,CUST-0346,1924.84,INFLOW,ORDER_PAYMENT,2026-09-02 15:30:28
TX-10535,ORD-6535,CUSTOMER,CUST-0192,2008.58,INFLOW,ORDER_PAYMENT,2026-09-02 15:38:35
TX-10536,ORD-6536,CUSTOMER,CUST-0139,1125.08,INFLOW,ORDER_PAYMENT,2026-09-02 15:46:55
TX-10537,ORD-6537,CUSTOMER,CUST-0474,826.99,INFLOW,ORDER_PAYMENT,2026-09-02 15:55:27
TX-10538,ORD-6538,CUSTOMER,CUST-0109,1100.0,INFLOW,ORDER_PAYMENT,2026-09-02 16:03:45
TX-10539,ORD-6539,CUSTOMER,CUST-0415,3855.71,INFLOW,ORDER_PAYMENT,2026-09-02 16:12:17
TX-10540,ORD-6540,CUSTOMER,CUST-0085,1904.59,INFLOW,ORDER_PAYMENT,2026-09-02 16:20:40
TX-10541,ORD-6541,CUSTOMER,CUST-0156,1125.08,INFLOW,ORDER_PAYMENT,2026-09-02 16:29:06
TX-10542,ORD-6542,CUSTOMER,CUST-0263,3637.58,INFLOW,ORDER_PAYMENT,2026-09-02 16:37:37
TX-10543,ORD-6543,CUSTOMER,CUST-0433,3314.53,INFLOW,ORDER_PAYMENT,2026-09-02 16:45:46
TX-10544,ORD-6544,CUSTOMER,CUST-0473,1100.0,INFLOW,ORDER_PAYMENT,2026-09-02 16:54:17
TX-10545,ORD-6545,CUSTOMER,CUST-0490,3570.49,INFLOW,ORDER_PAYMENT,2026-09-02 17:02:45
TX-10546,ORD-6546,CUSTOMER,CUST-0039,3737.74,INFLOW,ORDER_PAYMENT,2026-09-02 17:10:50
TX-10547,ORD-6547,CUSTOMER,CUST-0288,613.4,INFLOW,ORDER_PAYMENT,2026-09-02 17:19:21
TX-10548,ORD-6548,CUSTOMER,CUST-0041,3904.05,INFLOW,ORDER_PAYMENT,2026-09-02 17:27:51
TX-10549,ORD-6549,CUSTOMER,CUST-0058,3570.49,INFLOW,ORDER_PAYMENT,2026-09-02 17:36:27
TX-10550,ORD-6550,CUSTOMER,CUST-0105,3554.02,INFLOW,ORDER_PAYMENT,2026-09-02 17:44:29
TX-10551,ORD-6551,CUSTOMER,CUST-0188,2560.05,INFLOW,ORDER_PAYMENT,2026-09-02 17:53:02
TX-10552,ORD-6552,CUSTOMER,CUST-0282,3569.25,INFLOW,ORDER_PAYMENT,2026-09-02 18:01:36
TX-10553,ORD-6553,CUSTOMER,CUST-0486,1924.84,INFLOW,ORDER_PAYMENT,2026-09-02 18:09:59
TX-10554,ORD-6554,CUSTOMER,CUST-0175,6629.06,INFLOW,ORDER_PAYMENT,2026-09-02 18:18:10
TX-10555,ORD-6555,CUSTOMER,CUST-0044,2446.64,INFLOW,ORDER_PAYMENT,2026-09-02 18:26:46
TX-10556,ORD-6556,CUSTOMER,CUST-0013,3722.35,INFLOW,ORDER_PAYMENT,2026-09-02 18:35:01
TX-10557,ORD-6557,CUSTOMER,CUST-0229,3570.49,INFLOW,ORDER_PAYMENT,2026-09-02 18:43:33
TX-10558,ORD-6558,CUSTOMER,CUST-0266,1418.34,INFLOW,ORDER_PAYMENT,2026-09-02 18:51:42
TX-10559,ORD-6559,CUSTOMER,CUST-0365,4131.02,INFLOW,ORDER_PAYMENT,2026-09-02 19:00:02
TX-10560,ORD-6560,CUSTOMER,CUST-0207,3303.71,INFLOW,ORDER_PAYMENT,2026-09-02 19:08:32
TX-10561,ORD-6561,CUSTOMER,CUST-0101,3569.25,INFLOW,ORDER_PAYMENT,2026-09-02 19:17:17
TX-10562,ORD-6562,CUSTOMER,CUST-0250,358.12,INFLOW,ORDER_PAYMENT,2026-09-02 19:25:39
TX-10563,ORD-6563,CUSTOMER,CUST-0324,2644.13,INFLOW,ORDER_PAYMENT,2026-09-02 19:33:39
TX-10564,ORD-6564,CUSTOMER,CUST-0177,8672.7,INFLOW,ORDER_PAYMENT,2026-09-02 19:42:00
TX-10565,ORD-6565,CUSTOMER,CUST-0257,4458.58,INFLOW,ORDER_PAYMENT,2026-09-02 19:50:48
TX-10566,ORD-6566,CUSTOMER,CUST-0282,3297.77,INFLOW,ORDER_PAYMENT,2026-09-02 19:59:12
TX-10567,ORD-6567,CUSTOMER,CUST-0222,2589.06,INFLOW,ORDER_PAYMENT,2026-09-02 20:07:16
TX-10568,ORD-6568,CUSTOMER,CUST-0301,3310.04,INFLOW,ORDER_PAYMENT,2026-09-02 20:15:40
TX-10569,ORD-6569,CUSTOMER,CUST-0464,4257.97,INFLOW,ORDER_PAYMENT,2026-09-02 20:24:11
TX-10570,ORD-6570,CUSTOMER,CUST-0499,3482.21,INFLOW,ORDER_PAYMENT,2026-09-02 20:32:47
TX-10571,ORD-6571,CUSTOMER,CUST-0419,1904.59,INFLOW,ORDER_PAYMENT,2026-09-02 20:41:02
TX-10572,ORD-6572,CUSTOMER,CUST-0110,3196.07,INFLOW,ORDER_PAYMENT,2026-09-02 20:49:13
TX-10573,ORD-6573,CUSTOMER,CUST-0417,431.18,INFLOW,ORDER_PAYMENT,2026-09-02 20:58:03
TX-10574,ORD-6574,CUSTOMER,CUST-0177,1904.59,INFLOW,ORDER_PAYMENT,2026-09-02 21:06:28
TX-10575,ORD-6575,CUSTOMER,CUST-0004,4054.3,INFLOW,ORDER_PAYMENT,2026-09-02 21:14:22
TX-10576,ORD-6576,CUSTOMER,CUST-0022,3554.02,INFLOW,ORDER_PAYMENT,2026-09-02 21:22:53
TX-10577,ORD-6577,CUSTOMER,CUST-0035,883.38,INFLOW,ORDER_PAYMENT,2026-09-02 21:31:21
TX-10578,ORD-6578,CUSTOMER,CUST-0204,2419.53,INFLOW,ORDER_PAYMENT,2026-09-02 21:39:36
TX-10579,ORD-6579,CUSTOMER,CUST-0041,3052.92,INFLOW,ORDER_PAYMENT,2026-09-02 21:48:09
TX-10580,ORD-6580,CUSTOMER,CUST-0393,1418.34,INFLOW,ORDER_PAYMENT,2026-09-02 21:56:51
TX-10581,ORD-6581,CUSTOMER,CUST-0373,3655.67,INFLOW,ORDER_PAYMENT,2026-09-02 22:05:10
TX-10582,ORD-6582,CUSTOMER,CUST-0435,1229.97,INFLOW,ORDER_PAYMENT,2026-09-02 22:13:29
TX-10583,ORD-6583,CUSTOMER,CUST-0083,2644.13,INFLOW,ORDER_PAYMENT,2026-09-02 22:21:41
TX-10584,ORD-6584,CUSTOMER,CUST-0068,6126.32,INFLOW,ORDER_PAYMENT,2026-09-02 22:30:00
TX-10585,ORD-6585,CUSTOMER,CUST-0056,1732.3,INFLOW,ORDER_PAYMENT,2026-09-02 22:38:41
TX-10586,ORD-6586,CUSTOMER,CUST-0107,4101.12,INFLOW,ORDER_PAYMENT,2026-09-02 22:47:06
TX-10587,ORD-6587,CUSTOMER,CUST-0345,1100.0,INFLOW,ORDER_PAYMENT,2026-09-02 22:55:39
TX-10588,ORD-6588,CUSTOMER,CUST-0110,1904.59,INFLOW,ORDER_PAYMENT,2026-09-02 23:03:51
TX-10589,ORD-6589,CUSTOMER,CUST-0456,2419.53,INFLOW,ORDER_PAYMENT,2026-09-02 23:12:25
TX-10590,ORD-6590,CUSTOMER,CUST-0443,3527.16,INFLOW,ORDER_PAYMENT,2026-09-02 23:20:48
TX-10591,ORD-6591,CUSTOMER,CUST-0143,306.7,INFLOW,ORDER_PAYMENT,2026-09-02 23:28:52
TX-10592,ORD-6592,CUSTOMER,CUST-0188,4030.3,INFLOW,ORDER_PAYMENT,2026-09-02 23:37:31
TX-10593,ORD-6593,CUSTOMER,CUST-0029,3904.05,INFLOW,ORDER_PAYMENT,2026-09-02 23:46:03
TX-10594,ORD-6594,CUSTOMER,CUST-0156,4101.12,INFLOW,ORDER_PAYMENT,2026-09-02 23:54:20
TX-10595,ORD-6595,CUSTOMER,CUST-0288,1100.0,INFLOW,ORDER_PAYMENT,2026-09-03 00:02:50
TX-10596,ORD-6596,CUSTOMER,CUST-0029,1882.85,INFLOW,ORDER_PAYMENT,2026-09-03 00:11:09
TX-10597,ORD-6597,CUSTOMER,CUST-0367,1605.72,INFLOW,ORDER_PAYMENT,2026-09-03 00:19:12
TX-10598,ORD-6598,CUSTOMER,CUST-0190,883.38,INFLOW,ORDER_PAYMENT,2026-09-03 00:27:53
TX-10599,ORD-6599,CUSTOMER,CUST-0324,1004.29,INFLOW,ORDER_PAYMENT,2026-09-03 00:36:06
TX-10600,ORD-6600,CUSTOMER,CUST-0104,1100.0,INFLOW,ORDER_PAYMENT,2026-09-03 00:44:21
TX-10601,ORD-6601,CUSTOMER,CUST-0067,829.04,INFLOW,ORDER_PAYMENT,2026-09-03 00:53:07
TX-10602,ORD-6602,CUSTOMER,CUST-0424,3211.6,INFLOW,ORDER_PAYMENT,2026-09-03 01:01:29
TX-10603,ORD-6603,CUSTOMER,CUST-0482,3412.17,INFLOW,ORDER_PAYMENT,2026-09-03 01:09:48
TX-10604,ORD-6604,CUSTOMER,CUST-0363,2419.53,INFLOW,ORDER_PAYMENT,2026-09-03 01:18:11
TX-10605,ORD-6605,CUSTOMER,CUST-0253,1090.0,INFLOW,ORDER_PAYMENT,2026-09-03 01:26:48
TX-10606,ORD-6606,CUSTOMER,CUST-0010,1100.0,INFLOW,ORDER_PAYMENT,2026-09-03 01:35:07
TX-10607,ORD-6607,CUSTOMER,CUST-0467,291.34,INFLOW,ORDER_PAYMENT,2026-09-03 01:43:27
TX-10608,ORD-6608,CUSTOMER,CUST-0368,4448.99,INFLOW,ORDER_PAYMENT,2026-09-03 01:51:41
TX-10609,ORD-6609,CUSTOMER,CUST-0042,3564.2,INFLOW,ORDER_PAYMENT,2026-09-03 02:00:15
TX-10610,ORD-6610,CUSTOMER,CUST-0242,4272.95,INFLOW,ORDER_PAYMENT,2026-09-03 02:08:30
TX-10611,ORD-6611,CUSTOMER,CUST-0229,2757.05,INFLOW,ORDER_PAYMENT,2026-09-03 02:16:56
TX-10612,ORD-6612,CUSTOMER,CUST-0120,1882.85,INFLOW,ORDER_PAYMENT,2026-09-03 02:25:22
TX-10613,ORD-6613,CUSTOMER,CUST-0296,613.4,INFLOW,ORDER_PAYMENT,2026-09-03 02:33:55
TX-10614,ORD-6614,CUSTOMER,CUST-0321,3621.3,INFLOW,ORDER_PAYMENT,2026-09-03 02:42:19
TX-10615,ORD-6615,CUSTOMER,CUST-0423,3855.71,INFLOW,ORDER_PAYMENT,2026-09-03 02:50:45
TX-10616,ORD-6616,CUSTOMER,CUST-0284,8152.86,INFLOW,ORDER_PAYMENT,2026-09-03 02:59:06
TX-10617,ORD-6617,CUSTOMER,CUST-0139,2589.06,INFLOW,ORDER_PAYMENT,2026-09-03 03:07:18
TX-10618,ORD-6618,CUSTOMER,CUST-0303,3412.17,INFLOW,ORDER_PAYMENT,2026-09-03 03:16:01
TX-10619,ORD-6619,CUSTOMER,CUST-0433,1948.31,INFLOW,ORDER_PAYMENT,2026-09-03 03:24:21
TX-10620,ORD-6620,CUSTOMER,CUST-0083,6620.08,INFLOW,ORDER_PAYMENT,2026-09-03 03:32:48
TX-10621,ORD-6621,CUSTOMER,CUST-0425,3564.2,INFLOW,ORDER_PAYMENT,2026-09-03 03:41:01
TX-10622,ORD-6622,CUSTOMER,CUST-0203,8453.4,INFLOW,ORDER_PAYMENT,2026-09-03 03:49:37
TX-10623,ORD-6623,CUSTOMER,CUST-0068,3817.51,INFLOW,ORDER_PAYMENT,2026-09-03 03:57:45
TX-10624,ORD-6624,CUSTOMER,CUST-0239,1924.84,INFLOW,ORDER_PAYMENT,2026-09-03 04:06:25
TX-10625,ORD-6625,CUSTOMER,CUST-0171,1862.43,INFLOW,ORDER_PAYMENT,2026-09-03 04:14:27
TX-10626,ORD-6626,CUSTOMER,CUST-0433,3621.3,INFLOW,ORDER_PAYMENT,2026-09-03 04:22:56
TX-10627,ORD-6627,CUSTOMER,CUST-0476,1004.29,INFLOW,ORDER_PAYMENT,2026-09-03 04:31:13
TX-10628,ORD-6628,CUSTOMER,CUST-0283,535.08,INFLOW,ORDER_PAYMENT,2026-09-03 04:39:50
TX-10629,ORD-6629,CUSTOMER,CUST-0112,3564.2,INFLOW,ORDER_PAYMENT,2026-09-03 04:47:54
TX-10630,ORD-6630,CUSTOMER,CUST-0123,1100.0,INFLOW,ORDER_PAYMENT,2026-09-03 04:56:20
TX-10631,ORD-6631,CUSTOMER,CUST-0079,7242.6,INFLOW,ORDER_PAYMENT,2026-09-03 05:04:42
TX-10632,ORD-6632,CUSTOMER,CUST-0371,517.68,INFLOW,ORDER_PAYMENT,2026-09-03 05:13:06
TX-10633,ORD-6633,CUSTOMER,CUST-0225,3621.3,INFLOW,ORDER_PAYMENT,2026-09-03 05:21:30
TX-10634,ORD-6634,CUSTOMER,CUST-0389,3527.16,INFLOW,ORDER_PAYMENT,2026-09-03 05:30:15
TX-10635,ORD-6635,CUSTOMER,CUST-0004,3305.06,INFLOW,ORDER_PAYMENT,2026-09-03 05:38:46
TX-10636,ORD-6636,CUSTOMER,CUST-0084,1544.47,INFLOW,ORDER_PAYMENT,2026-09-03 05:47:10
TX-10637,ORD-6637,CUSTOMER,CUST-0150,1948.31,INFLOW,ORDER_PAYMENT,2026-09-03 05:55:09
TX-10638,ORD-6638,CUSTOMER,CUST-0463,1768.39,INFLOW,ORDER_PAYMENT,2026-09-03 06:03:33
TX-10639,ORD-6639,CUSTOMER,CUST-0290,4226.7,INFLOW,ORDER_PAYMENT,2026-09-03 06:12:20
TX-10640,ORD-6640,CUSTOMER,CUST-0313,3211.6,INFLOW,ORDER_PAYMENT,2026-09-03 06:20:25
TX-10641,ORD-6641,CUSTOMER,CUST-0247,1229.97,INFLOW,ORDER_PAYMENT,2026-09-03 06:28:47
TX-10642,ORD-6642,CUSTOMER,CUST-0292,4390.3,INFLOW,ORDER_PAYMENT,2026-09-03 06:37:09
TX-10643,ORD-6643,CUSTOMER,CUST-0363,4966.46,INFLOW,ORDER_PAYMENT,2026-09-03 06:45:58
TX-10644,ORD-6644,CUSTOMER,CUST-0087,4294.61,INFLOW,ORDER_PAYMENT,2026-09-03 06:54:15
TX-10645,ORD-6645,CUSTOMER,CUST-0185,6629.06,INFLOW,ORDER_PAYMENT,2026-09-03 07:02:25
TX-10646,ORD-6646,CUSTOMER,CUST-0057,3297.77,INFLOW,ORDER_PAYMENT,2026-09-03 07:10:49
TX-10647,ORD-6647,CUSTOMER,CUST-0363,3569.25,INFLOW,ORDER_PAYMENT,2026-09-03 07:19:31
TX-10648,ORD-6648,CUSTOMER,CUST-0473,1882.85,INFLOW,ORDER_PAYMENT,2026-09-03 07:27:56
TX-10649,ORD-6649,CUSTOMER,CUST-0267,1125.08,INFLOW,ORDER_PAYMENT,2026-09-03 07:36:13
TX-10650,ORD-6650,CUSTOMER,CUST-0199,3569.25,INFLOW,ORDER_PAYMENT,2026-09-03 07:44:38
TX-10651,ORD-6651,CUSTOMER,CUST-0428,3310.04,INFLOW,ORDER_PAYMENT,2026-09-03 07:53:02
TX-10652,ORD-6652,CUSTOMER,CUST-0201,4336.35,INFLOW,ORDER_PAYMENT,2026-09-03 08:01:30
TX-10653,ORD-6653,CUSTOMER,CUST-0239,3527.16,INFLOW,ORDER_PAYMENT,2026-09-03 08:09:57
TX-10654,ORD-6654,CUSTOMER,CUST-0082,2757.05,INFLOW,ORDER_PAYMENT,2026-09-03 08:18:22
TX-10655,ORD-6655,CUSTOMER,CUST-0268,3637.58,INFLOW,ORDER_PAYMENT,2026-09-03 08:26:25
TX-10656,ORD-6656,CUSTOMER,CUST-0415,1544.47,INFLOW,ORDER_PAYMENT,2026-09-03 08:35:08
TX-10657,ORD-6657,CUSTOMER,CUST-0035,258.84,INFLOW,ORDER_PAYMENT,2026-09-03 08:43:34
TX-10658,ORD-6658,CUSTOMER,CUST-0233,1229.97,INFLOW,ORDER_PAYMENT,2026-09-03 08:51:37
TX-10659,ORD-6659,CUSTOMER,CUST-0374,1904.59,INFLOW,ORDER_PAYMENT,2026-09-03 08:59:58
TX-10660,ORD-6660,CUSTOMER,CUST-0164,3527.16,INFLOW,ORDER_PAYMENT,2026-09-03 09:08:45
TX-10661,ORD-6661,CUSTOMER,CUST-0181,8917.16,INFLOW,ORDER_PAYMENT,2026-09-03 09:16:48
TX-10662,ORD-6662,CUSTOMER,CUST-0305,851.72,INFLOW,ORDER_PAYMENT,2026-09-03 09:25:32
TX-10663,ORD-6663,CUSTOMER,CUST-0073,1732.3,INFLOW,ORDER_PAYMENT,2026-09-03 09:33:30
TX-10664,ORD-6664,CUSTOMER,CUST-0080,3310.04,INFLOW,ORDER_PAYMENT,2026-09-03 09:41:58
TX-10665,ORD-6665,CUSTOMER,CUST-0044,1231.42,INFLOW,ORDER_PAYMENT,2026-09-03 09:50:34
TX-10666,ORD-6666,CUSTOMER,CUST-0084,670.05,INFLOW,ORDER_PAYMENT,2026-09-03 09:58:51
TX-10667,ORD-6667,CUSTOMER,CUST-0309,263.42,INFLOW,ORDER_PAYMENT,2026-09-03 10:07:29
TX-10668,ORD-6668,CUSTOMER,CUST-0154,3569.25,INFLOW,ORDER_PAYMENT,2026-09-03 10:15:51
TX-10669,ORD-6669,CUSTOMER,CUST-0477,3303.71,INFLOW,ORDER_PAYMENT,2026-09-03 10:24:21
TX-10670,ORD-6670,CUSTOMER,CUST-0103,258.84,INFLOW,ORDER_PAYMENT,2026-09-03 10:32:20
TX-10671,ORD-6671,CUSTOMER,CUST-0029,2446.64,INFLOW,ORDER_PAYMENT,2026-09-03 10:41:01
TX-10672,ORD-6672,CUSTOMER,CUST-0004,5514.1,INFLOW,ORDER_PAYMENT,2026-09-03 10:49:22
TX-10673,ORD-6673,CUSTOMER,CUST-0207,1070.16,INFLOW,ORDER_PAYMENT,2026-09-03 10:57:43
TX-10674,ORD-6674,CUSTOMER,CUST-0176,851.72,INFLOW,ORDER_PAYMENT,2026-09-03 11:05:58
TX-10675,ORD-6675,CUSTOMER,CUST-0048,2483.23,INFLOW,ORDER_PAYMENT,2026-09-03 11:14:37
TX-10676,ORD-6676,CUSTOMER,CUST-0180,358.12,INFLOW,ORDER_PAYMENT,2026-09-03 11:22:59
TX-10677,ORD-6677,CUSTOMER,CUST-0344,3684.61,INFLOW,ORDER_PAYMENT,2026-09-03 11:31:03
TX-10678,ORD-6678,CUSTOMER,CUST-0039,1882.85,INFLOW,ORDER_PAYMENT,2026-09-03 11:39:40
TX-10679,ORD-6679,CUSTOMER,CUST-0332,4337.59,INFLOW,ORDER_PAYMENT,2026-09-03 11:48:12
TX-10680,ORD-6680,CUSTOMER,CUST-0102,557.56,INFLOW,ORDER_PAYMENT,2026-09-03 11:56:25
TX-10681,ORD-6681,CUSTOMER,CUST-0453,1090.0,INFLOW,ORDER_PAYMENT,2026-09-03 12:05:03
TX-10682,ORD-6682,CUSTOMER,CUST-0148,818.39,INFLOW,ORDER_PAYMENT,2026-09-03 12:13:19
TX-10683,ORD-6683,CUSTOMER,CUST-0172,883.38,INFLOW,ORDER_PAYMENT,2026-09-03 12:21:49
TX-10684,ORD-6684,CUSTOMER,CUST-0401,670.05,INFLOW,ORDER_PAYMENT,2026-09-03 12:30:19
TX-10685,ORD-6685,CUSTOMER,CUST-0244,1100.0,INFLOW,ORDER_PAYMENT,2026-09-03 12:38:40
TX-10686,ORD-6686,CUSTOMER,CUST-0103,2419.53,INFLOW,ORDER_PAYMENT,2026-09-03 12:46:59
TX-10687,ORD-6687,CUSTOMER,CUST-0385,1732.3,INFLOW,ORDER_PAYMENT,2026-09-03 12:55:02
TX-10688,ORD-6688,CUSTOMER,CUST-0357,4257.97,INFLOW,ORDER_PAYMENT,2026-09-03 13:03:40
TX-10689,ORD-6689,CUSTOMER,CUST-0114,3722.35,INFLOW,ORDER_PAYMENT,2026-09-03 13:12:02
TX-10690,ORD-6690,CUSTOMER,CUST-0490,1605.72,INFLOW,ORDER_PAYMENT,2026-09-03 13:20:14
TX-10691,ORD-6691,CUSTOMER,CUST-0318,258.84,INFLOW,ORDER_PAYMENT,2026-09-03 13:29:03
TX-10692,ORD-6692,CUSTOMER,CUST-0484,4448.99,INFLOW,ORDER_PAYMENT,2026-09-03 13:37:24
TX-10693,ORD-6693,CUSTOMER,CUST-0319,2065.51,INFLOW,ORDER_PAYMENT,2026-09-03 13:45:38
TX-10694,ORD-6694,CUSTOMER,CUST-0470,3310.04,INFLOW,ORDER_PAYMENT,2026-09-03 13:54:12
TX-10695,ORD-6695,CUSTOMER,CUST-0474,826.99,INFLOW,ORDER_PAYMENT,2026-09-03 14:02:19
TX-10696,ORD-6696,CUSTOMER,CUST-0306,3527.16,INFLOW,ORDER_PAYMENT,2026-09-03 14:10:43
TX-10697,ORD-6697,CUSTOMER,CUST-0072,716.24,INFLOW,ORDER_PAYMENT,2026-09-03 14:19:17
TX-10698,ORD-6698,CUSTOMER,CUST-0001,3482.21,INFLOW,ORDER_PAYMENT,2026-09-03 14:27:47
TX-10699,ORD-6699,CUSTOMER,CUST-0236,414.04,INFLOW,ORDER_PAYMENT,2026-09-03 14:35:58
TX-10700,ORD-6700,CUSTOMER,CUST-0034,3211.6,INFLOW,ORDER_PAYMENT,2026-09-03 14:44:28
TX-10701,ORD-6701,CUSTOMER,CUST-0246,7808.62,INFLOW,ORDER_PAYMENT,2026-09-03 14:52:54
TX-10702,ORD-6702,CUSTOMER,CUST-0125,1100.0,INFLOW,ORDER_PAYMENT,2026-09-03 15:01:10
TX-10703,ORD-6703,CUSTOMER,CUST-0455,1732.3,INFLOW,ORDER_PAYMENT,2026-09-03 15:09:46
TX-10704,ORD-6704,CUSTOMER,CUST-0007,1418.34,INFLOW,ORDER_PAYMENT,2026-09-03 15:17:52
TX-10705,ORD-6705,CUSTOMER,CUST-0232,535.08,INFLOW,ORDER_PAYMENT,2026-09-03 15:26:28
TX-10706,ORD-6706,CUSTOMER,CUST-0450,3637.58,INFLOW,ORDER_PAYMENT,2026-09-03 15:34:42
TX-10707,ORD-6707,CUSTOMER,CUST-0479,2452.83,INFLOW,ORDER_PAYMENT,2026-09-03 15:43:29
TX-10708,ORD-6708,CUSTOMER,CUST-0340,1434.09,INFLOW,ORDER_PAYMENT,2026-09-03 15:51:54
TX-10709,ORD-6709,CUSTOMER,CUST-0188,3048.46,INFLOW,ORDER_PAYMENT,2026-09-03 16:00:12
TX-10710,ORD-6710,CUSTOMER,CUST-0344,670.05,INFLOW,ORDER_PAYMENT,2026-09-03 16:08:30
TX-10711,ORD-6711,CUSTOMER,CUST-0110,2757.05,INFLOW,ORDER_PAYMENT,2026-09-03 16:16:39
TX-10712,ORD-6712,CUSTOMER,CUST-0242,1732.3,INFLOW,ORDER_PAYMENT,2026-09-03 16:25:15
TX-10713,ORD-6713,CUSTOMER,CUST-0064,3722.35,INFLOW,ORDER_PAYMENT,2026-09-03 16:33:38
TX-10714,ORD-6714,CUSTOMER,CUST-0310,7795.04,INFLOW,ORDER_PAYMENT,2026-09-03 16:42:09
TX-10715,ORD-6715,CUSTOMER,CUST-0021,535.08,INFLOW,ORDER_PAYMENT,2026-09-03 16:50:35
TX-10716,ORD-6716,CUSTOMER,CUST-0189,2459.94,INFLOW,ORDER_PAYMENT,2026-09-03 16:58:58
TX-10717,ORD-6717,CUSTOMER,CUST-0216,4074.31,INFLOW,ORDER_PAYMENT,2026-09-03 17:07:02
TX-10718,ORD-6718,CUSTOMER,CUST-0108,1904.59,INFLOW,ORDER_PAYMENT,2026-09-03 17:15:31
TX-10719,ORD-6719,CUSTOMER,CUST-0074,8152.86,INFLOW,ORDER_PAYMENT,2026-09-03 17:24:02
TX-10720,ORD-6720,CUSTOMER,CUST-0198,883.38,INFLOW,ORDER_PAYMENT,2026-09-03 17:32:29
TX-10721,ORD-6721,CUSTOMER,CUST-0091,5178.12,INFLOW,ORDER_PAYMENT,2026-09-03 17:40:52
TX-10722,ORD-6722,CUSTOMER,CUST-0499,3590.3,INFLOW,ORDER_PAYMENT,2026-09-03 17:49:22
TX-10723,ORD-6723,CUSTOMER,CUST-0036,1299.1,INFLOW,ORDER_PAYMENT,2026-09-03 17:57:31
TX-10724,ORD-6724,CUSTOMER,CUST-0168,1090.0,INFLOW,ORDER_PAYMENT,2026-09-03 18:06:05
TX-10725,ORD-6725,CUSTOMER,CUST-0106,3196.07,INFLOW,ORDER_PAYMENT,2026-09-03 18:14:35
TX-10726,ORD-6726,CUSTOMER,CUST-0202,826.99,INFLOW,ORDER_PAYMENT,2026-09-03 18:22:41
TX-10727,ORD-6727,CUSTOMER,CUST-0042,2452.83,INFLOW,ORDER_PAYMENT,2026-09-03 18:31:01
TX-10728,ORD-6728,CUSTOMER,CUST-0301,3570.49,INFLOW,ORDER_PAYMENT,2026-09-03 18:39:36
TX-10729,ORD-6729,CUSTOMER,CUST-0472,4226.7,INFLOW,ORDER_PAYMENT,2026-09-03 18:48:12
TX-10730,ORD-6730,CUSTOMER,CUST-0330,1125.08,INFLOW,ORDER_PAYMENT,2026-09-03 18:56:30
TX-10731,ORD-6731,CUSTOMER,CUST-0368,1100.0,INFLOW,ORDER_PAYMENT,2026-09-03 19:04:55
TX-10732,ORD-6732,CUSTOMER,CUST-0347,4101.12,INFLOW,ORDER_PAYMENT,2026-09-03 19:13:21
TX-10733,ORD-6733,CUSTOMER,CUST-0012,2868.18,INFLOW,ORDER_PAYMENT,2026-09-03 19:21:40
TX-10734,ORD-6734,CUSTOMER,CUST-0185,2788.05,INFLOW,ORDER_PAYMENT,2026-09-03 19:29:54
TX-10735,ORD-6735,CUSTOMER,CUST-0165,1882.85,INFLOW,ORDER_PAYMENT,2026-09-03 19:38:22
TX-10736,ORD-6736,CUSTOMER,CUST-0450,3590.3,INFLOW,ORDER_PAYMENT,2026-09-03 19:46:50
TX-10737,ORD-6737,CUSTOMER,CUST-0316,1100.0,INFLOW,ORDER_PAYMENT,2026-09-03 19:55:22
TX-10738,ORD-6738,CUSTOMER,CUST-0006,3297.77,INFLOW,ORDER_PAYMENT,2026-09-03 20:03:30
TX-10739,ORD-6739,CUSTOMER,CUST-0050,3246.81,INFLOW,ORDER_PAYMENT,2026-09-03 20:12:12
TX-10740,ORD-6740,CUSTOMER,CUST-0445,4030.3,INFLOW,ORDER_PAYMENT,2026-09-03 20:20:15
TX-10741,ORD-6741,CUSTOMER,CUST-0112,1524.23,INFLOW,ORDER_PAYMENT,2026-09-03 20:28:34
TX-10742,ORD-6742,CUSTOMER,CUST-0310,1299.1,INFLOW,ORDER_PAYMENT,2026-09-03 20:37:27
TX-10743,ORD-6743,CUSTOMER,CUST-0057,2252.3,INFLOW,ORDER_PAYMENT,2026-09-03 20:45:26
TX-10744,ORD-6744,CUSTOMER,CUST-0445,3303.71,INFLOW,ORDER_PAYMENT,2026-09-03 20:53:46
TX-10745,ORD-6745,CUSTOMER,CUST-0464,4074.31,INFLOW,ORDER_PAYMENT,2026-09-03 21:02:16
TX-10746,ORD-6746,CUSTOMER,CUST-0185,4054.3,INFLOW,ORDER_PAYMENT,2026-09-03 21:10:38
TX-10747,ORD-6747,CUSTOMER,CUST-0183,4054.3,INFLOW,ORDER_PAYMENT,2026-09-03 21:19:13
TX-10748,ORD-6748,CUSTOMER,CUST-0114,1544.47,INFLOW,ORDER_PAYMENT,2026-09-03 21:27:48
TX-10749,ORD-6749,CUSTOMER,CUST-0093,1004.29,INFLOW,ORDER_PAYMENT,2026-09-03 21:36:15
TX-10750,ORD-6750,CUSTOMER,CUST-0002,3564.2,INFLOW,ORDER_PAYMENT,2026-09-03 21:44:18
TX-10751,ORD-6751,CUSTOMER,CUST-0237,674.08,INFLOW,ORDER_PAYMENT,2026-09-03 21:52:44
TX-10752,ORD-6752,CUSTOMER,CUST-0129,263.42,INFLOW,ORDER_PAYMENT,2026-09-03 22:01:27
TX-10753,ORD-6753,CUSTOMER,CUST-0068,3897.52,INFLOW,ORDER_PAYMENT,2026-09-03 22:09:23
TX-10754,ORD-6754,CUSTOMER,CUST-0394,3809.18,INFLOW,ORDER_PAYMENT,2026-09-03 22:18:11
TX-10755,ORD-6755,CUSTOMER,CUST-0232,4424.97,INFLOW,ORDER_PAYMENT,2026-09-03 22:26:23
TX-10756,ORD-6756,CUSTOMER,CUST-0289,3211.6,INFLOW,ORDER_PAYMENT,2026-09-03 22:34:49
TX-10757,ORD-6757,CUSTOMER,CUST-0252,828.08,INFLOW,ORDER_PAYMENT,2026-09-03 22:42:57
TX-10758,ORD-6758,CUSTOMER,CUST-0027,3310.04,INFLOW,ORDER_PAYMENT,2026-09-03 22:51:40
TX-10759,ORD-6759,CUSTOMER,CUST-0319,3737.74,INFLOW,ORDER_PAYMENT,2026-09-03 23:00:04
TX-10760,ORD-6760,CUSTOMER,CUST-0471,2868.18,INFLOW,ORDER_PAYMENT,2026-09-03 23:08:26
TX-10761,ORD-6761,CUSTOMER,CUST-0298,2483.23,INFLOW,ORDER_PAYMENT,2026-09-03 23:16:44
TX-10762,ORD-6762,CUSTOMER,CUST-0345,1090.0,INFLOW,ORDER_PAYMENT,2026-09-03 23:25:06
TX-10763,ORD-6763,CUSTOMER,CUST-0369,3737.74,INFLOW,ORDER_PAYMENT,2026-09-03 23:33:26
TX-10764,ORD-6764,CUSTOMER,CUST-0232,3684.61,INFLOW,ORDER_PAYMENT,2026-09-03 23:41:57
TX-10765,ORD-6765,CUSTOMER,CUST-0052,4054.3,INFLOW,ORDER_PAYMENT,2026-09-03 23:50:23
TX-10766,ORD-6766,CUSTOMER,CUST-0229,670.05,INFLOW,ORDER_PAYMENT,2026-09-03 23:58:38
TX-10767,ORD-6767,CUSTOMER,CUST-0199,851.72,INFLOW,ORDER_PAYMENT,2026-09-04 00:07:02
TX-10768,ORD-6768,CUSTOMER,CUST-0276,7573.7,INFLOW,ORDER_PAYMENT,2026-09-04 00:15:42
TX-10769,ORD-6769,CUSTOMER,CUST-0053,263.42,INFLOW,ORDER_PAYMENT,2026-09-04 00:24:08
TX-10770,ORD-6770,CUSTOMER,CUST-0023,1076.17,INFLOW,ORDER_PAYMENT,2026-09-04 00:32:11
TX-10771,ORD-6771,CUSTOMER,CUST-0232,1882.85,INFLOW,ORDER_PAYMENT,2026-09-04 00:40:58
TX-10772,ORD-6772,CUSTOMER,CUST-0119,3786.85,INFLOW,ORDER_PAYMENT,2026-09-04 00:48:59
TX-10773,ORD-6773,CUSTOMER,CUST-0390,3412.17,INFLOW,ORDER_PAYMENT,2026-09-04 00:57:47
TX-10774,ORD-6774,CUSTOMER,CUST-0259,306.7,INFLOW,ORDER_PAYMENT,2026-09-04 01:05:57
TX-10775,ORD-6775,CUSTOMER,CUST-0419,818.39,INFLOW,ORDER_PAYMENT,2026-09-04 01:14:19
TX-10776,ORD-6776,CUSTOMER,CUST-0341,291.34,INFLOW,ORDER_PAYMENT,2026-09-04 01:22:41
TX-10777,ORD-6777,CUSTOMER,CUST-0124,2757.05,INFLOW,ORDER_PAYMENT,2026-09-04 01:31:16
TX-10778,ORD-6778,CUSTOMER,CUST-0124,1778.18,INFLOW,ORDER_PAYMENT,2026-09-04 01:39:44
TX-10779,ORD-6779,CUSTOMER,CUST-0193,2446.64,INFLOW,ORDER_PAYMENT,2026-09-04 01:47:52
TX-10780,ORD-6780,CUSTOMER,CUST-0143,3684.61,INFLOW,ORDER_PAYMENT,2026-09-04 01:56:29
TX-10781,ORD-6781,CUSTOMER,CUST-0449,3684.61,INFLOW,ORDER_PAYMENT,2026-09-04 02:04:39
TX-10782,ORD-6782,CUSTOMER,CUST-0111,4093.93,INFLOW,ORDER_PAYMENT,2026-09-04 02:13:07
TX-10783,ORD-6783,CUSTOMER,CUST-0430,3637.58,INFLOW,ORDER_PAYMENT,2026-09-04 02:21:48
TX-10784,ORD-6784,CUSTOMER,CUST-0403,306.7,INFLOW,ORDER_PAYMENT,2026-09-04 02:29:45
TX-10785,ORD-6785,CUSTOMER,CUST-0034,6392.14,INFLOW,ORDER_PAYMENT,2026-09-04 02:38:13
TX-10786,ORD-6786,CUSTOMER,CUST-0480,3305.06,INFLOW,ORDER_PAYMENT,2026-09-04 02:46:57
TX-10787,ORD-6787,CUSTOMER,CUST-0135,3684.61,INFLOW,ORDER_PAYMENT,2026-09-04 02:55:17
TX-10788,ORD-6788,CUSTOMER,CUST-0488,1299.1,INFLOW,ORDER_PAYMENT,2026-09-04 03:03:48
TX-10789,ORD-6789,CUSTOMER,CUST-0237,1418.34,INFLOW,ORDER_PAYMENT,2026-09-04 03:12:04
TX-10790,ORD-6790,CUSTOMER,CUST-0333,1100.0,INFLOW,ORDER_PAYMENT,2026-09-04 03:20:07
TX-10791,ORD-6791,CUSTOMER,CUST-0183,1100.0,INFLOW,ORDER_PAYMENT,2026-09-04 03:28:48
TX-10792,ORD-6792,CUSTOMER,CUST-0025,3211.6,INFLOW,ORDER_PAYMENT,2026-09-04 03:37:16
TX-10793,ORD-6793,CUSTOMER,CUST-0473,3209.36,INFLOW,ORDER_PAYMENT,2026-09-04 03:45:20
TX-10794,ORD-6794,CUSTOMER,CUST-0016,1544.47,INFLOW,ORDER_PAYMENT,2026-09-04 03:53:51
TX-10795,ORD-6795,CUSTOMER,CUST-0120,3786.85,INFLOW,ORDER_PAYMENT,2026-09-04 04:02:20
TX-10796,ORD-6796,CUSTOMER,CUST-0118,2200.0,INFLOW,ORDER_PAYMENT,2026-09-04 04:10:38
TX-10797,ORD-6797,CUSTOMER,CUST-0447,674.08,INFLOW,ORDER_PAYMENT,2026-09-04 04:19:23
TX-10798,ORD-6798,CUSTOMER,CUST-0267,1100.0,INFLOW,ORDER_PAYMENT,2026-09-04 04:27:21
TX-10799,ORD-6799,CUSTOMER,CUST-0127,674.08,INFLOW,ORDER_PAYMENT,2026-09-04 04:36:00
TX-10800,ORD-6800,CUSTOMER,CUST-0299,2644.13,INFLOW,ORDER_PAYMENT,2026-09-04 04:44:20
TX-10801,ORD-6801,CUSTOMER,CUST-0483,3246.81,INFLOW,ORDER_PAYMENT,2026-09-04 04:52:33
TX-10802,ORD-6802,CUSTOMER,CUST-0152,2446.64,INFLOW,ORDER_PAYMENT,2026-09-04 05:01:22
TX-10803,ORD-6803,CUSTOMER,CUST-0054,3722.35,INFLOW,ORDER_PAYMENT,2026-09-04 05:09:39
TX-10804,ORD-6804,CUSTOMER,CUST-0193,2788.05,INFLOW,ORDER_PAYMENT,2026-09-04 05:17:52
TX-10805,ORD-6805,CUSTOMER,CUST-0066,1924.84,INFLOW,ORDER_PAYMENT,2026-09-04 05:26:23
TX-10806,ORD-6806,CUSTOMER,CUST-0078,7573.7,INFLOW,ORDER_PAYMENT,2026-09-04 05:34:37
TX-10807,ORD-6807,CUSTOMER,CUST-0286,4101.12,INFLOW,ORDER_PAYMENT,2026-09-04 05:43:06
TX-10808,ORD-6808,CUSTOMER,CUST-0204,3052.92,INFLOW,ORDER_PAYMENT,2026-09-04 05:51:45
TX-10809,ORD-6809,CUSTOMER,CUST-0060,4226.7,INFLOW,ORDER_PAYMENT,2026-09-04 05:59:47
TX-10810,ORD-6810,CUSTOMER,CUST-0350,2419.53,INFLOW,ORDER_PAYMENT,2026-09-04 06:08:22
TX-10811,ORD-6811,CUSTOMER,CUST-0204,1231.42,INFLOW,ORDER_PAYMENT,2026-09-04 06:16:29
TX-10812,ORD-6812,CUSTOMER,CUST-0086,6964.42,INFLOW,ORDER_PAYMENT,2026-09-04 06:25:02
TX-10813,ORD-6813,CUSTOMER,CUST-0305,431.18,INFLOW,ORDER_PAYMENT,2026-09-04 06:33:37
TX-10814,ORD-6814,CUSTOMER,CUST-0201,7808.1,INFLOW,ORDER_PAYMENT,2026-09-04 06:42:07
TX-10815,ORD-6815,CUSTOMER,CUST-0091,4448.99,INFLOW,ORDER_PAYMENT,2026-09-04 06:50:27
TX-10816,ORD-6816,CUSTOMER,CUST-0167,3570.49,INFLOW,ORDER_PAYMENT,2026-09-04 06:58:55
TX-10817,ORD-6817,CUSTOMER,CUST-0113,1418.34,INFLOW,ORDER_PAYMENT,2026-09-04 07:06:55
TX-10818,ORD-6818,CUSTOMER,CUST-0384,3482.21,INFLOW,ORDER_PAYMENT,2026-09-04 07:15:28
TX-10819,ORD-6819,CUSTOMER,CUST-0032,3590.3,INFLOW,ORDER_PAYMENT,2026-09-04 07:23:59
TX-10820,ORD-6820,CUSTOMER,CUST-0426,3590.3,INFLOW,ORDER_PAYMENT,2026-09-04 07:32:11
TX-10821,ORD-6821,CUSTOMER,CUST-0464,291.34,INFLOW,ORDER_PAYMENT,2026-09-04 07:40:36
TX-10822,ORD-6822,CUSTOMER,CUST-0105,2452.83,INFLOW,ORDER_PAYMENT,2026-09-04 07:48:52
TX-10823,ORD-6823,CUSTOMER,CUST-0052,6049.66,INFLOW,ORDER_PAYMENT,2026-09-04 07:57:34
TX-10824,ORD-6824,CUSTOMER,CUST-0219,4448.99,INFLOW,ORDER_PAYMENT,2026-09-04 08:05:50
TX-10825,ORD-6825,CUSTOMER,CUST-0396,4076.43,INFLOW,ORDER_PAYMENT,2026-09-04 08:14:27
TX-10826,ORD-6826,CUSTOMER,CUST-0325,557.56,INFLOW,ORDER_PAYMENT,2026-09-04 08:22:42
TX-10827,ORD-6827,CUSTOMER,CUST-0420,3305.06,INFLOW,ORDER_PAYMENT,2026-09-04 08:31:06
TX-10828,ORD-6828,CUSTOMER,CUST-0351,1948.31,INFLOW,ORDER_PAYMENT,2026-09-04 08:39:36
TX-10829,ORD-6829,CUSTOMER,CUST-0120,2788.05,INFLOW,ORDER_PAYMENT,2026-09-04 08:47:44
TX-10830,ORD-6830,CUSTOMER,CUST-0298,3024.83,INFLOW,ORDER_PAYMENT,2026-09-04 08:56:19
TX-10831,ORD-6831,CUSTOMER,CUST-0321,670.05,INFLOW,ORDER_PAYMENT,2026-09-04 09:04:38
TX-10832,ORD-6832,CUSTOMER,CUST-0388,6610.12,INFLOW,ORDER_PAYMENT,2026-09-04 09:13:05
TX-10833,ORD-6833,CUSTOMER,CUST-0419,1313.84,INFLOW,ORDER_PAYMENT,2026-09-04 09:21:25
TX-10834,ORD-6834,CUSTOMER,CUST-0414,4458.58,INFLOW,ORDER_PAYMENT,2026-09-04 09:29:45
TX-10835,ORD-6835,CUSTOMER,CUST-0148,7311.34,INFLOW,ORDER_PAYMENT,2026-09-04 09:38:05
TX-10836,ORD-6836,CUSTOMER,CUST-0498,2419.53,INFLOW,ORDER_PAYMENT,2026-09-04 09:46:34
TX-10837,ORD-6837,CUSTOMER,CUST-0077,4054.3,INFLOW,ORDER_PAYMENT,2026-09-04 09:55:01
TX-10838,ORD-6838,CUSTOMER,CUST-0191,1544.47,INFLOW,ORDER_PAYMENT,2026-09-04 10:03:24
TX-10839,ORD-6839,CUSTOMER,CUST-0335,2419.53,INFLOW,ORDER_PAYMENT,2026-09-04 10:11:43
TX-10840,ORD-6840,CUSTOMER,CUST-0410,1948.31,INFLOW,ORDER_PAYMENT,2026-09-04 10:20:26
TX-10841,ORD-6841,CUSTOMER,CUST-0213,3569.25,INFLOW,ORDER_PAYMENT,2026-09-04 10:28:35
TX-10842,ORD-6842,CUSTOMER,CUST-0304,535.08,INFLOW,ORDER_PAYMENT,2026-09-04 10:37:18
TX-10843,ORD-6843,CUSTOMER,CUST-0371,3464.6,INFLOW,ORDER_PAYMENT,2026-09-04 10:45:40
TX-10844,ORD-6844,CUSTOMER,CUST-0022,1882.85,INFLOW,ORDER_PAYMENT,2026-09-04 10:53:52
TX-10845,ORD-6845,CUSTOMER,CUST-0369,3855.71,INFLOW,ORDER_PAYMENT,2026-09-04 11:02:18
TX-10846,ORD-6846,CUSTOMER,CUST-0029,3897.52,INFLOW,ORDER_PAYMENT,2026-09-04 11:10:35
TX-10847,ORD-6847,CUSTOMER,CUST-0285,2589.06,INFLOW,ORDER_PAYMENT,2026-09-04 11:19:17
TX-10848,ORD-6848,CUSTOMER,CUST-0415,1004.29,INFLOW,ORDER_PAYMENT,2026-09-04 11:27:16
TX-10849,ORD-6849,CUSTOMER,CUST-0007,674.08,INFLOW,ORDER_PAYMENT,2026-09-04 11:35:45
TX-10850,ORD-6850,CUSTOMER,CUST-0399,4030.3,INFLOW,ORDER_PAYMENT,2026-09-04 11:44:15
TX-10851,ORD-6851,CUSTOMER,CUST-0162,1004.29,INFLOW,ORDER_PAYMENT,2026-09-04 11:52:40
TX-10852,ORD-6852,CUSTOMER,CUST-0074,4076.43,INFLOW,ORDER_PAYMENT,2026-09-04 12:00:54
TX-10853,ORD-6853,CUSTOMER,CUST-0065,4458.58,INFLOW,ORDER_PAYMENT,2026-09-04 12:09:14
TX-10854,ORD-6854,CUSTOMER,CUST-0189,3310.04,INFLOW,ORDER_PAYMENT,2026-09-04 12:17:58
TX-10855,ORD-6855,CUSTOMER,CUST-0006,3314.53,INFLOW,ORDER_PAYMENT,2026-09-04 12:26:23
TX-10856,ORD-6856,CUSTOMER,CUST-0299,414.04,INFLOW,ORDER_PAYMENT,2026-09-04 12:34:49
TX-10857,ORD-6857,CUSTOMER,CUST-0038,826.99,INFLOW,ORDER_PAYMENT,2026-09-04 12:42:52
TX-10858,ORD-6858,CUSTOMER,CUST-0185,1605.72,INFLOW,ORDER_PAYMENT,2026-09-04 12:51:38
TX-10859,ORD-6859,CUSTOMER,CUST-0300,4030.3,INFLOW,ORDER_PAYMENT,2026-09-04 13:00:02
TX-10860,ORD-6860,CUSTOMER,CUST-0493,291.34,INFLOW,ORDER_PAYMENT,2026-09-04 13:08:31
TX-10861,ORD-6861,CUSTOMER,CUST-0007,4257.97,INFLOW,ORDER_PAYMENT,2026-09-04 13:16:38
TX-10862,ORD-6862,CUSTOMER,CUST-0031,3855.71,INFLOW,ORDER_PAYMENT,2026-09-04 13:25:14
TX-10863,ORD-6863,CUSTOMER,CUST-0491,1604.68,INFLOW,ORDER_PAYMENT,2026-09-04 13:33:22
TX-10864,ORD-6864,CUSTOMER,CUST-0148,7711.42,INFLOW,ORDER_PAYMENT,2026-09-04 13:41:59
TX-10865,ORD-6865,CUSTOMER,CUST-0444,2446.64,INFLOW,ORDER_PAYMENT,2026-09-04 13:50:18
TX-10866,ORD-6866,CUSTOMER,CUST-0167,4390.3,INFLOW,ORDER_PAYMENT,2026-09-04 13:58:29
TX-10867,ORD-6867,CUSTOMER,CUST-0106,306.7,INFLOW,ORDER_PAYMENT,2026-09-04 14:07:06
TX-10868,ORD-6868,CUSTOMER,CUST-0017,7128.4,INFLOW,ORDER_PAYMENT,2026-09-04 14:15:20
TX-10869,ORD-6869,CUSTOMER,CUST-0409,3211.6,INFLOW,ORDER_PAYMENT,2026-09-04 14:23:57
TX-10870,ORD-6870,CUSTOMER,CUST-0390,263.42,INFLOW,ORDER_PAYMENT,2026-09-04 14:32:29
TX-10871,ORD-6871,CUSTOMER,CUST-0126,4458.58,INFLOW,ORDER_PAYMENT,2026-09-04 14:40:39
TX-10872,ORD-6872,CUSTOMER,CUST-0034,3527.16,INFLOW,ORDER_PAYMENT,2026-09-04 14:49:01
TX-10873,ORD-6873,CUSTOMER,CUST-0402,1299.1,INFLOW,ORDER_PAYMENT,2026-09-04 14:57:40
TX-10874,ORD-6874,CUSTOMER,CUST-0032,1604.68,INFLOW,ORDER_PAYMENT,2026-09-04 15:05:49
TX-10875,ORD-6875,CUSTOMER,CUST-0059,3817.51,INFLOW,ORDER_PAYMENT,2026-09-04 15:14:29
TX-10876,ORD-6876,CUSTOMER,CUST-0012,3063.16,INFLOW,ORDER_PAYMENT,2026-09-04 15:22:38
TX-10877,ORD-6877,CUSTOMER,CUST-0247,4458.58,INFLOW,ORDER_PAYMENT,2026-09-04 15:30:56
TX-10878,ORD-6878,CUSTOMER,CUST-0141,4030.3,INFLOW,ORDER_PAYMENT,2026-09-04 15:39:35
TX-10879,ORD-6879,CUSTOMER,CUST-0043,291.34,INFLOW,ORDER_PAYMENT,2026-09-04 15:48:02
TX-10880,ORD-6880,CUSTOMER,CUST-0274,4458.58,INFLOW,ORDER_PAYMENT,2026-09-04 15:56:18
TX-10881,ORD-6881,CUSTOMER,CUST-0370,1862.43,INFLOW,ORDER_PAYMENT,2026-09-04 16:04:47
TX-10882,ORD-6882,CUSTOMER,CUST-0255,3637.58,INFLOW,ORDER_PAYMENT,2026-09-04 16:13:13
TX-10883,ORD-6883,CUSTOMER,CUST-0353,4294.61,INFLOW,ORDER_PAYMENT,2026-09-04 16:21:32
TX-10884,ORD-6884,CUSTOMER,CUST-0331,2446.64,INFLOW,ORDER_PAYMENT,2026-09-04 16:30:00
TX-10885,ORD-6885,CUSTOMER,CUST-0449,1605.72,INFLOW,ORDER_PAYMENT,2026-09-04 16:38:01
TX-10886,ORD-6886,CUSTOMER,CUST-0326,431.18,INFLOW,ORDER_PAYMENT,2026-09-04 16:46:41
TX-10887,ORD-6887,CUSTOMER,CUST-0403,3896.62,INFLOW,ORDER_PAYMENT,2026-09-04 16:55:04
TX-10888,ORD-6888,CUSTOMER,CUST-0123,3684.61,INFLOW,ORDER_PAYMENT,2026-09-04 17:03:12
TX-10889,ORD-6889,CUSTOMER,CUST-0215,1605.72,INFLOW,ORDER_PAYMENT,2026-09-04 17:11:48
TX-10890,ORD-6890,CUSTOMER,CUST-0476,4337.59,INFLOW,ORDER_PAYMENT,2026-09-04 17:20:14
TX-10891,ORD-6891,CUSTOMER,CUST-0075,4054.3,INFLOW,ORDER_PAYMENT,2026-09-04 17:28:51
TX-10892,ORD-6892,CUSTOMER,CUST-0328,1948.31,INFLOW,ORDER_PAYMENT,2026-09-04 17:37:00
TX-10893,ORD-6893,CUSTOMER,CUST-0469,306.7,INFLOW,ORDER_PAYMENT,2026-09-04 17:45:20
TX-10894,ORD-6894,CUSTOMER,CUST-0217,3246.81,INFLOW,ORDER_PAYMENT,2026-09-04 17:53:36
TX-10895,ORD-6895,CUSTOMER,CUST-0336,1418.34,INFLOW,ORDER_PAYMENT,2026-09-04 18:02:16
TX-10896,ORD-6896,CUSTOMER,CUST-0462,263.42,INFLOW,ORDER_PAYMENT,2026-09-04 18:10:23
TX-10897,ORD-6897,CUSTOMER,CUST-0269,2757.05,INFLOW,ORDER_PAYMENT,2026-09-04 18:19:08
TX-10898,ORD-6898,CUSTOMER,CUST-0200,1100.0,INFLOW,ORDER_PAYMENT,2026-09-04 18:27:39
TX-10899,ORD-6899,CUSTOMER,CUST-0266,3310.04,INFLOW,ORDER_PAYMENT,2026-09-04 18:35:56
TX-10900,ORD-6900,CUSTOMER,CUST-0496,2788.05,INFLOW,ORDER_PAYMENT,2026-09-04 18:44:07
TX-10901,ORD-6901,CUSTOMER,CUST-0419,2644.13,INFLOW,ORDER_PAYMENT,2026-09-04 18:52:37
TX-10902,ORD-6902,CUSTOMER,CUST-0219,4093.93,INFLOW,ORDER_PAYMENT,2026-09-04 19:00:58
TX-10903,ORD-6903,CUSTOMER,CUST-0410,1229.97,INFLOW,ORDER_PAYMENT,2026-09-04 19:09:19
TX-10904,ORD-6904,CUSTOMER,CUST-0271,3621.3,INFLOW,ORDER_PAYMENT,2026-09-04 19:17:38
TX-10905,ORD-6905,CUSTOMER,CUST-0294,3786.85,INFLOW,ORDER_PAYMENT,2026-09-04 19:26:22
TX-10906,ORD-6906,CUSTOMER,CUST-0244,3809.18,INFLOW,ORDER_PAYMENT,2026-09-04 19:34:26
TX-10907,ORD-6907,CUSTOMER,CUST-0327,557.56,INFLOW,ORDER_PAYMENT,2026-09-04 19:43:06
TX-10908,ORD-6908,CUSTOMER,CUST-0344,1125.08,INFLOW,ORDER_PAYMENT,2026-09-04 19:51:19
TX-10909,ORD-6909,CUSTOMER,CUST-0426,3297.77,INFLOW,ORDER_PAYMENT,2026-09-04 19:59:46
TX-10910,ORD-6910,CUSTOMER,CUST-0074,826.99,INFLOW,ORDER_PAYMENT,2026-09-04 20:08:26
TX-10911,ORD-6911,CUSTOMER,CUST-0098,4390.3,INFLOW,ORDER_PAYMENT,2026-09-04 20:16:38
TX-10912,ORD-6912,CUSTOMER,CUST-0059,4878.6,INFLOW,ORDER_PAYMENT,2026-09-04 20:25:03
TX-10913,ORD-6913,CUSTOMER,CUST-0266,1231.42,INFLOW,ORDER_PAYMENT,2026-09-04 20:33:28
TX-10914,ORD-6914,CUSTOMER,CUST-0024,3621.3,INFLOW,ORDER_PAYMENT,2026-09-04 20:41:55
TX-10915,ORD-6915,CUSTOMER,CUST-0479,1070.16,INFLOW,ORDER_PAYMENT,2026-09-04 20:50:26
TX-10916,ORD-6916,CUSTOMER,CUST-0056,1004.29,INFLOW,ORDER_PAYMENT,2026-09-04 20:58:33
TX-10917,ORD-6917,CUSTOMER,CUST-0183,3246.81,INFLOW,ORDER_PAYMENT,2026-09-04 21:06:47
TX-10918,ORD-6918,CUSTOMER,CUST-0403,4257.97,INFLOW,ORDER_PAYMENT,2026-09-04 21:15:30
TX-10919,ORD-6919,CUSTOMER,CUST-0345,1348.16,INFLOW,ORDER_PAYMENT,2026-09-04 21:23:39
TX-10920,ORD-6920,CUSTOMER,CUST-0268,883.38,INFLOW,ORDER_PAYMENT,2026-09-04 21:31:59
TX-10921,ORD-6921,CUSTOMER,CUST-0059,1340.1,INFLOW,ORDER_PAYMENT,2026-09-04 21:40:45
TX-10922,ORD-6922,CUSTOMER,CUST-0263,1904.59,INFLOW,ORDER_PAYMENT,2026-09-04 21:49:05
TX-10923,ORD-6923,CUSTOMER,CUST-0218,4336.35,INFLOW,ORDER_PAYMENT,2026-09-04 21:57:13
TX-10924,ORD-6924,CUSTOMER,CUST-0086,3052.92,INFLOW,ORDER_PAYMENT,2026-09-04 22:05:49
TX-10925,ORD-6925,CUSTOMER,CUST-0152,4054.3,INFLOW,ORDER_PAYMENT,2026-09-04 22:14:11
TX-10926,ORD-6926,CUSTOMER,CUST-0459,883.38,INFLOW,ORDER_PAYMENT,2026-09-04 22:22:35
TX-10927,ORD-6927,CUSTOMER,CUST-0268,291.34,INFLOW,ORDER_PAYMENT,2026-09-04 22:31:04
TX-10928,ORD-6928,CUSTOMER,CUST-0296,883.38,INFLOW,ORDER_PAYMENT,2026-09-04 22:39:11
TX-10929,ORD-6929,CUSTOMER,CUST-0173,3297.77,INFLOW,ORDER_PAYMENT,2026-09-04 22:47:41
TX-10930,ORD-6930,CUSTOMER,CUST-0297,3904.31,INFLOW,ORDER_PAYMENT,2026-09-04 22:56:05
TX-10931,ORD-6931,CUSTOMER,CUST-0039,1924.84,INFLOW,ORDER_PAYMENT,2026-09-04 23:04:41
TX-10932,ORD-6932,CUSTOMER,CUST-0106,6620.08,INFLOW,ORDER_PAYMENT,2026-09-04 23:13:02
TX-10933,ORD-6933,CUSTOMER,CUST-0032,535.08,INFLOW,ORDER_PAYMENT,2026-09-04 23:21:08
TX-10934,ORD-6934,CUSTOMER,CUST-0007,3817.51,INFLOW,ORDER_PAYMENT,2026-09-04 23:29:57
TX-10935,ORD-6935,CUSTOMER,CUST-0096,557.56,INFLOW,ORDER_PAYMENT,2026-09-04 23:38:23
TX-10936,ORD-6936,CUSTOMER,CUST-0267,2446.64,INFLOW,ORDER_PAYMENT,2026-09-04 23:46:30
TX-10937,ORD-6937,CUSTOMER,CUST-0222,3904.31,INFLOW,ORDER_PAYMENT,2026-09-04 23:54:52
TX-10938,ORD-6938,CUSTOMER,CUST-0274,1004.29,INFLOW,ORDER_PAYMENT,2026-09-05 00:03:19
TX-10939,ORD-6939,CUSTOMER,CUST-0231,1004.29,INFLOW,ORDER_PAYMENT,2026-09-05 00:11:55
TX-10940,ORD-6940,CUSTOMER,CUST-0458,818.39,INFLOW,ORDER_PAYMENT,2026-09-05 00:20:11
TX-10941,ORD-6941,CUSTOMER,CUST-0240,4054.3,INFLOW,ORDER_PAYMENT,2026-09-05 00:28:36
TX-10942,ORD-6942,CUSTOMER,CUST-0198,8187.86,INFLOW,ORDER_PAYMENT,2026-09-05 00:36:48
TX-10943,ORD-6943,CUSTOMER,CUST-0103,4294.61,INFLOW,ORDER_PAYMENT,2026-09-05 00:45:18
TX-10944,ORD-6944,CUSTOMER,CUST-0118,3655.67,INFLOW,ORDER_PAYMENT,2026-09-05 00:53:51
TX-10945,ORD-6945,CUSTOMER,CUST-0428,358.12,INFLOW,ORDER_PAYMENT,2026-09-05 01:02:24
TX-10946,ORD-6946,CUSTOMER,CUST-0343,1524.23,INFLOW,ORDER_PAYMENT,2026-09-05 01:10:44
TX-10947,ORD-6947,CUSTOMER,CUST-0149,557.56,INFLOW,ORDER_PAYMENT,2026-09-05 01:19:07
TX-10948,ORD-6948,CUSTOMER,CUST-0306,1100.0,INFLOW,ORDER_PAYMENT,2026-09-05 01:27:35
TX-10949,ORD-6949,CUSTOMER,CUST-0071,291.34,INFLOW,ORDER_PAYMENT,2026-09-05 01:35:32
TX-10950,ORD-6950,CUSTOMER,CUST-0293,2180.0,INFLOW,ORDER_PAYMENT,2026-09-05 01:44:04
TX-10951,ORD-6951,CUSTOMER,CUST-0353,3211.6,INFLOW,ORDER_PAYMENT,2026-09-05 01:52:20
TX-10952,ORD-6952,CUSTOMER,CUST-0053,535.08,INFLOW,ORDER_PAYMENT,2026-09-05 02:01:00
TX-10953,ORD-6953,CUSTOMER,CUST-0410,3482.21,INFLOW,ORDER_PAYMENT,2026-09-05 02:09:10
TX-10954,ORD-6954,CUSTOMER,CUST-0370,7711.42,INFLOW,ORDER_PAYMENT,2026-09-05 02:17:43
TX-10955,ORD-6955,CUSTOMER,CUST-0327,3897.52,INFLOW,ORDER_PAYMENT,2026-09-05 02:26:15
TX-10956,ORD-6956,CUSTOMER,CUST-0224,1100.0,INFLOW,ORDER_PAYMENT,2026-09-05 02:34:30
TX-10957,ORD-6957,CUSTOMER,CUST-0114,3849.68,INFLOW,ORDER_PAYMENT,2026-09-05 02:42:43
TX-10958,ORD-6958,CUSTOMER,CUST-0103,4448.99,INFLOW,ORDER_PAYMENT,2026-09-05 02:51:25
TX-10959,ORD-6959,CUSTOMER,CUST-0284,358.12,INFLOW,ORDER_PAYMENT,2026-09-05 02:59:51
TX-10960,ORD-6960,CUSTOMER,CUST-0190,3724.86,INFLOW,ORDER_PAYMENT,2026-09-05 03:08:17
TX-10961,ORD-6961,CUSTOMER,CUST-0067,4257.97,INFLOW,ORDER_PAYMENT,2026-09-05 03:16:20
TX-10962,ORD-6962,CUSTOMER,CUST-0450,4054.3,INFLOW,ORDER_PAYMENT,2026-09-05 03:24:57
TX-10963,ORD-6963,CUSTOMER,CUST-0175,3303.71,INFLOW,ORDER_PAYMENT,2026-09-05 03:33:31
TX-10964,ORD-6964,CUSTOMER,CUST-0154,1434.09,INFLOW,ORDER_PAYMENT,2026-09-05 03:41:49
TX-10965,ORD-6965,CUSTOMER,CUST-0391,1340.1,INFLOW,ORDER_PAYMENT,2026-09-05 03:50:16
TX-10966,ORD-6966,CUSTOMER,CUST-0255,7128.4,INFLOW,ORDER_PAYMENT,2026-09-05 03:58:36
TX-10967,ORD-6967,CUSTOMER,CUST-0127,4424.97,INFLOW,ORDER_PAYMENT,2026-09-05 04:07:05
TX-10968,ORD-6968,CUSTOMER,CUST-0170,1862.43,INFLOW,ORDER_PAYMENT,2026-09-05 04:15:08
TX-10969,ORD-6969,CUSTOMER,CUST-0144,2560.05,INFLOW,ORDER_PAYMENT,2026-09-05 04:23:34
TX-10970,ORD-6970,CUSTOMER,CUST-0220,7275.16,INFLOW,ORDER_PAYMENT,2026-09-05 04:32:10
TX-10971,ORD-6971,CUSTOMER,CUST-0128,3897.52,INFLOW,ORDER_PAYMENT,2026-09-05 04:40:46
TX-10972,ORD-6972,CUSTOMER,CUST-0445,1768.39,INFLOW,ORDER_PAYMENT,2026-09-05 04:48:52
TX-10973,ORD-6973,CUSTOMER,CUST-0107,2757.05,INFLOW,ORDER_PAYMENT,2026-09-05 04:57:16
TX-10974,ORD-6974,CUSTOMER,CUST-0263,1100.0,INFLOW,ORDER_PAYMENT,2026-09-05 05:05:49
TX-10975,ORD-6975,CUSTOMER,CUST-0098,3052.92,INFLOW,ORDER_PAYMENT,2026-09-05 05:14:07
TX-10976,ORD-6976,CUSTOMER,CUST-0292,557.56,INFLOW,ORDER_PAYMENT,2026-09-05 05:22:24
TX-10977,ORD-6977,CUSTOMER,CUST-0277,4504.6,INFLOW,ORDER_PAYMENT,2026-09-05 05:31:00
TX-10978,ORD-6978,CUSTOMER,CUST-0433,3817.51,INFLOW,ORDER_PAYMENT,2026-09-05 05:39:10
TX-10979,ORD-6979,CUSTOMER,CUST-0325,3904.05,INFLOW,ORDER_PAYMENT,2026-09-05 05:47:29
TX-10980,ORD-6980,CUSTOMER,CUST-0334,2449.37,INFLOW,ORDER_PAYMENT,2026-09-05 05:55:57
TX-10981,ORD-6981,CUSTOMER,CUST-0425,3737.74,INFLOW,ORDER_PAYMENT,2026-09-05 06:04:23
TX-10982,ORD-6982,CUSTOMER,CUST-0010,3569.25,INFLOW,ORDER_PAYMENT,2026-09-05 06:12:43
TX-10983,ORD-6983,CUSTOMER,CUST-0260,3527.16,INFLOW,ORDER_PAYMENT,2026-09-05 06:21:04
TX-10984,ORD-6984,CUSTOMER,CUST-0085,1732.3,INFLOW,ORDER_PAYMENT,2026-09-05 06:29:38
TX-10985,ORD-6985,CUSTOMER,CUST-0430,1992.9,INFLOW,ORDER_PAYMENT,2026-09-05 06:38:21
TX-10986,ORD-6986,CUSTOMER,CUST-0489,6105.84,INFLOW,ORDER_PAYMENT,2026-09-05 06:46:37
TX-10987,ORD-6987,CUSTOMER,CUST-0168,6964.42,INFLOW,ORDER_PAYMENT,2026-09-05 06:55:04
TX-10988,ORD-6988,CUSTOMER,CUST-0328,1604.68,INFLOW,ORDER_PAYMENT,2026-09-05 07:03:13
TX-10989,ORD-6989,CUSTOMER,CUST-0182,656.92,INFLOW,ORDER_PAYMENT,2026-09-05 07:11:32
TX-10990,ORD-6990,CUSTOMER,CUST-0412,2644.13,INFLOW,ORDER_PAYMENT,2026-09-05 07:19:56
TX-10991,ORD-6991,CUSTOMER,CUST-0072,4076.43,INFLOW,ORDER_PAYMENT,2026-09-05 07:28:20
TX-10992,ORD-6992,CUSTOMER,CUST-0046,3786.85,INFLOW,ORDER_PAYMENT,2026-09-05 07:36:44
TX-10993,ORD-6993,CUSTOMER,CUST-0281,3590.3,INFLOW,ORDER_PAYMENT,2026-09-05 07:45:21
TX-10994,ORD-6994,CUSTOMER,CUST-0129,4424.97,INFLOW,ORDER_PAYMENT,2026-09-05 07:53:30
TX-10995,ORD-6995,CUSTOMER,CUST-0187,1604.68,INFLOW,ORDER_PAYMENT,2026-09-05 08:02:20
TX-10996,ORD-6996,CUSTOMER,CUST-0180,1434.09,INFLOW,ORDER_PAYMENT,2026-09-05 08:10:22
TX-10997,ORD-6997,CUSTOMER,CUST-0042,3088.94,INFLOW,ORDER_PAYMENT,2026-09-05 08:19:09
TX-10998,ORD-6998,CUSTOMER,CUST-0476,3637.58,INFLOW,ORDER_PAYMENT,2026-09-05 08:27:21
TX-10999,ORD-6999,CUSTOMER,CUST-0012,4054.3,INFLOW,ORDER_PAYMENT,2026-09-05 08:35:50
TX-11000,ORD-7000,CUSTOMER,CUST-0362,557.56,INFLOW,ORDER_PAYMENT,2026-09-05 08:44:03
TX-11001,ORD-7001,CUSTOMER,CUST-0110,3412.17,INFLOW,ORDER_PAYMENT,2026-09-05 08:52:15
TX-11002,ORD-7002,CUSTOMER,CUST-0181,3897.52,INFLOW,ORDER_PAYMENT,2026-09-05 09:00:56
TX-11003,ORD-7003,CUSTOMER,CUST-0398,889.09,INFLOW,ORDER_PAYMENT,2026-09-05 09:09:25
TX-11004,ORD-7004,CUSTOMER,CUST-0376,6392.14,INFLOW,ORDER_PAYMENT,2026-09-05 09:17:55
TX-11005,ORD-7005,CUSTOMER,CUST-0086,2644.13,INFLOW,ORDER_PAYMENT,2026-09-05 09:25:59
TX-11006,ORD-7006,CUSTOMER,CUST-0373,2419.53,INFLOW,ORDER_PAYMENT,2026-09-05 09:34:23
TX-11007,ORD-7007,CUSTOMER,CUST-0056,7795.04,INFLOW,ORDER_PAYMENT,2026-09-05 09:43:05
TX-11008,ORD-7008,CUSTOMER,CUST-0214,1299.1,INFLOW,ORDER_PAYMENT,2026-09-05 09:51:10
TX-11009,ORD-7009,CUSTOMER,CUST-0077,1231.42,INFLOW,ORDER_PAYMENT,2026-09-05 09:59:43
TX-11010,ORD-7010,CUSTOMER,CUST-0496,1904.59,INFLOW,ORDER_PAYMENT,2026-09-05 10:08:19
TX-11011,ORD-7011,CUSTOMER,CUST-0184,3722.35,INFLOW,ORDER_PAYMENT,2026-09-05 10:16:38
TX-11012,ORD-7012,CUSTOMER,CUST-0204,3024.83,INFLOW,ORDER_PAYMENT,2026-09-05 10:25:08
TX-11013,ORD-7013,CUSTOMER,CUST-0235,4424.97,INFLOW,ORDER_PAYMENT,2026-09-05 10:33:22
TX-11014,ORD-7014,CUSTOMER,CUST-0274,3569.25,INFLOW,ORDER_PAYMENT,2026-09-05 10:41:44
TX-11015,ORD-7015,CUSTOMER,CUST-0096,656.92,INFLOW,ORDER_PAYMENT,2026-09-05 10:49:54
TX-11016,ORD-7016,CUSTOMER,CUST-0294,358.12,INFLOW,ORDER_PAYMENT,2026-09-05 10:58:22
TX-11017,ORD-7017,CUSTOMER,CUST-0127,4054.3,INFLOW,ORDER_PAYMENT,2026-09-05 11:06:43
TX-11018,ORD-7018,CUSTOMER,CUST-0485,1004.29,INFLOW,ORDER_PAYMENT,2026-09-05 11:15:15
TX-11019,ORD-7019,CUSTOMER,CUST-0275,3569.25,INFLOW,ORDER_PAYMENT,2026-09-05 11:23:29
TX-11020,ORD-7020,CUSTOMER,CUST-0178,3063.16,INFLOW,ORDER_PAYMENT,2026-09-05 11:32:04
TX-11021,ORD-7021,CUSTOMER,CUST-0467,4458.58,INFLOW,ORDER_PAYMENT,2026-09-05 11:40:42
TX-11022,ORD-7022,CUSTOMER,CUST-0473,3684.61,INFLOW,ORDER_PAYMENT,2026-09-05 11:48:48
TX-11023,ORD-7023,CUSTOMER,CUST-0410,4101.12,INFLOW,ORDER_PAYMENT,2026-09-05 11:57:13
TX-11024,ORD-7024,CUSTOMER,CUST-0438,1100.0,INFLOW,ORDER_PAYMENT,2026-09-05 12:05:54
TX-11025,ORD-7025,CUSTOMER,CUST-0434,3554.02,INFLOW,ORDER_PAYMENT,2026-09-05 12:14:11
TX-11026,ORD-7026,CUSTOMER,CUST-0101,1090.0,INFLOW,ORDER_PAYMENT,2026-09-05 12:22:35
TX-11027,ORD-7027,CUSTOMER,CUST-0260,4030.3,INFLOW,ORDER_PAYMENT,2026-09-05 12:30:46
TX-11028,ORD-7028,CUSTOMER,CUST-0479,3786.85,INFLOW,ORDER_PAYMENT,2026-09-05 12:39:06
TX-11029,ORD-7029,CUSTOMER,CUST-0037,1125.08,INFLOW,ORDER_PAYMENT,2026-09-05 12:47:48
TX-11030,ORD-7030,CUSTOMER,CUST-0042,1100.0,INFLOW,ORDER_PAYMENT,2026-09-05 12:56:04
TX-11031,ORD-7031,CUSTOMER,CUST-0226,291.34,INFLOW,ORDER_PAYMENT,2026-09-05 13:04:29
TX-11032,ORD-7032,CUSTOMER,CUST-0013,3482.21,INFLOW,ORDER_PAYMENT,2026-09-05 13:12:48
TX-11033,ORD-7033,CUSTOMER,CUST-0416,414.04,INFLOW,ORDER_PAYMENT,2026-09-05 13:21:02
TX-11034,ORD-7034,CUSTOMER,CUST-0258,3765.7,INFLOW,ORDER_PAYMENT,2026-09-05 13:29:25
TX-11035,ORD-7035,CUSTOMER,CUST-0436,2589.06,INFLOW,ORDER_PAYMENT,2026-09-05 13:38:04
TX-11036,ORD-7036,CUSTOMER,CUST-0231,2200.0,INFLOW,ORDER_PAYMENT,2026-09-05 13:46:26
TX-11037,ORD-7037,CUSTOMER,CUST-0392,4257.97,INFLOW,ORDER_PAYMENT,2026-09-05 13:54:43
TX-11038,ORD-7038,CUSTOMER,CUST-0004,6493.62,INFLOW,ORDER_PAYMENT,2026-09-05 14:03:00
TX-11039,ORD-7039,CUSTOMER,CUST-0057,1882.85,INFLOW,ORDER_PAYMENT,2026-09-05 14:11:43
TX-11040,ORD-7040,CUSTOMER,CUST-0144,883.38,INFLOW,ORDER_PAYMENT,2026-09-05 14:20:02
TX-11041,ORD-7041,CUSTOMER,CUST-0166,3310.04,INFLOW,ORDER_PAYMENT,2026-09-05 14:28:39
TX-11042,ORD-7042,CUSTOMER,CUST-0096,2180.0,INFLOW,ORDER_PAYMENT,2026-09-05 14:36:54
TX-11043,ORD-7043,CUSTOMER,CUST-0026,1348.16,INFLOW,ORDER_PAYMENT,2026-09-05 14:45:12
TX-11044,ORD-7044,CUSTOMER,CUST-0238,1076.17,INFLOW,ORDER_PAYMENT,2026-09-05 14:53:25
TX-11045,ORD-7045,CUSTOMER,CUST-0297,3464.6,INFLOW,ORDER_PAYMENT,2026-09-05 15:02:04
TX-11046,ORD-7046,CUSTOMER,CUST-0267,3570.49,INFLOW,ORDER_PAYMENT,2026-09-05 15:10:18
TX-11047,ORD-7047,CUSTOMER,CUST-0173,4272.95,INFLOW,ORDER_PAYMENT,2026-09-05 15:19:03
TX-11048,ORD-7048,CUSTOMER,CUST-0177,3310.04,INFLOW,ORDER_PAYMENT,2026-09-05 15:27:24
TX-11049,ORD-7049,CUSTOMER,CUST-0040,6105.84,INFLOW,ORDER_PAYMENT,2026-09-05 15:35:47
TX-11050,ORD-7050,CUSTOMER,CUST-0252,851.72,INFLOW,ORDER_PAYMENT,2026-09-05 15:44:06
TX-11051,ORD-7051,CUSTOMER,CUST-0249,1862.43,INFLOW,ORDER_PAYMENT,2026-09-05 15:52:25
TX-11052,ORD-7052,CUSTOMER,CUST-0102,4294.61,INFLOW,ORDER_PAYMENT,2026-09-05 16:01:00
TX-11053,ORD-7053,CUSTOMER,CUST-0375,4054.3,INFLOW,ORDER_PAYMENT,2026-09-05 16:09:11
TX-11054,ORD-7054,CUSTOMER,CUST-0222,1418.34,INFLOW,ORDER_PAYMENT,2026-09-05 16:17:30
TX-11055,ORD-7055,CUSTOMER,CUST-0106,1100.0,INFLOW,ORDER_PAYMENT,2026-09-05 16:25:55
TX-11056,ORD-7056,CUSTOMER,CUST-0083,414.04,INFLOW,ORDER_PAYMENT,2026-09-05 16:34:10
TX-11057,ORD-7057,CUSTOMER,CUST-0495,3554.02,INFLOW,ORDER_PAYMENT,2026-09-05 16:42:57
TX-11058,ORD-7058,CUSTOMER,CUST-0236,557.56,INFLOW,ORDER_PAYMENT,2026-09-05 16:51:23
TX-11059,ORD-7059,CUSTOMER,CUST-0249,3655.67,INFLOW,ORDER_PAYMENT,2026-09-05 16:59:43
TX-11060,ORD-7060,CUSTOMER,CUST-0441,3904.31,INFLOW,ORDER_PAYMENT,2026-09-05 17:08:04
TX-11061,ORD-7061,CUSTOMER,CUST-0256,1605.72,INFLOW,ORDER_PAYMENT,2026-09-05 17:16:35
TX-11062,ORD-7062,CUSTOMER,CUST-0303,3482.21,INFLOW,ORDER_PAYMENT,2026-09-05 17:25:00
TX-11063,ORD-7063,CUSTOMER,CUST-0062,2452.83,INFLOW,ORDER_PAYMENT,2026-09-05 17:33:00
TX-11064,ORD-7064,CUSTOMER,CUST-0280,8202.24,INFLOW,ORDER_PAYMENT,2026-09-05 17:41:50
TX-11065,ORD-7065,CUSTOMER,CUST-0442,3303.71,INFLOW,ORDER_PAYMENT,2026-09-05 17:50:14
TX-11066,ORD-7066,CUSTOMER,CUST-0477,670.05,INFLOW,ORDER_PAYMENT,2026-09-05 17:58:36
TX-11067,ORD-7067,CUSTOMER,CUST-0213,3897.52,INFLOW,ORDER_PAYMENT,2026-09-05 18:06:34
TX-11068,ORD-7068,CUSTOMER,CUST-0235,557.56,INFLOW,ORDER_PAYMENT,2026-09-05 18:15:08
TX-11069,ORD-7069,CUSTOMER,CUST-0005,1100.0,INFLOW,ORDER_PAYMENT,2026-09-05 18:23:22
TX-11070,ORD-7070,CUSTOMER,CUST-0341,2200.0,INFLOW,ORDER_PAYMENT,2026-09-05 18:31:48
TX-11071,ORD-7071,CUSTOMER,CUST-0434,656.92,INFLOW,ORDER_PAYMENT,2026-09-05 18:40:34
TX-11072,ORD-7072,CUSTOMER,CUST-0353,6595.54,INFLOW,ORDER_PAYMENT,2026-09-05 18:48:40
TX-11073,ORD-7073,CUSTOMER,CUST-0064,4966.46,INFLOW,ORDER_PAYMENT,2026-09-05 18:57:13
TX-11074,ORD-7074,CUSTOMER,CUST-0033,656.92,INFLOW,ORDER_PAYMENT,2026-09-05 19:05:38
TX-11075,ORD-7075,CUSTOMER,CUST-0320,3655.67,INFLOW,ORDER_PAYMENT,2026-09-05 19:14:06
TX-11076,ORD-7076,CUSTOMER,CUST-0366,3303.71,INFLOW,ORDER_PAYMENT,2026-09-05 19:22:31
TX-11077,ORD-7077,CUSTOMER,CUST-0006,4336.35,INFLOW,ORDER_PAYMENT,2026-09-05 19:30:37
TX-11078,ORD-7078,CUSTOMER,CUST-0160,1992.9,INFLOW,ORDER_PAYMENT,2026-09-05 19:39:12
TX-11079,ORD-7079,CUSTOMER,CUST-0086,1544.47,INFLOW,ORDER_PAYMENT,2026-09-05 19:47:43
TX-11080,ORD-7080,CUSTOMER,CUST-0292,3554.02,INFLOW,ORDER_PAYMENT,2026-09-05 19:56:03
TX-11081,ORD-7081,CUSTOMER,CUST-0353,2452.83,INFLOW,ORDER_PAYMENT,2026-09-05 20:04:13
TX-11082,ORD-7082,CUSTOMER,CUST-0070,1768.39,INFLOW,ORDER_PAYMENT,2026-09-05 20:12:36
TX-11083,ORD-7083,CUSTOMER,CUST-0093,4101.12,INFLOW,ORDER_PAYMENT,2026-09-05 20:21:05
TX-11084,ORD-7084,CUSTOMER,CUST-0040,291.34,INFLOW,ORDER_PAYMENT,2026-09-05 20:29:39
TX-11085,ORD-7085,CUSTOMER,CUST-0182,3314.53,INFLOW,ORDER_PAYMENT,2026-09-05 20:37:58
TX-11086,ORD-7086,CUSTOMER,CUST-0356,431.18,INFLOW,ORDER_PAYMENT,2026-09-05 20:46:08
TX-11087,ORD-7087,CUSTOMER,CUST-0317,1229.97,INFLOW,ORDER_PAYMENT,2026-09-05 20:54:35
TX-11088,ORD-7088,CUSTOMER,CUST-0339,1604.68,INFLOW,ORDER_PAYMENT,2026-09-05 21:02:58
TX-11089,ORD-7089,CUSTOMER,CUST-0029,3722.35,INFLOW,ORDER_PAYMENT,2026-09-05 21:11:26
TX-11090,ORD-7090,CUSTOMER,CUST-0318,1125.08,INFLOW,ORDER_PAYMENT,2026-09-05 21:20:04
TX-11091,ORD-7091,CUSTOMER,CUST-0372,3024.83,INFLOW,ORDER_PAYMENT,2026-09-05 21:28:14
TX-11092,ORD-7092,CUSTOMER,CUST-0473,3590.3,INFLOW,ORDER_PAYMENT,2026-09-05 21:36:35
TX-11093,ORD-7093,CUSTOMER,CUST-0355,2446.64,INFLOW,ORDER_PAYMENT,2026-09-05 21:45:05
TX-11094,ORD-7094,CUSTOMER,CUST-0051,3621.3,INFLOW,ORDER_PAYMENT,2026-09-05 21:53:33
TX-11095,ORD-7095,CUSTOMER,CUST-0283,1924.84,INFLOW,ORDER_PAYMENT,2026-09-05 22:02:06
TX-11096,ORD-7096,CUSTOMER,CUST-0277,4294.61,INFLOW,ORDER_PAYMENT,2026-09-05 22:10:20
TX-11097,ORD-7097,CUSTOMER,CUST-0478,3621.3,INFLOW,ORDER_PAYMENT,2026-09-05 22:18:52
TX-11098,ORD-7098,CUSTOMER,CUST-0130,3211.44,INFLOW,ORDER_PAYMENT,2026-09-05 22:27:09
TX-11099,ORD-7099,CUSTOMER,CUST-0356,828.08,INFLOW,ORDER_PAYMENT,2026-09-05 22:35:44
TX-11100,ORD-7100,CUSTOMER,CUST-0152,3724.86,INFLOW,ORDER_PAYMENT,2026-09-05 22:43:51
TX-11101,ORD-7101,CUSTOMER,CUST-0219,306.7,INFLOW,ORDER_PAYMENT,2026-09-05 22:52:22
TX-11102,ORD-7102,CUSTOMER,CUST-0169,8202.24,INFLOW,ORDER_PAYMENT,2026-09-05 23:00:43
TX-11103,ORD-7103,CUSTOMER,CUST-0403,3482.21,INFLOW,ORDER_PAYMENT,2026-09-05 23:09:23
TX-11104,ORD-7104,CUSTOMER,CUST-0350,4337.59,INFLOW,ORDER_PAYMENT,2026-09-05 23:17:41
TX-11105,ORD-7105,CUSTOMER,CUST-0432,2560.05,INFLOW,ORDER_PAYMENT,2026-09-05 23:25:57
TX-11106,ORD-7106,CUSTOMER,CUST-0290,1732.3,INFLOW,ORDER_PAYMENT,2026-09-05 23:34:17
TX-11107,ORD-7107,CUSTOMER,CUST-0382,3621.3,INFLOW,ORDER_PAYMENT,2026-09-05 23:42:55
TX-11108,ORD-7108,CUSTOMER,CUST-0283,4272.95,INFLOW,ORDER_PAYMENT,2026-09-05 23:51:14
TX-11109,ORD-7109,CUSTOMER,CUST-0147,2252.3,INFLOW,ORDER_PAYMENT,2026-09-05 23:59:38
TX-11110,ORD-7110,CUSTOMER,CUST-0068,3904.31,INFLOW,ORDER_PAYMENT,2026-09-06 00:07:43
TX-11111,ORD-7111,CUSTOMER,CUST-0337,1768.39,INFLOW,ORDER_PAYMENT,2026-09-06 00:16:29
TX-11112,ORD-7112,CUSTOMER,CUST-0032,291.34,INFLOW,ORDER_PAYMENT,2026-09-06 00:24:45
TX-11113,ORD-7113,CUSTOMER,CUST-0172,3303.71,INFLOW,ORDER_PAYMENT,2026-09-06 00:33:02
TX-11114,ORD-7114,CUSTOMER,CUST-0064,2449.37,INFLOW,ORDER_PAYMENT,2026-09-06 00:41:25
TX-11115,ORD-7115,CUSTOMER,CUST-0077,1882.85,INFLOW,ORDER_PAYMENT,2026-09-06 00:49:54
TX-11116,ORD-7116,CUSTOMER,CUST-0297,3305.06,INFLOW,ORDER_PAYMENT,2026-09-06 00:58:36
TX-11117,ORD-7117,CUSTOMER,CUST-0214,2589.06,INFLOW,ORDER_PAYMENT,2026-09-06 01:06:54
TX-11118,ORD-7118,CUSTOMER,CUST-0297,3590.3,INFLOW,ORDER_PAYMENT,2026-09-06 01:14:55
TX-11119,ORD-7119,CUSTOMER,CUST-0283,1544.47,INFLOW,ORDER_PAYMENT,2026-09-06 01:23:46
TX-11120,ORD-7120,CUSTOMER,CUST-0142,4226.7,INFLOW,ORDER_PAYMENT,2026-09-06 01:31:56
TX-11121,ORD-7121,CUSTOMER,CUST-0142,2446.64,INFLOW,ORDER_PAYMENT,2026-09-06 01:40:18
TX-11122,ORD-7122,CUSTOMER,CUST-0295,3211.6,INFLOW,ORDER_PAYMENT,2026-09-06 01:48:49
TX-11123,ORD-7123,CUSTOMER,CUST-0279,2446.64,INFLOW,ORDER_PAYMENT,2026-09-06 01:57:00
TX-11124,ORD-7124,CUSTOMER,CUST-0125,3570.49,INFLOW,ORDER_PAYMENT,2026-09-06 02:05:26
TX-11125,ORD-7125,CUSTOMER,CUST-0235,5288.26,INFLOW,ORDER_PAYMENT,2026-09-06 02:13:42
TX-11126,ORD-7126,CUSTOMER,CUST-0282,1229.97,INFLOW,ORDER_PAYMENT,2026-09-06 02:22:29
TX-11127,ORD-7127,CUSTOMER,CUST-0447,2452.83,INFLOW,ORDER_PAYMENT,2026-09-06 02:30:45
TX-11128,ORD-7128,CUSTOMER,CUST-0248,883.38,INFLOW,ORDER_PAYMENT,2026-09-06 02:39:21
TX-11129,ORD-7129,CUSTOMER,CUST-0407,2419.53,INFLOW,ORDER_PAYMENT,2026-09-06 02:47:28
TX-11130,ORD-7130,CUSTOMER,CUST-0324,1605.72,INFLOW,ORDER_PAYMENT,2026-09-06 02:55:58
TX-11131,ORD-7131,CUSTOMER,CUST-0048,3655.67,INFLOW,ORDER_PAYMENT,2026-09-06 03:04:31
TX-11132,ORD-7132,CUSTOMER,CUST-0423,1434.09,INFLOW,ORDER_PAYMENT,2026-09-06 03:12:34
TX-11133,ORD-7133,CUSTOMER,CUST-0389,7140.98,INFLOW,ORDER_PAYMENT,2026-09-06 03:20:54
TX-11134,ORD-7134,CUSTOMER,CUST-0220,3211.6,INFLOW,ORDER_PAYMENT,2026-09-06 03:29:21
TX-11135,ORD-7135,CUSTOMER,CUST-0234,4390.3,INFLOW,ORDER_PAYMENT,2026-09-06 03:38:04
TX-11136,ORD-7136,CUSTOMER,CUST-0171,3297.77,INFLOW,ORDER_PAYMENT,2026-09-06 03:46:25
TX-11137,ORD-7137,CUSTOMER,CUST-0379,258.84,INFLOW,ORDER_PAYMENT,2026-09-06 03:54:39
TX-11138,ORD-7138,CUSTOMER,CUST-0262,1524.23,INFLOW,ORDER_PAYMENT,2026-09-06 04:03:14
TX-11139,ORD-7139,CUSTOMER,CUST-0237,670.05,INFLOW,ORDER_PAYMENT,2026-09-06 04:11:43
TX-11140,ORD-7140,CUSTOMER,CUST-0102,1862.43,INFLOW,ORDER_PAYMENT,2026-09-06 04:20:07
TX-11141,ORD-7141,CUSTOMER,CUST-0110,2065.51,INFLOW,ORDER_PAYMENT,2026-09-06 04:28:06
TX-11142,ORD-7142,CUSTOMER,CUST-0343,3904.05,INFLOW,ORDER_PAYMENT,2026-09-06 04:36:57
TX-11143,ORD-7143,CUSTOMER,CUST-0363,4966.46,INFLOW,ORDER_PAYMENT,2026-09-06 04:45:06
TX-11144,ORD-7144,CUSTOMER,CUST-0176,4504.6,INFLOW,ORDER_PAYMENT,2026-09-06 04:53:30
TX-11145,ORD-7145,CUSTOMER,CUST-0168,4458.58,INFLOW,ORDER_PAYMENT,2026-09-06 05:01:54
TX-11146,ORD-7146,CUSTOMER,CUST-0383,2788.05,INFLOW,ORDER_PAYMENT,2026-09-06 05:10:06
TX-11147,ORD-7147,CUSTOMER,CUST-0384,2757.05,INFLOW,ORDER_PAYMENT,2026-09-06 05:18:47
TX-11148,ORD-7148,CUSTOMER,CUST-0069,3246.81,INFLOW,ORDER_PAYMENT,2026-09-06 05:27:21
TX-11149,ORD-7149,CUSTOMER,CUST-0461,258.84,INFLOW,ORDER_PAYMENT,2026-09-06 05:35:41
TX-11150,ORD-7150,CUSTOMER,CUST-0094,1100.0,INFLOW,ORDER_PAYMENT,2026-09-06 05:43:49
TX-11151,ORD-7151,CUSTOMER,CUST-0470,3209.36,INFLOW,ORDER_PAYMENT,2026-09-06 05:52:30
TX-11152,ORD-7152,CUSTOMER,CUST-0371,2788.05,INFLOW,ORDER_PAYMENT,2026-09-06 06:00:46
TX-11153,ORD-7153,CUSTOMER,CUST-0208,818.39,INFLOW,ORDER_PAYMENT,2026-09-06 06:08:58
TX-11154,ORD-7154,CUSTOMER,CUST-0147,1524.23,INFLOW,ORDER_PAYMENT,2026-09-06 06:17:23
TX-11155,ORD-7155,CUSTOMER,CUST-0439,3564.2,INFLOW,ORDER_PAYMENT,2026-09-06 06:25:59
TX-11156,ORD-7156,CUSTOMER,CUST-0262,3590.3,INFLOW,ORDER_PAYMENT,2026-09-06 06:34:17
TX-11157,ORD-7157,CUSTOMER,CUST-0402,4336.35,INFLOW,ORDER_PAYMENT,2026-09-06 06:42:37
TX-11158,ORD-7158,CUSTOMER,CUST-0116,3063.16,INFLOW,ORDER_PAYMENT,2026-09-06 06:51:13
TX-11159,ORD-7159,CUSTOMER,CUST-0282,7635.02,INFLOW,ORDER_PAYMENT,2026-09-06 06:59:38
TX-11160,ORD-7160,CUSTOMER,CUST-0012,4076.43,INFLOW,ORDER_PAYMENT,2026-09-06 07:08:08
TX-11161,ORD-7161,CUSTOMER,CUST-0116,2452.83,INFLOW,ORDER_PAYMENT,2026-09-06 07:16:20
TX-11162,ORD-7162,CUSTOMER,CUST-0038,656.92,INFLOW,ORDER_PAYMENT,2026-09-06 07:24:44
TX-11163,ORD-7163,CUSTOMER,CUST-0360,2644.13,INFLOW,ORDER_PAYMENT,2026-09-06 07:32:53
TX-11164,ORD-7164,CUSTOMER,CUST-0126,1732.3,INFLOW,ORDER_PAYMENT,2026-09-06 07:41:23
TX-11165,ORD-7165,CUSTOMER,CUST-0047,3052.92,INFLOW,ORDER_PAYMENT,2026-09-06 07:49:55
TX-11166,ORD-7166,CUSTOMER,CUST-0152,4074.31,INFLOW,ORDER_PAYMENT,2026-09-06 07:58:16
TX-11167,ORD-7167,CUSTOMER,CUST-0292,7369.22,INFLOW,ORDER_PAYMENT,2026-09-06 08:06:43
TX-11168,ORD-7168,CUSTOMER,CUST-0117,1100.0,INFLOW,ORDER_PAYMENT,2026-09-06 08:15:20
TX-11169,ORD-7169,CUSTOMER,CUST-0352,2449.37,INFLOW,ORDER_PAYMENT,2026-09-06 08:23:28
TX-11170,ORD-7170,CUSTOMER,CUST-0002,4448.99,INFLOW,ORDER_PAYMENT,2026-09-06 08:32:07
TX-11171,ORD-7171,CUSTOMER,CUST-0073,4257.97,INFLOW,ORDER_PAYMENT,2026-09-06 08:40:19
TX-11172,ORD-7172,CUSTOMER,CUST-0284,4390.3,INFLOW,ORDER_PAYMENT,2026-09-06 08:48:34
TX-11173,ORD-7173,CUSTOMER,CUST-0012,2757.05,INFLOW,ORDER_PAYMENT,2026-09-06 08:57:03
TX-11174,ORD-7174,CUSTOMER,CUST-0120,851.72,INFLOW,ORDER_PAYMENT,2026-09-06 09:05:25
TX-11175,ORD-7175,CUSTOMER,CUST-0360,3737.74,INFLOW,ORDER_PAYMENT,2026-09-06 09:13:48
TX-11176,ORD-7176,CUSTOMER,CUST-0404,4226.7,INFLOW,ORDER_PAYMENT,2026-09-06 09:22:30
TX-11177,ORD-7177,CUSTOMER,CUST-0297,1100.0,INFLOW,ORDER_PAYMENT,2026-09-06 09:30:30
TX-11178,ORD-7178,CUSTOMER,CUST-0309,3052.92,INFLOW,ORDER_PAYMENT,2026-09-06 09:38:49
TX-11179,ORD-7179,CUSTOMER,CUST-0206,3722.35,INFLOW,ORDER_PAYMENT,2026-09-06 09:47:43
TX-11180,ORD-7180,CUSTOMER,CUST-0010,1076.17,INFLOW,ORDER_PAYMENT,2026-09-06 09:55:56
TX-11181,ORD-7181,CUSTOMER,CUST-0336,3303.71,INFLOW,ORDER_PAYMENT,2026-09-06 10:04:21
TX-11182,ORD-7182,CUSTOMER,CUST-0303,3985.8,INFLOW,ORDER_PAYMENT,2026-09-06 10:12:32
TX-11183,ORD-7183,CUSTOMER,CUST-0346,1862.43,INFLOW,ORDER_PAYMENT,2026-09-06 10:21:06
TX-11184,ORD-7184,CUSTOMER,CUST-0348,889.09,INFLOW,ORDER_PAYMENT,2026-09-06 10:29:42
TX-11185,ORD-7185,CUSTOMER,CUST-0328,3305.06,INFLOW,ORDER_PAYMENT,2026-09-06 10:38:01
TX-11186,ORD-7186,CUSTOMER,CUST-0103,1231.42,INFLOW,ORDER_PAYMENT,2026-09-06 10:46:05
TX-11187,ORD-7187,CUSTOMER,CUST-0350,2419.53,INFLOW,ORDER_PAYMENT,2026-09-06 10:54:39
TX-11188,ORD-7188,CUSTOMER,CUST-0336,1100.0,INFLOW,ORDER_PAYMENT,2026-09-06 11:03:15
TX-11189,ORD-7189,CUSTOMER,CUST-0464,2788.05,INFLOW,ORDER_PAYMENT,2026-09-06 11:11:29
TX-11190,ORD-7190,CUSTOMER,CUST-0176,258.84,INFLOW,ORDER_PAYMENT,2026-09-06 11:19:38
TX-11191,ORD-7191,CUSTOMER,CUST-0156,1100.0,INFLOW,ORDER_PAYMENT,2026-09-06 11:28:15
TX-11192,ORD-7192,CUSTOMER,CUST-0219,1904.59,INFLOW,ORDER_PAYMENT,2026-09-06 11:36:45
TX-11193,ORD-7193,CUSTOMER,CUST-0337,889.09,INFLOW,ORDER_PAYMENT,2026-09-06 11:45:16
TX-11194,ORD-7194,CUSTOMER,CUST-0456,3655.67,INFLOW,ORDER_PAYMENT,2026-09-06 11:53:14
TX-11195,ORD-7195,CUSTOMER,CUST-0350,2252.3,INFLOW,ORDER_PAYMENT,2026-09-06 12:02:00
TX-11196,ORD-7196,CUSTOMER,CUST-0355,3722.35,INFLOW,ORDER_PAYMENT,2026-09-06 12:10:28
TX-11197,ORD-7197,CUSTOMER,CUST-0233,4101.12,INFLOW,ORDER_PAYMENT,2026-09-06 12:18:29
TX-11198,ORD-7198,CUSTOMER,CUST-0385,4272.95,INFLOW,ORDER_PAYMENT,2026-09-06 12:27:11
TX-11199,ORD-7199,CUSTOMER,CUST-0333,4272.95,INFLOW,ORDER_PAYMENT,2026-09-06 12:35:21
TX-11200,ORD-7200,CUSTOMER,CUST-0374,1544.47,INFLOW,ORDER_PAYMENT,2026-09-06 12:44:03
TX-11201,ORD-7201,CUSTOMER,CUST-0254,7128.4,INFLOW,ORDER_PAYMENT,2026-09-06 12:52:16
TX-11202,ORD-7202,CUSTOMER,CUST-0350,3569.25,INFLOW,ORDER_PAYMENT,2026-09-06 13:00:35
TX-11203,ORD-7203,CUSTOMER,CUST-0376,1100.0,INFLOW,ORDER_PAYMENT,2026-09-06 13:08:57
TX-11204,ORD-7204,CUSTOMER,CUST-0291,3310.04,INFLOW,ORDER_PAYMENT,2026-09-06 13:17:19
TX-11205,ORD-7205,CUSTOMER,CUST-0204,889.09,INFLOW,ORDER_PAYMENT,2026-09-06 13:25:47
TX-11206,ORD-7206,CUSTOMER,CUST-0474,4390.3,INFLOW,ORDER_PAYMENT,2026-09-06 13:34:25
TX-11207,ORD-7207,CUSTOMER,CUST-0125,4336.35,INFLOW,ORDER_PAYMENT,2026-09-06 13:42:46
TX-11208,ORD-7208,CUSTOMER,CUST-0476,1904.59,INFLOW,ORDER_PAYMENT,2026-09-06 13:51:04
TX-11209,ORD-7209,CUSTOMER,CUST-0096,4257.97,INFLOW,ORDER_PAYMENT,2026-09-06 13:59:38
TX-11210,ORD-7210,CUSTOMER,CUST-0437,4390.3,INFLOW,ORDER_PAYMENT,2026-09-06 14:07:58
TX-11211,ORD-7211,CUSTOMER,CUST-0203,291.34,INFLOW,ORDER_PAYMENT,2026-09-06 14:16:12
TX-11212,ORD-7212,CUSTOMER,CUST-0150,3855.71,INFLOW,ORDER_PAYMENT,2026-09-06 14:24:41
TX-11213,ORD-7213,CUSTOMER,CUST-0004,4294.61,INFLOW,ORDER_PAYMENT,2026-09-06 14:33:00
TX-11214,ORD-7214,CUSTOMER,CUST-0031,358.12,INFLOW,ORDER_PAYMENT,2026-09-06 14:41:15
TX-11215,ORD-7215,CUSTOMER,CUST-0154,358.12,INFLOW,ORDER_PAYMENT,2026-09-06 14:49:50
TX-11216,ORD-7216,CUSTOMER,CUST-0481,829.04,INFLOW,ORDER_PAYMENT,2026-09-06 14:58:07
TX-11217,ORD-7217,CUSTOMER,CUST-0444,4905.66,INFLOW,ORDER_PAYMENT,2026-09-06 15:06:37
TX-11218,ORD-7218,CUSTOMER,CUST-0243,3482.21,INFLOW,ORDER_PAYMENT,2026-09-06 15:14:55
TX-11219,ORD-7219,CUSTOMER,CUST-0079,7635.02,INFLOW,ORDER_PAYMENT,2026-09-06 15:23:34
TX-11220,ORD-7220,CUSTOMER,CUST-0002,3590.3,INFLOW,ORDER_PAYMENT,2026-09-06 15:32:03
TX-11221,ORD-7221,CUSTOMER,CUST-0067,8675.18,INFLOW,ORDER_PAYMENT,2026-09-06 15:40:21
TX-11222,ORD-7222,CUSTOMER,CUST-0375,883.38,INFLOW,ORDER_PAYMENT,2026-09-06 15:48:33
TX-11223,ORD-7223,CUSTOMER,CUST-0155,3196.07,INFLOW,ORDER_PAYMENT,2026-09-06 15:57:03
TX-11224,ORD-7224,CUSTOMER,CUST-0251,1076.17,INFLOW,ORDER_PAYMENT,2026-09-06 16:05:34
TX-11225,ORD-7225,CUSTOMER,CUST-0416,2446.64,INFLOW,ORDER_PAYMENT,2026-09-06 16:13:37
TX-11226,ORD-7226,CUSTOMER,CUST-0152,1434.09,INFLOW,ORDER_PAYMENT,2026-09-06 16:22:08
TX-11227,ORD-7227,CUSTOMER,CUST-0432,2252.3,INFLOW,ORDER_PAYMENT,2026-09-06 16:30:28
TX-11228,ORD-7228,CUSTOMER,CUST-0246,4458.58,INFLOW,ORDER_PAYMENT,2026-09-06 16:39:13
TX-11229,ORD-7229,CUSTOMER,CUST-0111,358.12,INFLOW,ORDER_PAYMENT,2026-09-06 16:47:15
TX-11230,ORD-7230,CUSTOMER,CUST-0189,2788.05,INFLOW,ORDER_PAYMENT,2026-09-06 16:55:49
TX-11231,ORD-7231,CUSTOMER,CUST-0139,535.08,INFLOW,ORDER_PAYMENT,2026-09-06 17:04:05
TX-11232,ORD-7232,CUSTOMER,CUST-0030,1076.17,INFLOW,ORDER_PAYMENT,2026-09-06 17:12:21
TX-11233,ORD-7233,CUSTOMER,CUST-0418,2483.23,INFLOW,ORDER_PAYMENT,2026-09-06 17:20:52
TX-11234,ORD-7234,CUSTOMER,CUST-0372,7635.02,INFLOW,ORDER_PAYMENT,2026-09-06 17:29:38
TX-11235,ORD-7235,CUSTOMER,CUST-0001,1100.0,INFLOW,ORDER_PAYMENT,2026-09-06 17:37:37
TX-11236,ORD-7236,CUSTOMER,CUST-0366,3621.3,INFLOW,ORDER_PAYMENT,2026-09-06 17:46:18
TX-11237,ORD-7237,CUSTOMER,CUST-0203,818.39,INFLOW,ORDER_PAYMENT,2026-09-06 17:54:47
TX-11238,ORD-7238,CUSTOMER,CUST-0073,3621.3,INFLOW,ORDER_PAYMENT,2026-09-06 18:02:49
TX-11239,ORD-7239,CUSTOMER,CUST-0210,2200.0,INFLOW,ORDER_PAYMENT,2026-09-06 18:11:12
TX-11240,ORD-7240,CUSTOMER,CUST-0040,1948.31,INFLOW,ORDER_PAYMENT,2026-09-06 18:19:52
TX-11241,ORD-7241,CUSTOMER,CUST-0304,4424.97,INFLOW,ORDER_PAYMENT,2026-09-06 18:28:26
TX-11242,ORD-7242,CUSTOMER,CUST-0024,2152.34,INFLOW,ORDER_PAYMENT,2026-09-06 18:36:39
TX-11243,ORD-7243,CUSTOMER,CUST-0364,1768.39,INFLOW,ORDER_PAYMENT,2026-09-06 18:45:03
TX-11244,ORD-7244,CUSTOMER,CUST-0459,6126.32,INFLOW,ORDER_PAYMENT,2026-09-06 18:53:25
TX-11245,ORD-7245,CUSTOMER,CUST-0435,1229.97,INFLOW,ORDER_PAYMENT,2026-09-06 19:01:42
TX-11246,ORD-7246,CUSTOMER,CUST-0378,4101.12,INFLOW,ORDER_PAYMENT,2026-09-06 19:09:56
TX-11247,ORD-7247,CUSTOMER,CUST-0187,3246.81,INFLOW,ORDER_PAYMENT,2026-09-06 19:18:43
TX-11248,ORD-7248,CUSTOMER,CUST-0073,3564.2,INFLOW,ORDER_PAYMENT,2026-09-06 19:26:49
TX-11249,ORD-7249,CUSTOMER,CUST-0327,1100.0,INFLOW,ORDER_PAYMENT,2026-09-06 19:35:33
TX-11250,ORD-7250,CUSTOMER,CUST-0266,2065.51,INFLOW,ORDER_PAYMENT,2026-09-06 19:43:42
TX-11251,ORD-7251,CUSTOMER,CUST-0437,2452.83,INFLOW,ORDER_PAYMENT,2026-09-06 19:52:21
TX-11252,ORD-7252,CUSTOMER,CUST-0097,883.38,INFLOW,ORDER_PAYMENT,2026-09-06 20:00:50
TX-11253,ORD-7253,CUSTOMER,CUST-0455,8515.94,INFLOW,ORDER_PAYMENT,2026-09-06 20:09:10
TX-11254,ORD-7254,CUSTOMER,CUST-0020,1882.85,INFLOW,ORDER_PAYMENT,2026-09-06 20:17:25
TX-11255,ORD-7255,CUSTOMER,CUST-0292,2439.3,INFLOW,ORDER_PAYMENT,2026-09-06 20:25:44
TX-11256,ORD-7256,CUSTOMER,CUST-0404,670.05,INFLOW,ORDER_PAYMENT,2026-09-06 20:34:06
TX-11257,ORD-7257,CUSTOMER,CUST-0188,4226.7,INFLOW,ORDER_PAYMENT,2026-09-06 20:42:31
TX-11258,ORD-7258,CUSTOMER,CUST-0084,1524.23,INFLOW,ORDER_PAYMENT,2026-09-06 20:51:05
TX-11259,ORD-7259,CUSTOMER,CUST-0288,3896.62,INFLOW,ORDER_PAYMENT,2026-09-06 20:59:33
TX-11260,ORD-7260,CUSTOMER,CUST-0223,8060.6,INFLOW,ORDER_PAYMENT,2026-09-06 21:08:01
TX-11261,ORD-7261,CUSTOMER,CUST-0312,3897.52,INFLOW,ORDER_PAYMENT,2026-09-06 21:16:12
TX-11262,ORD-7262,CUSTOMER,CUST-0204,3297.77,INFLOW,ORDER_PAYMENT,2026-09-06 21:24:19
TX-11263,ORD-7263,CUSTOMER,CUST-0394,3817.51,INFLOW,ORDER_PAYMENT,2026-09-06 21:32:49
TX-11264,ORD-7264,CUSTOMER,CUST-0332,557.56,INFLOW,ORDER_PAYMENT,2026-09-06 21:41:14
TX-11265,ORD-7265,CUSTOMER,CUST-0045,3052.92,INFLOW,ORDER_PAYMENT,2026-09-06 21:49:37
TX-11266,ORD-7266,CUSTOMER,CUST-0109,258.84,INFLOW,ORDER_PAYMENT,2026-09-06 21:57:54
TX-11267,ORD-7267,CUSTOMER,CUST-0358,4272.95,INFLOW,ORDER_PAYMENT,2026-09-06 22:06:21
TX-11268,ORD-7268,CUSTOMER,CUST-0449,3570.49,INFLOW,ORDER_PAYMENT,2026-09-06 22:14:53
TX-11269,ORD-7269,CUSTOMER,CUST-0418,2250.16,INFLOW,ORDER_PAYMENT,2026-09-06 22:23:17
TX-11270,ORD-7270,CUSTOMER,CUST-0070,851.72,INFLOW,ORDER_PAYMENT,2026-09-06 22:31:32
TX-11271,ORD-7271,CUSTOMER,CUST-0163,1948.31,INFLOW,ORDER_PAYMENT,2026-09-06 22:40:22
TX-11272,ORD-7272,CUSTOMER,CUST-0054,889.09,INFLOW,ORDER_PAYMENT,2026-09-06 22:48:18
TX-11273,ORD-7273,CUSTOMER,CUST-0485,3303.71,INFLOW,ORDER_PAYMENT,2026-09-06 22:56:48
TX-11274,ORD-7274,CUSTOMER,CUST-0150,4294.61,INFLOW,ORDER_PAYMENT,2026-09-06 23:05:07
TX-11275,ORD-7275,CUSTOMER,CUST-0379,2452.83,INFLOW,ORDER_PAYMENT,2026-09-06 23:13:52
TX-11276,ORD-7276,CUSTOMER,CUST-0254,3527.16,INFLOW,ORDER_PAYMENT,2026-09-06 23:21:59
TX-11277,ORD-7277,CUSTOMER,CUST-0452,5120.1,INFLOW,ORDER_PAYMENT,2026-09-06 23:30:46
TX-11278,ORD-7278,CUSTOMER,CUST-0134,4101.12,INFLOW,ORDER_PAYMENT,2026-09-06 23:39:06
TX-11279,ORD-7279,CUSTOMER,CUST-0137,2449.37,INFLOW,ORDER_PAYMENT,2026-09-06 23:47:05
TX-11280,ORD-7280,CUSTOMER,CUST-0220,818.39,INFLOW,ORDER_PAYMENT,2026-09-06 23:55:41
TX-11281,ORD-7281,CUSTOMER,CUST-0336,4054.3,INFLOW,ORDER_PAYMENT,2026-09-07 00:04:21
TX-11282,ORD-7282,CUSTOMER,CUST-0496,6620.08,INFLOW,ORDER_PAYMENT,2026-09-07 00:12:35
TX-11283,ORD-7283,CUSTOMER,CUST-0340,889.09,INFLOW,ORDER_PAYMENT,2026-09-07 00:20:58
TX-11284,ORD-7284,CUSTOMER,CUST-0475,6392.14,INFLOW,ORDER_PAYMENT,2026-09-07 00:29:06
TX-11285,ORD-7285,CUSTOMER,CUST-0398,3310.04,INFLOW,ORDER_PAYMENT,2026-09-07 00:37:52
TX-11286,ORD-7286,CUSTOMER,CUST-0463,4257.97,INFLOW,ORDER_PAYMENT,2026-09-07 00:46:03
TX-11287,ORD-7287,CUSTOMER,CUST-0020,1100.0,INFLOW,ORDER_PAYMENT,2026-09-07 00:54:42
TX-11288,ORD-7288,CUSTOMER,CUST-0068,2452.83,INFLOW,ORDER_PAYMENT,2026-09-07 01:02:52
TX-11289,ORD-7289,CUSTOMER,CUST-0090,3904.05,INFLOW,ORDER_PAYMENT,2026-09-07 01:11:24
TX-11290,ORD-7290,CUSTOMER,CUST-0005,1229.97,INFLOW,ORDER_PAYMENT,2026-09-07 01:19:46
TX-11291,ORD-7291,CUSTOMER,CUST-0324,4337.59,INFLOW,ORDER_PAYMENT,2026-09-07 01:28:03
TX-11292,ORD-7292,CUSTOMER,CUST-0436,2589.06,INFLOW,ORDER_PAYMENT,2026-09-07 01:36:20
TX-11293,ORD-7293,CUSTOMER,CUST-0148,1924.84,INFLOW,ORDER_PAYMENT,2026-09-07 01:44:41
TX-11294,ORD-7294,CUSTOMER,CUST-0071,3590.3,INFLOW,ORDER_PAYMENT,2026-09-07 01:53:27
TX-11295,ORD-7295,CUSTOMER,CUST-0470,2483.23,INFLOW,ORDER_PAYMENT,2026-09-07 02:01:38
TX-11296,ORD-7296,CUSTOMER,CUST-0015,7808.1,INFLOW,ORDER_PAYMENT,2026-09-07 02:10:07
TX-11297,ORD-7297,CUSTOMER,CUST-0495,2788.05,INFLOW,ORDER_PAYMENT,2026-09-07 02:18:16
TX-11298,ORD-7298,CUSTOMER,CUST-0208,3722.35,INFLOW,ORDER_PAYMENT,2026-09-07 02:26:57
TX-11299,ORD-7299,CUSTOMER,CUST-0048,3570.49,INFLOW,ORDER_PAYMENT,2026-09-07 02:35:25
TX-11300,ORD-7300,CUSTOMER,CUST-0422,3063.16,INFLOW,ORDER_PAYMENT,2026-09-07 02:43:40
TX-11301,ORD-7301,CUSTOMER,CUST-0364,4448.99,INFLOW,ORDER_PAYMENT,2026-09-07 02:52:17
TX-11302,ORD-7302,CUSTOMER,CUST-0131,3063.16,INFLOW,ORDER_PAYMENT,2026-09-07 03:00:44
TX-11303,ORD-7303,CUSTOMER,CUST-0433,4272.95,INFLOW,ORDER_PAYMENT,2026-09-07 03:09:05
TX-11304,ORD-7304,CUSTOMER,CUST-0483,3684.61,INFLOW,ORDER_PAYMENT,2026-09-07 03:17:20
TX-11305,ORD-7305,CUSTOMER,CUST-0174,5288.26,INFLOW,ORDER_PAYMENT,2026-09-07 03:25:58
TX-11306,ORD-7306,CUSTOMER,CUST-0209,889.09,INFLOW,ORDER_PAYMENT,2026-09-07 03:34:05
TX-11307,ORD-7307,CUSTOMER,CUST-0041,2788.05,INFLOW,ORDER_PAYMENT,2026-09-07 03:42:20
TX-11308,ORD-7308,CUSTOMER,CUST-0395,1604.68,INFLOW,ORDER_PAYMENT,2026-09-07 03:50:43
TX-11309,ORD-7309,CUSTOMER,CUST-0162,670.05,INFLOW,ORDER_PAYMENT,2026-09-07 03:59:12
TX-11310,ORD-7310,CUSTOMER,CUST-0058,7808.1,INFLOW,ORDER_PAYMENT,2026-09-07 04:07:28
TX-11311,ORD-7311,CUSTOMER,CUST-0415,358.12,INFLOW,ORDER_PAYMENT,2026-09-07 04:16:16
TX-11312,ORD-7312,CUSTOMER,CUST-0021,1100.0,INFLOW,ORDER_PAYMENT,2026-09-07 04:24:24
TX-11313,ORD-7313,CUSTOMER,CUST-0328,1231.42,INFLOW,ORDER_PAYMENT,2026-09-07 04:33:01
TX-11314,ORD-7314,CUSTOMER,CUST-0021,2200.0,INFLOW,ORDER_PAYMENT,2026-09-07 04:41:10
TX-11315,ORD-7315,CUSTOMER,CUST-0217,2200.0,INFLOW,ORDER_PAYMENT,2026-09-07 04:49:57
TX-11316,ORD-7316,CUSTOMER,CUST-0239,1653.98,INFLOW,ORDER_PAYMENT,2026-09-07 04:58:13
TX-11317,ORD-7317,CUSTOMER,CUST-0307,4448.99,INFLOW,ORDER_PAYMENT,2026-09-07 05:06:35
TX-11318,ORD-7318,CUSTOMER,CUST-0202,358.12,INFLOW,ORDER_PAYMENT,2026-09-07 05:14:54
TX-11319,ORD-7319,CUSTOMER,CUST-0458,1100.0,INFLOW,ORDER_PAYMENT,2026-09-07 05:23:03
TX-11320,ORD-7320,CUSTOMER,CUST-0467,2250.16,INFLOW,ORDER_PAYMENT,2026-09-07 05:31:51
TX-11321,ORD-7321,CUSTOMER,CUST-0146,557.56,INFLOW,ORDER_PAYMENT,2026-09-07 05:39:59
TX-11322,ORD-7322,CUSTOMER,CUST-0229,291.34,INFLOW,ORDER_PAYMENT,2026-09-07 05:48:42
TX-11323,ORD-7323,CUSTOMER,CUST-0358,2250.16,INFLOW,ORDER_PAYMENT,2026-09-07 05:56:42
TX-11324,ORD-7324,CUSTOMER,CUST-0044,3024.83,INFLOW,ORDER_PAYMENT,2026-09-07 06:05:16
TX-11325,ORD-7325,CUSTOMER,CUST-0242,3297.77,INFLOW,ORDER_PAYMENT,2026-09-07 06:13:46
TX-11326,ORD-7326,CUSTOMER,CUST-0272,1100.0,INFLOW,ORDER_PAYMENT,2026-09-07 06:21:56
TX-11327,ORD-7327,CUSTOMER,CUST-0301,4101.12,INFLOW,ORDER_PAYMENT,2026-09-07 06:30:40
TX-11328,ORD-7328,CUSTOMER,CUST-0111,258.84,INFLOW,ORDER_PAYMENT,2026-09-07 06:38:43
TX-11329,ORD-7329,CUSTOMER,CUST-0165,1862.43,INFLOW,ORDER_PAYMENT,2026-09-07 06:47:03
TX-11330,ORD-7330,CUSTOMER,CUST-0229,1418.34,INFLOW,ORDER_PAYMENT,2026-09-07 06:55:33
TX-11331,ORD-7331,CUSTOMER,CUST-0260,291.34,INFLOW,ORDER_PAYMENT,2026-09-07 07:04:01
TX-11332,ORD-7332,CUSTOMER,CUST-0183,1100.0,INFLOW,ORDER_PAYMENT,2026-09-07 07:12:41
TX-11333,ORD-7333,CUSTOMER,CUST-0395,4390.3,INFLOW,ORDER_PAYMENT,2026-09-07 07:20:41
TX-11334,ORD-7334,CUSTOMER,CUST-0030,1231.42,INFLOW,ORDER_PAYMENT,2026-09-07 07:29:15
TX-11335,ORD-7335,CUSTOMER,CUST-0337,818.39,INFLOW,ORDER_PAYMENT,2026-09-07 07:37:30
TX-11336,ORD-7336,CUSTOMER,CUST-0046,3310.04,INFLOW,ORDER_PAYMENT,2026-09-07 07:46:08
TX-11337,ORD-7337,CUSTOMER,CUST-0316,8780.6,INFLOW,ORDER_PAYMENT,2026-09-07 07:54:39
TX-11338,ORD-7338,CUSTOMER,CUST-0360,4226.7,INFLOW,ORDER_PAYMENT,2026-09-07 08:02:51
TX-11339,ORD-7339,CUSTOMER,CUST-0173,3897.52,INFLOW,ORDER_PAYMENT,2026-09-07 08:11:29
TX-11340,ORD-7340,CUSTOMER,CUST-0003,2419.53,INFLOW,ORDER_PAYMENT,2026-09-07 08:19:28
TX-11341,ORD-7341,CUSTOMER,CUST-0478,1882.85,INFLOW,ORDER_PAYMENT,2026-09-07 08:27:55
TX-11342,ORD-7342,CUSTOMER,CUST-0091,3314.53,INFLOW,ORDER_PAYMENT,2026-09-07 08:36:39
TX-11343,ORD-7343,CUSTOMER,CUST-0389,3570.49,INFLOW,ORDER_PAYMENT,2026-09-07 08:44:47
TX-11344,ORD-7344,CUSTOMER,CUST-0316,2589.06,INFLOW,ORDER_PAYMENT,2026-09-07 08:53:19
TX-11345,ORD-7345,CUSTOMER,CUST-0469,3063.16,INFLOW,ORDER_PAYMENT,2026-09-07 09:01:26
TX-11346,ORD-7346,CUSTOMER,CUST-0431,2757.05,INFLOW,ORDER_PAYMENT,2026-09-07 09:10:06
TX-11347,ORD-7347,CUSTOMER,CUST-0448,2419.53,INFLOW,ORDER_PAYMENT,2026-09-07 09:18:17
TX-11348,ORD-7348,CUSTOMER,CUST-0317,674.08,INFLOW,ORDER_PAYMENT,2026-09-07 09:26:46
TX-11349,ORD-7349,CUSTOMER,CUST-0477,826.99,INFLOW,ORDER_PAYMENT,2026-09-07 09:35:20
TX-11350,ORD-7350,CUSTOMER,CUST-0202,1636.78,INFLOW,ORDER_PAYMENT,2026-09-07 09:43:54
TX-11351,ORD-7351,CUSTOMER,CUST-0149,1125.08,INFLOW,ORDER_PAYMENT,2026-09-07 09:51:57
TX-11352,ORD-7352,CUSTOMER,CUST-0055,414.04,INFLOW,ORDER_PAYMENT,2026-09-07 10:00:12
TX-11353,ORD-7353,CUSTOMER,CUST-0013,613.4,INFLOW,ORDER_PAYMENT,2026-09-07 10:08:42
TX-11354,ORD-7354,CUSTOMER,CUST-0398,4257.97,INFLOW,ORDER_PAYMENT,2026-09-07 10:17:12
TX-11355,ORD-7355,CUSTOMER,CUST-0490,1100.0,INFLOW,ORDER_PAYMENT,2026-09-07 10:25:39
TX-11356,ORD-7356,CUSTOMER,CUST-0382,431.18,INFLOW,ORDER_PAYMENT,2026-09-07 10:34:14
TX-11357,ORD-7357,CUSTOMER,CUST-0403,2644.13,INFLOW,ORDER_PAYMENT,2026-09-07 10:42:29
TX-11358,ORD-7358,CUSTOMER,CUST-0386,1100.0,INFLOW,ORDER_PAYMENT,2026-09-07 10:51:00
TX-11359,ORD-7359,CUSTOMER,CUST-0129,1090.0,INFLOW,ORDER_PAYMENT,2026-09-07 10:59:16
TX-11360,ORD-7360,CUSTOMER,CUST-0182,1768.39,INFLOW,ORDER_PAYMENT,2026-09-07 11:07:28
TX-11361,ORD-7361,CUSTOMER,CUST-0423,358.12,INFLOW,ORDER_PAYMENT,2026-09-07 11:16:08
TX-11362,ORD-7362,CUSTOMER,CUST-0419,263.42,INFLOW,ORDER_PAYMENT,2026-09-07 11:24:35
TX-11363,ORD-7363,CUSTOMER,CUST-0197,2589.06,INFLOW,ORDER_PAYMENT,2026-09-07 11:33:04
TX-11364,ORD-7364,CUSTOMER,CUST-0266,4878.6,INFLOW,ORDER_PAYMENT,2026-09-07 11:41:27
TX-11365,ORD-7365,CUSTOMER,CUST-0489,889.09,INFLOW,ORDER_PAYMENT,2026-09-07 11:49:46
TX-11366,ORD-7366,CUSTOMER,CUST-0275,674.08,INFLOW,ORDER_PAYMENT,2026-09-07 11:58:17
TX-11367,ORD-7367,CUSTOMER,CUST-0447,2589.06,INFLOW,ORDER_PAYMENT,2026-09-07 12:06:38
TX-11368,ORD-7368,CUSTOMER,CUST-0370,1076.17,INFLOW,ORDER_PAYMENT,2026-09-07 12:15:05
TX-11369,ORD-7369,CUSTOMER,CUST-0343,1778.18,INFLOW,ORDER_PAYMENT,2026-09-07 12:23:17
TX-11370,ORD-7370,CUSTOMER,CUST-0213,829.04,INFLOW,ORDER_PAYMENT,2026-09-07 12:31:41
TX-11371,ORD-7371,CUSTOMER,CUST-0370,1100.0,INFLOW,ORDER_PAYMENT,2026-09-07 12:39:48
TX-11372,ORD-7372,CUSTOMER,CUST-0002,3063.16,INFLOW,ORDER_PAYMENT,2026-09-07 12:48:31
TX-11373,ORD-7373,CUSTOMER,CUST-0051,1100.0,INFLOW,ORDER_PAYMENT,2026-09-07 12:56:51
TX-11374,ORD-7374,CUSTOMER,CUST-0305,2788.05,INFLOW,ORDER_PAYMENT,2026-09-07 13:05:27
TX-11375,ORD-7375,CUSTOMER,CUST-0480,526.84,INFLOW,ORDER_PAYMENT,2026-09-07 13:13:33
TX-11376,ORD-7376,CUSTOMER,CUST-0086,414.04,INFLOW,ORDER_PAYMENT,2026-09-07 13:22:09
TX-11377,ORD-7377,CUSTOMER,CUST-0287,3564.2,INFLOW,ORDER_PAYMENT,2026-09-07 13:30:14
TX-11378,ORD-7378,CUSTOMER,CUST-0122,2788.05,INFLOW,ORDER_PAYMENT,2026-09-07 13:38:59
TX-11379,ORD-7379,CUSTOMER,CUST-0245,4272.95,INFLOW,ORDER_PAYMENT,2026-09-07 13:46:59
TX-11380,ORD-7380,CUSTOMER,CUST-0118,3536.78,INFLOW,ORDER_PAYMENT,2026-09-07 13:55:52
TX-11381,ORD-7381,CUSTOMER,CUST-0077,6629.06,INFLOW,ORDER_PAYMENT,2026-09-07 14:04:07
TX-11382,ORD-7382,CUSTOMER,CUST-0388,1418.34,INFLOW,ORDER_PAYMENT,2026-09-07 14:12:32
TX-11383,ORD-7383,CUSTOMER,CUST-0300,2868.18,INFLOW,ORDER_PAYMENT,2026-09-07 14:20:57
TX-11384,ORD-7384,CUSTOMER,CUST-0372,2252.3,INFLOW,ORDER_PAYMENT,2026-09-07 14:29:01
TX-11385,ORD-7385,CUSTOMER,CUST-0046,4272.95,INFLOW,ORDER_PAYMENT,2026-09-07 14:37:49
TX-11386,ORD-7386,CUSTOMER,CUST-0015,358.12,INFLOW,ORDER_PAYMENT,2026-09-07 14:46:13
TX-11387,ORD-7387,CUSTOMER,CUST-0005,3722.35,INFLOW,ORDER_PAYMENT,2026-09-07 14:54:09
TX-11388,ORD-7388,CUSTOMER,CUST-0343,4294.61,INFLOW,ORDER_PAYMENT,2026-09-07 15:02:40
TX-11389,ORD-7389,CUSTOMER,CUST-0113,4272.95,INFLOW,ORDER_PAYMENT,2026-09-07 15:11:05
TX-11390,ORD-7390,CUSTOMER,CUST-0465,6620.08,INFLOW,ORDER_PAYMENT,2026-09-07 15:19:40
TX-11391,ORD-7391,CUSTOMER,CUST-0336,5178.12,INFLOW,ORDER_PAYMENT,2026-09-07 15:28:11
TX-11392,ORD-7392,CUSTOMER,CUST-0071,4893.28,INFLOW,ORDER_PAYMENT,2026-09-07 15:36:14
TX-11393,ORD-7393,CUSTOMER,CUST-0004,8453.4,INFLOW,ORDER_PAYMENT,2026-09-07 15:44:36
TX-11394,ORD-7394,CUSTOMER,CUST-0393,4226.7,INFLOW,ORDER_PAYMENT,2026-09-07 15:53:21
TX-11395,ORD-7395,CUSTOMER,CUST-0090,3570.49,INFLOW,ORDER_PAYMENT,2026-09-07 16:01:27
TX-11396,ORD-7396,CUSTOMER,CUST-0078,2788.05,INFLOW,ORDER_PAYMENT,2026-09-07 16:09:49
TX-11397,ORD-7397,CUSTOMER,CUST-0111,8515.94,INFLOW,ORDER_PAYMENT,2026-09-07 16:18:17
TX-11398,ORD-7398,CUSTOMER,CUST-0034,3196.07,INFLOW,ORDER_PAYMENT,2026-09-07 16:26:52
TX-11399,ORD-7399,CUSTOMER,CUST-0015,3527.16,INFLOW,ORDER_PAYMENT,2026-09-07 16:35:16
TX-11400,ORD-7400,CUSTOMER,CUST-0298,3314.53,INFLOW,ORDER_PAYMENT,2026-09-07 16:43:42
TX-11401,ORD-7401,CUSTOMER,CUST-0162,1604.68,INFLOW,ORDER_PAYMENT,2026-09-07 16:52:01
TX-11402,ORD-7402,CUSTOMER,CUST-0178,2589.06,INFLOW,ORDER_PAYMENT,2026-09-07 17:00:16
TX-11403,ORD-7403,CUSTOMER,CUST-0141,4054.3,INFLOW,ORDER_PAYMENT,2026-09-07 17:08:37
TX-11404,ORD-7404,CUSTOMER,CUST-0107,1524.23,INFLOW,ORDER_PAYMENT,2026-09-07 17:17:13
TX-11405,ORD-7405,CUSTOMER,CUST-0308,3527.16,INFLOW,ORDER_PAYMENT,2026-09-07 17:25:23
TX-11406,ORD-7406,CUSTOMER,CUST-0202,4030.3,INFLOW,ORDER_PAYMENT,2026-09-07 17:34:05
TX-11407,ORD-7407,CUSTOMER,CUST-0355,3637.58,INFLOW,ORDER_PAYMENT,2026-09-07 17:42:34
TX-11408,ORD-7408,CUSTOMER,CUST-0297,8202.24,INFLOW,ORDER_PAYMENT,2026-09-07 17:50:50
TX-11409,ORD-7409,CUSTOMER,CUST-0209,1904.59,INFLOW,ORDER_PAYMENT,2026-09-07 17:58:58
TX-11410,ORD-7410,CUSTOMER,CUST-0451,829.04,INFLOW,ORDER_PAYMENT,2026-09-07 18:07:23
TX-11411,ORD-7411,CUSTOMER,CUST-0060,1100.0,INFLOW,ORDER_PAYMENT,2026-09-07 18:16:07
TX-11412,ORD-7412,CUSTOMER,CUST-0026,4390.3,INFLOW,ORDER_PAYMENT,2026-09-07 18:24:22
TX-11413,ORD-7413,CUSTOMER,CUST-0474,7444.7,INFLOW,ORDER_PAYMENT,2026-09-07 18:32:51
TX-11414,ORD-7414,CUSTOMER,CUST-0490,2449.37,INFLOW,ORDER_PAYMENT,2026-09-07 18:41:10
TX-11415,ORD-7415,CUSTOMER,CUST-0363,535.08,INFLOW,ORDER_PAYMENT,2026-09-07 18:49:45
TX-11416,ORD-7416,CUSTOMER,CUST-0451,3564.2,INFLOW,ORDER_PAYMENT,2026-09-07 18:57:46
TX-11417,ORD-7417,CUSTOMER,CUST-0085,3305.06,INFLOW,ORDER_PAYMENT,2026-09-07 19:06:10
TX-11418,ORD-7418,CUSTOMER,CUST-0243,3297.77,INFLOW,ORDER_PAYMENT,2026-09-07 19:14:46
TX-11419,ORD-7419,CUSTOMER,CUST-0184,2452.83,INFLOW,ORDER_PAYMENT,2026-09-07 19:23:09
TX-11420,ORD-7420,CUSTOMER,CUST-0303,2419.53,INFLOW,ORDER_PAYMENT,2026-09-07 19:31:35
TX-11421,ORD-7421,CUSTOMER,CUST-0289,2439.3,INFLOW,ORDER_PAYMENT,2026-09-07 19:40:03
TX-11422,ORD-7422,CUSTOMER,CUST-0247,431.18,INFLOW,ORDER_PAYMENT,2026-09-07 19:48:32
TX-11423,ORD-7423,CUSTOMER,CUST-0052,3554.02,INFLOW,ORDER_PAYMENT,2026-09-07 19:56:37
TX-11424,ORD-7424,CUSTOMER,CUST-0491,3052.92,INFLOW,ORDER_PAYMENT,2026-09-07 20:05:03
TX-11425,ORD-7425,CUSTOMER,CUST-0369,1076.17,INFLOW,ORDER_PAYMENT,2026-09-07 20:13:36
TX-11426,ORD-7426,CUSTOMER,CUST-0281,3554.02,INFLOW,ORDER_PAYMENT,2026-09-07 20:22:09
TX-11427,ORD-7427,CUSTOMER,CUST-0010,4074.31,INFLOW,ORDER_PAYMENT,2026-09-07 20:30:10
TX-11428,ORD-7428,CUSTOMER,CUST-0136,1768.39,INFLOW,ORDER_PAYMENT,2026-09-07 20:38:56
TX-11429,ORD-7429,CUSTOMER,CUST-0432,2449.37,INFLOW,ORDER_PAYMENT,2026-09-07 20:47:11
TX-11430,ORD-7430,CUSTOMER,CUST-0322,1604.68,INFLOW,ORDER_PAYMENT,2026-09-07 20:55:38
TX-11431,ORD-7431,CUSTOMER,CUST-0091,2419.53,INFLOW,ORDER_PAYMENT,2026-09-07 21:04:00
TX-11432,ORD-7432,CUSTOMER,CUST-0271,4272.95,INFLOW,ORDER_PAYMENT,2026-09-07 21:12:17
TX-11433,ORD-7433,CUSTOMER,CUST-0277,4448.99,INFLOW,ORDER_PAYMENT,2026-09-07 21:20:30
TX-11434,ORD-7434,CUSTOMER,CUST-0261,5120.1,INFLOW,ORDER_PAYMENT,2026-09-07 21:29:11
TX-11435,ORD-7435,CUSTOMER,CUST-0075,883.38,INFLOW,ORDER_PAYMENT,2026-09-07 21:37:26
TX-11436,ORD-7436,CUSTOMER,CUST-0308,2200.0,INFLOW,ORDER_PAYMENT,2026-09-07 21:46:04
TX-11437,ORD-7437,CUSTOMER,CUST-0038,1100.0,INFLOW,ORDER_PAYMENT,2026-09-07 21:54:23
TX-11438,ORD-7438,CUSTOMER,CUST-0459,3196.07,INFLOW,ORDER_PAYMENT,2026-09-07 22:02:57
TX-11439,ORD-7439,CUSTOMER,CUST-0074,4030.3,INFLOW,ORDER_PAYMENT,2026-09-07 22:11:16
TX-11440,ORD-7440,CUSTOMER,CUST-0077,7573.7,INFLOW,ORDER_PAYMENT,2026-09-07 22:19:36
TX-11441,ORD-7441,CUSTOMER,CUST-0441,2757.05,INFLOW,ORDER_PAYMENT,2026-09-07 22:27:52
TX-11442,ORD-7442,CUSTOMER,CUST-0450,1100.0,INFLOW,ORDER_PAYMENT,2026-09-07 22:36:35
TX-11443,ORD-7443,CUSTOMER,CUST-0329,1732.3,INFLOW,ORDER_PAYMENT,2026-09-07 22:44:56
TX-11444,ORD-7444,CUSTOMER,CUST-0041,829.04,INFLOW,ORDER_PAYMENT,2026-09-07 22:53:17
TX-11445,ORD-7445,CUSTOMER,CUST-0415,4424.97,INFLOW,ORDER_PAYMENT,2026-09-07 23:01:25
TX-11446,ORD-7446,CUSTOMER,CUST-0379,1076.17,INFLOW,ORDER_PAYMENT,2026-09-07 23:09:53
TX-11447,ORD-7447,CUSTOMER,CUST-0478,826.99,INFLOW,ORDER_PAYMENT,2026-09-07 23:18:20
TX-11448,ORD-7448,CUSTOMER,CUST-0247,3817.51,INFLOW,ORDER_PAYMENT,2026-09-07 23:26:30
TX-11449,ORD-7449,CUSTOMER,CUST-0136,889.09,INFLOW,ORDER_PAYMENT,2026-09-07 23:34:56
TX-11450,ORD-7450,CUSTOMER,CUST-0306,4424.97,INFLOW,ORDER_PAYMENT,2026-09-07 23:43:20
TX-11451,ORD-7451,CUSTOMER,CUST-0090,7128.4,INFLOW,ORDER_PAYMENT,2026-09-07 23:51:44
TX-11452,ORD-7452,CUSTOMER,CUST-0069,358.12,INFLOW,ORDER_PAYMENT,2026-09-08 00:00:17
TX-11453,ORD-7453,CUSTOMER,CUST-0323,3570.49,INFLOW,ORDER_PAYMENT,2026-09-08 00:08:40
TX-11454,ORD-7454,CUSTOMER,CUST-0415,1924.84,INFLOW,ORDER_PAYMENT,2026-09-08 00:17:01
TX-11455,ORD-7455,CUSTOMER,CUST-0351,535.08,INFLOW,ORDER_PAYMENT,2026-09-08 00:25:26
TX-11456,ORD-7456,CUSTOMER,CUST-0379,3527.16,INFLOW,ORDER_PAYMENT,2026-09-08 00:34:04
TX-11457,ORD-7457,CUSTOMER,CUST-0397,1604.68,INFLOW,ORDER_PAYMENT,2026-09-08 00:42:17
TX-11458,ORD-7458,CUSTOMER,CUST-0297,2452.83,INFLOW,ORDER_PAYMENT,2026-09-08 00:50:40
TX-11459,ORD-7459,CUSTOMER,CUST-0041,2589.06,INFLOW,ORDER_PAYMENT,2026-09-08 00:58:54
TX-11460,ORD-7460,CUSTOMER,CUST-0039,1703.44,INFLOW,ORDER_PAYMENT,2026-09-08 01:07:40
TX-11461,ORD-7461,CUSTOMER,CUST-0033,1100.0,INFLOW,ORDER_PAYMENT,2026-09-08 01:15:57
TX-11462,ORD-7462,CUSTOMER,CUST-0426,2452.83,INFLOW,ORDER_PAYMENT,2026-09-08 01:24:23
TX-11463,ORD-7463,CUSTOMER,CUST-0150,517.68,INFLOW,ORDER_PAYMENT,2026-09-08 01:32:40
TX-11464,ORD-7464,CUSTOMER,CUST-0244,1524.23,INFLOW,ORDER_PAYMENT,2026-09-08 01:40:53
TX-11465,ORD-7465,CUSTOMER,CUST-0266,3564.2,INFLOW,ORDER_PAYMENT,2026-09-08 01:49:29
TX-11466,ORD-7466,CUSTOMER,CUST-0082,4458.58,INFLOW,ORDER_PAYMENT,2026-09-08 01:57:44
TX-11467,ORD-7467,CUSTOMER,CUST-0303,1862.43,INFLOW,ORDER_PAYMENT,2026-09-08 02:06:21
TX-11468,ORD-7468,CUSTOMER,CUST-0030,1732.3,INFLOW,ORDER_PAYMENT,2026-09-08 02:14:28
TX-11469,ORD-7469,CUSTOMER,CUST-0314,4054.3,INFLOW,ORDER_PAYMENT,2026-09-08 02:22:58
TX-11470,ORD-7470,CUSTOMER,CUST-0300,656.92,INFLOW,ORDER_PAYMENT,2026-09-08 02:31:36
TX-11471,ORD-7471,CUSTOMER,CUST-0185,2065.51,INFLOW,ORDER_PAYMENT,2026-09-08 02:40:07
TX-11472,ORD-7472,CUSTOMER,CUST-0459,1882.85,INFLOW,ORDER_PAYMENT,2026-09-08 02:48:28
TX-11473,ORD-7473,CUSTOMER,CUST-0157,306.7,INFLOW,ORDER_PAYMENT,2026-09-08 02:56:28
TX-11474,ORD-7474,CUSTOMER,CUST-0293,4076.43,INFLOW,ORDER_PAYMENT,2026-09-08 03:05:06
TX-11475,ORD-7475,CUSTOMER,CUST-0356,4294.61,INFLOW,ORDER_PAYMENT,2026-09-08 03:13:31
TX-11476,ORD-7476,CUSTOMER,CUST-0361,3765.7,INFLOW,ORDER_PAYMENT,2026-09-08 03:21:56
TX-11477,ORD-7477,CUSTOMER,CUST-0419,6126.32,INFLOW,ORDER_PAYMENT,2026-09-08 03:30:19
TX-11478,ORD-7478,CUSTOMER,CUST-0325,3817.51,INFLOW,ORDER_PAYMENT,2026-09-08 03:38:33
TX-11479,ORD-7479,CUSTOMER,CUST-0385,3621.3,INFLOW,ORDER_PAYMENT,2026-09-08 03:47:19
TX-11480,ORD-7480,CUSTOMER,CUST-0306,3196.07,INFLOW,ORDER_PAYMENT,2026-09-08 03:55:36
TX-11481,ORD-7481,CUSTOMER,CUST-0413,358.12,INFLOW,ORDER_PAYMENT,2026-09-08 04:03:51
TX-11482,ORD-7482,CUSTOMER,CUST-0234,7808.62,INFLOW,ORDER_PAYMENT,2026-09-08 04:12:31
TX-11483,ORD-7483,CUSTOMER,CUST-0051,3684.61,INFLOW,ORDER_PAYMENT,2026-09-08 04:20:46
TX-11484,ORD-7484,CUSTOMER,CUST-0234,3554.02,INFLOW,ORDER_PAYMENT,2026-09-08 04:29:13
TX-11485,ORD-7485,CUSTOMER,CUST-0200,1924.84,INFLOW,ORDER_PAYMENT,2026-09-08 04:37:35
TX-11486,ORD-7486,CUSTOMER,CUST-0215,7140.98,INFLOW,ORDER_PAYMENT,2026-09-08 04:45:38
TX-11487,ORD-7487,CUSTOMER,CUST-0431,3655.67,INFLOW,ORDER_PAYMENT,2026-09-08 04:54:28
TX-11488,ORD-7488,CUSTOMER,CUST-0049,3196.07,INFLOW,ORDER_PAYMENT,2026-09-08 05:02:29
TX-11489,ORD-7489,CUSTOMER,CUST-0478,7369.22,INFLOW,ORDER_PAYMENT,2026-09-08 05:11:19
TX-11490,ORD-7490,CUSTOMER,CUST-0092,6620.08,INFLOW,ORDER_PAYMENT,2026-09-08 05:19:22
TX-11491,ORD-7491,CUSTOMER,CUST-0325,2252.3,INFLOW,ORDER_PAYMENT,2026-09-08 05:28:04
TX-11492,ORD-7492,CUSTOMER,CUST-0122,1862.43,INFLOW,ORDER_PAYMENT,2026-09-08 05:36:12
TX-11493,ORD-7493,CUSTOMER,CUST-0411,4294.61,INFLOW,ORDER_PAYMENT,2026-09-08 05:44:54
TX-11494,ORD-7494,CUSTOMER,CUST-0422,557.56,INFLOW,ORDER_PAYMENT,2026-09-08 05:52:55
TX-11495,ORD-7495,CUSTOMER,CUST-0487,3737.74,INFLOW,ORDER_PAYMENT,2026-09-08 06:01:34
TX-11496,ORD-7496,CUSTOMER,CUST-0427,3310.04,INFLOW,ORDER_PAYMENT,2026-09-08 06:09:45
TX-11497,ORD-7497,CUSTOMER,CUST-0170,1862.43,INFLOW,ORDER_PAYMENT,2026-09-08 06:18:13
TX-11498,ORD-7498,CUSTOMER,CUST-0423,1604.68,INFLOW,ORDER_PAYMENT,2026-09-08 06:26:50
TX-11499,ORD-7499,CUSTOMER,CUST-0326,1948.31,INFLOW,ORDER_PAYMENT,2026-09-08 06:34:54
TX-11500,ORD-7500,CUSTOMER,CUST-0218,2065.51,INFLOW,ORDER_PAYMENT,2026-09-08 06:43:15
TX-11501,ORD-7501,CUSTOMER,CUST-0194,3314.53,INFLOW,ORDER_PAYMENT,2026-09-08 06:51:49
TX-11502,ORD-7502,CUSTOMER,CUST-0123,258.84,INFLOW,ORDER_PAYMENT,2026-09-08 07:00:03
TX-11503,ORD-7503,CUSTOMER,CUST-0496,3904.05,INFLOW,ORDER_PAYMENT,2026-09-08 07:08:54
TX-11504,ORD-7504,CUSTOMER,CUST-0429,2757.05,INFLOW,ORDER_PAYMENT,2026-09-08 07:16:58
TX-11505,ORD-7505,CUSTOMER,CUST-0127,291.34,INFLOW,ORDER_PAYMENT,2026-09-08 07:25:17
TX-11506,ORD-7506,CUSTOMER,CUST-0191,1076.17,INFLOW,ORDER_PAYMENT,2026-09-08 07:33:48
TX-11507,ORD-7507,CUSTOMER,CUST-0079,8148.62,INFLOW,ORDER_PAYMENT,2026-09-08 07:42:30
TX-11508,ORD-7508,CUSTOMER,CUST-0109,3024.83,INFLOW,ORDER_PAYMENT,2026-09-08 07:50:32
TX-11509,ORD-7509,CUSTOMER,CUST-0412,1992.9,INFLOW,ORDER_PAYMENT,2026-09-08 07:58:59
TX-11510,ORD-7510,CUSTOMER,CUST-0476,557.56,INFLOW,ORDER_PAYMENT,2026-09-08 08:07:23
TX-11511,ORD-7511,CUSTOMER,CUST-0287,1100.0,INFLOW,ORDER_PAYMENT,2026-09-08 08:15:42
TX-11512,ORD-7512,CUSTOMER,CUST-0163,1229.97,INFLOW,ORDER_PAYMENT,2026-09-08 08:24:26
TX-11513,ORD-7513,CUSTOMER,CUST-0344,1418.34,INFLOW,ORDER_PAYMENT,2026-09-08 08:32:26
TX-11514,ORD-7514,CUSTOMER,CUST-0021,4424.97,INFLOW,ORDER_PAYMENT,2026-09-08 08:41:12
TX-11515,ORD-7515,CUSTOMER,CUST-0258,3684.61,INFLOW,ORDER_PAYMENT,2026-09-08 08:49:35
TX-11516,ORD-7516,CUSTOMER,CUST-0054,3527.16,INFLOW,ORDER_PAYMENT,2026-09-08 08:57:39
TX-11517,ORD-7517,CUSTOMER,CUST-0484,674.08,INFLOW,ORDER_PAYMENT,2026-09-08 09:06:06
TX-11518,ORD-7518,CUSTOMER,CUST-0103,883.38,INFLOW,ORDER_PAYMENT,2026-09-08 09:14:37
TX-11519,ORD-7519,CUSTOMER,CUST-0083,1992.9,INFLOW,ORDER_PAYMENT,2026-09-08 09:23:08
TX-11520,ORD-7520,CUSTOMER,CUST-0126,1434.09,INFLOW,ORDER_PAYMENT,2026-09-08 09:31:39
TX-11521,ORD-7521,CUSTOMER,CUST-0295,4093.93,INFLOW,ORDER_PAYMENT,2026-09-08 09:39:36
TX-11522,ORD-7522,CUSTOMER,CUST-0443,4898.74,INFLOW,ORDER_PAYMENT,2026-09-08 09:48:19
TX-11523,ORD-7523,CUSTOMER,CUST-0265,8108.6,INFLOW,ORDER_PAYMENT,2026-09-08 09:56:29
TX-11524,ORD-7524,CUSTOMER,CUST-0315,3303.71,INFLOW,ORDER_PAYMENT,2026-09-08 10:05:06
TX-11525,ORD-7525,CUSTOMER,CUST-0081,3637.58,INFLOW,ORDER_PAYMENT,2026-09-08 10:13:36
TX-11526,ORD-7526,CUSTOMER,CUST-0189,1904.59,INFLOW,ORDER_PAYMENT,2026-09-08 10:21:42
TX-11527,ORD-7527,CUSTOMER,CUST-0491,2419.53,INFLOW,ORDER_PAYMENT,2026-09-08 10:30:25
TX-11528,ORD-7528,CUSTOMER,CUST-0018,8060.6,INFLOW,ORDER_PAYMENT,2026-09-08 10:38:52
TX-11529,ORD-7529,CUSTOMER,CUST-0031,3482.21,INFLOW,ORDER_PAYMENT,2026-09-08 10:46:53
TX-11530,ORD-7530,CUSTOMER,CUST-0211,826.99,INFLOW,ORDER_PAYMENT,2026-09-08 10:55:16
TX-SUP-NOV-1,PO-SUP-NOV-1,SUPPLIER,SUP-031,18000.0,OUTFLOW,SUPPLIER_PAYMENT,2026-09-08 11:00:00
TX-11531,ORD-7531,CUSTOMER,CUST-0393,3564.2,INFLOW,ORDER_PAYMENT,2026-09-08 11:04:00
TX-11532,ORD-7532,CUSTOMER,CUST-0101,4272.95,INFLOW,ORDER_PAYMENT,2026-09-08 11:12:06
TX-11533,ORD-7533,CUSTOMER,CUST-0228,3052.92,INFLOW,ORDER_PAYMENT,2026-09-08 11:20:23
TX-11534,ORD-7534,CUSTOMER,CUST-0253,3314.53,INFLOW,ORDER_PAYMENT,2026-09-08 11:28:58
TX-11535,ORD-7535,CUSTOMER,CUST-0368,3297.77,INFLOW,ORDER_PAYMENT,2026-09-08 11:37:39
TX-11536,ORD-7536,CUSTOMER,CUST-0498,2200.0,INFLOW,ORDER_PAYMENT,2026-09-08 11:45:34
TX-11537,ORD-7537,CUSTOMER,CUST-0138,4054.3,INFLOW,ORDER_PAYMENT,2026-09-08 11:54:11
TX-11538,ORD-7538,CUSTOMER,CUST-0260,414.04,INFLOW,ORDER_PAYMENT,2026-09-08 12:02:37
TX-11539,ORD-7539,CUSTOMER,CUST-0193,4448.99,INFLOW,ORDER_PAYMENT,2026-09-08 12:10:59
TX-11540,ORD-7540,CUSTOMER,CUST-0026,2065.51,INFLOW,ORDER_PAYMENT,2026-09-08 12:19:26
TX-11541,ORD-7541,CUSTOMER,CUST-0182,1299.1,INFLOW,ORDER_PAYMENT,2026-09-08 12:27:39
TX-11542,ORD-7542,CUSTOMER,CUST-0139,1100.0,INFLOW,ORDER_PAYMENT,2026-09-08 12:36:10
TX-11543,ORD-7543,CUSTOMER,CUST-0088,414.04,INFLOW,ORDER_PAYMENT,2026-09-08 12:44:30
TX-11544,ORD-7544,CUSTOMER,CUST-0453,4257.97,INFLOW,ORDER_PAYMENT,2026-09-08 12:53:11
TX-11545,ORD-7545,CUSTOMER,CUST-0111,818.39,INFLOW,ORDER_PAYMENT,2026-09-08 13:01:17
TX-11546,ORD-7546,CUSTOMER,CUST-0234,6607.42,INFLOW,ORDER_PAYMENT,2026-09-08 13:09:53
TX-11547,ORD-7547,CUSTOMER,CUST-0420,3211.6,INFLOW,ORDER_PAYMENT,2026-09-08 13:17:58
TX-11548,ORD-7548,CUSTOMER,CUST-0190,4458.58,INFLOW,ORDER_PAYMENT,2026-09-08 13:26:24
TX-11549,ORD-7549,CUSTOMER,CUST-0012,291.34,INFLOW,ORDER_PAYMENT,2026-09-08 13:34:53
TX-11550,ORD-7550,CUSTOMER,CUST-0053,3063.16,INFLOW,ORDER_PAYMENT,2026-09-08 13:43:16
TX-11551,ORD-7551,CUSTOMER,CUST-0462,3297.77,INFLOW,ORDER_PAYMENT,2026-09-08 13:52:03
TX-11552,ORD-7552,CUSTOMER,CUST-0296,6392.14,INFLOW,ORDER_PAYMENT,2026-09-08 14:00:04
TX-11553,ORD-7553,CUSTOMER,CUST-0079,3765.7,INFLOW,ORDER_PAYMENT,2026-09-08 14:08:29
TX-11554,ORD-7554,CUSTOMER,CUST-0029,1924.84,INFLOW,ORDER_PAYMENT,2026-09-08 14:16:46
TX-11555,ORD-7555,CUSTOMER,CUST-0385,4336.35,INFLOW,ORDER_PAYMENT,2026-09-08 14:25:12
TX-11556,ORD-7556,CUSTOMER,CUST-0176,2462.84,INFLOW,ORDER_PAYMENT,2026-09-08 14:33:51
TX-11557,ORD-7557,CUSTOMER,CUST-0380,7475.48,INFLOW,ORDER_PAYMENT,2026-09-08 14:42:16
TX-11558,ORD-7558,CUSTOMER,CUST-0329,557.56,INFLOW,ORDER_PAYMENT,2026-09-08 14:50:43
TX-11559,ORD-7559,CUSTOMER,CUST-0243,818.39,INFLOW,ORDER_PAYMENT,2026-09-08 14:58:49
TX-11560,ORD-7560,CUSTOMER,CUST-0457,2439.3,INFLOW,ORDER_PAYMENT,2026-09-08 15:07:13
TX-11561,ORD-7561,CUSTOMER,CUST-0424,517.68,INFLOW,ORDER_PAYMENT,2026-09-08 15:15:55
TX-11562,ORD-7562,CUSTOMER,CUST-0241,2065.51,INFLOW,ORDER_PAYMENT,2026-09-08 15:23:58
TX-11563,ORD-7563,CUSTOMER,CUST-0177,1604.68,INFLOW,ORDER_PAYMENT,2026-09-08 15:32:28
TX-11564,ORD-7564,CUSTOMER,CUST-0146,716.24,INFLOW,ORDER_PAYMENT,2026-09-08 15:40:47
TX-11565,ORD-7565,CUSTOMER,CUST-0172,1732.3,INFLOW,ORDER_PAYMENT,2026-09-08 15:49:26
TX-11566,ORD-7566,CUSTOMER,CUST-0311,1125.08,INFLOW,ORDER_PAYMENT,2026-09-08 15:57:50
TX-11567,ORD-7567,CUSTOMER,CUST-0489,1882.85,INFLOW,ORDER_PAYMENT,2026-09-08 16:06:01
TX-11568,ORD-7568,CUSTOMER,CUST-0221,306.7,INFLOW,ORDER_PAYMENT,2026-09-08 16:14:46
TX-11569,ORD-7569,CUSTOMER,CUST-0296,670.05,INFLOW,ORDER_PAYMENT,2026-09-08 16:23:06
TX-11570,ORD-7570,CUSTOMER,CUST-0457,3737.74,INFLOW,ORDER_PAYMENT,2026-09-08 16:31:35
TX-11571,ORD-7571,CUSTOMER,CUST-0482,1544.47,INFLOW,ORDER_PAYMENT,2026-09-08 16:39:53
TX-11572,ORD-7572,CUSTOMER,CUST-0269,2252.3,INFLOW,ORDER_PAYMENT,2026-09-08 16:48:16
TX-11573,ORD-7573,CUSTOMER,CUST-0348,4898.74,INFLOW,ORDER_PAYMENT,2026-09-08 16:56:33
TX-11574,ORD-7574,CUSTOMER,CUST-0462,670.05,INFLOW,ORDER_PAYMENT,2026-09-08 17:05:08
TX-11575,ORD-7575,CUSTOMER,CUST-0160,851.72,INFLOW,ORDER_PAYMENT,2026-09-08 17:13:20
TX-11576,ORD-7576,CUSTOMER,CUST-0182,4074.31,INFLOW,ORDER_PAYMENT,2026-09-08 17:21:58
TX-11577,ORD-7577,CUSTOMER,CUST-0052,2449.37,INFLOW,ORDER_PAYMENT,2026-09-08 17:30:16
TX-11578,ORD-7578,CUSTOMER,CUST-0254,4093.93,INFLOW,ORDER_PAYMENT,2026-09-08 17:38:45
TX-11579,ORD-7579,CUSTOMER,CUST-0109,1768.39,INFLOW,ORDER_PAYMENT,2026-09-08 17:46:50
TX-11580,ORD-7580,CUSTOMER,CUST-0234,2757.05,INFLOW,ORDER_PAYMENT,2026-09-08 17:55:30
TX-11581,ORD-7581,CUSTOMER,CUST-0381,829.04,INFLOW,ORDER_PAYMENT,2026-09-08 18:03:36
TX-11582,ORD-7582,CUSTOMER,CUST-0092,2644.13,INFLOW,ORDER_PAYMENT,2026-09-08 18:12:11
TX-11583,ORD-7583,CUSTOMER,CUST-0126,1604.68,INFLOW,ORDER_PAYMENT,2026-09-08 18:20:49
TX-11584,ORD-7584,CUSTOMER,CUST-0034,4074.31,INFLOW,ORDER_PAYMENT,2026-09-08 18:28:58
TX-11585,ORD-7585,CUSTOMER,CUST-0358,3314.53,INFLOW,ORDER_PAYMENT,2026-09-08 18:37:21
TX-11586,ORD-7586,CUSTOMER,CUST-0471,826.99,INFLOW,ORDER_PAYMENT,2026-09-08 18:45:56
TX-11587,ORD-7587,CUSTOMER,CUST-0059,1229.97,INFLOW,ORDER_PAYMENT,2026-09-08 18:54:09
TX-11588,ORD-7588,CUSTOMER,CUST-0367,2065.51,INFLOW,ORDER_PAYMENT,2026-09-08 19:02:42
TX-11589,ORD-7589,CUSTOMER,CUST-0198,3527.16,INFLOW,ORDER_PAYMENT,2026-09-08 19:11:05
TX-11590,ORD-7590,CUSTOMER,CUST-0135,3211.6,INFLOW,ORDER_PAYMENT,2026-09-08 19:19:11
TX-11591,ORD-7591,CUSTOMER,CUST-0012,656.92,INFLOW,ORDER_PAYMENT,2026-09-08 19:27:36
TX-11592,ORD-7592,CUSTOMER,CUST-0438,3786.85,INFLOW,ORDER_PAYMENT,2026-09-08 19:36:02
TX-11593,ORD-7593,CUSTOMER,CUST-0028,2200.0,INFLOW,ORDER_PAYMENT,2026-09-08 19:44:30
TX-11594,ORD-7594,CUSTOMER,CUST-0150,1524.23,INFLOW,ORDER_PAYMENT,2026-09-08 19:53:08
TX-11595,ORD-7595,CUSTOMER,CUST-0388,4390.3,INFLOW,ORDER_PAYMENT,2026-09-08 20:01:35
TX-11596,ORD-7596,CUSTOMER,CUST-0052,3314.53,INFLOW,ORDER_PAYMENT,2026-09-08 20:09:46
TX-11597,ORD-7597,CUSTOMER,CUST-0383,2252.3,INFLOW,ORDER_PAYMENT,2026-09-08 20:18:00
TX-11598,ORD-7598,CUSTOMER,CUST-0042,8672.7,INFLOW,ORDER_PAYMENT,2026-09-08 20:26:20
TX-11599,ORD-7599,CUSTOMER,CUST-0263,1125.08,INFLOW,ORDER_PAYMENT,2026-09-08 20:34:47
TX-11600,ORD-7600,CUSTOMER,CUST-0402,3211.6,INFLOW,ORDER_PAYMENT,2026-09-08 20:43:18
TX-11601,ORD-7601,CUSTOMER,CUST-0292,8202.24,INFLOW,ORDER_PAYMENT,2026-09-08 20:51:36
TX-11602,ORD-7602,CUSTOMER,CUST-0434,6105.84,INFLOW,ORDER_PAYMENT,2026-09-08 21:00:03
TX-11603,ORD-7603,CUSTOMER,CUST-0151,2419.53,INFLOW,ORDER_PAYMENT,2026-09-08 21:08:40
TX-11604,ORD-7604,CUSTOMER,CUST-0230,674.08,INFLOW,ORDER_PAYMENT,2026-09-08 21:16:43
TX-11605,ORD-7605,CUSTOMER,CUST-0404,4390.3,INFLOW,ORDER_PAYMENT,2026-09-08 21:25:21
TX-11606,ORD-7606,CUSTOMER,CUST-0324,3786.85,INFLOW,ORDER_PAYMENT,2026-09-08 21:33:52
TX-11607,ORD-7607,CUSTOMER,CUST-0243,3564.2,INFLOW,ORDER_PAYMENT,2026-09-08 21:42:19
TX-11608,ORD-7608,CUSTOMER,CUST-0298,1605.72,INFLOW,ORDER_PAYMENT,2026-09-08 21:50:38
TX-11609,ORD-7609,CUSTOMER,CUST-0127,2439.3,INFLOW,ORDER_PAYMENT,2026-09-08 21:59:01
TX-11610,ORD-7610,CUSTOMER,CUST-0104,1299.1,INFLOW,ORDER_PAYMENT,2026-09-08 22:07:16
TX-11611,ORD-7611,CUSTOMER,CUST-0439,8672.7,INFLOW,ORDER_PAYMENT,2026-09-08 22:15:52
TX-11612,ORD-7612,CUSTOMER,CUST-0463,1948.31,INFLOW,ORDER_PAYMENT,2026-09-08 22:24:09
TX-11613,ORD-7613,CUSTOMER,CUST-0297,1924.84,INFLOW,ORDER_PAYMENT,2026-09-08 22:32:37
TX-11614,ORD-7614,CUSTOMER,CUST-0072,2589.06,INFLOW,ORDER_PAYMENT,2026-09-08 22:41:10
TX-11615,ORD-7615,CUSTOMER,CUST-0155,3196.07,INFLOW,ORDER_PAYMENT,2026-09-08 22:49:18
TX-11616,ORD-7616,CUSTOMER,CUST-0046,1604.68,INFLOW,ORDER_PAYMENT,2026-09-08 22:57:39
TX-11617,ORD-7617,CUSTOMER,CUST-0491,2452.83,INFLOW,ORDER_PAYMENT,2026-09-08 23:05:52
TX-11618,ORD-7618,CUSTOMER,CUST-0124,1100.0,INFLOW,ORDER_PAYMENT,2026-09-08 23:14:26
TX-11619,ORD-7619,CUSTOMER,CUST-0199,2589.06,INFLOW,ORDER_PAYMENT,2026-09-08 23:23:10
TX-11620,ORD-7620,CUSTOMER,CUST-0342,1299.1,INFLOW,ORDER_PAYMENT,2026-09-08 23:31:29
TX-11621,ORD-7621,CUSTOMER,CUST-0383,3564.2,INFLOW,ORDER_PAYMENT,2026-09-08 23:39:57
TX-11622,ORD-7622,CUSTOMER,CUST-0453,1732.3,INFLOW,ORDER_PAYMENT,2026-09-08 23:48:03
TX-11623,ORD-7623,CUSTOMER,CUST-0496,2644.13,INFLOW,ORDER_PAYMENT,2026-09-08 23:56:29
TX-11624,ORD-7624,CUSTOMER,CUST-0268,1418.34,INFLOW,ORDER_PAYMENT,2026-09-09 00:04:48
TX-11625,ORD-7625,CUSTOMER,CUST-0186,1125.08,INFLOW,ORDER_PAYMENT,2026-09-09 00:13:13
TX-11626,ORD-7626,CUSTOMER,CUST-0307,2589.06,INFLOW,ORDER_PAYMENT,2026-09-09 00:21:42
TX-11627,ORD-7627,CUSTOMER,CUST-0442,8202.24,INFLOW,ORDER_PAYMENT,2026-09-09 00:30:19
TX-11628,ORD-7628,CUSTOMER,CUST-0036,3904.05,INFLOW,ORDER_PAYMENT,2026-09-09 00:38:32
TX-11629,ORD-7629,CUSTOMER,CUST-0183,1862.43,INFLOW,ORDER_PAYMENT,2026-09-09 00:46:59
TX-11630,ORD-7630,CUSTOMER,CUST-0114,358.12,INFLOW,ORDER_PAYMENT,2026-09-09 00:55:11
TX-11631,ORD-7631,CUSTOMER,CUST-0446,1524.23,INFLOW,ORDER_PAYMENT,2026-09-09 01:03:33
TX-11632,ORD-7632,CUSTOMER,CUST-0117,3817.51,INFLOW,ORDER_PAYMENT,2026-09-09 01:12:13
TX-11633,ORD-7633,CUSTOMER,CUST-0109,3246.81,INFLOW,ORDER_PAYMENT,2026-09-09 01:20:24
TX-11634,ORD-7634,CUSTOMER,CUST-0302,8152.86,INFLOW,ORDER_PAYMENT,2026-09-09 01:28:44
TX-11635,ORD-7635,CUSTOMER,CUST-0479,1882.85,INFLOW,ORDER_PAYMENT,2026-09-09 01:37:29
TX-11636,ORD-7636,CUSTOMER,CUST-0328,2483.23,INFLOW,ORDER_PAYMENT,2026-09-09 01:45:34
TX-11637,ORD-7637,CUSTOMER,CUST-0113,258.84,INFLOW,ORDER_PAYMENT,2026-09-09 01:54:10
TX-11638,ORD-7638,CUSTOMER,CUST-0195,4336.35,INFLOW,ORDER_PAYMENT,2026-09-09 02:02:29
TX-11639,ORD-7639,CUSTOMER,CUST-0168,3817.51,INFLOW,ORDER_PAYMENT,2026-09-09 02:11:04
TX-11640,ORD-7640,CUSTOMER,CUST-0040,851.72,INFLOW,ORDER_PAYMENT,2026-09-09 02:19:24
TX-11641,ORD-7641,CUSTOMER,CUST-0410,2452.83,INFLOW,ORDER_PAYMENT,2026-09-09 02:27:30
TX-11642,ORD-7642,CUSTOMER,CUST-0217,1904.59,INFLOW,ORDER_PAYMENT,2026-09-09 02:36:06
TX-11643,ORD-7643,CUSTOMER,CUST-0170,4226.7,INFLOW,ORDER_PAYMENT,2026-09-09 02:44:19
TX-11644,ORD-7644,CUSTOMER,CUST-0078,2449.37,INFLOW,ORDER_PAYMENT,2026-09-09 02:53:00
TX-11645,ORD-7645,CUSTOMER,CUST-0228,1100.0,INFLOW,ORDER_PAYMENT,2026-09-09 03:01:09
TX-11646,ORD-7646,CUSTOMER,CUST-0432,3684.61,INFLOW,ORDER_PAYMENT,2026-09-09 03:09:27
TX-11647,ORD-7647,CUSTOMER,CUST-0328,414.04,INFLOW,ORDER_PAYMENT,2026-09-09 03:18:02
TX-11648,ORD-7648,CUSTOMER,CUST-0416,1604.68,INFLOW,ORDER_PAYMENT,2026-09-09 03:26:18
TX-11649,ORD-7649,CUSTOMER,CUST-0420,3985.8,INFLOW,ORDER_PAYMENT,2026-09-09 03:35:05
TX-11650,ORD-7650,CUSTOMER,CUST-0257,3722.35,INFLOW,ORDER_PAYMENT,2026-09-09 03:43:30
TX-11651,ORD-7651,CUSTOMER,CUST-0104,1090.0,INFLOW,ORDER_PAYMENT,2026-09-09 03:51:33
TX-11652,ORD-7652,CUSTOMER,CUST-0278,6629.06,INFLOW,ORDER_PAYMENT,2026-09-09 03:59:59
TX-11653,ORD-7653,CUSTOMER,CUST-0253,3904.05,INFLOW,ORDER_PAYMENT,2026-09-09 04:08:30
TX-11654,ORD-7654,CUSTOMER,CUST-0225,3855.71,INFLOW,ORDER_PAYMENT,2026-09-09 04:16:44
TX-11655,ORD-7655,CUSTOMER,CUST-0439,3211.6,INFLOW,ORDER_PAYMENT,2026-09-09 04:25:28
TX-11656,ORD-7656,CUSTOMER,CUST-0111,3569.25,INFLOW,ORDER_PAYMENT,2026-09-09 04:33:31
TX-11657,ORD-7657,CUSTOMER,CUST-0490,2449.37,INFLOW,ORDER_PAYMENT,2026-09-09 04:42:09
TX-11658,ORD-7658,CUSTOMER,CUST-0233,883.38,INFLOW,ORDER_PAYMENT,2026-09-09 04:50:23
TX-11659,ORD-7659,CUSTOMER,CUST-0256,1924.84,INFLOW,ORDER_PAYMENT,2026-09-09 04:59:02
TX-11660,ORD-7660,CUSTOMER,CUST-0452,3310.04,INFLOW,ORDER_PAYMENT,2026-09-09 05:07:09
TX-11661,ORD-7661,CUSTOMER,CUST-0482,263.42,INFLOW,ORDER_PAYMENT,2026-09-09 05:15:50
TX-11662,ORD-7662,CUSTOMER,CUST-0142,517.68,INFLOW,ORDER_PAYMENT,2026-09-09 05:24:17
TX-11663,ORD-7663,CUSTOMER,CUST-0240,4390.3,INFLOW,ORDER_PAYMENT,2026-09-09 05:32:33
TX-11664,ORD-7664,CUSTOMER,CUST-0014,2446.64,INFLOW,ORDER_PAYMENT,2026-09-09 05:40:41
TX-11665,ORD-7665,CUSTOMER,CUST-0142,2200.0,INFLOW,ORDER_PAYMENT,2026-09-09 05:49:30
TX-11666,ORD-7666,CUSTOMER,CUST-0210,306.7,INFLOW,ORDER_PAYMENT,2026-09-09 05:57:45
TX-11667,ORD-7667,CUSTOMER,CUST-0366,4226.7,INFLOW,ORDER_PAYMENT,2026-09-09 06:05:54
TX-11668,ORD-7668,CUSTOMER,CUST-0326,3246.81,INFLOW,ORDER_PAYMENT,2026-09-09 06:14:23
TX-11669,ORD-7669,CUSTOMER,CUST-0023,4337.59,INFLOW,ORDER_PAYMENT,2026-09-09 06:22:37
TX-11670,ORD-7670,CUSTOMER,CUST-0231,2788.05,INFLOW,ORDER_PAYMENT,2026-09-09 06:31:04
TX-11671,ORD-7671,CUSTOMER,CUST-0353,818.39,INFLOW,ORDER_PAYMENT,2026-09-09 06:39:43
TX-11672,ORD-7672,CUSTOMER,CUST-0400,1076.17,INFLOW,ORDER_PAYMENT,2026-09-09 06:48:17
TX-11673,ORD-7673,CUSTOMER,CUST-0199,1299.1,INFLOW,ORDER_PAYMENT,2026-09-09 06:56:13
TX-11674,ORD-7674,CUSTOMER,CUST-0428,1004.29,INFLOW,ORDER_PAYMENT,2026-09-09 07:04:38
TX-11675,ORD-7675,CUSTOMER,CUST-0018,2449.37,INFLOW,ORDER_PAYMENT,2026-09-09 07:13:15
TX-11676,ORD-7676,CUSTOMER,CUST-0391,4076.43,INFLOW,ORDER_PAYMENT,2026-09-09 07:21:30
TX-11677,ORD-7677,CUSTOMER,CUST-0304,4898.74,INFLOW,ORDER_PAYMENT,2026-09-09 07:30:17
TX-11678,ORD-7678,CUSTOMER,CUST-0333,2065.51,INFLOW,ORDER_PAYMENT,2026-09-09 07:38:14
TX-11679,ORD-7679,CUSTOMER,CUST-0028,1229.97,INFLOW,ORDER_PAYMENT,2026-09-09 07:47:03
TX-11680,ORD-7680,CUSTOMER,CUST-0484,4893.28,INFLOW,ORDER_PAYMENT,2026-09-09 07:55:14
TX-11681,ORD-7681,CUSTOMER,CUST-0053,291.34,INFLOW,ORDER_PAYMENT,2026-09-09 08:03:29
TX-11682,ORD-7682,CUSTOMER,CUST-0072,306.7,INFLOW,ORDER_PAYMENT,2026-09-09 08:11:54
TX-11683,ORD-7683,CUSTOMER,CUST-0007,8515.94,INFLOW,ORDER_PAYMENT,2026-09-09 08:20:35
TX-11684,ORD-7684,CUSTOMER,CUST-0385,3637.58,INFLOW,ORDER_PAYMENT,2026-09-09 08:28:43
TX-11685,ORD-7685,CUSTOMER,CUST-0200,1605.72,INFLOW,ORDER_PAYMENT,2026-09-09 08:37:16
TX-11686,ORD-7686,CUSTOMER,CUST-0397,3722.35,INFLOW,ORDER_PAYMENT,2026-09-09 08:45:43
TX-11687,ORD-7687,CUSTOMER,CUST-0052,3786.85,INFLOW,ORDER_PAYMENT,2026-09-09 08:53:53
TX-11688,ORD-7688,CUSTOMER,CUST-0197,3211.6,INFLOW,ORDER_PAYMENT,2026-09-09 09:02:29
TX-11689,ORD-7689,CUSTOMER,CUST-0192,3297.77,INFLOW,ORDER_PAYMENT,2026-09-09 09:10:44
TX-11690,ORD-7690,CUSTOMER,CUST-0270,3527.16,INFLOW,ORDER_PAYMENT,2026-09-09 09:19:16
TX-11691,ORD-7691,CUSTOMER,CUST-0311,557.56,INFLOW,ORDER_PAYMENT,2026-09-09 09:27:26
TX-11692,ORD-7692,CUSTOMER,CUST-0206,4030.3,INFLOW,ORDER_PAYMENT,2026-09-09 09:36:10
TX-11693,ORD-7693,CUSTOMER,CUST-0472,3817.51,INFLOW,ORDER_PAYMENT,2026-09-09 09:44:29
TX-11694,ORD-7694,CUSTOMER,CUST-0033,3569.25,INFLOW,ORDER_PAYMENT,2026-09-09 09:52:45
TX-11695,ORD-7695,CUSTOMER,CUST-0051,3722.35,INFLOW,ORDER_PAYMENT,2026-09-09 10:01:25
TX-11696,ORD-7696,CUSTOMER,CUST-0118,4390.3,INFLOW,ORDER_PAYMENT,2026-09-09 10:09:30
TX-11697,ORD-7697,CUSTOMER,CUST-0079,306.7,INFLOW,ORDER_PAYMENT,2026-09-09 10:17:50
TX-11698,ORD-7698,CUSTOMER,CUST-0189,3570.49,INFLOW,ORDER_PAYMENT,2026-09-09 10:26:17
TX-11699,ORD-7699,CUSTOMER,CUST-0305,3570.49,INFLOW,ORDER_PAYMENT,2026-09-09 10:34:46
TX-11700,ORD-7700,CUSTOMER,CUST-0269,4337.59,INFLOW,ORDER_PAYMENT,2026-09-09 10:43:17
TX-11701,ORD-7701,CUSTOMER,CUST-0055,4448.99,INFLOW,ORDER_PAYMENT,2026-09-09 10:51:50
TX-11702,ORD-7702,CUSTOMER,CUST-0092,829.04,INFLOW,ORDER_PAYMENT,2026-09-09 11:00:00
TX-11703,ORD-7703,CUSTOMER,CUST-0155,670.05,INFLOW,ORDER_PAYMENT,2026-09-09 11:08:26
TX-11704,ORD-7704,CUSTOMER,CUST-0207,3412.17,INFLOW,ORDER_PAYMENT,2026-09-09 11:16:52
TX-11705,ORD-7705,CUSTOMER,CUST-0221,818.39,INFLOW,ORDER_PAYMENT,2026-09-09 11:24:58
TX-11706,ORD-7706,CUSTOMER,CUST-0247,1231.42,INFLOW,ORDER_PAYMENT,2026-09-09 11:33:27
TX-11707,ORD-7707,CUSTOMER,CUST-0470,3196.07,INFLOW,ORDER_PAYMENT,2026-09-09 11:42:03
TX-11708,ORD-7708,CUSTOMER,CUST-0151,8187.86,INFLOW,ORDER_PAYMENT,2026-09-09 11:50:16
TX-11709,ORD-7709,CUSTOMER,CUST-0425,2589.06,INFLOW,ORDER_PAYMENT,2026-09-09 11:58:47
TX-11710,ORD-7710,CUSTOMER,CUST-0018,3655.67,INFLOW,ORDER_PAYMENT,2026-09-09 12:07:18
TX-11711,ORD-7711,CUSTOMER,CUST-0251,5514.1,INFLOW,ORDER_PAYMENT,2026-09-09 12:15:35
TX-11712,ORD-7712,CUSTOMER,CUST-0068,3297.77,INFLOW,ORDER_PAYMENT,2026-09-09 12:24:08
TX-11713,ORD-7713,CUSTOMER,CUST-0127,358.12,INFLOW,ORDER_PAYMENT,2026-09-09 12:32:19
TX-11714,ORD-7714,CUSTOMER,CUST-0458,3637.58,INFLOW,ORDER_PAYMENT,2026-09-09 12:41:00
TX-11715,ORD-7715,CUSTOMER,CUST-0421,1229.97,INFLOW,ORDER_PAYMENT,2026-09-09 12:49:20
TX-11716,ORD-7716,CUSTOMER,CUST-0457,3527.16,INFLOW,ORDER_PAYMENT,2026-09-09 12:57:45
TX-11717,ORD-7717,CUSTOMER,CUST-0481,4101.12,INFLOW,ORDER_PAYMENT,2026-09-09 13:06:01
TX-11718,ORD-7718,CUSTOMER,CUST-0232,1313.84,INFLOW,ORDER_PAYMENT,2026-09-09 13:14:13
TX-11719,ORD-7719,CUSTOMER,CUST-0162,4272.95,INFLOW,ORDER_PAYMENT,2026-09-09 13:22:45
TX-11720,ORD-7720,CUSTOMER,CUST-0312,526.84,INFLOW,ORDER_PAYMENT,2026-09-09 13:31:10
TX-11721,ORD-7721,CUSTOMER,CUST-0129,1076.17,INFLOW,ORDER_PAYMENT,2026-09-09 13:39:27
TX-11722,ORD-7722,CUSTOMER,CUST-0183,656.92,INFLOW,ORDER_PAYMENT,2026-09-09 13:47:57
TX-11723,ORD-7723,CUSTOMER,CUST-0238,3817.51,INFLOW,ORDER_PAYMENT,2026-09-09 13:56:33
TX-11724,ORD-7724,CUSTOMER,CUST-0305,1882.85,INFLOW,ORDER_PAYMENT,2026-09-09 14:04:45
TX-11725,ORD-7725,CUSTOMER,CUST-0346,1004.29,INFLOW,ORDER_PAYMENT,2026-09-09 14:13:23
TX-11726,ORD-7726,CUSTOMER,CUST-0118,1992.9,INFLOW,ORDER_PAYMENT,2026-09-09 14:21:44
TX-11727,ORD-7727,CUSTOMER,CUST-0433,1100.0,INFLOW,ORDER_PAYMENT,2026-09-09 14:29:57
TX-11728,ORD-7728,CUSTOMER,CUST-0337,3063.16,INFLOW,ORDER_PAYMENT,2026-09-09 14:38:16
TX-11729,ORD-7729,CUSTOMER,CUST-0311,431.18,INFLOW,ORDER_PAYMENT,2026-09-09 14:46:56
TX-11730,ORD-7730,CUSTOMER,CUST-0206,3564.2,INFLOW,ORDER_PAYMENT,2026-09-09 14:55:01
TX-11731,ORD-7731,CUSTOMER,CUST-0014,889.09,INFLOW,ORDER_PAYMENT,2026-09-09 15:03:27
TX-11732,ORD-7732,CUSTOMER,CUST-0386,3564.2,INFLOW,ORDER_PAYMENT,2026-09-09 15:11:43
TX-11733,ORD-7733,CUSTOMER,CUST-0487,889.09,INFLOW,ORDER_PAYMENT,2026-09-09 15:20:25
TX-11734,ORD-7734,CUSTOMER,CUST-0155,4458.58,INFLOW,ORDER_PAYMENT,2026-09-09 15:28:42
TX-11735,ORD-7735,CUSTOMER,CUST-0397,8453.4,INFLOW,ORDER_PAYMENT,2026-09-09 15:36:58
TX-11736,ORD-7736,CUSTOMER,CUST-0471,1434.09,INFLOW,ORDER_PAYMENT,2026-09-09 15:45:34
TX-11737,ORD-7737,CUSTOMER,CUST-0227,883.38,INFLOW,ORDER_PAYMENT,2026-09-09 15:53:59
TX-11738,ORD-7738,CUSTOMER,CUST-0065,3904.31,INFLOW,ORDER_PAYMENT,2026-09-09 16:02:19
TX-11739,ORD-7739,CUSTOMER,CUST-0116,829.04,INFLOW,ORDER_PAYMENT,2026-09-09 16:10:32
TX-11740,ORD-7740,CUSTOMER,CUST-0390,8108.6,INFLOW,ORDER_PAYMENT,2026-09-09 16:19:08
TX-11741,ORD-7741,CUSTOMER,CUST-0135,4390.3,INFLOW,ORDER_PAYMENT,2026-09-09 16:27:37
TX-11742,ORD-7742,CUSTOMER,CUST-0106,3564.2,INFLOW,ORDER_PAYMENT,2026-09-09 16:36:10
TX-11743,ORD-7743,CUSTOMER,CUST-0032,1636.78,INFLOW,ORDER_PAYMENT,2026-09-09 16:44:36
TX-11744,ORD-7744,CUSTOMER,CUST-0237,1100.0,INFLOW,ORDER_PAYMENT,2026-09-09 16:52:46
TX-11745,ORD-7745,CUSTOMER,CUST-0141,3314.53,INFLOW,ORDER_PAYMENT,2026-09-09 17:01:08
TX-11746,ORD-7746,CUSTOMER,CUST-0461,6964.42,INFLOW,ORDER_PAYMENT,2026-09-09 17:09:48
TX-11747,ORD-7747,CUSTOMER,CUST-0152,2836.68,INFLOW,ORDER_PAYMENT,2026-09-09 17:17:51
TX-11748,ORD-7748,CUSTOMER,CUST-0182,2439.3,INFLOW,ORDER_PAYMENT,2026-09-09 17:26:18
TX-11749,ORD-7749,CUSTOMER,CUST-0404,4294.61,INFLOW,ORDER_PAYMENT,2026-09-09 17:34:50
TX-11750,ORD-7750,CUSTOMER,CUST-0209,1299.1,INFLOW,ORDER_PAYMENT,2026-09-09 17:43:19
TX-11751,ORD-7751,CUSTOMER,CUST-0285,4448.99,INFLOW,ORDER_PAYMENT,2026-09-09 17:51:37
TX-11752,ORD-7752,CUSTOMER,CUST-0259,3590.3,INFLOW,ORDER_PAYMENT,2026-09-09 18:00:06
TX-11753,ORD-7753,CUSTOMER,CUST-0070,1100.0,INFLOW,ORDER_PAYMENT,2026-09-09 18:08:20
TX-11754,ORD-7754,CUSTOMER,CUST-0424,3737.74,INFLOW,ORDER_PAYMENT,2026-09-09 18:16:36
TX-11755,ORD-7755,CUSTOMER,CUST-0494,3297.77,INFLOW,ORDER_PAYMENT,2026-09-09 18:25:24
TX-11756,ORD-7756,CUSTOMER,CUST-0295,889.09,INFLOW,ORDER_PAYMENT,2026-09-09 18:33:30
TX-11757,ORD-7757,CUSTOMER,CUST-0250,1992.9,INFLOW,ORDER_PAYMENT,2026-09-09 18:42:04
TX-11758,ORD-7758,CUSTOMER,CUST-0423,1882.85,INFLOW,ORDER_PAYMENT,2026-09-09 18:50:12
TX-11759,ORD-7759,CUSTOMER,CUST-0357,674.08,INFLOW,ORDER_PAYMENT,2026-09-09 18:58:29
TX-11760,ORD-7760,CUSTOMER,CUST-0315,1231.42,INFLOW,ORDER_PAYMENT,2026-09-09 19:06:55
TX-11761,ORD-7761,CUSTOMER,CUST-0479,3737.74,INFLOW,ORDER_PAYMENT,2026-09-09 19:15:40
TX-11762,ORD-7762,CUSTOMER,CUST-0327,3684.61,INFLOW,ORDER_PAYMENT,2026-09-09 19:23:43
TX-11763,ORD-7763,CUSTOMER,CUST-0254,4074.31,INFLOW,ORDER_PAYMENT,2026-09-09 19:32:27
TX-11764,ORD-7764,CUSTOMER,CUST-0201,7711.42,INFLOW,ORDER_PAYMENT,2026-09-09 19:40:38
TX-11765,ORD-7765,CUSTOMER,CUST-0423,826.99,INFLOW,ORDER_PAYMENT,2026-09-09 19:48:57
TX-11766,ORD-7766,CUSTOMER,CUST-0444,263.42,INFLOW,ORDER_PAYMENT,2026-09-09 19:57:44
TX-11767,ORD-7767,CUSTOMER,CUST-0402,4336.35,INFLOW,ORDER_PAYMENT,2026-09-09 20:05:55
TX-11768,ORD-7768,CUSTOMER,CUST-0148,2757.05,INFLOW,ORDER_PAYMENT,2026-09-09 20:14:22
TX-11769,ORD-7769,CUSTOMER,CUST-0387,3554.02,INFLOW,ORDER_PAYMENT,2026-09-09 20:22:34
TX-11770,ORD-7770,CUSTOMER,CUST-0040,1418.34,INFLOW,ORDER_PAYMENT,2026-09-09 20:31:05
TX-11771,ORD-7771,CUSTOMER,CUST-0389,829.04,INFLOW,ORDER_PAYMENT,2026-09-09 20:39:33
TX-11772,ORD-7772,CUSTOMER,CUST-0169,1766.76,INFLOW,ORDER_PAYMENT,2026-09-09 20:48:02
TX-11773,ORD-7773,CUSTOMER,CUST-0141,3297.77,INFLOW,ORDER_PAYMENT,2026-09-09 20:56:20
TX-11774,ORD-7774,CUSTOMER,CUST-0349,1904.59,INFLOW,ORDER_PAYMENT,2026-09-09 21:04:35
TX-11775,ORD-7775,CUSTOMER,CUST-0134,2439.3,INFLOW,ORDER_PAYMENT,2026-09-09 21:13:09
TX-11776,ORD-7776,CUSTOMER,CUST-0257,1100.0,INFLOW,ORDER_PAYMENT,2026-09-09 21:21:29
TX-11777,ORD-7777,CUSTOMER,CUST-0133,818.39,INFLOW,ORDER_PAYMENT,2026-09-09 21:30:09
TX-11778,ORD-7778,CUSTOMER,CUST-0026,2449.37,INFLOW,ORDER_PAYMENT,2026-09-09 21:38:20
TX-11779,ORD-7779,CUSTOMER,CUST-0176,3904.05,INFLOW,ORDER_PAYMENT,2026-09-09 21:46:45
TX-11780,ORD-7780,CUSTOMER,CUST-0299,3904.31,INFLOW,ORDER_PAYMENT,2026-09-09 21:54:57
TX-11781,ORD-7781,CUSTOMER,CUST-0480,3310.04,INFLOW,ORDER_PAYMENT,2026-09-09 22:03:42
TX-11782,ORD-7782,CUSTOMER,CUST-0001,3063.16,INFLOW,ORDER_PAYMENT,2026-09-09 22:12:04
TX-11783,ORD-7783,CUSTOMER,CUST-0440,3570.49,INFLOW,ORDER_PAYMENT,2026-09-09 22:20:09
TX-11784,ORD-7784,CUSTOMER,CUST-0235,3310.04,INFLOW,ORDER_PAYMENT,2026-09-09 22:28:30
TX-11785,ORD-7785,CUSTOMER,CUST-0453,2589.06,INFLOW,ORDER_PAYMENT,2026-09-09 22:36:59
TX-11786,ORD-7786,CUSTOMER,CUST-0287,414.04,INFLOW,ORDER_PAYMENT,2026-09-09 22:45:15
TX-11787,ORD-7787,CUSTOMER,CUST-0356,4074.31,INFLOW,ORDER_PAYMENT,2026-09-09 22:53:44
TX-11788,ORD-7788,CUSTOMER,CUST-0263,557.56,INFLOW,ORDER_PAYMENT,2026-09-09 23:02:03
TX-11789,ORD-7789,CUSTOMER,CUST-0065,263.42,INFLOW,ORDER_PAYMENT,2026-09-09 23:10:54
TX-11790,ORD-7790,CUSTOMER,CUST-0242,2589.06,INFLOW,ORDER_PAYMENT,2026-09-09 23:19:18
TX-11791,ORD-7791,CUSTOMER,CUST-0114,1544.47,INFLOW,ORDER_PAYMENT,2026-09-09 23:27:17
TX-11792,ORD-7792,CUSTOMER,CUST-0051,3024.83,INFLOW,ORDER_PAYMENT,2026-09-09 23:35:41
TX-11793,ORD-7793,CUSTOMER,CUST-0162,306.7,INFLOW,ORDER_PAYMENT,2026-09-09 23:44:12
TX-11794,ORD-7794,CUSTOMER,CUST-0357,3722.35,INFLOW,ORDER_PAYMENT,2026-09-09 23:52:56
TX-11795,ORD-7795,CUSTOMER,CUST-0027,4458.58,INFLOW,ORDER_PAYMENT,2026-09-10 00:01:12
TX-11796,ORD-7796,CUSTOMER,CUST-0410,4093.93,INFLOW,ORDER_PAYMENT,2026-09-10 00:09:41
TX-11797,ORD-7797,CUSTOMER,CUST-0429,7108.04,INFLOW,ORDER_PAYMENT,2026-09-10 00:17:54
TX-11798,ORD-7798,CUSTOMER,CUST-0357,3569.25,INFLOW,ORDER_PAYMENT,2026-09-10 00:26:05
TX-11799,ORD-7799,CUSTOMER,CUST-0462,3904.05,INFLOW,ORDER_PAYMENT,2026-09-10 00:34:36
TX-11800,ORD-7800,CUSTOMER,CUST-0194,4257.97,INFLOW,ORDER_PAYMENT,2026-09-10 00:43:20
TX-11801,ORD-7801,CUSTOMER,CUST-0157,4076.43,INFLOW,ORDER_PAYMENT,2026-09-10 00:51:26
TX-11802,ORD-7802,CUSTOMER,CUST-0059,3527.16,INFLOW,ORDER_PAYMENT,2026-09-10 00:59:53
TX-11803,ORD-7803,CUSTOMER,CUST-0058,883.38,INFLOW,ORDER_PAYMENT,2026-09-10 01:08:12
TX-11804,ORD-7804,CUSTOMER,CUST-0218,4424.97,INFLOW,ORDER_PAYMENT,2026-09-10 01:16:48
TX-11805,ORD-7805,CUSTOMER,CUST-0168,1100.0,INFLOW,ORDER_PAYMENT,2026-09-10 01:25:18
TX-11806,ORD-7806,CUSTOMER,CUST-0148,1544.47,INFLOW,ORDER_PAYMENT,2026-09-10 01:33:24
TX-11807,ORD-7807,CUSTOMER,CUST-0414,3310.04,INFLOW,ORDER_PAYMENT,2026-09-10 01:41:38
TX-11808,ORD-7808,CUSTOMER,CUST-0270,3052.92,INFLOW,ORDER_PAYMENT,2026-09-10 01:50:02
TX-11809,ORD-7809,CUSTOMER,CUST-0174,4294.61,INFLOW,ORDER_PAYMENT,2026-09-10 01:58:56
TX-11810,ORD-7810,CUSTOMER,CUST-0323,3564.2,INFLOW,ORDER_PAYMENT,2026-09-10 02:07:16
TX-11811,ORD-7811,CUSTOMER,CUST-0194,7573.7,INFLOW,ORDER_PAYMENT,2026-09-10 02:15:16
TX-11812,ORD-7812,CUSTOMER,CUST-0314,3564.2,INFLOW,ORDER_PAYMENT,2026-09-10 02:24:04
TX-11813,ORD-7813,CUSTOMER,CUST-0017,2483.23,INFLOW,ORDER_PAYMENT,2026-09-10 02:32:12
TX-11814,ORD-7814,CUSTOMER,CUST-0230,1004.29,INFLOW,ORDER_PAYMENT,2026-09-10 02:40:32
TX-11815,ORD-7815,CUSTOMER,CUST-0350,3621.3,INFLOW,ORDER_PAYMENT,2026-09-10 02:49:05
TX-11816,ORD-7816,CUSTOMER,CUST-0267,2449.37,INFLOW,ORDER_PAYMENT,2026-09-10 02:57:35
TX-11817,ORD-7817,CUSTOMER,CUST-0190,1004.29,INFLOW,ORDER_PAYMENT,2026-09-10 03:05:38
TX-11818,ORD-7818,CUSTOMER,CUST-0447,535.08,INFLOW,ORDER_PAYMENT,2026-09-10 03:14:23
TX-11819,ORD-7819,CUSTOMER,CUST-0408,557.56,INFLOW,ORDER_PAYMENT,2026-09-10 03:22:28
TX-11820,ORD-7820,CUSTOMER,CUST-0396,3765.7,INFLOW,ORDER_PAYMENT,2026-09-10 03:30:55
TX-11821,ORD-7821,CUSTOMER,CUST-0349,1768.39,INFLOW,ORDER_PAYMENT,2026-09-10 03:39:35
TX-11822,ORD-7822,CUSTOMER,CUST-0127,4390.3,INFLOW,ORDER_PAYMENT,2026-09-10 03:47:55
TX-11823,ORD-7823,CUSTOMER,CUST-0310,3527.16,INFLOW,ORDER_PAYMENT,2026-09-10 03:56:15
TX-11824,ORD-7824,CUSTOMER,CUST-0364,1992.9,INFLOW,ORDER_PAYMENT,2026-09-10 04:04:44
TX-11825,ORD-7825,CUSTOMER,CUST-0380,3904.05,INFLOW,ORDER_PAYMENT,2026-09-10 04:13:00
TX-11826,ORD-7826,CUSTOMER,CUST-0332,1004.29,INFLOW,ORDER_PAYMENT,2026-09-10 04:21:17
TX-11827,ORD-7827,CUSTOMER,CUST-0411,3904.05,INFLOW,ORDER_PAYMENT,2026-09-10 04:29:50
TX-11828,ORD-7828,CUSTOMER,CUST-0085,3637.58,INFLOW,ORDER_PAYMENT,2026-09-10 04:38:17
TX-11829,ORD-7829,CUSTOMER,CUST-0355,4101.12,INFLOW,ORDER_PAYMENT,2026-09-10 04:46:34
TX-11830,ORD-7830,CUSTOMER,CUST-0476,3412.17,INFLOW,ORDER_PAYMENT,2026-09-10 04:54:58
TX-11831,ORD-7831,CUSTOMER,CUST-0105,4893.28,INFLOW,ORDER_PAYMENT,2026-09-10 05:03:24
TX-11832,ORD-7832,CUSTOMER,CUST-0460,4424.97,INFLOW,ORDER_PAYMENT,2026-09-10 05:11:49
TX-11833,ORD-7833,CUSTOMER,CUST-0408,2452.83,INFLOW,ORDER_PAYMENT,2026-09-10 05:20:08
TX-11834,ORD-7834,CUSTOMER,CUST-0099,3211.6,INFLOW,ORDER_PAYMENT,2026-09-10 05:28:49
TX-11835,ORD-7835,CUSTOMER,CUST-0262,2449.37,INFLOW,ORDER_PAYMENT,2026-09-10 05:37:02
TX-11836,ORD-7836,CUSTOMER,CUST-0388,8672.7,INFLOW,ORDER_PAYMENT,2026-09-10 05:45:37
TX-11837,ORD-7837,CUSTOMER,CUST-0042,1992.9,INFLOW,ORDER_PAYMENT,2026-09-10 05:53:45
TX-11838,ORD-7838,CUSTOMER,CUST-0066,1636.78,INFLOW,ORDER_PAYMENT,2026-09-10 06:02:20
TX-11839,ORD-7839,CUSTOMER,CUST-0463,3904.05,INFLOW,ORDER_PAYMENT,2026-09-10 06:10:30
TX-11840,ORD-7840,CUSTOMER,CUST-0246,4336.35,INFLOW,ORDER_PAYMENT,2026-09-10 06:19:03
TX-11841,ORD-7841,CUSTOMER,CUST-0497,2065.51,INFLOW,ORDER_PAYMENT,2026-09-10 06:27:30
TX-11842,ORD-7842,CUSTOMER,CUST-0083,883.38,INFLOW,ORDER_PAYMENT,2026-09-10 06:35:48
TX-11843,ORD-7843,CUSTOMER,CUST-0490,4226.7,INFLOW,ORDER_PAYMENT,2026-09-10 06:44:19
TX-11844,ORD-7844,CUSTOMER,CUST-0028,4294.61,INFLOW,ORDER_PAYMENT,2026-09-10 06:52:23
TX-11845,ORD-7845,CUSTOMER,CUST-0217,1768.39,INFLOW,ORDER_PAYMENT,2026-09-10 07:01:07
TX-11846,ORD-7846,CUSTOMER,CUST-0301,883.38,INFLOW,ORDER_PAYMENT,2026-09-10 07:09:38
TX-11847,ORD-7847,CUSTOMER,CUST-0490,258.84,INFLOW,ORDER_PAYMENT,2026-09-10 07:17:46
TX-11848,ORD-7848,CUSTOMER,CUST-0100,1004.29,INFLOW,ORDER_PAYMENT,2026-09-10 07:26:07
TX-11849,ORD-7849,CUSTOMER,CUST-0411,6610.12,INFLOW,ORDER_PAYMENT,2026-09-10 07:34:41
TX-11850,ORD-7850,CUSTOMER,CUST-0458,1862.43,INFLOW,ORDER_PAYMENT,2026-09-10 07:42:51
TX-11851,ORD-7851,CUSTOMER,CUST-0277,3817.51,INFLOW,ORDER_PAYMENT,2026-09-10 07:51:15
TX-11852,ORD-7852,CUSTOMER,CUST-0292,1434.09,INFLOW,ORDER_PAYMENT,2026-09-10 07:59:35
TX-11853,ORD-7853,CUSTOMER,CUST-0263,4030.3,INFLOW,ORDER_PAYMENT,2026-09-10 08:08:26
TX-11854,ORD-7854,CUSTOMER,CUST-0280,8672.7,INFLOW,ORDER_PAYMENT,2026-09-10 08:16:48
TX-11855,ORD-7855,CUSTOMER,CUST-0083,258.84,INFLOW,ORDER_PAYMENT,2026-09-10 08:25:14
TX-11856,ORD-7856,CUSTOMER,CUST-0037,2449.37,INFLOW,ORDER_PAYMENT,2026-09-10 08:33:27
TX-11857,ORD-7857,CUSTOMER,CUST-0051,3849.68,INFLOW,ORDER_PAYMENT,2026-09-10 08:41:46
TX-11858,ORD-7858,CUSTOMER,CUST-0436,3570.49,INFLOW,ORDER_PAYMENT,2026-09-10 08:50:01
TX-11859,ORD-7859,CUSTOMER,CUST-0152,2644.13,INFLOW,ORDER_PAYMENT,2026-09-10 08:58:41
TX-11860,ORD-7860,CUSTOMER,CUST-0484,670.05,INFLOW,ORDER_PAYMENT,2026-09-10 09:06:54
TX-11861,ORD-7861,CUSTOMER,CUST-0119,306.7,INFLOW,ORDER_PAYMENT,2026-09-10 09:15:10
TX-11862,ORD-7862,CUSTOMER,CUST-0415,3904.31,INFLOW,ORDER_PAYMENT,2026-09-10 09:23:39
TX-11863,ORD-7863,CUSTOMER,CUST-0361,1992.9,INFLOW,ORDER_PAYMENT,2026-09-10 09:31:59
TX-11864,ORD-7864,CUSTOMER,CUST-0389,414.04,INFLOW,ORDER_PAYMENT,2026-09-10 09:40:47
TX-11865,ORD-7865,CUSTOMER,CUST-0309,4272.95,INFLOW,ORDER_PAYMENT,2026-09-10 09:48:57
TX-11866,ORD-7866,CUSTOMER,CUST-0366,889.09,INFLOW,ORDER_PAYMENT,2026-09-10 09:57:16
TX-11867,ORD-7867,CUSTOMER,CUST-0178,1100.0,INFLOW,ORDER_PAYMENT,2026-09-10 10:05:51
TX-11868,ORD-7868,CUSTOMER,CUST-0290,4424.97,INFLOW,ORDER_PAYMENT,2026-09-10 10:14:08
TX-11869,ORD-7869,CUSTOMER,CUST-0139,2757.05,INFLOW,ORDER_PAYMENT,2026-09-10 10:22:22
TX-11870,ORD-7870,CUSTOMER,CUST-0235,4257.97,INFLOW,ORDER_PAYMENT,2026-09-10 10:30:52
TX-11871,ORD-7871,CUSTOMER,CUST-0140,5120.1,INFLOW,ORDER_PAYMENT,2026-09-10 10:39:12
TX-11872,ORD-7872,CUSTOMER,CUST-0456,1904.59,INFLOW,ORDER_PAYMENT,2026-09-10 10:47:50
TX-11873,ORD-7873,CUSTOMER,CUST-0429,3722.35,INFLOW,ORDER_PAYMENT,2026-09-10 10:56:16
TX-11874,ORD-7874,CUSTOMER,CUST-0193,1100.0,INFLOW,ORDER_PAYMENT,2026-09-10 11:04:21
TX-11875,ORD-7875,CUSTOMER,CUST-0302,4458.58,INFLOW,ORDER_PAYMENT,2026-09-10 11:12:53
TX-11876,ORD-7876,CUSTOMER,CUST-0488,1229.97,INFLOW,ORDER_PAYMENT,2026-09-10 11:21:13
TX-11877,ORD-7877,CUSTOMER,CUST-0290,358.12,INFLOW,ORDER_PAYMENT,2026-09-10 11:29:37
TX-11878,ORD-7878,CUSTOMER,CUST-0128,4448.99,INFLOW,ORDER_PAYMENT,2026-09-10 11:38:26
TX-11879,ORD-7879,CUSTOMER,CUST-0154,1904.59,INFLOW,ORDER_PAYMENT,2026-09-10 11:46:49
TX-11880,ORD-7880,CUSTOMER,CUST-0050,1229.97,INFLOW,ORDER_PAYMENT,2026-09-10 11:54:51
TX-11881,ORD-7881,CUSTOMER,CUST-0014,8515.94,INFLOW,ORDER_PAYMENT,2026-09-10 12:03:16
TX-11882,ORD-7882,CUSTOMER,CUST-0213,4337.59,INFLOW,ORDER_PAYMENT,2026-09-10 12:12:02
TX-11883,ORD-7883,CUSTOMER,CUST-0097,3684.61,INFLOW,ORDER_PAYMENT,2026-09-10 12:20:17
TX-11884,ORD-7884,CUSTOMER,CUST-0432,3196.07,INFLOW,ORDER_PAYMENT,2026-09-10 12:28:26
TX-11885,ORD-7885,CUSTOMER,CUST-0374,2449.37,INFLOW,ORDER_PAYMENT,2026-09-10 12:37:06
TX-11886,ORD-7886,CUSTOMER,CUST-0120,3196.07,INFLOW,ORDER_PAYMENT,2026-09-10 12:45:24
TX-11887,ORD-7887,CUSTOMER,CUST-0052,8849.94,INFLOW,ORDER_PAYMENT,2026-09-10 12:54:02
TX-11888,ORD-7888,CUSTOMER,CUST-0047,3655.67,INFLOW,ORDER_PAYMENT,2026-09-10 13:02:03
TX-11889,ORD-7889,CUSTOMER,CUST-0481,1524.23,INFLOW,ORDER_PAYMENT,2026-09-10 13:10:20
TX-11890,ORD-7890,CUSTOMER,CUST-0330,4257.97,INFLOW,ORDER_PAYMENT,2026-09-10 13:18:54
TX-11891,ORD-7891,CUSTOMER,CUST-0051,7054.32,INFLOW,ORDER_PAYMENT,2026-09-10 13:27:16
TX-11892,ORD-7892,CUSTOMER,CUST-0265,8672.7,INFLOW,ORDER_PAYMENT,2026-09-10 13:35:45
TX-11893,ORD-7893,CUSTOMER,CUST-0352,1766.76,INFLOW,ORDER_PAYMENT,2026-09-10 13:44:01
TX-11894,ORD-7894,CUSTOMER,CUST-0081,3196.07,INFLOW,ORDER_PAYMENT,2026-09-10 13:52:24
TX-11895,ORD-7895,CUSTOMER,CUST-0277,2589.06,INFLOW,ORDER_PAYMENT,2026-09-10 14:00:45
TX-11896,ORD-7896,CUSTOMER,CUST-0164,851.72,INFLOW,ORDER_PAYMENT,2026-09-10 14:09:18
TX-11897,ORD-7897,CUSTOMER,CUST-0466,3196.07,INFLOW,ORDER_PAYMENT,2026-09-10 14:17:54
TX-11898,ORD-7898,CUSTOMER,CUST-0234,2065.51,INFLOW,ORDER_PAYMENT,2026-09-10 14:25:56
TX-11899,ORD-7899,CUSTOMER,CUST-0124,4054.3,INFLOW,ORDER_PAYMENT,2026-09-10 14:34:38
TX-11900,ORD-7900,CUSTOMER,CUST-0036,1100.0,INFLOW,ORDER_PAYMENT,2026-09-10 14:42:47
TX-11901,ORD-7901,CUSTOMER,CUST-0140,4294.61,INFLOW,ORDER_PAYMENT,2026-09-10 14:51:14
TX-11902,ORD-7902,CUSTOMER,CUST-0083,656.92,INFLOW,ORDER_PAYMENT,2026-09-10 14:59:53
TX-11903,ORD-7903,CUSTOMER,CUST-0362,826.99,INFLOW,ORDER_PAYMENT,2026-09-10 15:08:05
TX-11904,ORD-7904,CUSTOMER,CUST-0185,4337.59,INFLOW,ORDER_PAYMENT,2026-09-10 15:16:30
TX-11905,ORD-7905,CUSTOMER,CUST-0337,3569.25,INFLOW,ORDER_PAYMENT,2026-09-10 15:24:48
TX-SUP-NOV-2,PO-SUP-NOV-2,SUPPLIER,SUP-031,20000.0,OUTFLOW,SUPPLIER_PAYMENT,2026-09-10 15:30:00
TX-11906,ORD-7906,CUSTOMER,CUST-0237,2788.05,INFLOW,ORDER_PAYMENT,2026-09-10 15:33:35
TX-11907,ORD-7907,CUSTOMER,CUST-0421,3737.74,INFLOW,ORDER_PAYMENT,2026-09-10 15:41:45
TX-11908,ORD-7908,CUSTOMER,CUST-0360,4448.99,INFLOW,ORDER_PAYMENT,2026-09-10 15:50:12
TX-11909,ORD-7909,CUSTOMER,CUST-0107,4272.95,INFLOW,ORDER_PAYMENT,2026-09-10 15:58:47
TX-11910,ORD-7910,CUSTOMER,CUST-0179,2644.13,INFLOW,ORDER_PAYMENT,2026-09-10 16:06:58
TX-11911,ORD-7911,CUSTOMER,CUST-0440,4054.3,INFLOW,ORDER_PAYMENT,2026-09-10 16:15:35
TX-11912,ORD-7912,CUSTOMER,CUST-0105,1948.31,INFLOW,ORDER_PAYMENT,2026-09-10 16:23:30
TX-11913,ORD-7913,CUSTOMER,CUST-0005,6607.42,INFLOW,ORDER_PAYMENT,2026-09-10 16:31:55
TX-11914,ORD-7914,CUSTOMER,CUST-0353,1882.85,INFLOW,ORDER_PAYMENT,2026-09-10 16:40:39
TX-11915,ORD-7915,CUSTOMER,CUST-0376,6049.66,INFLOW,ORDER_PAYMENT,2026-09-10 16:49:11
TX-11916,ORD-7916,CUSTOMER,CUST-0192,2483.23,INFLOW,ORDER_PAYMENT,2026-09-10 16:57:16
TX-11917,ORD-7917,CUSTOMER,CUST-0482,3554.02,INFLOW,ORDER_PAYMENT,2026-09-10 17:05:34
TX-11918,ORD-7918,CUSTOMER,CUST-0366,1604.68,INFLOW,ORDER_PAYMENT,2026-09-10 17:13:55
TX-11919,ORD-7919,CUSTOMER,CUST-0454,3570.49,INFLOW,ORDER_PAYMENT,2026-09-10 17:22:39
TX-11920,ORD-7920,CUSTOMER,CUST-0193,3896.62,INFLOW,ORDER_PAYMENT,2026-09-10 17:31:07
TX-11921,ORD-7921,CUSTOMER,CUST-0260,263.42,INFLOW,ORDER_PAYMENT,2026-09-10 17:39:30
TX-11922,ORD-7922,CUSTOMER,CUST-0232,358.12,INFLOW,ORDER_PAYMENT,2026-09-10 17:47:48
TX-11923,ORD-7923,CUSTOMER,CUST-0315,1100.0,INFLOW,ORDER_PAYMENT,2026-09-10 17:56:21
TX-11924,ORD-7924,CUSTOMER,CUST-0479,2644.13,INFLOW,ORDER_PAYMENT,2026-09-10 18:04:27
TX-11925,ORD-7925,CUSTOMER,CUST-0306,1768.39,INFLOW,ORDER_PAYMENT,2026-09-10 18:13:03
TX-11926,ORD-7926,CUSTOMER,CUST-0126,557.56,INFLOW,ORDER_PAYMENT,2026-09-10 18:21:24
TX-11927,ORD-7927,CUSTOMER,CUST-0310,1544.47,INFLOW,ORDER_PAYMENT,2026-09-10 18:29:52
TX-11928,ORD-7928,CUSTOMER,CUST-0446,2644.13,INFLOW,ORDER_PAYMENT,2026-09-10 18:37:53
TX-11929,ORD-7929,CUSTOMER,CUST-0146,862.36,INFLOW,ORDER_PAYMENT,2026-09-10 18:46:24
TX-11930,ORD-7930,CUSTOMER,CUST-0115,3570.49,INFLOW,ORDER_PAYMENT,2026-09-10 18:54:59
TX-11931,ORD-7931,CUSTOMER,CUST-0215,414.04,INFLOW,ORDER_PAYMENT,2026-09-10 19:03:12
TX-11932,ORD-7932,CUSTOMER,CUST-0342,2560.05,INFLOW,ORDER_PAYMENT,2026-09-10 19:11:28
TX-11933,ORD-7933,CUSTOMER,CUST-0175,2250.16,INFLOW,ORDER_PAYMENT,2026-09-10 19:20:05
TX-11934,ORD-7934,CUSTOMER,CUST-0462,582.68,INFLOW,ORDER_PAYMENT,2026-09-10 19:28:32
TX-11935,ORD-7935,CUSTOMER,CUST-0108,7369.22,INFLOW,ORDER_PAYMENT,2026-09-10 19:36:44
TX-11936,ORD-7936,CUSTOMER,CUST-0468,2446.64,INFLOW,ORDER_PAYMENT,2026-09-10 19:45:23
TX-11937,ORD-7937,CUSTOMER,CUST-0099,3564.2,INFLOW,ORDER_PAYMENT,2026-09-10 19:53:34
TX-11938,ORD-7938,CUSTOMER,CUST-0184,2589.06,INFLOW,ORDER_PAYMENT,2026-09-10 20:02:11
TX-11939,ORD-7939,CUSTOMER,CUST-0193,3024.83,INFLOW,ORDER_PAYMENT,2026-09-10 20:10:44
TX-11940,ORD-7940,CUSTOMER,CUST-0178,3904.31,INFLOW,ORDER_PAYMENT,2026-09-10 20:19:10
TX-11941,ORD-7941,CUSTOMER,CUST-0339,1604.68,INFLOW,ORDER_PAYMENT,2026-09-10 20:27:14
TX-11942,ORD-7942,CUSTOMER,CUST-0226,1768.39,INFLOW,ORDER_PAYMENT,2026-09-10 20:35:50
TX-11943,ORD-7943,CUSTOMER,CUST-0310,1418.34,INFLOW,ORDER_PAYMENT,2026-09-10 20:44:08
TX-11944,ORD-7944,CUSTOMER,CUST-0356,8152.86,INFLOW,ORDER_PAYMENT,2026-09-10 20:52:19
TX-11945,ORD-7945,CUSTOMER,CUST-0216,431.18,INFLOW,ORDER_PAYMENT,2026-09-10 21:00:52
TX-11946,ORD-7946,CUSTOMER,CUST-0492,414.04,INFLOW,ORDER_PAYMENT,2026-09-10 21:09:33
TX-11947,ORD-7947,CUSTOMER,CUST-0110,258.84,INFLOW,ORDER_PAYMENT,2026-09-10 21:17:44
TX-11948,ORD-7948,CUSTOMER,CUST-0355,1299.1,INFLOW,ORDER_PAYMENT,2026-09-10 21:26:11
TX-11949,ORD-7949,CUSTOMER,CUST-0198,1862.43,INFLOW,ORDER_PAYMENT,2026-09-10 21:34:16
TX-11950,ORD-7950,CUSTOMER,CUST-0114,535.08,INFLOW,ORDER_PAYMENT,2026-09-10 21:42:48
TX-11951,ORD-7951,CUSTOMER,CUST-0314,1418.34,INFLOW,ORDER_PAYMENT,2026-09-10 21:51:19
TX-11952,ORD-7952,CUSTOMER,CUST-0166,828.08,INFLOW,ORDER_PAYMENT,2026-09-10 21:59:42
TX-11953,ORD-7953,CUSTOMER,CUST-0128,2868.18,INFLOW,ORDER_PAYMENT,2026-09-10 22:07:56
TX-11954,ORD-7954,CUSTOMER,CUST-0297,2449.37,INFLOW,ORDER_PAYMENT,2026-09-10 22:16:35
TX-11955,ORD-7955,CUSTOMER,CUST-0255,4448.99,INFLOW,ORDER_PAYMENT,2026-09-10 22:24:42
TX-11956,ORD-7956,CUSTOMER,CUST-0137,4226.7,INFLOW,ORDER_PAYMENT,2026-09-10 22:33:21
TX-11957,ORD-7957,CUSTOMER,CUST-0349,306.7,INFLOW,ORDER_PAYMENT,2026-09-10 22:41:40
TX-11958,ORD-7958,CUSTOMER,CUST-0332,1100.0,INFLOW,ORDER_PAYMENT,2026-09-10 22:49:57
TX-11959,ORD-7959,CUSTOMER,CUST-0280,7808.62,INFLOW,ORDER_PAYMENT,2026-09-10 22:58:27
TX-11960,ORD-7960,CUSTOMER,CUST-0104,3196.07,INFLOW,ORDER_PAYMENT,2026-09-10 23:06:45
TX-11961,ORD-7961,CUSTOMER,CUST-0168,4336.35,INFLOW,ORDER_PAYMENT,2026-09-10 23:15:23
TX-11962,ORD-7962,CUSTOMER,CUST-0053,656.92,INFLOW,ORDER_PAYMENT,2026-09-10 23:23:47
TX-11963,ORD-7963,CUSTOMER,CUST-0112,3305.06,INFLOW,ORDER_PAYMENT,2026-09-10 23:31:59
TX-11964,ORD-7964,CUSTOMER,CUST-0481,1882.85,INFLOW,ORDER_PAYMENT,2026-09-10 23:40:43
TX-11965,ORD-7965,CUSTOMER,CUST-0217,557.56,INFLOW,ORDER_PAYMENT,2026-09-10 23:48:46
TX-11966,ORD-7966,CUSTOMER,CUST-0444,3527.16,INFLOW,ORDER_PAYMENT,2026-09-10 23:57:27
TX-11967,ORD-7967,CUSTOMER,CUST-0346,1544.47,INFLOW,ORDER_PAYMENT,2026-09-11 00:05:53
TX-11968,ORD-7968,CUSTOMER,CUST-0173,1100.0,INFLOW,ORDER_PAYMENT,2026-09-11 00:14:03
TX-11969,ORD-7969,CUSTOMER,CUST-0158,3554.02,INFLOW,ORDER_PAYMENT,2026-09-11 00:22:18
TX-11970,ORD-7970,CUSTOMER,CUST-0094,1732.3,INFLOW,ORDER_PAYMENT,2026-09-11 00:30:49
TX-11971,ORD-7971,CUSTOMER,CUST-0413,1544.47,INFLOW,ORDER_PAYMENT,2026-09-11 00:39:06
TX-11972,ORD-7972,CUSTOMER,CUST-0346,889.09,INFLOW,ORDER_PAYMENT,2026-09-11 00:47:47
TX-11973,ORD-7973,CUSTOMER,CUST-0065,2449.37,INFLOW,ORDER_PAYMENT,2026-09-11 00:56:18
TX-11974,ORD-7974,CUSTOMER,CUST-0491,4294.61,INFLOW,ORDER_PAYMENT,2026-09-11 01:04:27
TX-11975,ORD-7975,CUSTOMER,CUST-0300,1100.0,INFLOW,ORDER_PAYMENT,2026-09-11 01:13:04
TX-11976,ORD-7976,CUSTOMER,CUST-0390,656.92,INFLOW,ORDER_PAYMENT,2026-09-11 01:21:13
TX-11977,ORD-7977,CUSTOMER,CUST-0076,3904.31,INFLOW,ORDER_PAYMENT,2026-09-11 01:29:36
TX-11978,ORD-7978,CUSTOMER,CUST-0162,3303.71,INFLOW,ORDER_PAYMENT,2026-09-11 01:38:01
TX-11979,ORD-7979,CUSTOMER,CUST-0194,4337.59,INFLOW,ORDER_PAYMENT,2026-09-11 01:46:35
TX-11980,ORD-7980,CUSTOMER,CUST-0196,1076.17,INFLOW,ORDER_PAYMENT,2026-09-11 01:54:59
TX-11981,ORD-7981,CUSTOMER,CUST-0222,1076.17,INFLOW,ORDER_PAYMENT,2026-09-11 02:03:23
TX-BURST-1,ORD-BURST-1,CUSTOMER,CUST-0009,899.0,INFLOW,ORDER_PAYMENT,2026-09-11 02:10:00
TX-BURST-2,ORD-BURST-2,CUSTOMER,CUST-0011,899.0,INFLOW,ORDER_PAYMENT,2026-09-11 02:11:05
TX-11982,ORD-7982,CUSTOMER,CUST-0120,1604.68,INFLOW,ORDER_PAYMENT,2026-09-11 02:11:43
TX-BURST-3,ORD-BURST-3,CUSTOMER,CUST-0007,899.0,INFLOW,ORDER_PAYMENT,2026-09-11 02:12:10
TX-BURST-4,ORD-BURST-4,CUSTOMER,CUST-0013,899.0,INFLOW,ORDER_PAYMENT,2026-09-11 02:13:15
TX-BURST-5,ORD-BURST-5,CUSTOMER,CUST-0010,899.0,INFLOW,ORDER_PAYMENT,2026-09-11 02:14:20
TX-BURST-6,ORD-BURST-6,CUSTOMER,CUST-0019,899.0,INFLOW,ORDER_PAYMENT,2026-09-11 02:15:25
TX-BURST-7,ORD-BURST-7,CUSTOMER,CUST-0046,899.0,INFLOW,ORDER_PAYMENT,2026-09-11 02:16:30
TX-BURST-8,ORD-BURST-8,CUSTOMER,CUST-0030,899.0,INFLOW,ORDER_PAYMENT,2026-09-11 02:17:35
TX-BURST-9,ORD-BURST-9,CUSTOMER,CUST-0004,899.0,INFLOW,ORDER_PAYMENT,2026-09-11 02:18:40
TX-BURST-10,ORD-BURST-10,CUSTOMER,CUST-0009,899.0,INFLOW,ORDER_PAYMENT,2026-09-11 02:19:45
TX-11983,ORD-7983,CUSTOMER,CUST-0338,1100.0,INFLOW,ORDER_PAYMENT,2026-09-11 02:19:57
TX-BURST-11,ORD-BURST-11,CUSTOMER,CUST-0002,899.0,INFLOW,ORDER_PAYMENT,2026-09-11 02:20:50
TX-BURST-12,ORD-BURST-12,CUSTOMER,CUST-0031,899.0,INFLOW,ORDER_PAYMENT,2026-09-11 02:21:55
TX-11984,ORD-7984,CUSTOMER,CUST-0247,829.04,INFLOW,ORDER_PAYMENT,2026-09-11 02:28:37
TX-11985,ORD-7985,CUSTOMER,CUST-0190,1732.3,INFLOW,ORDER_PAYMENT,2026-09-11 02:36:47
TX-11986,ORD-7986,CUSTOMER,CUST-0141,1100.0,INFLOW,ORDER_PAYMENT,2026-09-11 02:45:07
TX-11987,ORD-7987,CUSTOMER,CUST-0030,2065.51,INFLOW,ORDER_PAYMENT,2026-09-11 02:53:45
TX-11988,ORD-7988,CUSTOMER,CUST-0353,414.04,INFLOW,ORDER_PAYMENT,2026-09-11 03:02:06
TX-11989,ORD-7989,CUSTOMER,CUST-0318,1100.0,INFLOW,ORDER_PAYMENT,2026-09-11 03:10:12
TX-11990,ORD-7990,CUSTOMER,CUST-0348,4336.35,INFLOW,ORDER_PAYMENT,2026-09-11 03:19:01
TX-11991,ORD-7991,CUSTOMER,CUST-0146,2065.51,INFLOW,ORDER_PAYMENT,2026-09-11 03:27:21
TX-11992,ORD-7992,CUSTOMER,CUST-0288,883.38,INFLOW,ORDER_PAYMENT,2026-09-11 03:35:26
TX-11993,ORD-7993,CUSTOMER,CUST-0218,3655.67,INFLOW,ORDER_PAYMENT,2026-09-11 03:44:13
TX-11994,ORD-7994,CUSTOMER,CUST-0112,8672.7,INFLOW,ORDER_PAYMENT,2026-09-11 03:52:31
TX-11995,ORD-7995,CUSTOMER,CUST-0260,1229.97,INFLOW,ORDER_PAYMENT,2026-09-11 04:00:37
TX-11996,ORD-7996,CUSTOMER,CUST-0039,1299.1,INFLOW,ORDER_PAYMENT,2026-09-11 04:09:02
TX-11997,ORD-7997,CUSTOMER,CUST-0480,1076.17,INFLOW,ORDER_PAYMENT,2026-09-11 04:17:47
TX-11998,ORD-7998,CUSTOMER,CUST-0155,6610.12,INFLOW,ORDER_PAYMENT,2026-09-11 04:26:00
TX-11999,ORD-7999,CUSTOMER,CUST-0286,3482.21,INFLOW,ORDER_PAYMENT,2026-09-11 04:34:15
TX-12000,ORD-8000,CUSTOMER,CUST-0248,826.99,INFLOW,ORDER_PAYMENT,2026-09-11 04:42:53
TX-12001,ORD-8001,CUSTOMER,CUST-0249,2008.58,INFLOW,ORDER_PAYMENT,2026-09-11 04:51:03
TX-12002,ORD-8002,CUSTOMER,CUST-0132,2252.3,INFLOW,ORDER_PAYMENT,2026-09-11 04:59:50
TX-12003,ORD-8003,CUSTOMER,CUST-0363,851.72,INFLOW,ORDER_PAYMENT,2026-09-11 05:08:17
TX-12004,ORD-8004,CUSTOMER,CUST-0081,670.05,INFLOW,ORDER_PAYMENT,2026-09-11 05:16:14
TX-12005,ORD-8005,CUSTOMER,CUST-0188,3310.04,INFLOW,ORDER_PAYMENT,2026-09-11 05:24:48
TX-12006,ORD-8006,CUSTOMER,CUST-0091,2483.23,INFLOW,ORDER_PAYMENT,2026-09-11 05:32:59
TX-12007,ORD-8007,CUSTOMER,CUST-0058,3211.6,INFLOW,ORDER_PAYMENT,2026-09-11 05:41:47
TX-12008,ORD-8008,CUSTOMER,CUST-0110,829.04,INFLOW,ORDER_PAYMENT,2026-09-11 05:50:13
TX-12009,ORD-8009,CUSTOMER,CUST-0284,3786.85,INFLOW,ORDER_PAYMENT,2026-09-11 05:58:15
TX-12010,ORD-8010,CUSTOMER,CUST-0081,431.18,INFLOW,ORDER_PAYMENT,2026-09-11 06:06:45
TX-12011,ORD-8011,CUSTOMER,CUST-0371,3817.51,INFLOW,ORDER_PAYMENT,2026-09-11 06:15:26
TX-12012,ORD-8012,CUSTOMER,CUST-0497,7180.6,INFLOW,ORDER_PAYMENT,2026-09-11 06:23:44
TX-12013,ORD-8013,CUSTOMER,CUST-0074,3985.8,INFLOW,ORDER_PAYMENT,2026-09-11 06:32:08
TX-12014,ORD-8014,CUSTOMER,CUST-0038,7795.04,INFLOW,ORDER_PAYMENT,2026-09-11 06:40:12
TX-12015,ORD-8015,CUSTOMER,CUST-0317,851.72,INFLOW,ORDER_PAYMENT,2026-09-11 06:48:40
TX-12016,ORD-8016,CUSTOMER,CUST-0167,4054.3,INFLOW,ORDER_PAYMENT,2026-09-11 06:57:20
TX-12017,ORD-8017,CUSTOMER,CUST-0185,4294.61,INFLOW,ORDER_PAYMENT,2026-09-11 07:05:22
TX-12018,ORD-8018,CUSTOMER,CUST-0180,3305.06,INFLOW,ORDER_PAYMENT,2026-09-11 07:13:47
TX-12019,ORD-8019,CUSTOMER,CUST-0453,1948.31,INFLOW,ORDER_PAYMENT,2026-09-11 07:22:15
TX-12020,ORD-8020,CUSTOMER,CUST-0459,1544.47,INFLOW,ORDER_PAYMENT,2026-09-11 07:30:59
TX-12021,ORD-8021,CUSTOMER,CUST-0406,358.12,INFLOW,ORDER_PAYMENT,2026-09-11 07:39:06
TX-12022,ORD-8022,CUSTOMER,CUST-0398,557.56,INFLOW,ORDER_PAYMENT,2026-09-11 07:47:38
TX-12023,ORD-8023,CUSTOMER,CUST-0123,3052.92,INFLOW,ORDER_PAYMENT,2026-09-11 07:55:57
TX-12024,ORD-8024,CUSTOMER,CUST-0198,3564.2,INFLOW,ORDER_PAYMENT,2026-09-11 08:04:13
TX-12025,ORD-8025,CUSTOMER,CUST-0220,1768.39,INFLOW,ORDER_PAYMENT,2026-09-11 08:12:36
TX-12026,ORD-8026,CUSTOMER,CUST-0169,3786.85,INFLOW,ORDER_PAYMENT,2026-09-11 08:21:18
TX-12027,ORD-8027,CUSTOMER,CUST-0303,3637.58,INFLOW,ORDER_PAYMENT,2026-09-11 08:29:44
TX-12028,ORD-8028,CUSTOMER,CUST-0029,3737.74,INFLOW,ORDER_PAYMENT,2026-09-11 08:38:12
TX-12029,ORD-8029,CUSTOMER,CUST-0438,1544.47,INFLOW,ORDER_PAYMENT,2026-09-11 08:46:26
TX-12030,ORD-8030,CUSTOMER,CUST-0110,1090.0,INFLOW,ORDER_PAYMENT,2026-09-11 08:54:37
TX-12031,ORD-8031,CUSTOMER,CUST-0320,3590.3,INFLOW,ORDER_PAYMENT,2026-09-11 09:02:58
TX-12032,ORD-8032,CUSTOMER,CUST-0008,7795.04,INFLOW,ORDER_PAYMENT,2026-09-11 09:11:37
TX-12033,ORD-8033,CUSTOMER,CUST-0094,3052.92,INFLOW,ORDER_PAYMENT,2026-09-11 09:19:58
TX-12034,ORD-8034,CUSTOMER,CUST-0016,656.92,INFLOW,ORDER_PAYMENT,2026-09-11 09:28:19
TX-12035,ORD-8035,CUSTOMER,CUST-0082,4336.35,INFLOW,ORDER_PAYMENT,2026-09-11 09:36:52
TX-12036,ORD-8036,CUSTOMER,CUST-0007,1768.39,INFLOW,ORDER_PAYMENT,2026-09-11 09:45:25
TX-12037,ORD-8037,CUSTOMER,CUST-0479,1992.9,INFLOW,ORDER_PAYMENT,2026-09-11 09:53:25
TX-12038,ORD-8038,CUSTOMER,CUST-0271,3314.53,INFLOW,ORDER_PAYMENT,2026-09-11 10:01:49
TX-12039,ORD-8039,CUSTOMER,CUST-0322,414.04,INFLOW,ORDER_PAYMENT,2026-09-11 10:10:25
TX-12040,ORD-8040,CUSTOMER,CUST-0483,851.72,INFLOW,ORDER_PAYMENT,2026-09-11 10:18:58
TX-12041,ORD-8041,CUSTOMER,CUST-0007,3904.31,INFLOW,ORDER_PAYMENT,2026-09-11 10:27:19
TX-12042,ORD-8042,CUSTOMER,CUST-0196,3655.67,INFLOW,ORDER_PAYMENT,2026-09-11 10:35:28
TX-12043,ORD-8043,CUSTOMER,CUST-0070,3310.04,INFLOW,ORDER_PAYMENT,2026-09-11 10:43:49
TX-12044,ORD-8044,CUSTOMER,CUST-0096,3904.31,INFLOW,ORDER_PAYMENT,2026-09-11 10:52:08
TX-12045,ORD-8045,CUSTOMER,CUST-0309,431.18,INFLOW,ORDER_PAYMENT,2026-09-11 11:00:53
TX-12046,ORD-8046,CUSTOMER,CUST-0475,2589.06,INFLOW,ORDER_PAYMENT,2026-09-11 11:09:06
TX-12047,ORD-8047,CUSTOMER,CUST-0293,1100.0,INFLOW,ORDER_PAYMENT,2026-09-11 11:17:20
TX-12048,ORD-8048,CUSTOMER,CUST-0351,4257.97,INFLOW,ORDER_PAYMENT,2026-09-11 11:25:50
TX-12049,ORD-8049,CUSTOMER,CUST-0383,1768.39,INFLOW,ORDER_PAYMENT,2026-09-11 11:34:16
TX-12050,ORD-8050,CUSTOMER,CUST-0007,1299.1,INFLOW,ORDER_PAYMENT,2026-09-11 11:42:34
TX-12051,ORD-8051,CUSTOMER,CUST-0151,1231.42,INFLOW,ORDER_PAYMENT,2026-09-11 11:51:20
TX-12052,ORD-8052,CUSTOMER,CUST-0149,3297.77,INFLOW,ORDER_PAYMENT,2026-09-11 11:59:25
TX-12053,ORD-8053,CUSTOMER,CUST-0382,1100.0,INFLOW,ORDER_PAYMENT,2026-09-11 12:07:47
TX-12054,ORD-8054,CUSTOMER,CUST-0262,358.12,INFLOW,ORDER_PAYMENT,2026-09-11 12:16:34
TX-12055,ORD-8055,CUSTOMER,CUST-0271,1434.09,INFLOW,ORDER_PAYMENT,2026-09-11 12:24:42
TX-12056,ORD-8056,CUSTOMER,CUST-0223,3211.44,INFLOW,ORDER_PAYMENT,2026-09-11 12:33:12
TX-12057,ORD-8057,CUSTOMER,CUST-0489,1658.08,INFLOW,ORDER_PAYMENT,2026-09-11 12:41:41
TX-12058,ORD-8058,CUSTOMER,CUST-0145,1434.09,INFLOW,ORDER_PAYMENT,2026-09-11 12:50:09
TX-12059,ORD-8059,CUSTOMER,CUST-0329,6049.66,INFLOW,ORDER_PAYMENT,2026-09-11 12:58:29
TX-12060,ORD-8060,CUSTOMER,CUST-0278,1125.08,INFLOW,ORDER_PAYMENT,2026-09-11 13:06:54
TX-12061,ORD-8061,CUSTOMER,CUST-0164,4226.7,INFLOW,ORDER_PAYMENT,2026-09-11 13:15:23
TX-12062,ORD-8062,CUSTOMER,CUST-0282,3297.77,INFLOW,ORDER_PAYMENT,2026-09-11 13:23:27
TX-12063,ORD-8063,CUSTOMER,CUST-0309,8152.86,INFLOW,ORDER_PAYMENT,2026-09-11 13:31:58
TX-12064,ORD-8064,CUSTOMER,CUST-0387,414.04,INFLOW,ORDER_PAYMENT,2026-09-11 13:40:21
TX-12065,ORD-8065,CUSTOMER,CUST-0477,3314.53,INFLOW,ORDER_PAYMENT,2026-09-11 13:48:56
TX-12066,ORD-8066,CUSTOMER,CUST-0023,3724.86,INFLOW,ORDER_PAYMENT,2026-09-11 13:57:01
TX-12067,ORD-8067,CUSTOMER,CUST-0478,557.56,INFLOW,ORDER_PAYMENT,2026-09-11 14:05:25
TX-12068,ORD-8068,CUSTOMER,CUST-0447,3246.81,INFLOW,ORDER_PAYMENT,2026-09-11 14:13:44
TX-12069,ORD-8069,CUSTOMER,CUST-0371,3303.71,INFLOW,ORDER_PAYMENT,2026-09-11 14:22:23
TX-12070,ORD-8070,CUSTOMER,CUST-0478,3305.06,INFLOW,ORDER_PAYMENT,2026-09-11 14:30:58
TX-12071,ORD-8071,CUSTOMER,CUST-0217,656.92,INFLOW,ORDER_PAYMENT,2026-09-11 14:39:09
TX-12072,ORD-8072,CUSTOMER,CUST-0238,883.38,INFLOW,ORDER_PAYMENT,2026-09-11 14:47:31
TX-12073,ORD-8073,CUSTOMER,CUST-0024,2452.83,INFLOW,ORDER_PAYMENT,2026-09-11 14:56:09
TX-12074,ORD-8074,CUSTOMER,CUST-0166,1313.84,INFLOW,ORDER_PAYMENT,2026-09-11 15:04:19
TX-12075,ORD-8075,CUSTOMER,CUST-0005,1125.08,INFLOW,ORDER_PAYMENT,2026-09-11 15:12:45
TX-12076,ORD-8076,CUSTOMER,CUST-0301,2757.05,INFLOW,ORDER_PAYMENT,2026-09-11 15:21:18
TX-12077,ORD-8077,CUSTOMER,CUST-0316,4054.3,INFLOW,ORDER_PAYMENT,2026-09-11 15:29:37
TX-12078,ORD-8078,CUSTOMER,CUST-0420,2439.3,INFLOW,ORDER_PAYMENT,2026-09-11 15:37:57
TX-12079,ORD-8079,CUSTOMER,CUST-0083,3211.6,INFLOW,ORDER_PAYMENT,2026-09-11 15:46:08
TX-12080,ORD-8080,CUSTOMER,CUST-0062,1924.84,INFLOW,ORDER_PAYMENT,2026-09-11 15:54:45
TX-12081,ORD-8081,CUSTOMER,CUST-0483,2439.3,INFLOW,ORDER_PAYMENT,2026-09-11 16:03:17
TX-12082,ORD-8082,CUSTOMER,CUST-0317,3297.77,INFLOW,ORDER_PAYMENT,2026-09-11 16:11:29
TX-12083,ORD-8083,CUSTOMER,CUST-0158,2452.83,INFLOW,ORDER_PAYMENT,2026-09-11 16:20:03
TX-12084,ORD-8084,CUSTOMER,CUST-0249,358.12,INFLOW,ORDER_PAYMENT,2026-09-11 16:28:17
TX-12085,ORD-8085,CUSTOMER,CUST-0351,1882.85,INFLOW,ORDER_PAYMENT,2026-09-11 16:36:59
TX-12086,ORD-8086,CUSTOMER,CUST-0120,4390.3,INFLOW,ORDER_PAYMENT,2026-09-11 16:44:53
TX-12087,ORD-8087,CUSTOMER,CUST-0266,1882.85,INFLOW,ORDER_PAYMENT,2026-09-11 16:53:17
TX-12088,ORD-8088,CUSTOMER,CUST-0205,6595.54,INFLOW,ORDER_PAYMENT,2026-09-11 17:01:58
TX-12089,ORD-8089,CUSTOMER,CUST-0449,3897.52,INFLOW,ORDER_PAYMENT,2026-09-11 17:10:24
TX-12090,ORD-8090,CUSTOMER,CUST-0461,3737.74,INFLOW,ORDER_PAYMENT,2026-09-11 17:18:40
TX-12091,ORD-8091,CUSTOMER,CUST-0077,1904.59,INFLOW,ORDER_PAYMENT,2026-09-11 17:27:00
TX-12092,ORD-8092,CUSTOMER,CUST-0484,3052.92,INFLOW,ORDER_PAYMENT,2026-09-11 17:35:17
TX-12093,ORD-8093,CUSTOMER,CUST-0399,2419.53,INFLOW,ORDER_PAYMENT,2026-09-11 17:44:05
TX-12094,ORD-8094,CUSTOMER,CUST-0476,818.39,INFLOW,ORDER_PAYMENT,2026-09-11 17:52:23
TX-12095,ORD-8095,CUSTOMER,CUST-0286,1100.0,INFLOW,ORDER_PAYMENT,2026-09-11 18:00:47
TX-12096,ORD-8096,CUSTOMER,CUST-0101,1524.23,INFLOW,ORDER_PAYMENT,2026-09-11 18:08:57
TX-12097,ORD-8097,CUSTOMER,CUST-0482,2788.05,INFLOW,ORDER_PAYMENT,2026-09-11 18:17:38
TX-12098,ORD-8098,CUSTOMER,CUST-0330,258.84,INFLOW,ORDER_PAYMENT,2026-09-11 18:26:05
TX-12099,ORD-8099,CUSTOMER,CUST-0349,306.7,INFLOW,ORDER_PAYMENT,2026-09-11 18:34:28
TX-12100,ORD-8100,CUSTOMER,CUST-0281,3554.02,INFLOW,ORDER_PAYMENT,2026-09-11 18:42:57
TX-12101,ORD-8101,CUSTOMER,CUST-0230,1766.76,INFLOW,ORDER_PAYMENT,2026-09-11 18:51:15
TX-12102,ORD-8102,CUSTOMER,CUST-0169,3211.6,INFLOW,ORDER_PAYMENT,2026-09-11 18:59:31
TX-12103,ORD-8103,CUSTOMER,CUST-0405,1418.34,INFLOW,ORDER_PAYMENT,2026-09-11 19:07:41
TX-12104,ORD-8104,CUSTOMER,CUST-0223,3211.44,INFLOW,ORDER_PAYMENT,2026-09-11 19:16:23
TX-12105,ORD-8105,CUSTOMER,CUST-0127,4093.93,INFLOW,ORDER_PAYMENT,2026-09-11 19:24:58
TX-12106,ORD-8106,CUSTOMER,CUST-0195,4336.35,INFLOW,ORDER_PAYMENT,2026-09-11 19:33:17
TX-12107,ORD-8107,CUSTOMER,CUST-0163,414.04,INFLOW,ORDER_PAYMENT,2026-09-11 19:41:42
TX-12108,ORD-8108,CUSTOMER,CUST-0325,3985.8,INFLOW,ORDER_PAYMENT,2026-09-11 19:50:05
TX-12109,ORD-8109,CUSTOMER,CUST-0022,889.09,INFLOW,ORDER_PAYMENT,2026-09-11 19:58:06
TX-12110,ORD-8110,CUSTOMER,CUST-0299,4226.7,INFLOW,ORDER_PAYMENT,2026-09-11 20:06:43
TX-12111,ORD-8111,CUSTOMER,CUST-0399,3855.71,INFLOW,ORDER_PAYMENT,2026-09-11 20:15:16
TX-12112,ORD-8112,CUSTOMER,CUST-0101,828.08,INFLOW,ORDER_PAYMENT,2026-09-11 20:23:18
TX-12113,ORD-8113,CUSTOMER,CUST-0435,1732.3,INFLOW,ORDER_PAYMENT,2026-09-11 20:32:08
TX-12114,ORD-8114,CUSTOMER,CUST-0258,1862.43,INFLOW,ORDER_PAYMENT,2026-09-11 20:40:27
TX-12115,ORD-8115,CUSTOMER,CUST-0081,4458.58,INFLOW,ORDER_PAYMENT,2026-09-11 20:48:40
TX-12116,ORD-8116,CUSTOMER,CUST-0225,6493.62,INFLOW,ORDER_PAYMENT,2026-09-11 20:57:18
TX-12117,ORD-8117,CUSTOMER,CUST-0167,2252.3,INFLOW,ORDER_PAYMENT,2026-09-11 21:05:44
TX-12118,ORD-8118,CUSTOMER,CUST-0366,535.08,INFLOW,ORDER_PAYMENT,2026-09-11 21:14:08
TX-12119,ORD-8119,CUSTOMER,CUST-0273,613.4,INFLOW,ORDER_PAYMENT,2026-09-11 21:22:02
TX-12120,ORD-8120,CUSTOMER,CUST-0429,1100.0,INFLOW,ORDER_PAYMENT,2026-09-11 21:30:52
TX-12121,ORD-8121,CUSTOMER,CUST-0420,3211.6,INFLOW,ORDER_PAYMENT,2026-09-11 21:39:17
TX-12122,ORD-8122,CUSTOMER,CUST-0152,4030.3,INFLOW,ORDER_PAYMENT,2026-09-11 21:47:43
TX-12123,ORD-8123,CUSTOMER,CUST-0251,8897.98,INFLOW,ORDER_PAYMENT,2026-09-11 21:56:02
TX-12124,ORD-8124,CUSTOMER,CUST-0491,656.92,INFLOW,ORDER_PAYMENT,2026-09-11 22:04:05
TX-12125,ORD-8125,CUSTOMER,CUST-0286,1544.47,INFLOW,ORDER_PAYMENT,2026-09-11 22:12:49
TX-12126,ORD-8126,CUSTOMER,CUST-0370,3196.07,INFLOW,ORDER_PAYMENT,2026-09-11 22:20:50
TX-12127,ORD-8127,CUSTOMER,CUST-0458,3063.16,INFLOW,ORDER_PAYMENT,2026-09-11 22:29:28
TX-12128,ORD-8128,CUSTOMER,CUST-0409,1703.44,INFLOW,ORDER_PAYMENT,2026-09-11 22:38:02
TX-12129,ORD-8129,CUSTOMER,CUST-0448,1100.0,INFLOW,ORDER_PAYMENT,2026-09-11 22:46:22
TX-12130,ORD-8130,CUSTOMER,CUST-0076,4390.3,INFLOW,ORDER_PAYMENT,2026-09-11 22:54:29
TX-12131,ORD-8131,CUSTOMER,CUST-0448,4093.93,INFLOW,ORDER_PAYMENT,2026-09-11 23:03:09
TX-12132,ORD-8132,CUSTOMER,CUST-0345,414.04,INFLOW,ORDER_PAYMENT,2026-09-11 23:11:19
TX-12133,ORD-8133,CUSTOMER,CUST-0315,1100.0,INFLOW,ORDER_PAYMENT,2026-09-11 23:19:43
TX-12134,ORD-8134,CUSTOMER,CUST-0199,829.04,INFLOW,ORDER_PAYMENT,2026-09-11 23:28:04
TX-12135,ORD-8135,CUSTOMER,CUST-0475,5576.1,INFLOW,ORDER_PAYMENT,2026-09-11 23:36:32
TX-12136,ORD-8136,CUSTOMER,CUST-0007,3310.04,INFLOW,ORDER_PAYMENT,2026-09-11 23:45:00
TX-12137,ORD-8137,CUSTOMER,CUST-0421,1313.84,INFLOW,ORDER_PAYMENT,2026-09-11 23:53:18
TX-12138,ORD-8138,CUSTOMER,CUST-0352,3305.06,INFLOW,ORDER_PAYMENT,2026-09-12 00:01:50
TX-12139,ORD-8139,CUSTOMER,CUST-0013,883.38,INFLOW,ORDER_PAYMENT,2026-09-12 00:10:26
TX-12140,ORD-8140,CUSTOMER,CUST-0451,3655.67,INFLOW,ORDER_PAYMENT,2026-09-12 00:18:49
TX-12141,ORD-8141,CUSTOMER,CUST-0038,3855.71,INFLOW,ORDER_PAYMENT,2026-09-12 00:26:51
TX-12142,ORD-8142,CUSTOMER,CUST-0037,1100.0,INFLOW,ORDER_PAYMENT,2026-09-12 00:35:25
TX-12143,ORD-8143,CUSTOMER,CUST-0452,1299.1,INFLOW,ORDER_PAYMENT,2026-09-12 00:43:55
TX-12144,ORD-8144,CUSTOMER,CUST-0372,263.42,INFLOW,ORDER_PAYMENT,2026-09-12 00:52:04
TX-12145,ORD-8145,CUSTOMER,CUST-0087,1653.98,INFLOW,ORDER_PAYMENT,2026-09-12 01:00:36
TX-12146,ORD-8146,CUSTOMER,CUST-0461,1299.1,INFLOW,ORDER_PAYMENT,2026-09-12 01:09:12
TX-12147,ORD-8147,CUSTOMER,CUST-0338,291.34,INFLOW,ORDER_PAYMENT,2026-09-12 01:17:28
TX-12148,ORD-8148,CUSTOMER,CUST-0032,3564.2,INFLOW,ORDER_PAYMENT,2026-09-12 01:25:46
TX-12149,ORD-8149,CUSTOMER,CUST-0086,1076.17,INFLOW,ORDER_PAYMENT,2026-09-12 01:34:18
TX-12150,ORD-8150,CUSTOMER,CUST-0153,414.04,INFLOW,ORDER_PAYMENT,2026-09-12 01:42:49
TX-12151,ORD-8151,CUSTOMER,CUST-0072,2419.53,INFLOW,ORDER_PAYMENT,2026-09-12 01:51:13
TX-12152,ORD-8152,CUSTOMER,CUST-0265,3314.53,INFLOW,ORDER_PAYMENT,2026-09-12 01:59:36
TX-12153,ORD-8153,CUSTOMER,CUST-0132,1732.3,INFLOW,ORDER_PAYMENT,2026-09-12 02:07:40
TX-12154,ORD-8154,CUSTOMER,CUST-0365,2788.05,INFLOW,ORDER_PAYMENT,2026-09-12 02:16:15
TX-12155,ORD-8155,CUSTOMER,CUST-0475,3310.04,INFLOW,ORDER_PAYMENT,2026-09-12 02:24:32
TX-12156,ORD-8156,CUSTOMER,CUST-0480,3817.51,INFLOW,ORDER_PAYMENT,2026-09-12 02:33:14
TX-12157,ORD-8157,CUSTOMER,CUST-0184,258.84,INFLOW,ORDER_PAYMENT,2026-09-12 02:41:37
TX-12158,ORD-8158,CUSTOMER,CUST-0218,3063.16,INFLOW,ORDER_PAYMENT,2026-09-12 02:49:50
TX-12159,ORD-8159,CUSTOMER,CUST-0370,3196.07,INFLOW,ORDER_PAYMENT,2026-09-12 02:58:26
TX-12160,ORD-8160,CUSTOMER,CUST-0242,1604.68,INFLOW,ORDER_PAYMENT,2026-09-12 03:06:32
TX-12161,ORD-8161,CUSTOMER,CUST-0082,3855.71,INFLOW,ORDER_PAYMENT,2026-09-12 03:14:57
TX-12162,ORD-8162,CUSTOMER,CUST-0313,1605.72,INFLOW,ORDER_PAYMENT,2026-09-12 03:23:20
TX-12163,ORD-8163,CUSTOMER,CUST-0283,4337.59,INFLOW,ORDER_PAYMENT,2026-09-12 03:31:46
TX-12164,ORD-8164,CUSTOMER,CUST-0465,3310.04,INFLOW,ORDER_PAYMENT,2026-09-12 03:40:14
TX-12165,ORD-8165,CUSTOMER,CUST-0468,431.18,INFLOW,ORDER_PAYMENT,2026-09-12 03:48:39
TX-12166,ORD-8166,CUSTOMER,CUST-0175,4893.28,INFLOW,ORDER_PAYMENT,2026-09-12 03:56:54
TX-12167,ORD-8167,CUSTOMER,CUST-0089,1653.98,INFLOW,ORDER_PAYMENT,2026-09-12 04:05:34
TX-12168,ORD-8168,CUSTOMER,CUST-0397,3564.2,INFLOW,ORDER_PAYMENT,2026-09-12 04:13:50
TX-12169,ORD-8169,CUSTOMER,CUST-0150,2757.05,INFLOW,ORDER_PAYMENT,2026-09-12 04:22:05
TX-12170,ORD-8170,CUSTOMER,CUST-0148,3765.7,INFLOW,ORDER_PAYMENT,2026-09-12 04:30:28
TX-12171,ORD-8171,CUSTOMER,CUST-0477,1992.9,INFLOW,ORDER_PAYMENT,2026-09-12 04:39:14
TX-12172,ORD-8172,CUSTOMER,CUST-0260,3303.71,INFLOW,ORDER_PAYMENT,2026-09-12 04:47:23
TX-12173,ORD-8173,CUSTOMER,CUST-0015,263.42,INFLOW,ORDER_PAYMENT,2026-09-12 04:56:04
TX-12174,ORD-8174,CUSTOMER,CUST-0251,3904.31,INFLOW,ORDER_PAYMENT,2026-09-12 05:04:00
TX-12175,ORD-8175,CUSTOMER,CUST-0111,431.18,INFLOW,ORDER_PAYMENT,2026-09-12 05:12:49
TX-12176,ORD-8176,CUSTOMER,CUST-0116,2757.05,INFLOW,ORDER_PAYMENT,2026-09-12 05:20:48
TX-12177,ORD-8177,CUSTOMER,CUST-0042,3904.31,INFLOW,ORDER_PAYMENT,2026-09-12 05:29:39
TX-12178,ORD-8178,CUSTOMER,CUST-0315,3554.02,INFLOW,ORDER_PAYMENT,2026-09-12 05:38:00
TX-12179,ORD-8179,CUSTOMER,CUST-0043,3527.16,INFLOW,ORDER_PAYMENT,2026-09-12 05:46:08
TX-12180,ORD-8180,CUSTOMER,CUST-0150,3527.16,INFLOW,ORDER_PAYMENT,2026-09-12 05:54:36
TX-12181,ORD-8181,CUSTOMER,CUST-0350,358.12,INFLOW,ORDER_PAYMENT,2026-09-12 06:02:58
TX-12182,ORD-8182,CUSTOMER,CUST-0384,3211.6,INFLOW,ORDER_PAYMENT,2026-09-12 06:11:13
TX-12183,ORD-8183,CUSTOMER,CUST-0046,4101.12,INFLOW,ORDER_PAYMENT,2026-09-12 06:19:53
TX-P17-ORD-3,ORD-P17-3,CUSTOMER,CUST-0013,1100.0,INFLOW,ORDER_PAYMENT,2026-09-12 06:20:00
TX-12184,ORD-8184,CUSTOMER,CUST-0309,4272.95,INFLOW,ORDER_PAYMENT,2026-09-12 06:28:16
TX-12185,ORD-8185,CUSTOMER,CUST-0100,2252.3,INFLOW,ORDER_PAYMENT,2026-09-12 06:36:27
TX-12186,ORD-8186,CUSTOMER,CUST-0010,4294.61,INFLOW,ORDER_PAYMENT,2026-09-12 06:44:51
TX-12187,ORD-8187,CUSTOMER,CUST-0237,4294.61,INFLOW,ORDER_PAYMENT,2026-09-12 06:53:26
TX-12188,ORD-8188,CUSTOMER,CUST-0480,431.18,INFLOW,ORDER_PAYMENT,2026-09-12 07:01:37
TX-12189,ORD-8189,CUSTOMER,CUST-0043,1004.29,INFLOW,ORDER_PAYMENT,2026-09-12 07:10:04
TX-12190,ORD-8190,CUSTOMER,CUST-0297,1100.0,INFLOW,ORDER_PAYMENT,2026-09-12 07:18:32
TX-12191,ORD-8191,CUSTOMER,CUST-0124,4030.3,INFLOW,ORDER_PAYMENT,2026-09-12 07:26:54
TX-12192,ORD-8192,CUSTOMER,CUST-0465,1100.0,INFLOW,ORDER_PAYMENT,2026-09-12 07:35:26
TX-12193,ORD-8193,CUSTOMER,CUST-0478,3482.21,INFLOW,ORDER_PAYMENT,2026-09-12 07:43:34
TX-12194,ORD-8194,CUSTOMER,CUST-0237,3412.17,INFLOW,ORDER_PAYMENT,2026-09-12 07:52:16
TX-12195,ORD-8195,CUSTOMER,CUST-0477,4226.7,INFLOW,ORDER_PAYMENT,2026-09-12 08:00:41
TX-12196,ORD-8196,CUSTOMER,CUST-0289,1090.0,INFLOW,ORDER_PAYMENT,2026-09-12 08:09:03
TX-12197,ORD-8197,CUSTOMER,CUST-0213,1100.0,INFLOW,ORDER_PAYMENT,2026-09-12 08:17:13
TX-12198,ORD-8198,CUSTOMER,CUST-0355,2483.23,INFLOW,ORDER_PAYMENT,2026-09-12 08:25:52
TX-12199,ORD-8199,CUSTOMER,CUST-0348,2065.51,INFLOW,ORDER_PAYMENT,2026-09-12 08:34:08
TX-12200,ORD-8200,CUSTOMER,CUST-0016,3897.52,INFLOW,ORDER_PAYMENT,2026-09-12 08:42:21
TX-12201,ORD-8201,CUSTOMER,CUST-0403,1231.42,INFLOW,ORDER_PAYMENT,2026-09-12 08:50:53
TX-12202,ORD-8202,CUSTOMER,CUST-0052,3063.16,INFLOW,ORDER_PAYMENT,2026-09-12 08:59:19
TX-12203,ORD-8203,CUSTOMER,CUST-0046,829.04,INFLOW,ORDER_PAYMENT,2026-09-12 09:07:52
TX-SUP-NOV-3,PO-SUP-NOV-3,SUPPLIER,SUP-031,19000.0,OUTFLOW,SUPPLIER_PAYMENT,2026-09-12 09:15:00
TX-12204,ORD-8204,CUSTOMER,CUST-0457,2449.37,INFLOW,ORDER_PAYMENT,2026-09-12 09:16:14
TX-12205,ORD-8205,CUSTOMER,CUST-0319,3063.16,INFLOW,ORDER_PAYMENT,2026-09-12 09:24:36
TX-12206,ORD-8206,CUSTOMER,CUST-0215,414.04,INFLOW,ORDER_PAYMENT,2026-09-12 09:33:00
TX-12207,ORD-8207,CUSTOMER,CUST-0464,2452.83,INFLOW,ORDER_PAYMENT,2026-09-12 09:41:32
TX-12208,ORD-8208,CUSTOMER,CUST-0219,5120.1,INFLOW,ORDER_PAYMENT,2026-09-12 09:49:40
TX-12209,ORD-8209,CUSTOMER,CUST-0280,1100.0,INFLOW,ORDER_PAYMENT,2026-09-12 09:58:01
TX-12210,ORD-8210,CUSTOMER,CUST-0454,291.34,INFLOW,ORDER_PAYMENT,2026-09-12 10:06:23
TX-12211,ORD-8211,CUSTOMER,CUST-0343,851.72,INFLOW,ORDER_PAYMENT,2026-09-12 10:14:49
TX-P17-ORD-2,ORD-P17-2,CUSTOMER,CUST-0012,1100.0,INFLOW,ORDER_PAYMENT,2026-09-12 10:20:00
TX-12212,ORD-8212,CUSTOMER,CUST-0253,2446.64,INFLOW,ORDER_PAYMENT,2026-09-12 10:23:14
TX-12213,ORD-8213,CUSTOMER,CUST-0430,4458.58,INFLOW,ORDER_PAYMENT,2026-09-12 10:31:51
TX-12214,ORD-8214,CUSTOMER,CUST-0031,1862.43,INFLOW,ORDER_PAYMENT,2026-09-12 10:39:56
TX-12215,ORD-8215,CUSTOMER,CUST-0137,2200.0,INFLOW,ORDER_PAYMENT,2026-09-12 10:48:25
TX-12216,ORD-8216,CUSTOMER,CUST-0141,656.92,INFLOW,ORDER_PAYMENT,2026-09-12 10:56:57
TX-12217,ORD-8217,CUSTOMER,CUST-0229,4101.12,INFLOW,ORDER_PAYMENT,2026-09-12 11:05:29
TX-12218,ORD-8218,CUSTOMER,CUST-0462,1299.1,INFLOW,ORDER_PAYMENT,2026-09-12 11:13:51
TX-12219,ORD-8219,CUSTOMER,CUST-0141,2200.0,INFLOW,ORDER_PAYMENT,2026-09-12 11:22:00
TX-12220,ORD-8220,CUSTOMER,CUST-0186,2252.3,INFLOW,ORDER_PAYMENT,2026-09-12 11:30:40
TX-12221,ORD-8221,CUSTOMER,CUST-0235,1605.72,INFLOW,ORDER_PAYMENT,2026-09-12 11:38:45
TX-12222,ORD-8222,CUSTOMER,CUST-0266,1992.9,INFLOW,ORDER_PAYMENT,2026-09-12 11:47:17
TX-12223,ORD-8223,CUSTOMER,CUST-0125,1090.0,INFLOW,ORDER_PAYMENT,2026-09-12 11:55:40
TX-12224,ORD-8224,CUSTOMER,CUST-0137,4257.97,INFLOW,ORDER_PAYMENT,2026-09-12 12:04:01
TX-12225,ORD-8225,CUSTOMER,CUST-0380,826.99,INFLOW,ORDER_PAYMENT,2026-09-12 12:12:33
TX-12226,ORD-8226,CUSTOMER,CUST-0211,826.99,INFLOW,ORDER_PAYMENT,2026-09-12 12:21:04
TX-12227,ORD-8227,CUSTOMER,CUST-0071,2008.58,INFLOW,ORDER_PAYMENT,2026-09-12 12:29:27
TX-12228,ORD-8228,CUSTOMER,CUST-0392,1100.0,INFLOW,ORDER_PAYMENT,2026-09-12 12:37:32
TX-12229,ORD-8229,CUSTOMER,CUST-0396,3052.92,INFLOW,ORDER_PAYMENT,2026-09-12 12:46:24
TX-12230,ORD-8230,CUSTOMER,CUST-0299,1299.1,INFLOW,ORDER_PAYMENT,2026-09-12 12:54:41
TX-12231,ORD-8231,CUSTOMER,CUST-0062,1948.31,INFLOW,ORDER_PAYMENT,2026-09-12 13:03:08
TX-12232,ORD-8232,CUSTOMER,CUST-0340,2439.3,INFLOW,ORDER_PAYMENT,2026-09-12 13:11:31
TX-12233,ORD-8233,CUSTOMER,CUST-0251,7808.62,INFLOW,ORDER_PAYMENT,2026-09-12 13:19:33
TX-12234,ORD-8234,CUSTOMER,CUST-0329,2446.64,INFLOW,ORDER_PAYMENT,2026-09-12 13:28:11
TX-12235,ORD-8235,CUSTOMER,CUST-0498,2065.51,INFLOW,ORDER_PAYMENT,2026-09-12 13:36:42
TX-12236,ORD-8236,CUSTOMER,CUST-0262,2419.53,INFLOW,ORDER_PAYMENT,2026-09-12 13:44:50
TX-12237,ORD-8237,CUSTOMER,CUST-0236,414.04,INFLOW,ORDER_PAYMENT,2026-09-12 13:53:31
TX-12238,ORD-8238,CUSTOMER,CUST-0254,3569.25,INFLOW,ORDER_PAYMENT,2026-09-12 14:01:30
TX-12239,ORD-8239,CUSTOMER,CUST-0435,4448.99,INFLOW,ORDER_PAYMENT,2026-09-12 14:10:17
TX-12240,ORD-8240,CUSTOMER,CUST-0311,883.38,INFLOW,ORDER_PAYMENT,2026-09-12 14:18:19
TX-P17-ORD-1,ORD-P17-1,CUSTOMER,CUST-0011,1100.0,INFLOW,ORDER_PAYMENT,2026-09-12 14:20:00
TX-12241,ORD-8241,CUSTOMER,CUST-0370,2589.06,INFLOW,ORDER_PAYMENT,2026-09-12 14:26:54
TX-12242,ORD-8242,CUSTOMER,CUST-0224,2065.51,INFLOW,ORDER_PAYMENT,2026-09-12 14:35:12
TX-12243,ORD-8243,CUSTOMER,CUST-0297,1882.85,INFLOW,ORDER_PAYMENT,2026-09-12 14:43:39
TX-12244,ORD-8244,CUSTOMER,CUST-0187,4839.06,INFLOW,ORDER_PAYMENT,2026-09-12 14:52:05
TX-12245,ORD-8245,CUSTOMER,CUST-0207,2452.83,INFLOW,ORDER_PAYMENT,2026-09-12 15:00:21
TX-12246,ORD-8246,CUSTOMER,CUST-0429,3722.35,INFLOW,ORDER_PAYMENT,2026-09-12 15:08:58
TX-12247,ORD-8247,CUSTOMER,CUST-0482,2419.53,INFLOW,ORDER_PAYMENT,2026-09-12 15:17:35
TX-12248,ORD-8248,CUSTOMER,CUST-0245,1090.0,INFLOW,ORDER_PAYMENT,2026-09-12 15:25:51
TX-12249,ORD-8249,CUSTOMER,CUST-0465,1100.0,INFLOW,ORDER_PAYMENT,2026-09-12 15:34:16
TX-12250,ORD-8250,CUSTOMER,CUST-0141,4272.95,INFLOW,ORDER_PAYMENT,2026-09-12 15:42:24
TX-12251,ORD-8251,CUSTOMER,CUST-0118,2589.06,INFLOW,ORDER_PAYMENT,2026-09-12 15:50:51
TX-12252,ORD-8252,CUSTOMER,CUST-0460,826.99,INFLOW,ORDER_PAYMENT,2026-09-12 15:59:25
TX-12253,ORD-8253,CUSTOMER,CUST-0249,4504.6,INFLOW,ORDER_PAYMENT,2026-09-12 16:07:53
TX-12254,ORD-8254,CUSTOMER,CUST-0013,670.05,INFLOW,ORDER_PAYMENT,2026-09-12 16:15:57
TX-12255,ORD-8255,CUSTOMER,CUST-0250,2644.13,INFLOW,ORDER_PAYMENT,2026-09-12 16:24:21
TX-12256,ORD-8256,CUSTOMER,CUST-0312,2644.13,INFLOW,ORDER_PAYMENT,2026-09-12 16:32:46
TX-12257,ORD-8257,CUSTOMER,CUST-0008,7242.6,INFLOW,ORDER_PAYMENT,2026-09-12 16:41:08
TX-12258,ORD-8258,CUSTOMER,CUST-0284,1418.34,INFLOW,ORDER_PAYMENT,2026-09-12 16:49:42
TX-12259,ORD-8259,CUSTOMER,CUST-0008,4294.61,INFLOW,ORDER_PAYMENT,2026-09-12 16:58:11
TX-12260,ORD-8260,CUSTOMER,CUST-0412,829.04,INFLOW,ORDER_PAYMENT,2026-09-12 17:06:28
TX-12261,ORD-8261,CUSTOMER,CUST-0202,2419.53,INFLOW,ORDER_PAYMENT,2026-09-12 17:15:02
TX-12262,ORD-8262,CUSTOMER,CUST-0294,3817.51,INFLOW,ORDER_PAYMENT,2026-09-12 17:23:04
TX-12263,ORD-8263,CUSTOMER,CUST-0053,3314.53,INFLOW,ORDER_PAYMENT,2026-09-12 17:31:45
TX-12264,ORD-8264,CUSTOMER,CUST-0366,4336.35,INFLOW,ORDER_PAYMENT,2026-09-12 17:39:55
TX-12265,ORD-8265,CUSTOMER,CUST-0424,3024.83,INFLOW,ORDER_PAYMENT,2026-09-12 17:48:44
TX-12266,ORD-8266,CUSTOMER,CUST-0429,1605.72,INFLOW,ORDER_PAYMENT,2026-09-12 17:57:08
TX-12267,ORD-8267,CUSTOMER,CUST-0014,3246.81,INFLOW,ORDER_PAYMENT,2026-09-12 18:05:12
TX-12268,ORD-8268,CUSTOMER,CUST-0084,3570.49,INFLOW,ORDER_PAYMENT,2026-09-12 18:13:56
TX-12269,ORD-8269,CUSTOMER,CUST-0063,3897.52,INFLOW,ORDER_PAYMENT,2026-09-12 18:22:08
TX-12270,ORD-8270,CUSTOMER,CUST-0290,358.12,INFLOW,ORDER_PAYMENT,2026-09-12 18:30:31
TX-12271,ORD-8271,CUSTOMER,CUST-0119,4424.97,INFLOW,ORDER_PAYMENT,2026-09-12 18:38:41
TX-12272,ORD-8272,CUSTOMER,CUST-0376,4257.97,INFLOW,ORDER_PAYMENT,2026-09-12 18:47:25
TX-12273,ORD-8273,CUSTOMER,CUST-0269,1605.72,INFLOW,ORDER_PAYMENT,2026-09-12 18:55:40
TX-12274,ORD-8274,CUSTOMER,CUST-0290,3527.16,INFLOW,ORDER_PAYMENT,2026-09-12 19:04:01
TX-12275,ORD-8275,CUSTOMER,CUST-0350,3246.81,INFLOW,ORDER_PAYMENT,2026-09-12 19:12:34
TX-12276,ORD-8276,CUSTOMER,CUST-0496,6620.08,INFLOW,ORDER_PAYMENT,2026-09-12 19:21:03
TX-12277,ORD-8277,CUSTOMER,CUST-0211,1434.09,INFLOW,ORDER_PAYMENT,2026-09-12 19:29:19
TX-12278,ORD-8278,CUSTOMER,CUST-0401,6629.06,INFLOW,ORDER_PAYMENT,2026-09-12 19:37:56
TX-12279,ORD-8279,CUSTOMER,CUST-0218,3303.71,INFLOW,ORDER_PAYMENT,2026-09-12 19:45:54
TX-12280,ORD-8280,CUSTOMER,CUST-0462,829.04,INFLOW,ORDER_PAYMENT,2026-09-12 19:54:19
TX-12281,ORD-8281,CUSTOMER,CUST-0413,3737.74,INFLOW,ORDER_PAYMENT,2026-09-12 20:02:52
TX-12282,ORD-8282,CUSTOMER,CUST-0086,2252.3,INFLOW,ORDER_PAYMENT,2026-09-12 20:11:09
TX-12283,ORD-8283,CUSTOMER,CUST-0351,1090.0,INFLOW,ORDER_PAYMENT,2026-09-12 20:19:35
TX-12284,ORD-8284,CUSTOMER,CUST-0311,3196.07,INFLOW,ORDER_PAYMENT,2026-09-12 20:28:05
TX-12285,ORD-8285,CUSTOMER,CUST-0060,3897.52,INFLOW,ORDER_PAYMENT,2026-09-12 20:36:17
TX-12286,ORD-8286,CUSTOMER,CUST-0174,1904.59,INFLOW,ORDER_PAYMENT,2026-09-12 20:44:49
TX-12287,ORD-8287,CUSTOMER,CUST-0013,7795.04,INFLOW,ORDER_PAYMENT,2026-09-12 20:53:02
TX-12288,ORD-8288,CUSTOMER,CUST-0061,3063.16,INFLOW,ORDER_PAYMENT,2026-09-12 21:01:36
TX-12289,ORD-8289,CUSTOMER,CUST-0105,889.09,INFLOW,ORDER_PAYMENT,2026-09-12 21:10:11
TX-12290,ORD-8290,CUSTOMER,CUST-0185,3303.71,INFLOW,ORDER_PAYMENT,2026-09-12 21:18:22
TX-12291,ORD-8291,CUSTOMER,CUST-0080,1768.39,INFLOW,ORDER_PAYMENT,2026-09-12 21:26:58
TX-12292,ORD-8292,CUSTOMER,CUST-0149,1418.34,INFLOW,ORDER_PAYMENT,2026-09-12 21:35:18
TX-12293,ORD-8293,CUSTOMER,CUST-0313,2008.58,INFLOW,ORDER_PAYMENT,2026-09-12 21:43:54
TX-12294,ORD-8294,CUSTOMER,CUST-0367,1100.0,INFLOW,ORDER_PAYMENT,2026-09-12 21:51:55
TX-12295,ORD-8295,CUSTOMER,CUST-0217,3063.16,INFLOW,ORDER_PAYMENT,2026-09-12 22:00:13
TX-12296,ORD-8296,CUSTOMER,CUST-0368,4294.61,INFLOW,ORDER_PAYMENT,2026-09-12 22:08:45
TX-12297,ORD-8297,CUSTOMER,CUST-0467,889.09,INFLOW,ORDER_PAYMENT,2026-09-12 22:17:18
TX-12298,ORD-8298,CUSTOMER,CUST-0214,2252.3,INFLOW,ORDER_PAYMENT,2026-09-12 22:25:39
TX-12299,ORD-8299,CUSTOMER,CUST-0220,8545.9,INFLOW,ORDER_PAYMENT,2026-09-12 22:34:12
TX-12300,ORD-8300,CUSTOMER,CUST-0480,3590.3,INFLOW,ORDER_PAYMENT,2026-09-12 22:42:32
TX-12301,ORD-8301,CUSTOMER,CUST-0485,1299.1,INFLOW,ORDER_PAYMENT,2026-09-12 22:50:53
TX-12302,ORD-8302,CUSTOMER,CUST-0101,4074.31,INFLOW,ORDER_PAYMENT,2026-09-12 22:59:26
TX-12303,ORD-8303,CUSTOMER,CUST-0091,4076.43,INFLOW,ORDER_PAYMENT,2026-09-12 23:07:26
TX-12304,ORD-8304,CUSTOMER,CUST-0360,431.18,INFLOW,ORDER_PAYMENT,2026-09-12 23:16:09
TX-12305,ORD-8305,CUSTOMER,CUST-0245,3637.58,INFLOW,ORDER_PAYMENT,2026-09-12 23:24:27
TX-12306,ORD-8306,CUSTOMER,CUST-0240,2065.51,INFLOW,ORDER_PAYMENT,2026-09-12 23:32:46
TX-12307,ORD-8307,CUSTOMER,CUST-0323,3569.25,INFLOW,ORDER_PAYMENT,2026-09-12 23:41:23
TX-12308,ORD-8308,CUSTOMER,CUST-0302,2483.23,INFLOW,ORDER_PAYMENT,2026-09-12 23:49:40
TX-12309,ORD-8309,CUSTOMER,CUST-0319,1115.12,INFLOW,ORDER_PAYMENT,2026-09-12 23:57:52
TX-12310,ORD-8310,CUSTOMER,CUST-0419,8108.6,INFLOW,ORDER_PAYMENT,2026-09-13 00:06:26
TX-12311,ORD-8311,CUSTOMER,CUST-0415,7711.42,INFLOW,ORDER_PAYMENT,2026-09-13 00:15:04
TX-12312,ORD-8312,CUSTOMER,CUST-0090,1125.08,INFLOW,ORDER_PAYMENT,2026-09-13 00:23:11
TX-12313,ORD-8313,CUSTOMER,CUST-0243,3305.06,INFLOW,ORDER_PAYMENT,2026-09-13 00:31:28
TX-12314,ORD-8314,CUSTOMER,CUST-0415,1605.72,INFLOW,ORDER_PAYMENT,2026-09-13 00:40:18
TX-12315,ORD-8315,CUSTOMER,CUST-0065,3527.16,INFLOW,ORDER_PAYMENT,2026-09-13 00:48:33
TX-12316,ORD-8316,CUSTOMER,CUST-0200,2439.3,INFLOW,ORDER_PAYMENT,2026-09-13 00:56:56
TX-12317,ORD-8317,CUSTOMER,CUST-0050,4093.93,INFLOW,ORDER_PAYMENT,2026-09-13 01:05:04
TX-12318,ORD-8318,CUSTOMER,CUST-0063,3722.35,INFLOW,ORDER_PAYMENT,2026-09-13 01:13:43
TX-12319,ORD-8319,CUSTOMER,CUST-0155,656.92,INFLOW,ORDER_PAYMENT,2026-09-13 01:21:51
TX-12320,ORD-8320,CUSTOMER,CUST-0344,4076.43,INFLOW,ORDER_PAYMENT,2026-09-13 01:30:38
TX-12321,ORD-8321,CUSTOMER,CUST-0433,4093.93,INFLOW,ORDER_PAYMENT,2026-09-13 01:38:48
TX-12322,ORD-8322,CUSTOMER,CUST-0040,263.42,INFLOW,ORDER_PAYMENT,2026-09-13 01:47:19
TX-12323,ORD-8323,CUSTOMER,CUST-0441,3564.2,INFLOW,ORDER_PAYMENT,2026-09-13 01:55:46
TX-12324,ORD-8324,CUSTOMER,CUST-0265,2252.3,INFLOW,ORDER_PAYMENT,2026-09-13 02:04:17
TX-12325,ORD-8325,CUSTOMER,CUST-0077,3904.05,INFLOW,ORDER_PAYMENT,2026-09-13 02:12:35
TX-12326,ORD-8326,CUSTOMER,CUST-0394,3564.2,INFLOW,ORDER_PAYMENT,2026-09-13 02:20:51
TX-12327,ORD-8327,CUSTOMER,CUST-0085,3637.58,INFLOW,ORDER_PAYMENT,2026-09-13 02:29:25
TX-12328,ORD-8328,CUSTOMER,CUST-0307,2065.51,INFLOW,ORDER_PAYMENT,2026-09-13 02:37:28
TX-12329,ORD-8329,CUSTOMER,CUST-0232,1076.17,INFLOW,ORDER_PAYMENT,2026-09-13 02:46:11
TX-12330,ORD-8330,CUSTOMER,CUST-0409,1004.29,INFLOW,ORDER_PAYMENT,2026-09-13 02:54:23
TX-12331,ORD-8331,CUSTOMER,CUST-0303,2446.64,INFLOW,ORDER_PAYMENT,2026-09-13 03:02:48
TX-12332,ORD-8332,CUSTOMER,CUST-0023,2449.37,INFLOW,ORDER_PAYMENT,2026-09-13 03:11:07
TX-12333,ORD-8333,CUSTOMER,CUST-0058,3904.31,INFLOW,ORDER_PAYMENT,2026-09-13 03:19:30
TX-12334,ORD-8334,CUSTOMER,CUST-0124,8152.86,INFLOW,ORDER_PAYMENT,2026-09-13 03:27:48
TX-12335,ORD-8335,CUSTOMER,CUST-0066,4074.31,INFLOW,ORDER_PAYMENT,2026-09-13 03:36:29
TX-12336,ORD-8336,CUSTOMER,CUST-0459,4226.7,INFLOW,ORDER_PAYMENT,2026-09-13 03:44:48
TX-12337,ORD-8337,CUSTOMER,CUST-0420,4030.3,INFLOW,ORDER_PAYMENT,2026-09-13 03:53:07
TX-12338,ORD-8338,CUSTOMER,CUST-0333,582.68,INFLOW,ORDER_PAYMENT,2026-09-13 04:01:32
TX-12339,ORD-8339,CUSTOMER,CUST-0459,4448.99,INFLOW,ORDER_PAYMENT,2026-09-13 04:10:10
TX-12340,ORD-8340,CUSTOMER,CUST-0105,3297.77,INFLOW,ORDER_PAYMENT,2026-09-13 04:18:24
TX-12341,ORD-8341,CUSTOMER,CUST-0320,535.08,INFLOW,ORDER_PAYMENT,2026-09-13 04:26:38
TX-12342,ORD-8342,CUSTOMER,CUST-0124,4337.59,INFLOW,ORDER_PAYMENT,2026-09-13 04:35:22
TX-12343,ORD-8343,CUSTOMER,CUST-0404,674.08,INFLOW,ORDER_PAYMENT,2026-09-13 04:43:40
TX-12344,ORD-8344,CUSTOMER,CUST-0196,2589.06,INFLOW,ORDER_PAYMENT,2026-09-13 04:51:52
TX-12345,ORD-8345,CUSTOMER,CUST-0032,3786.85,INFLOW,ORDER_PAYMENT,2026-09-13 05:00:33
TX-12346,ORD-8346,CUSTOMER,CUST-0120,1544.47,INFLOW,ORDER_PAYMENT,2026-09-13 05:08:51
TX-12347,ORD-8347,CUSTOMER,CUST-0389,2446.64,INFLOW,ORDER_PAYMENT,2026-09-13 05:16:58
TX-12348,ORD-8348,CUSTOMER,CUST-0480,3655.67,INFLOW,ORDER_PAYMENT,2026-09-13 05:25:29
TX-12349,ORD-8349,CUSTOMER,CUST-0209,2200.0,INFLOW,ORDER_PAYMENT,2026-09-13 05:34:15
TX-12350,ORD-8350,CUSTOMER,CUST-0251,1524.23,INFLOW,ORDER_PAYMENT,2026-09-13 05:42:14
TX-12351,ORD-8351,CUSTOMER,CUST-0439,3897.52,INFLOW,ORDER_PAYMENT,2026-09-13 05:50:39
TX-12352,ORD-8352,CUSTOMER,CUST-0363,557.56,INFLOW,ORDER_PAYMENT,2026-09-13 05:58:57
TX-12353,ORD-8353,CUSTOMER,CUST-0258,1100.0,INFLOW,ORDER_PAYMENT,2026-09-13 06:07:42
TX-12354,ORD-8354,CUSTOMER,CUST-0445,2446.64,INFLOW,ORDER_PAYMENT,2026-09-13 06:15:48
TX-12355,ORD-8355,CUSTOMER,CUST-0180,3637.58,INFLOW,ORDER_PAYMENT,2026-09-13 06:24:18
TX-12356,ORD-8356,CUSTOMER,CUST-0255,358.12,INFLOW,ORDER_PAYMENT,2026-09-13 06:32:41
TX-12357,ORD-8357,CUSTOMER,CUST-0016,829.04,INFLOW,ORDER_PAYMENT,2026-09-13 06:41:12
TX-12358,ORD-8358,CUSTOMER,CUST-0367,4131.02,INFLOW,ORDER_PAYMENT,2026-09-13 06:49:25
TX-12359,ORD-8359,CUSTOMER,CUST-0203,1231.42,INFLOW,ORDER_PAYMENT,2026-09-13 06:57:45
TX-12360,ORD-8360,CUSTOMER,CUST-0422,670.05,INFLOW,ORDER_PAYMENT,2026-09-13 07:06:29
TX-12361,ORD-8361,CUSTOMER,CUST-0410,1703.44,INFLOW,ORDER_PAYMENT,2026-09-13 07:15:00
TX-12362,ORD-8362,CUSTOMER,CUST-0083,3536.78,INFLOW,ORDER_PAYMENT,2026-09-13 07:23:13
TX-12363,ORD-8363,CUSTOMER,CUST-0031,2757.05,INFLOW,ORDER_PAYMENT,2026-09-13 07:31:38
TX-12364,ORD-8364,CUSTOMER,CUST-0023,2446.64,INFLOW,ORDER_PAYMENT,2026-09-13 07:40:04
TX-12365,ORD-8365,CUSTOMER,CUST-0307,2644.13,INFLOW,ORDER_PAYMENT,2026-09-13 07:48:30
TX-12366,ORD-8366,CUSTOMER,CUST-0278,7128.4,INFLOW,ORDER_PAYMENT,2026-09-13 07:56:52
TX-12367,ORD-8367,CUSTOMER,CUST-0410,1604.68,INFLOW,ORDER_PAYMENT,2026-09-13 08:05:22
TX-12368,ORD-8368,CUSTOMER,CUST-0022,3310.04,INFLOW,ORDER_PAYMENT,2026-09-13 08:13:21
TX-12369,ORD-8369,CUSTOMER,CUST-0319,3684.61,INFLOW,ORDER_PAYMENT,2026-09-13 08:21:48
TX-12370,ORD-8370,CUSTOMER,CUST-0418,6049.66,INFLOW,ORDER_PAYMENT,2026-09-13 08:30:16
TX-12371,ORD-8371,CUSTOMER,CUST-0421,2483.23,INFLOW,ORDER_PAYMENT,2026-09-13 08:38:43
TX-12372,ORD-8372,CUSTOMER,CUST-0004,3196.07,INFLOW,ORDER_PAYMENT,2026-09-13 08:47:09
TX-12373,ORD-8373,CUSTOMER,CUST-0305,3303.71,INFLOW,ORDER_PAYMENT,2026-09-13 08:55:29
TX-12374,ORD-8374,CUSTOMER,CUST-0030,2065.51,INFLOW,ORDER_PAYMENT,2026-09-13 09:04:06
TX-12375,ORD-8375,CUSTOMER,CUST-0046,1658.08,INFLOW,ORDER_PAYMENT,2026-09-13 09:12:31
TX-12376,ORD-8376,CUSTOMER,CUST-0120,2644.13,INFLOW,ORDER_PAYMENT,2026-09-13 09:20:59
TX-12377,ORD-8377,CUSTOMER,CUST-0389,3722.35,INFLOW,ORDER_PAYMENT,2026-09-13 09:29:02
TX-12378,ORD-8378,CUSTOMER,CUST-0010,1076.17,INFLOW,ORDER_PAYMENT,2026-09-13 09:37:42
TX-12379,ORD-8379,CUSTOMER,CUST-0167,1076.17,INFLOW,ORDER_PAYMENT,2026-09-13 09:45:54
TX-12380,ORD-8380,CUSTOMER,CUST-0298,2644.13,INFLOW,ORDER_PAYMENT,2026-09-13 09:54:10
TX-12381,ORD-8381,CUSTOMER,CUST-0320,3314.53,INFLOW,ORDER_PAYMENT,2026-09-13 10:02:39
TX-12382,ORD-8382,CUSTOMER,CUST-0477,2560.05,INFLOW,ORDER_PAYMENT,2026-09-13 10:11:18
TX-12383,ORD-8383,CUSTOMER,CUST-0046,674.08,INFLOW,ORDER_PAYMENT,2026-09-13 10:19:38
TX-12384,ORD-8384,CUSTOMER,CUST-0432,6629.06,INFLOW,ORDER_PAYMENT,2026-09-13 10:27:49
TX-12385,ORD-8385,CUSTOMER,CUST-0176,3904.05,INFLOW,ORDER_PAYMENT,2026-09-13 10:36:16
TX-12386,ORD-8386,CUSTOMER,CUST-0146,2452.83,INFLOW,ORDER_PAYMENT,2026-09-13 10:44:50
TX-12387,ORD-8387,CUSTOMER,CUST-0040,1229.97,INFLOW,ORDER_PAYMENT,2026-09-13 10:53:20
TX-12388,ORD-8388,CUSTOMER,CUST-0078,1004.29,INFLOW,ORDER_PAYMENT,2026-09-13 11:01:39
TX-12389,ORD-8389,CUSTOMER,CUST-0394,3904.31,INFLOW,ORDER_PAYMENT,2026-09-13 11:09:46
TX-12390,ORD-8390,CUSTOMER,CUST-0007,3063.16,INFLOW,ORDER_PAYMENT,2026-09-13 11:18:16
TX-12391,ORD-8391,CUSTOMER,CUST-0448,8108.6,INFLOW,ORDER_PAYMENT,2026-09-13 11:26:54
TX-12392,ORD-8392,CUSTOMER,CUST-0438,1766.76,INFLOW,ORDER_PAYMENT,2026-09-13 11:35:24
TX-12393,ORD-8393,CUSTOMER,CUST-0131,826.99,INFLOW,ORDER_PAYMENT,2026-09-13 11:43:30
TX-8291,ORD-8291,CUSTOMER,CUST-0189,85000.0,INFLOW,ORDER_PAYMENT,2026-09-13 11:45:00
TX-12394,ORD-8394,CUSTOMER,CUST-0043,1090.0,INFLOW,ORDER_PAYMENT,2026-09-13 11:52:11
TX-12395,ORD-8395,CUSTOMER,CUST-0155,4054.3,INFLOW,ORDER_PAYMENT,2026-09-13 12:00:22
TX-12396,ORD-8396,CUSTOMER,CUST-0486,4336.35,INFLOW,ORDER_PAYMENT,2026-09-13 12:08:35
TX-12397,ORD-8397,CUSTOMER,CUST-0106,7711.42,INFLOW,ORDER_PAYMENT,2026-09-13 12:17:19
TX-12398,ORD-8398,CUSTOMER,CUST-0039,7635.02,INFLOW,ORDER_PAYMENT,2026-09-13 12:25:37
TX-12399,ORD-8399,CUSTOMER,CUST-0494,2008.58,INFLOW,ORDER_PAYMENT,2026-09-13 12:34:10
TX-12400,ORD-8400,CUSTOMER,CUST-0123,3897.52,INFLOW,ORDER_PAYMENT,2026-09-13 12:42:22
TX-12401,ORD-8401,CUSTOMER,CUST-0379,1231.42,INFLOW,ORDER_PAYMENT,2026-09-13 12:50:40
TX-12402,ORD-8402,CUSTOMER,CUST-0357,2452.83,INFLOW,ORDER_PAYMENT,2026-09-13 12:59:02
TX-12403,ORD-8403,CUSTOMER,CUST-0364,3590.3,INFLOW,ORDER_PAYMENT,2026-09-13 13:07:35
TX-12404,ORD-8404,CUSTOMER,CUST-0276,258.84,INFLOW,ORDER_PAYMENT,2026-09-13 13:15:55
TX-12405,ORD-8405,CUSTOMER,CUST-0086,2008.58,INFLOW,ORDER_PAYMENT,2026-09-13 13:24:27
TX-12406,ORD-8406,CUSTOMER,CUST-0275,3196.07,INFLOW,ORDER_PAYMENT,2026-09-13 13:32:36
TX-12407,ORD-8407,CUSTOMER,CUST-0266,4257.97,INFLOW,ORDER_PAYMENT,2026-09-13 13:41:02
TX-12408,ORD-8408,CUSTOMER,CUST-0292,1418.34,INFLOW,ORDER_PAYMENT,2026-09-13 13:49:19
TX-12409,ORD-8409,CUSTOMER,CUST-0408,4101.12,INFLOW,ORDER_PAYMENT,2026-09-13 13:57:54
TX-12410,ORD-8410,CUSTOMER,CUST-0219,883.38,INFLOW,ORDER_PAYMENT,2026-09-13 14:06:28
TX-12411,ORD-8411,CUSTOMER,CUST-0315,1605.72,INFLOW,ORDER_PAYMENT,2026-09-13 14:14:52
TX-12412,ORD-8412,CUSTOMER,CUST-0013,2483.23,INFLOW,ORDER_PAYMENT,2026-09-13 14:22:57
TX-12413,ORD-8413,CUSTOMER,CUST-0071,4448.99,INFLOW,ORDER_PAYMENT,2026-09-13 14:31:45
TX-12414,ORD-8414,CUSTOMER,CUST-0483,1948.31,INFLOW,ORDER_PAYMENT,2026-09-13 14:40:00
TX-12415,ORD-8415,CUSTOMER,CUST-0025,4101.12,INFLOW,ORDER_PAYMENT,2026-09-13 14:48:34
TX-12416,ORD-8416,CUSTOMER,CUST-0357,3855.71,INFLOW,ORDER_PAYMENT,2026-09-13 14:56:51
TX-12417,ORD-8417,CUSTOMER,CUST-0401,1100.0,INFLOW,ORDER_PAYMENT,2026-09-13 15:04:53
TX-12418,ORD-8418,CUSTOMER,CUST-0309,3855.71,INFLOW,ORDER_PAYMENT,2026-09-13 15:13:41
TX-12419,ORD-8419,CUSTOMER,CUST-0412,1544.47,INFLOW,ORDER_PAYMENT,2026-09-13 15:21:52
TX-12420,ORD-8420,CUSTOMER,CUST-0263,4030.3,INFLOW,ORDER_PAYMENT,2026-09-13 15:30:25
TX-12421,ORD-8421,CUSTOMER,CUST-0025,1882.85,INFLOW,ORDER_PAYMENT,2026-09-13 15:38:56
TX-12422,ORD-8422,CUSTOMER,CUST-0290,1231.42,INFLOW,ORDER_PAYMENT,2026-09-13 15:47:06
TX-12423,ORD-8423,CUSTOMER,CUST-0083,7369.22,INFLOW,ORDER_PAYMENT,2026-09-13 15:55:45
TX-12424,ORD-8424,CUSTOMER,CUST-0035,2065.51,INFLOW,ORDER_PAYMENT,2026-09-13 16:03:48
TX-12425,ORD-8425,CUSTOMER,CUST-0351,3297.77,INFLOW,ORDER_PAYMENT,2026-09-13 16:12:08
TX-12426,ORD-8426,CUSTOMER,CUST-0029,3063.16,INFLOW,ORDER_PAYMENT,2026-09-13 16:20:36
TX-12427,ORD-8427,CUSTOMER,CUST-0160,4054.3,INFLOW,ORDER_PAYMENT,2026-09-13 16:29:16
TX-12428,ORD-8428,CUSTOMER,CUST-0304,829.04,INFLOW,ORDER_PAYMENT,2026-09-13 16:37:35
TX-12429,ORD-8429,CUSTOMER,CUST-0239,6595.54,INFLOW,ORDER_PAYMENT,2026-09-13 16:45:51
TX-12430,ORD-8430,CUSTOMER,CUST-0424,883.38,INFLOW,ORDER_PAYMENT,2026-09-13 16:54:05
TX-12431,ORD-8431,CUSTOMER,CUST-0483,1732.3,INFLOW,ORDER_PAYMENT,2026-09-13 17:02:27
TX-12432,ORD-8432,CUSTOMER,CUST-0098,3554.02,INFLOW,ORDER_PAYMENT,2026-09-13 17:11:04
TX-12433,ORD-8433,CUSTOMER,CUST-0233,613.4,INFLOW,ORDER_PAYMENT,2026-09-13 17:19:20
TX-12434,ORD-8434,CUSTOMER,CUST-0429,3527.16,INFLOW,ORDER_PAYMENT,2026-09-13 17:27:47
TX-12435,ORD-8435,CUSTOMER,CUST-0371,3211.6,INFLOW,ORDER_PAYMENT,2026-09-13 17:36:33
TX-12436,ORD-8436,CUSTOMER,CUST-0057,2446.64,INFLOW,ORDER_PAYMENT,2026-09-13 17:44:35
TX-12437,ORD-8437,CUSTOMER,CUST-0077,8589.22,INFLOW,ORDER_PAYMENT,2026-09-13 17:53:05
TX-12438,ORD-8438,CUSTOMER,CUST-0417,3052.92,INFLOW,ORDER_PAYMENT,2026-09-13 18:01:35
TX-12439,ORD-8439,CUSTOMER,CUST-0296,1100.0,INFLOW,ORDER_PAYMENT,2026-09-13 18:09:46
TX-12440,ORD-8440,CUSTOMER,CUST-0250,3211.6,INFLOW,ORDER_PAYMENT,2026-09-13 18:18:16
TX-12441,ORD-8441,CUSTOMER,CUST-0338,1348.16,INFLOW,ORDER_PAYMENT,2026-09-13 18:26:34
TX-12442,ORD-8442,CUSTOMER,CUST-0291,2252.3,INFLOW,ORDER_PAYMENT,2026-09-13 18:35:15
TX-12443,ORD-8443,CUSTOMER,CUST-0222,1004.29,INFLOW,ORDER_PAYMENT,2026-09-13 18:43:44
TX-12444,ORD-8444,CUSTOMER,CUST-0326,3737.74,INFLOW,ORDER_PAYMENT,2026-09-13 18:51:49
TX-12445,ORD-8445,CUSTOMER,CUST-0453,4424.97,INFLOW,ORDER_PAYMENT,2026-09-13 19:00:14
TX-12446,ORD-8446,CUSTOMER,CUST-0286,3305.06,INFLOW,ORDER_PAYMENT,2026-09-13 19:08:30
TX-12447,ORD-8447,CUSTOMER,CUST-0299,3063.16,INFLOW,ORDER_PAYMENT,2026-09-13 19:16:50
TX-12448,ORD-8448,CUSTOMER,CUST-0096,3724.86,INFLOW,ORDER_PAYMENT,2026-09-13 19:25:29
TX-12449,ORD-8449,CUSTOMER,CUST-0492,2757.05,INFLOW,ORDER_PAYMENT,2026-09-13 19:33:52
TX-12450,ORD-8450,CUSTOMER,CUST-0175,6629.06,INFLOW,ORDER_PAYMENT,2026-09-13 19:42:27
TX-12451,ORD-8451,CUSTOMER,CUST-0367,3052.92,INFLOW,ORDER_PAYMENT,2026-09-13 19:50:54
TX-12452,ORD-8452,CUSTOMER,CUST-0268,4878.6,INFLOW,ORDER_PAYMENT,2026-09-13 19:59:05
TX-12453,ORD-8453,CUSTOMER,CUST-0088,258.84,INFLOW,ORDER_PAYMENT,2026-09-13 20:07:16
TX-12454,ORD-8454,CUSTOMER,CUST-0033,1924.84,INFLOW,ORDER_PAYMENT,2026-09-13 20:15:46
TX-12455,ORD-8455,CUSTOMER,CUST-0460,3722.35,INFLOW,ORDER_PAYMENT,2026-09-13 20:24:30
TX-12456,ORD-8456,CUSTOMER,CUST-0075,358.12,INFLOW,ORDER_PAYMENT,2026-09-13 20:32:27
TX-12457,ORD-8457,CUSTOMER,CUST-0296,291.34,INFLOW,ORDER_PAYMENT,2026-09-13 20:41:18
TX-12458,ORD-8458,CUSTOMER,CUST-0308,6126.32,INFLOW,ORDER_PAYMENT,2026-09-13 20:49:16
TX-12459,ORD-8459,CUSTOMER,CUST-0239,3246.81,INFLOW,ORDER_PAYMENT,2026-09-13 20:57:46
TX-12460,ORD-8460,CUSTOMER,CUST-0336,7808.1,INFLOW,ORDER_PAYMENT,2026-09-13 21:06:03
TX-12461,ORD-8461,CUSTOMER,CUST-0222,2459.94,INFLOW,ORDER_PAYMENT,2026-09-13 21:14:26
TX-12462,ORD-8462,CUSTOMER,CUST-0344,557.56,INFLOW,ORDER_PAYMENT,2026-09-13 21:22:56
TX-12463,ORD-8463,CUSTOMER,CUST-0065,883.38,INFLOW,ORDER_PAYMENT,2026-09-13 21:31:27
TX-12464,ORD-8464,CUSTOMER,CUST-0284,3569.25,INFLOW,ORDER_PAYMENT,2026-09-13 21:39:53
TX-12465,ORD-8465,CUSTOMER,CUST-0285,1100.0,INFLOW,ORDER_PAYMENT,2026-09-13 21:48:16
TX-12466,ORD-8466,CUSTOMER,CUST-0410,826.99,INFLOW,ORDER_PAYMENT,2026-09-13 21:56:44
TX-12467,ORD-8467,CUSTOMER,CUST-0330,1924.84,INFLOW,ORDER_PAYMENT,2026-09-13 22:05:03
TX-12468,ORD-8468,CUSTOMER,CUST-0052,258.84,INFLOW,ORDER_PAYMENT,2026-09-13 22:13:26
TX-12469,ORD-8469,CUSTOMER,CUST-0271,3412.17,INFLOW,ORDER_PAYMENT,2026-09-13 22:21:51
TX-12470,ORD-8470,CUSTOMER,CUST-0013,5576.1,INFLOW,ORDER_PAYMENT,2026-09-13 22:30:08
TX-12471,ORD-8471,CUSTOMER,CUST-0284,3904.05,INFLOW,ORDER_PAYMENT,2026-09-13 22:38:52
TX-12472,ORD-8472,CUSTOMER,CUST-0334,4054.3,INFLOW,ORDER_PAYMENT,2026-09-13 22:46:58
TX-12473,ORD-8473,CUSTOMER,CUST-0477,2598.2,INFLOW,ORDER_PAYMENT,2026-09-13 22:55:32
TX-12474,ORD-8474,CUSTOMER,CUST-0439,3211.6,INFLOW,ORDER_PAYMENT,2026-09-13 23:03:39
TX-12475,ORD-8475,CUSTOMER,CUST-0476,3985.8,INFLOW,ORDER_PAYMENT,2026-09-13 23:12:26
TX-12476,ORD-8476,CUSTOMER,CUST-0243,1125.08,INFLOW,ORDER_PAYMENT,2026-09-13 23:20:39
TX-12477,ORD-8477,CUSTOMER,CUST-0454,4336.35,INFLOW,ORDER_PAYMENT,2026-09-13 23:29:12
TX-12478,ORD-8478,CUSTOMER,CUST-0139,3570.49,INFLOW,ORDER_PAYMENT,2026-09-13 23:37:20
TX-12479,ORD-8479,CUSTOMER,CUST-0120,2483.23,INFLOW,ORDER_PAYMENT,2026-09-13 23:45:49
TX-12480,ORD-8480,CUSTOMER,CUST-0121,1732.3,INFLOW,ORDER_PAYMENT,2026-09-13 23:54:11
TX-12481,ORD-8481,CUSTOMER,CUST-0098,1768.39,INFLOW,ORDER_PAYMENT,2026-09-14 00:02:28
TX-12482,ORD-8482,CUSTOMER,CUST-0097,8202.24,INFLOW,ORDER_PAYMENT,2026-09-14 00:11:12
TX-12483,ORD-8483,CUSTOMER,CUST-0204,6595.54,INFLOW,ORDER_PAYMENT,2026-09-14 00:19:15
TX-12484,ORD-8484,CUSTOMER,CUST-0207,8152.86,INFLOW,ORDER_PAYMENT,2026-09-14 00:27:44
TX-12485,ORD-8485,CUSTOMER,CUST-0437,3817.51,INFLOW,ORDER_PAYMENT,2026-09-14 00:36:07
TX-12486,ORD-8486,CUSTOMER,CUST-0027,4226.7,INFLOW,ORDER_PAYMENT,2026-09-14 00:44:51
TX-12487,ORD-8487,CUSTOMER,CUST-0137,535.08,INFLOW,ORDER_PAYMENT,2026-09-14 00:52:53
TX-12488,ORD-8488,CUSTOMER,CUST-0214,883.38,INFLOW,ORDER_PAYMENT,2026-09-14 01:01:25
TX-12489,ORD-8489,CUSTOMER,CUST-0295,535.08,INFLOW,ORDER_PAYMENT,2026-09-14 01:09:54
TX-12490,ORD-8490,CUSTOMER,CUST-0137,1992.9,INFLOW,ORDER_PAYMENT,2026-09-14 01:18:11
TX-12491,ORD-8491,CUSTOMER,CUST-0164,613.4,INFLOW,ORDER_PAYMENT,2026-09-14 01:26:31
TX-12492,ORD-8492,CUSTOMER,CUST-0246,1115.12,INFLOW,ORDER_PAYMENT,2026-09-14 01:35:14
TX-12493,ORD-8493,CUSTOMER,CUST-0122,818.39,INFLOW,ORDER_PAYMENT,2026-09-14 01:43:20
TX-12494,ORD-8494,CUSTOMER,CUST-0062,1090.0,INFLOW,ORDER_PAYMENT,2026-09-14 01:51:57
TX-12495,ORD-8495,CUSTOMER,CUST-0057,4294.61,INFLOW,ORDER_PAYMENT,2026-09-14 02:00:21
TX-12496,ORD-8496,CUSTOMER,CUST-0231,4448.99,INFLOW,ORDER_PAYMENT,2026-09-14 02:08:49
TX-12497,ORD-8497,CUSTOMER,CUST-0366,1299.1,INFLOW,ORDER_PAYMENT,2026-09-14 02:17:13
TX-12498,ORD-8498,CUSTOMER,CUST-0200,3412.17,INFLOW,ORDER_PAYMENT,2026-09-14 02:25:13
TX-12499,ORD-8499,CUSTOMER,CUST-0281,2439.3,INFLOW,ORDER_PAYMENT,2026-09-14 02:34:01
TX-12500,ORD-8500,CUSTOMER,CUST-0230,2462.84,INFLOW,ORDER_PAYMENT,2026-09-14 02:42:16
TX-12501,ORD-8501,CUSTOMER,CUST-0257,4257.97,INFLOW,ORDER_PAYMENT,2026-09-14 02:50:23
TX-12502,ORD-8502,CUSTOMER,CUST-0469,3786.85,INFLOW,ORDER_PAYMENT,2026-09-14 02:59:10
TX-12503,ORD-8503,CUSTOMER,CUST-0011,1229.97,INFLOW,ORDER_PAYMENT,2026-09-14 03:07:16
TX-12504,ORD-8504,CUSTOMER,CUST-0024,670.05,INFLOW,ORDER_PAYMENT,2026-09-14 03:15:42
TX-12505,ORD-8505,CUSTOMER,CUST-0339,1434.09,INFLOW,ORDER_PAYMENT,2026-09-14 03:24:02
TX-12506,ORD-8506,CUSTOMER,CUST-0414,3570.49,INFLOW,ORDER_PAYMENT,2026-09-14 03:32:24
TX-12507,ORD-8507,CUSTOMER,CUST-0108,851.72,INFLOW,ORDER_PAYMENT,2026-09-14 03:40:58
TX-12508,ORD-8508,CUSTOMER,CUST-0414,1658.08,INFLOW,ORDER_PAYMENT,2026-09-14 03:49:18
TX-12509,ORD-8509,CUSTOMER,CUST-0416,1100.0,INFLOW,ORDER_PAYMENT,2026-09-14 03:57:38
TX-12510,ORD-8510,CUSTOMER,CUST-0442,3737.74,INFLOW,ORDER_PAYMENT,2026-09-14 04:06:01
TX-12511,ORD-8511,CUSTOMER,CUST-0293,1100.0,INFLOW,ORDER_PAYMENT,2026-09-14 04:14:34
TX-12512,ORD-8512,CUSTOMER,CUST-0256,1434.09,INFLOW,ORDER_PAYMENT,2026-09-14 04:23:09
TX-12513,ORD-8513,CUSTOMER,CUST-0376,1703.44,INFLOW,ORDER_PAYMENT,2026-09-14 04:31:15
TX-12514,ORD-8514,CUSTOMER,CUST-0352,7275.16,INFLOW,ORDER_PAYMENT,2026-09-14 04:39:39
TX-12515,ORD-8515,CUSTOMER,CUST-0459,4101.12,INFLOW,ORDER_PAYMENT,2026-09-14 04:48:11
TX-12516,ORD-8516,CUSTOMER,CUST-0266,1231.42,INFLOW,ORDER_PAYMENT,2026-09-14 04:56:41
TX-12517,ORD-8517,CUSTOMER,CUST-0078,3303.71,INFLOW,ORDER_PAYMENT,2026-09-14 05:04:48
TX-12518,ORD-8518,CUSTOMER,CUST-0486,291.34,INFLOW,ORDER_PAYMENT,2026-09-14 05:13:29
TX-12519,ORD-8519,CUSTOMER,CUST-0229,3655.67,INFLOW,ORDER_PAYMENT,2026-09-14 05:21:35
TX-12520,ORD-8520,CUSTOMER,CUST-0189,3817.51,INFLOW,ORDER_PAYMENT,2026-09-14 05:30:16
TX-12521,ORD-8521,CUSTOMER,CUST-0285,4294.61,INFLOW,ORDER_PAYMENT,2026-09-14 05:38:34
TX-12522,ORD-8522,CUSTOMER,CUST-0358,1070.16,INFLOW,ORDER_PAYMENT,2026-09-14 05:46:50
TX-12523,ORD-8523,CUSTOMER,CUST-0055,557.56,INFLOW,ORDER_PAYMENT,2026-09-14 05:55:11
TX-12524,ORD-8524,CUSTOMER,CUST-0332,2065.51,INFLOW,ORDER_PAYMENT,2026-09-14 06:03:59
TX-12525,ORD-8525,CUSTOMER,CUST-0432,883.38,INFLOW,ORDER_PAYMENT,2026-09-14 06:11:56
TX-12526,ORD-8526,CUSTOMER,CUST-0459,656.92,INFLOW,ORDER_PAYMENT,2026-09-14 06:20:30
TX-12527,ORD-8527,CUSTOMER,CUST-0459,2446.64,INFLOW,ORDER_PAYMENT,2026-09-14 06:28:45
TX-12528,ORD-8528,CUSTOMER,CUST-0114,5178.12,INFLOW,ORDER_PAYMENT,2026-09-14 06:37:35
TX-12529,ORD-8529,CUSTOMER,CUST-0194,8060.6,INFLOW,ORDER_PAYMENT,2026-09-14 06:45:57
TX-12530,ORD-8530,CUSTOMER,CUST-0405,3088.94,INFLOW,ORDER_PAYMENT,2026-09-14 06:54:04
TX-12531,ORD-8531,CUSTOMER,CUST-0432,3570.49,INFLOW,ORDER_PAYMENT,2026-09-14 07:02:30
TX-12532,ORD-8532,CUSTOMER,CUST-0158,557.56,INFLOW,ORDER_PAYMENT,2026-09-14 07:11:08
TX-12533,ORD-8533,CUSTOMER,CUST-0433,1231.42,INFLOW,ORDER_PAYMENT,2026-09-14 07:19:23
TX-12534,ORD-8534,CUSTOMER,CUST-0222,1004.29,INFLOW,ORDER_PAYMENT,2026-09-14 07:27:37
TX-12535,ORD-8535,CUSTOMER,CUST-0368,4257.97,INFLOW,ORDER_PAYMENT,2026-09-14 07:36:17
TX-12536,ORD-8536,CUSTOMER,CUST-0289,1992.9,INFLOW,ORDER_PAYMENT,2026-09-14 07:44:27
TX-12537,ORD-8537,CUSTOMER,CUST-0226,3904.31,INFLOW,ORDER_PAYMENT,2026-09-14 07:52:54
TX-12538,ORD-8538,CUSTOMER,CUST-0290,4272.95,INFLOW,ORDER_PAYMENT,2026-09-14 08:01:24
TX-12539,ORD-8539,CUSTOMER,CUST-0370,3297.77,INFLOW,ORDER_PAYMENT,2026-09-14 08:09:44
TX-12540,ORD-8540,CUSTOMER,CUST-0247,3569.25,INFLOW,ORDER_PAYMENT,2026-09-14 08:18:09
TX-12541,ORD-8541,CUSTOMER,CUST-0419,1100.0,INFLOW,ORDER_PAYMENT,2026-09-14 08:26:40
TX-12542,ORD-8542,CUSTOMER,CUST-0397,4424.97,INFLOW,ORDER_PAYMENT,2026-09-14 08:35:11
TX-12543,ORD-8543,CUSTOMER,CUST-0472,8453.4,INFLOW,ORDER_PAYMENT,2026-09-14 08:43:32
TX-12544,ORD-8544,CUSTOMER,CUST-0337,883.38,INFLOW,ORDER_PAYMENT,2026-09-14 08:51:42
TX-12545,ORD-8545,CUSTOMER,CUST-0008,8515.94,INFLOW,ORDER_PAYMENT,2026-09-14 08:59:57
TX-12546,ORD-8546,CUSTOMER,CUST-0405,1862.43,INFLOW,ORDER_PAYMENT,2026-09-14 09:08:46
TX-12547,ORD-8547,CUSTOMER,CUST-0065,7475.48,INFLOW,ORDER_PAYMENT,2026-09-14 09:17:03
TX-12548,ORD-8548,CUSTOMER,CUST-0318,1862.43,INFLOW,ORDER_PAYMENT,2026-09-14 09:25:08
TX-12549,ORD-8549,CUSTOMER,CUST-0008,6126.32,INFLOW,ORDER_PAYMENT,2026-09-14 09:33:52
TX-12550,ORD-8550,CUSTOMER,CUST-0194,1948.31,INFLOW,ORDER_PAYMENT,2026-09-14 09:42:23
TX-12551,ORD-8551,CUSTOMER,CUST-0397,1125.08,INFLOW,ORDER_PAYMENT,2026-09-14 09:50:20
TX-12552,ORD-8552,CUSTOMER,CUST-0136,1768.39,INFLOW,ORDER_PAYMENT,2026-09-14 09:58:48
TX-12553,ORD-8553,CUSTOMER,CUST-0135,2462.84,INFLOW,ORDER_PAYMENT,2026-09-14 10:07:24
TX-12554,ORD-8554,CUSTOMER,CUST-0443,1229.97,INFLOW,ORDER_PAYMENT,2026-09-14 10:15:36
TX-12555,ORD-8555,CUSTOMER,CUST-0094,1862.43,INFLOW,ORDER_PAYMENT,2026-09-14 10:23:56
TX-12556,ORD-8556,CUSTOMER,CUST-0250,674.08,INFLOW,ORDER_PAYMENT,2026-09-14 10:32:30
TX-12557,ORD-8557,CUSTOMER,CUST-0074,4030.3,INFLOW,ORDER_PAYMENT,2026-09-14 10:40:44
TX-12558,ORD-8558,CUSTOMER,CUST-0155,1100.0,INFLOW,ORDER_PAYMENT,2026-09-14 10:49:18
TX-12559,ORD-8559,CUSTOMER,CUST-0033,826.99,INFLOW,ORDER_PAYMENT,2026-09-14 10:57:45
TX-12560,ORD-8560,CUSTOMER,CUST-0039,1229.97,INFLOW,ORDER_PAYMENT,2026-09-14 11:06:12
TX-12561,ORD-8561,CUSTOMER,CUST-0153,2419.53,INFLOW,ORDER_PAYMENT,2026-09-14 11:14:27
TX-12562,ORD-8562,CUSTOMER,CUST-0171,2757.05,INFLOW,ORDER_PAYMENT,2026-09-14 11:23:10
TX-12563,ORD-8563,CUSTOMER,CUST-0312,4878.6,INFLOW,ORDER_PAYMENT,2026-09-14 11:31:13
TX-12564,ORD-8564,CUSTOMER,CUST-0062,3817.51,INFLOW,ORDER_PAYMENT,2026-09-14 11:39:59
TX-12565,ORD-8565,CUSTOMER,CUST-0358,6824.34,INFLOW,ORDER_PAYMENT,2026-09-14 11:48:02
TX-12566,ORD-8566,CUSTOMER,CUST-0237,818.39,INFLOW,ORDER_PAYMENT,2026-09-14 11:56:34
TX-12567,ORD-8567,CUSTOMER,CUST-0106,535.08,INFLOW,ORDER_PAYMENT,2026-09-14 12:05:06
TX-12568,ORD-8568,CUSTOMER,CUST-0134,4336.35,INFLOW,ORDER_PAYMENT,2026-09-14 12:13:35
TX-12569,ORD-8569,CUSTOMER,CUST-0239,1904.59,INFLOW,ORDER_PAYMENT,2026-09-14 12:21:47
TX-12570,ORD-8570,CUSTOMER,CUST-0061,2757.05,INFLOW,ORDER_PAYMENT,2026-09-14 12:29:54
TX-12571,ORD-8571,CUSTOMER,CUST-0135,3310.04,INFLOW,ORDER_PAYMENT,2026-09-14 12:38:45
TX-12572,ORD-8572,CUSTOMER,CUST-0158,3737.74,INFLOW,ORDER_PAYMENT,2026-09-14 12:46:48
TX-12573,ORD-8573,CUSTOMER,CUST-0331,4074.31,INFLOW,ORDER_PAYMENT,2026-09-14 12:55:14
TX-12574,ORD-8574,CUSTOMER,CUST-0242,3310.04,INFLOW,ORDER_PAYMENT,2026-09-14 13:03:33
TX-12575,ORD-8575,CUSTOMER,CUST-0460,674.08,INFLOW,ORDER_PAYMENT,2026-09-14 13:12:12
TX-12576,ORD-8576,CUSTOMER,CUST-0352,1604.68,INFLOW,ORDER_PAYMENT,2026-09-14 13:20:28
TX-12577,ORD-8577,CUSTOMER,CUST-0490,4458.58,INFLOW,ORDER_PAYMENT,2026-09-14 13:28:57
TX-12578,ORD-8578,CUSTOMER,CUST-0297,3904.05,INFLOW,ORDER_PAYMENT,2026-09-14 13:37:25
TX-12579,ORD-8579,CUSTOMER,CUST-0364,8108.6,INFLOW,ORDER_PAYMENT,2026-09-14 13:45:42
TX-12580,ORD-8580,CUSTOMER,CUST-0349,1125.08,INFLOW,ORDER_PAYMENT,2026-09-14 13:54:15
TX-12581,ORD-8581,CUSTOMER,CUST-0052,5288.26,INFLOW,ORDER_PAYMENT,2026-09-14 14:02:46
TX-12582,ORD-8582,CUSTOMER,CUST-0099,4905.66,INFLOW,ORDER_PAYMENT,2026-09-14 14:11:05
TX-12583,ORD-8583,CUSTOMER,CUST-0342,4272.95,INFLOW,ORDER_PAYMENT,2026-09-14 14:19:32
TX-12584,ORD-8584,CUSTOMER,CUST-0001,1434.09,INFLOW,ORDER_PAYMENT,2026-09-14 14:27:32
TX-12585,ORD-8585,CUSTOMER,CUST-0377,3314.53,INFLOW,ORDER_PAYMENT,2026-09-14 14:36:22
TX-12586,ORD-8586,CUSTOMER,CUST-0344,4390.3,INFLOW,ORDER_PAYMENT,2026-09-14 14:44:42
TX-12587,ORD-8587,CUSTOMER,CUST-0453,7808.1,INFLOW,ORDER_PAYMENT,2026-09-14 14:53:06
TX-12588,ORD-8588,CUSTOMER,CUST-0294,2483.23,INFLOW,ORDER_PAYMENT,2026-09-14 15:01:07
TX-12589,ORD-8589,CUSTOMER,CUST-0152,2252.3,INFLOW,ORDER_PAYMENT,2026-09-14 15:09:50
TX-12590,ORD-8590,CUSTOMER,CUST-0062,4390.3,INFLOW,ORDER_PAYMENT,2026-09-14 15:18:18
TX-12591,ORD-8591,CUSTOMER,CUST-0126,674.08,INFLOW,ORDER_PAYMENT,2026-09-14 15:26:34
TX-12592,ORD-8592,CUSTOMER,CUST-0352,3314.53,INFLOW,ORDER_PAYMENT,2026-09-14 15:34:46
TX-12593,ORD-8593,CUSTOMER,CUST-0445,8849.94,INFLOW,ORDER_PAYMENT,2026-09-14 15:43:20
TX-12594,ORD-8594,CUSTOMER,CUST-0238,2252.3,INFLOW,ORDER_PAYMENT,2026-09-14 15:51:55
TX-12595,ORD-8595,CUSTOMER,CUST-0447,2757.05,INFLOW,ORDER_PAYMENT,2026-09-14 16:00:17
TX-12596,ORD-8596,CUSTOMER,CUST-0385,3621.3,INFLOW,ORDER_PAYMENT,2026-09-14 16:08:42
TX-12597,ORD-8597,CUSTOMER,CUST-0251,851.72,INFLOW,ORDER_PAYMENT,2026-09-14 16:16:56
TX-12598,ORD-8598,CUSTOMER,CUST-0008,1100.0,INFLOW,ORDER_PAYMENT,2026-09-14 16:25:31
TX-12599,ORD-8599,CUSTOMER,CUST-0277,3855.71,INFLOW,ORDER_PAYMENT,2026-09-14 16:33:34
TX-12600,ORD-8600,CUSTOMER,CUST-0407,2446.64,INFLOW,ORDER_PAYMENT,2026-09-14 16:41:53
TX-SUP-NOV-4,PO-SUP-NOV-4,SUPPLIER,SUP-031,23000.0,OUTFLOW,SUPPLIER_PAYMENT,2026-09-14 16:45:00
TX-12601,ORD-8601,CUSTOMER,CUST-0274,3786.85,INFLOW,ORDER_PAYMENT,2026-09-14 16:50:32
TX-12602,ORD-8602,CUSTOMER,CUST-0067,263.42,INFLOW,ORDER_PAYMENT,2026-09-14 16:59:08
TX-12603,ORD-8603,CUSTOMER,CUST-0289,1948.31,INFLOW,ORDER_PAYMENT,2026-09-14 17:07:28
TX-12604,ORD-8604,CUSTOMER,CUST-0375,4336.35,INFLOW,ORDER_PAYMENT,2026-09-14 17:15:28
TX-12605,ORD-8605,CUSTOMER,CUST-0354,2419.53,INFLOW,ORDER_PAYMENT,2026-09-14 17:24:03
TX-12606,ORD-8606,CUSTOMER,CUST-0185,7054.32,INFLOW,ORDER_PAYMENT,2026-09-14 17:32:27
TX-12607,ORD-8607,CUSTOMER,CUST-0159,535.08,INFLOW,ORDER_PAYMENT,2026-09-14 17:40:56
TX-12608,ORD-8608,CUSTOMER,CUST-0283,1732.3,INFLOW,ORDER_PAYMENT,2026-09-14 17:49:24
TX-12609,ORD-8609,CUSTOMER,CUST-0054,2449.37,INFLOW,ORDER_PAYMENT,2026-09-14 17:57:38
TX-12610,ORD-8610,CUSTOMER,CUST-0124,526.84,INFLOW,ORDER_PAYMENT,2026-09-14 18:06:01
TX-12611,ORD-8611,CUSTOMER,CUST-0011,1434.09,INFLOW,ORDER_PAYMENT,2026-09-14 18:14:14
TX-12612,ORD-8612,CUSTOMER,CUST-0347,3297.77,INFLOW,ORDER_PAYMENT,2026-09-14 18:22:58
TX-12613,ORD-8613,CUSTOMER,CUST-0478,4030.3,INFLOW,ORDER_PAYMENT,2026-09-14 18:31:22
TX-12614,ORD-8614,CUSTOMER,CUST-0346,4226.7,INFLOW,ORDER_PAYMENT,2026-09-14 18:39:50
TX-12615,ORD-8615,CUSTOMER,CUST-0011,1100.0,INFLOW,ORDER_PAYMENT,2026-09-14 18:48:19
TX-12616,ORD-8616,CUSTOMER,CUST-0276,6610.12,INFLOW,ORDER_PAYMENT,2026-09-14 18:56:35
TX-12617,ORD-8617,CUSTOMER,CUST-0020,4294.61,INFLOW,ORDER_PAYMENT,2026-09-14 19:04:59
TX-12618,ORD-8618,CUSTOMER,CUST-0471,1882.85,INFLOW,ORDER_PAYMENT,2026-09-14 19:13:07
TX-12619,ORD-8619,CUSTOMER,CUST-0224,4257.97,INFLOW,ORDER_PAYMENT,2026-09-14 19:21:50
TX-12620,ORD-8620,CUSTOMER,CUST-0101,4294.61,INFLOW,ORDER_PAYMENT,2026-09-14 19:30:11
TX-12621,ORD-8621,CUSTOMER,CUST-0469,1636.78,INFLOW,ORDER_PAYMENT,2026-09-14 19:38:25
TX-12622,ORD-8622,CUSTOMER,CUST-0118,1904.59,INFLOW,ORDER_PAYMENT,2026-09-14 19:46:41
TX-12623,ORD-8623,CUSTOMER,CUST-0024,1904.59,INFLOW,ORDER_PAYMENT,2026-09-14 19:55:12
TX-12624,ORD-8624,CUSTOMER,CUST-0418,2446.64,INFLOW,ORDER_PAYMENT,2026-09-14 20:03:33
TX-12625,ORD-8625,CUSTOMER,CUST-0114,4030.3,INFLOW,ORDER_PAYMENT,2026-09-14 20:11:53
TX-12626,ORD-8626,CUSTOMER,CUST-0004,3722.35,INFLOW,ORDER_PAYMENT,2026-09-14 20:20:12
TX-12627,ORD-8627,CUSTOMER,CUST-0188,3564.2,INFLOW,ORDER_PAYMENT,2026-09-14 20:28:46
TX-12628,ORD-8628,CUSTOMER,CUST-0275,829.04,INFLOW,ORDER_PAYMENT,2026-09-14 20:37:00
TX-12629,ORD-8629,CUSTOMER,CUST-0457,1125.08,INFLOW,ORDER_PAYMENT,2026-09-14 20:45:36
TX-12630,ORD-8630,CUSTOMER,CUST-0013,4448.99,INFLOW,ORDER_PAYMENT,2026-09-14 20:54:01
TX-12631,ORD-8631,CUSTOMER,CUST-0015,2836.68,INFLOW,ORDER_PAYMENT,2026-09-14 21:02:41
TX-12632,ORD-8632,CUSTOMER,CUST-0114,1076.17,INFLOW,ORDER_PAYMENT,2026-09-14 21:10:44
TX-12633,ORD-8633,CUSTOMER,CUST-0049,3303.71,INFLOW,ORDER_PAYMENT,2026-09-14 21:19:05
TX-12634,ORD-8634,CUSTOMER,CUST-0103,826.99,INFLOW,ORDER_PAYMENT,2026-09-14 21:27:41
TX-12635,ORD-8635,CUSTOMER,CUST-0228,1948.31,INFLOW,ORDER_PAYMENT,2026-09-14 21:36:16
TX-12636,ORD-8636,CUSTOMER,CUST-0259,1229.97,INFLOW,ORDER_PAYMENT,2026-09-14 21:44:23
TX-12637,ORD-8637,CUSTOMER,CUST-0071,1524.23,INFLOW,ORDER_PAYMENT,2026-09-14 21:52:43
TX-12638,ORD-8638,CUSTOMER,CUST-0138,8152.86,INFLOW,ORDER_PAYMENT,2026-09-14 22:01:20
TX-12639,ORD-8639,CUSTOMER,CUST-0333,3904.05,INFLOW,ORDER_PAYMENT,2026-09-14 22:09:34
TX-12640,ORD-8640,CUSTOMER,CUST-0277,4424.97,INFLOW,ORDER_PAYMENT,2026-09-14 22:17:54
TX-12641,ORD-8641,CUSTOMER,CUST-0097,3684.61,INFLOW,ORDER_PAYMENT,2026-09-14 22:26:29
TX-12642,ORD-8642,CUSTOMER,CUST-0151,1076.17,INFLOW,ORDER_PAYMENT,2026-09-14 22:34:51
TX-12643,ORD-8643,CUSTOMER,CUST-0147,4424.97,INFLOW,ORDER_PAYMENT,2026-09-14 22:43:11
TX-12644,ORD-8644,CUSTOMER,CUST-0318,613.4,INFLOW,ORDER_PAYMENT,2026-09-14 22:51:50
TX-12645,ORD-8645,CUSTOMER,CUST-0286,1418.34,INFLOW,ORDER_PAYMENT,2026-09-14 22:59:58
TX-12646,ORD-8646,CUSTOMER,CUST-0090,306.7,INFLOW,ORDER_PAYMENT,2026-09-14 23:08:22
TX-12647,ORD-8647,CUSTOMER,CUST-0055,2446.64,INFLOW,ORDER_PAYMENT,2026-09-14 23:16:42
TX-12648,ORD-8648,CUSTOMER,CUST-0495,3637.58,INFLOW,ORDER_PAYMENT,2026-09-14 23:25:26
TX-12649,ORD-8649,CUSTOMER,CUST-0153,3310.04,INFLOW,ORDER_PAYMENT,2026-09-14 23:33:32
TX-12650,ORD-8650,CUSTOMER,CUST-0124,3211.6,INFLOW,ORDER_PAYMENT,2026-09-14 23:42:02
TX-12651,ORD-8651,CUSTOMER,CUST-0347,4294.61,INFLOW,ORDER_PAYMENT,2026-09-14 23:50:38
TX-12652,ORD-8652,CUSTOMER,CUST-0174,4076.43,INFLOW,ORDER_PAYMENT,2026-09-14 23:58:59
TX-12653,ORD-8653,CUSTOMER,CUST-0450,8849.94,INFLOW,ORDER_PAYMENT,2026-09-15 00:07:01
TX-12654,ORD-8654,CUSTOMER,CUST-0103,1605.72,INFLOW,ORDER_PAYMENT,2026-09-15 00:15:33
TX-12655,ORD-8655,CUSTOMER,CUST-0354,4424.97,INFLOW,ORDER_PAYMENT,2026-09-15 00:24:16
TX-12656,ORD-8656,CUSTOMER,CUST-0135,818.39,INFLOW,ORDER_PAYMENT,2026-09-15 00:32:26
TX-12657,ORD-8657,CUSTOMER,CUST-0164,4458.58,INFLOW,ORDER_PAYMENT,2026-09-15 00:40:41
TX-12658,ORD-8658,CUSTOMER,CUST-0169,3052.92,INFLOW,ORDER_PAYMENT,2026-09-15 00:49:13
TX-12659,ORD-8659,CUSTOMER,CUST-0452,3527.16,INFLOW,ORDER_PAYMENT,2026-09-15 00:57:40
TX-12660,ORD-8660,CUSTOMER,CUST-0463,4966.46,INFLOW,ORDER_PAYMENT,2026-09-15 01:05:55
TX-12661,ORD-8661,CUSTOMER,CUST-0189,4054.3,INFLOW,ORDER_PAYMENT,2026-09-15 01:14:11
TX-12662,ORD-8662,CUSTOMER,CUST-0366,3765.7,INFLOW,ORDER_PAYMENT,2026-09-15 01:22:47
TX-12663,ORD-8663,CUSTOMER,CUST-0054,3737.74,INFLOW,ORDER_PAYMENT,2026-09-15 01:31:01
TX-12664,ORD-8664,CUSTOMER,CUST-0206,6595.54,INFLOW,ORDER_PAYMENT,2026-09-15 01:39:49
TX-12665,ORD-8665,CUSTOMER,CUST-0052,1604.68,INFLOW,ORDER_PAYMENT,2026-09-15 01:47:54
TX-12666,ORD-8666,CUSTOMER,CUST-0081,2483.23,INFLOW,ORDER_PAYMENT,2026-09-15 01:56:15
TX-12667,ORD-8667,CUSTOMER,CUST-0131,2757.05,INFLOW,ORDER_PAYMENT,2026-09-15 02:05:02
TX-12668,ORD-8668,CUSTOMER,CUST-0281,3527.16,INFLOW,ORDER_PAYMENT,2026-09-15 02:13:17
TX-12669,ORD-8669,CUSTOMER,CUST-0313,3314.53,INFLOW,ORDER_PAYMENT,2026-09-15 02:21:25
TX-12670,ORD-8670,CUSTOMER,CUST-0349,3052.92,INFLOW,ORDER_PAYMENT,2026-09-15 02:29:50
TX-12671,ORD-8671,CUSTOMER,CUST-0071,2446.64,INFLOW,ORDER_PAYMENT,2026-09-15 02:38:25
TX-12672,ORD-8672,CUSTOMER,CUST-0303,3052.92,INFLOW,ORDER_PAYMENT,2026-09-15 02:46:59
TX-12673,ORD-8673,CUSTOMER,CUST-0175,2419.53,INFLOW,ORDER_PAYMENT,2026-09-15 02:55:12
TX-12674,ORD-8674,CUSTOMER,CUST-0257,716.24,INFLOW,ORDER_PAYMENT,2026-09-15 03:03:47
TX-12675,ORD-8675,CUSTOMER,CUST-0033,4390.3,INFLOW,ORDER_PAYMENT,2026-09-15 03:12:15
TX-12676,ORD-8676,CUSTOMER,CUST-0426,4337.59,INFLOW,ORDER_PAYMENT,2026-09-15 03:20:33
TX-12677,ORD-8677,CUSTOMER,CUST-0125,4054.3,INFLOW,ORDER_PAYMENT,2026-09-15 03:28:54
TX-12678,ORD-8678,CUSTOMER,CUST-0394,1653.98,INFLOW,ORDER_PAYMENT,2026-09-15 03:37:18
TX-12679,ORD-8679,CUSTOMER,CUST-0011,1766.76,INFLOW,ORDER_PAYMENT,2026-09-15 03:45:32
TX-12680,ORD-8680,CUSTOMER,CUST-0080,1076.17,INFLOW,ORDER_PAYMENT,2026-09-15 03:54:04
TX-12681,ORD-8681,CUSTOMER,CUST-0239,6595.54,INFLOW,ORDER_PAYMENT,2026-09-15 04:02:14
TX-12682,ORD-8682,CUSTOMER,CUST-0127,851.72,INFLOW,ORDER_PAYMENT,2026-09-15 04:10:54
TX-12683,ORD-8683,CUSTOMER,CUST-0497,3569.25,INFLOW,ORDER_PAYMENT,2026-09-15 04:19:26
TX-12684,ORD-8684,CUSTOMER,CUST-0170,1434.09,INFLOW,ORDER_PAYMENT,2026-09-15 04:27:45
TX-12685,ORD-8685,CUSTOMER,CUST-0344,1524.23,INFLOW,ORDER_PAYMENT,2026-09-15 04:35:56
TX-12686,ORD-8686,CUSTOMER,CUST-0265,1605.72,INFLOW,ORDER_PAYMENT,2026-09-15 04:44:09
TX-12687,ORD-8687,CUSTOMER,CUST-0218,3024.83,INFLOW,ORDER_PAYMENT,2026-09-15 04:52:44
TX-12688,ORD-8688,CUSTOMER,CUST-0204,4448.99,INFLOW,ORDER_PAYMENT,2026-09-15 05:01:10
TX-12689,ORD-8689,CUSTOMER,CUST-0472,3303.71,INFLOW,ORDER_PAYMENT,2026-09-15 05:09:25
TX-12690,ORD-8690,CUSTOMER,CUST-0036,1100.0,INFLOW,ORDER_PAYMENT,2026-09-15 05:18:11
TX-12691,ORD-8691,CUSTOMER,CUST-0443,1768.39,INFLOW,ORDER_PAYMENT,2026-09-15 05:26:23
TX-12692,ORD-8692,CUSTOMER,CUST-0130,1948.31,INFLOW,ORDER_PAYMENT,2026-09-15 05:34:50
TX-12693,ORD-8693,CUSTOMER,CUST-0332,3904.05,INFLOW,ORDER_PAYMENT,2026-09-15 05:43:13
TX-12694,ORD-8694,CUSTOMER,CUST-0173,1882.85,INFLOW,ORDER_PAYMENT,2026-09-15 05:51:26
TX-12695,ORD-8695,CUSTOMER,CUST-0095,4448.99,INFLOW,ORDER_PAYMENT,2026-09-15 06:00:06
TX-12696,ORD-8696,CUSTOMER,CUST-0482,3621.3,INFLOW,ORDER_PAYMENT,2026-09-15 06:08:30
TX-12697,ORD-8697,CUSTOMER,CUST-0473,656.92,INFLOW,ORDER_PAYMENT,2026-09-15 06:16:46
TX-12698,ORD-8698,CUSTOMER,CUST-0416,1778.18,INFLOW,ORDER_PAYMENT,2026-09-15 06:25:05
TX-12699,ORD-8699,CUSTOMER,CUST-0110,1924.84,INFLOW,ORDER_PAYMENT,2026-09-15 06:33:47
TX-12700,ORD-8700,CUSTOMER,CUST-0347,4337.59,INFLOW,ORDER_PAYMENT,2026-09-15 06:42:12
TX-12701,ORD-8701,CUSTOMER,CUST-0121,3464.6,INFLOW,ORDER_PAYMENT,2026-09-15 06:50:18
TX-12702,ORD-8702,CUSTOMER,CUST-0120,829.04,INFLOW,ORDER_PAYMENT,2026-09-15 06:58:53
TX-12703,ORD-8703,CUSTOMER,CUST-0488,3684.61,INFLOW,ORDER_PAYMENT,2026-09-15 07:07:25
TX-12704,ORD-8704,CUSTOMER,CUST-0494,674.08,INFLOW,ORDER_PAYMENT,2026-09-15 07:15:25
TX-12705,ORD-8705,CUSTOMER,CUST-0028,883.38,INFLOW,ORDER_PAYMENT,2026-09-15 07:24:08
TX-12706,ORD-8706,CUSTOMER,CUST-0196,3904.31,INFLOW,ORDER_PAYMENT,2026-09-15 07:32:33
TX-12707,ORD-8707,CUSTOMER,CUST-0137,3527.16,INFLOW,ORDER_PAYMENT,2026-09-15 07:41:00
TX-12708,ORD-8708,CUSTOMER,CUST-0269,3817.51,INFLOW,ORDER_PAYMENT,2026-09-15 07:49:19
TX-12709,ORD-8709,CUSTOMER,CUST-0099,670.05,INFLOW,ORDER_PAYMENT,2026-09-15 07:57:36
TX-12710,ORD-8710,CUSTOMER,CUST-0064,3305.06,INFLOW,ORDER_PAYMENT,2026-09-15 08:06:04
TX-12711,ORD-8711,CUSTOMER,CUST-0109,2757.05,INFLOW,ORDER_PAYMENT,2026-09-15 08:14:13
TX-12712,ORD-8712,CUSTOMER,CUST-0093,4424.97,INFLOW,ORDER_PAYMENT,2026-09-15 08:22:50
TX-12713,ORD-8713,CUSTOMER,CUST-0463,4390.3,INFLOW,ORDER_PAYMENT,2026-09-15 08:31:19
TX-12714,ORD-8714,CUSTOMER,CUST-0382,3855.71,INFLOW,ORDER_PAYMENT,2026-09-15 08:39:34
TX-12715,ORD-8715,CUSTOMER,CUST-0348,3897.52,INFLOW,ORDER_PAYMENT,2026-09-15 08:47:49
TX-12716,ORD-8716,CUSTOMER,CUST-0407,3211.6,INFLOW,ORDER_PAYMENT,2026-09-15 08:56:36
TX-12717,ORD-8717,CUSTOMER,CUST-0111,3305.06,INFLOW,ORDER_PAYMENT,2026-09-15 09:04:44
TX-12718,ORD-8718,CUSTOMER,CUST-0484,4905.66,INFLOW,ORDER_PAYMENT,2026-09-15 09:13:22
TX-12719,ORD-8719,CUSTOMER,CUST-0247,4101.12,INFLOW,ORDER_PAYMENT,2026-09-15 09:21:39
TX-12720,ORD-8720,CUSTOMER,CUST-0466,4337.59,INFLOW,ORDER_PAYMENT,2026-09-15 09:30:08
TX-12721,ORD-8721,CUSTOMER,CUST-0319,3052.92,INFLOW,ORDER_PAYMENT,2026-09-15 09:38:23
TX-12722,ORD-8722,CUSTOMER,CUST-0164,3570.49,INFLOW,ORDER_PAYMENT,2026-09-15 09:46:39
TX-12723,ORD-8723,CUSTOMER,CUST-0004,3569.25,INFLOW,ORDER_PAYMENT,2026-09-15 09:54:54
TX-12724,ORD-8724,CUSTOMER,CUST-0180,306.7,INFLOW,ORDER_PAYMENT,2026-09-15 10:03:30
TX-12725,ORD-8725,CUSTOMER,CUST-0027,4093.93,INFLOW,ORDER_PAYMENT,2026-09-15 10:12:03
TX-12726,ORD-8726,CUSTOMER,CUST-0120,517.68,INFLOW,ORDER_PAYMENT,2026-09-15 10:20:32
TX-12727,ORD-8727,CUSTOMER,CUST-0288,1524.23,INFLOW,ORDER_PAYMENT,2026-09-15 10:28:30
TX-12728,ORD-8728,CUSTOMER,CUST-0163,1862.43,INFLOW,ORDER_PAYMENT,2026-09-15 10:37:01
TX-12729,ORD-8729,CUSTOMER,CUST-0247,1544.47,INFLOW,ORDER_PAYMENT,2026-09-15 10:45:29
TX-12730,ORD-8730,CUSTOMER,CUST-0327,4257.97,INFLOW,ORDER_PAYMENT,2026-09-15 10:53:41
TX-12731,ORD-8731,CUSTOMER,CUST-0251,670.05,INFLOW,ORDER_PAYMENT,2026-09-15 11:02:23
TX-12732,ORD-8732,CUSTOMER,CUST-0447,3564.2,INFLOW,ORDER_PAYMENT,2026-09-15 11:10:29
TX-12733,ORD-8733,CUSTOMER,CUST-0478,6610.12,INFLOW,ORDER_PAYMENT,2026-09-15 11:19:05
TX-12734,ORD-8734,CUSTOMER,CUST-0006,3024.83,INFLOW,ORDER_PAYMENT,2026-09-15 11:27:42
TX-12735,ORD-8735,CUSTOMER,CUST-0403,263.42,INFLOW,ORDER_PAYMENT,2026-09-15 11:35:49
TX-12736,ORD-8736,CUSTOMER,CUST-0365,3554.02,INFLOW,ORDER_PAYMENT,2026-09-15 11:44:09
TX-12737,ORD-8737,CUSTOMER,CUST-0027,1231.42,INFLOW,ORDER_PAYMENT,2026-09-15 11:52:53
TX-12738,ORD-8738,CUSTOMER,CUST-0029,2180.0,INFLOW,ORDER_PAYMENT,2026-09-15 12:01:22
TX-12739,ORD-8739,CUSTOMER,CUST-0428,4966.46,INFLOW,ORDER_PAYMENT,2026-09-15 12:09:34
TX-12740,ORD-8740,CUSTOMER,CUST-0218,3211.44,INFLOW,ORDER_PAYMENT,2026-09-15 12:17:58
TX-12741,ORD-8741,CUSTOMER,CUST-0255,656.92,INFLOW,ORDER_PAYMENT,2026-09-15 12:26:04
TX-12742,ORD-8742,CUSTOMER,CUST-0345,4294.61,INFLOW,ORDER_PAYMENT,2026-09-15 12:34:30
TX-12743,ORD-8743,CUSTOMER,CUST-0100,8672.7,INFLOW,ORDER_PAYMENT,2026-09-15 12:43:19
TX-12744,ORD-8744,CUSTOMER,CUST-0028,3211.6,INFLOW,ORDER_PAYMENT,2026-09-15 12:51:43
TX-12745,ORD-8745,CUSTOMER,CUST-0436,3527.16,INFLOW,ORDER_PAYMENT,2026-09-15 12:59:44
TX-12746,ORD-8746,CUSTOMER,CUST-0357,3569.25,INFLOW,ORDER_PAYMENT,2026-09-15 13:08:32
TX-12747,ORD-8747,CUSTOMER,CUST-0309,4093.93,INFLOW,ORDER_PAYMENT,2026-09-15 13:16:47
TX-12748,ORD-8748,CUSTOMER,CUST-0250,1992.9,INFLOW,ORDER_PAYMENT,2026-09-15 13:25:14
TX-12749,ORD-8749,CUSTOMER,CUST-0045,291.34,INFLOW,ORDER_PAYMENT,2026-09-15 13:33:19
TX-12750,ORD-8750,CUSTOMER,CUST-0415,1004.29,INFLOW,ORDER_PAYMENT,2026-09-15 13:41:55
TX-12751,ORD-8751,CUSTOMER,CUST-0384,1992.9,INFLOW,ORDER_PAYMENT,2026-09-15 13:50:06
TX-12752,ORD-8752,CUSTOMER,CUST-0244,258.84,INFLOW,ORDER_PAYMENT,2026-09-15 13:58:41
TX-SUP-NOV-5,PO-SUP-NOV-5,SUPPLIER,SUP-031,24000.0,OUTFLOW,SUPPLIER_PAYMENT,2026-09-15 14:00:00
TX-12753,ORD-8753,CUSTOMER,CUST-0311,1605.72,INFLOW,ORDER_PAYMENT,2026-09-15 14:07:16
TX-12754,ORD-8754,CUSTOMER,CUST-0398,3063.16,INFLOW,ORDER_PAYMENT,2026-09-15 14:15:17
TX-12755,ORD-8755,CUSTOMER,CUST-0316,1604.68,INFLOW,ORDER_PAYMENT,2026-09-15 14:23:39
TX-12756,ORD-8756,CUSTOMER,CUST-0177,2483.23,INFLOW,ORDER_PAYMENT,2026-09-15 14:32:24
TX-12757,ORD-8757,CUSTOMER,CUST-0337,674.08,INFLOW,ORDER_PAYMENT,2026-09-15 14:40:55
TX-12758,ORD-8758,CUSTOMER,CUST-0323,1604.68,INFLOW,ORDER_PAYMENT,2026-09-15 14:49:12
TX-12759,ORD-8759,CUSTOMER,CUST-0401,2252.3,INFLOW,ORDER_PAYMENT,2026-09-15 14:57:18
TX-12760,ORD-8760,CUSTOMER,CUST-0210,2757.05,INFLOW,ORDER_PAYMENT,2026-09-15 15:05:40
TX-12761,ORD-8761,CUSTOMER,CUST-0111,431.18,INFLOW,ORDER_PAYMENT,2026-09-15 15:14:06
TX-12762,ORD-8762,CUSTOMER,CUST-0046,2757.05,INFLOW,ORDER_PAYMENT,2026-09-15 15:22:44
TX-12763,ORD-8763,CUSTOMER,CUST-0029,4093.93,INFLOW,ORDER_PAYMENT,2026-09-15 15:30:57
TX-12764,ORD-8764,CUSTOMER,CUST-0380,1100.0,INFLOW,ORDER_PAYMENT,2026-09-15 15:39:42
TX-12765,ORD-8765,CUSTOMER,CUST-0075,2446.64,INFLOW,ORDER_PAYMENT,2026-09-15 15:47:43
TX-12766,ORD-8766,CUSTOMER,CUST-0490,2644.13,INFLOW,ORDER_PAYMENT,2026-09-15 15:56:29
TX-12767,ORD-8767,CUSTOMER,CUST-0276,656.92,INFLOW,ORDER_PAYMENT,2026-09-15 16:04:40
TX-12768,ORD-8768,CUSTOMER,CUST-0361,1948.31,INFLOW,ORDER_PAYMENT,2026-09-15 16:13:18
TX-12769,ORD-8769,CUSTOMER,CUST-0274,851.72,INFLOW,ORDER_PAYMENT,2026-09-15 16:21:14
TX-12770,ORD-8770,CUSTOMER,CUST-0396,826.99,INFLOW,ORDER_PAYMENT,2026-09-15 16:29:50
TX-12771,ORD-8771,CUSTOMER,CUST-0215,358.12,INFLOW,ORDER_PAYMENT,2026-09-15 16:38:21
TX-12772,ORD-8772,CUSTOMER,CUST-0302,3621.3,INFLOW,ORDER_PAYMENT,2026-09-15 16:46:26
TX-12773,ORD-8773,CUSTOMER,CUST-0350,1299.1,INFLOW,ORDER_PAYMENT,2026-09-15 16:54:54
TX-12774,ORD-8774,CUSTOMER,CUST-0383,3527.16,INFLOW,ORDER_PAYMENT,2026-09-15 17:03:27
TX-12775,ORD-8775,CUSTOMER,CUST-0310,889.09,INFLOW,ORDER_PAYMENT,2026-09-15 17:11:48
TX-12776,ORD-8776,CUSTOMER,CUST-0002,2757.05,INFLOW,ORDER_PAYMENT,2026-09-15 17:20:27
TX-12777,ORD-8777,CUSTOMER,CUST-0328,3527.16,INFLOW,ORDER_PAYMENT,2026-09-15 17:28:37
TX-12778,ORD-8778,CUSTOMER,CUST-0128,1229.97,INFLOW,ORDER_PAYMENT,2026-09-15 17:36:56
TX-12779,ORD-8779,CUSTOMER,CUST-0171,829.04,INFLOW,ORDER_PAYMENT,2026-09-15 17:45:20
TX-12780,ORD-8780,CUSTOMER,CUST-0450,8849.94,INFLOW,ORDER_PAYMENT,2026-09-15 17:54:05
TX-12781,ORD-8781,CUSTOMER,CUST-0144,1703.44,INFLOW,ORDER_PAYMENT,2026-09-15 18:02:17
TX-12782,ORD-8782,CUSTOMER,CUST-0405,1605.72,INFLOW,ORDER_PAYMENT,2026-09-15 18:10:51
TX-12783,ORD-8783,CUSTOMER,CUST-0180,4893.28,INFLOW,ORDER_PAYMENT,2026-09-15 18:19:04
TX-12784,ORD-8784,CUSTOMER,CUST-0122,4294.61,INFLOW,ORDER_PAYMENT,2026-09-15 18:27:34
TX-12785,ORD-8785,CUSTOMER,CUST-0487,4272.95,INFLOW,ORDER_PAYMENT,2026-09-15 18:36:00
TX-12786,ORD-8786,CUSTOMER,CUST-0006,1882.85,INFLOW,ORDER_PAYMENT,2026-09-15 18:44:05
TX-12787,ORD-8787,CUSTOMER,CUST-0444,3211.6,INFLOW,ORDER_PAYMENT,2026-09-15 18:52:45
TX-12788,ORD-8788,CUSTOMER,CUST-0090,4966.46,INFLOW,ORDER_PAYMENT,2026-09-15 19:01:12
TX-12789,ORD-8789,CUSTOMER,CUST-0300,1100.0,INFLOW,ORDER_PAYMENT,2026-09-15 19:09:13
TX-12790,ORD-8790,CUSTOMER,CUST-0369,1768.39,INFLOW,ORDER_PAYMENT,2026-09-15 19:18:03
TX-12791,ORD-8791,CUSTOMER,CUST-0424,1125.08,INFLOW,ORDER_PAYMENT,2026-09-15 19:26:15
TX-12792,ORD-8792,CUSTOMER,CUST-0122,3209.36,INFLOW,ORDER_PAYMENT,2026-09-15 19:34:28
TX-12793,ORD-8793,CUSTOMER,CUST-0360,4054.3,INFLOW,ORDER_PAYMENT,2026-09-15 19:42:58
TX-12794,ORD-8794,CUSTOMER,CUST-0068,1904.59,INFLOW,ORDER_PAYMENT,2026-09-15 19:51:30
TX-12795,ORD-8795,CUSTOMER,CUST-0197,851.72,INFLOW,ORDER_PAYMENT,2026-09-15 19:59:57
TX-12796,ORD-8796,CUSTOMER,CUST-0213,2200.0,INFLOW,ORDER_PAYMENT,2026-09-15 20:08:09
TX-12797,ORD-8797,CUSTOMER,CUST-0193,3196.07,INFLOW,ORDER_PAYMENT,2026-09-15 20:16:26
TX-12798,ORD-8798,CUSTOMER,CUST-0179,4093.93,INFLOW,ORDER_PAYMENT,2026-09-15 20:24:58
TX-12799,ORD-8799,CUSTOMER,CUST-0062,2439.3,INFLOW,ORDER_PAYMENT,2026-09-15 20:33:25
TX-12800,ORD-8800,CUSTOMER,CUST-0397,3412.17,INFLOW,ORDER_PAYMENT,2026-09-15 20:41:38
TX-12801,ORD-8801,CUSTOMER,CUST-0468,557.56,INFLOW,ORDER_PAYMENT,2026-09-15 20:50:22
TX-12802,ORD-8802,CUSTOMER,CUST-0376,1231.42,INFLOW,ORDER_PAYMENT,2026-09-15 20:58:28
TX-12803,ORD-8803,CUSTOMER,CUST-0145,1090.0,INFLOW,ORDER_PAYMENT,2026-09-15 21:06:54
TX-12804,ORD-8804,CUSTOMER,CUST-0141,3904.05,INFLOW,ORDER_PAYMENT,2026-09-15 21:15:21
TX-12805,ORD-8805,CUSTOMER,CUST-0071,2449.37,INFLOW,ORDER_PAYMENT,2026-09-15 21:23:49
TX-12806,ORD-8806,CUSTOMER,CUST-0168,3297.77,INFLOW,ORDER_PAYMENT,2026-09-15 21:32:07
TX-12807,ORD-8807,CUSTOMER,CUST-0408,3024.83,INFLOW,ORDER_PAYMENT,2026-09-15 21:40:42
TX-12808,ORD-8808,CUSTOMER,CUST-0048,4093.93,INFLOW,ORDER_PAYMENT,2026-09-15 21:49:09
TX-12809,ORD-8809,CUSTOMER,CUST-0153,3024.83,INFLOW,ORDER_PAYMENT,2026-09-15 21:57:11
TX-12810,ORD-8810,CUSTOMER,CUST-0176,1732.3,INFLOW,ORDER_PAYMENT,2026-09-15 22:05:38
TX-12811,ORD-8811,CUSTOMER,CUST-0307,8187.86,INFLOW,ORDER_PAYMENT,2026-09-15 22:14:19
TX-12812,ORD-8812,CUSTOMER,CUST-0191,3527.16,INFLOW,ORDER_PAYMENT,2026-09-15 22:22:39
TX-12813,ORD-8813,CUSTOMER,CUST-0438,7180.6,INFLOW,ORDER_PAYMENT,2026-09-15 22:30:59
TX-12814,ORD-8814,CUSTOMER,CUST-0028,2439.3,INFLOW,ORDER_PAYMENT,2026-09-15 22:39:33
TX-12815,ORD-8815,CUSTOMER,CUST-0052,1992.9,INFLOW,ORDER_PAYMENT,2026-09-15 22:47:45
TX-12816,ORD-8816,CUSTOMER,CUST-0225,4101.12,INFLOW,ORDER_PAYMENT,2026-09-15 22:56:02
TX-12817,ORD-8817,CUSTOMER,CUST-0147,5178.12,INFLOW,ORDER_PAYMENT,2026-09-15 23:04:23
TX-12818,ORD-8818,CUSTOMER,CUST-0351,3786.85,INFLOW,ORDER_PAYMENT,2026-09-15 23:12:56
TX-12819,ORD-8819,CUSTOMER,CUST-0224,1090.0,INFLOW,ORDER_PAYMENT,2026-09-15 23:21:20
TX-12820,ORD-8820,CUSTOMER,CUST-0149,4966.46,INFLOW,ORDER_PAYMENT,2026-09-15 23:29:36
TX-12821,ORD-8821,CUSTOMER,CUST-0310,1100.0,INFLOW,ORDER_PAYMENT,2026-09-15 23:38:17
TX-12822,ORD-8822,CUSTOMER,CUST-0040,674.08,INFLOW,ORDER_PAYMENT,2026-09-15 23:46:38
TX-12823,ORD-8823,CUSTOMER,CUST-0409,535.08,INFLOW,ORDER_PAYMENT,2026-09-15 23:55:13
TX-12824,ORD-8824,CUSTOMER,CUST-0121,6607.42,INFLOW,ORDER_PAYMENT,2026-09-16 00:03:15
TX-12825,ORD-8825,CUSTOMER,CUST-0446,4839.06,INFLOW,ORDER_PAYMENT,2026-09-16 00:11:43
TX-12826,ORD-8826,CUSTOMER,CUST-0294,1605.72,INFLOW,ORDER_PAYMENT,2026-09-16 00:20:09
TX-12827,ORD-8827,CUSTOMER,CUST-0077,674.08,INFLOW,ORDER_PAYMENT,2026-09-16 00:28:21
TX-12828,ORD-8828,CUSTOMER,CUST-0121,4030.3,INFLOW,ORDER_PAYMENT,2026-09-16 00:37:08
TX-12829,ORD-8829,CUSTOMER,CUST-0217,1544.47,INFLOW,ORDER_PAYMENT,2026-09-16 00:45:24
TX-12830,ORD-8830,CUSTOMER,CUST-0454,4390.3,INFLOW,ORDER_PAYMENT,2026-09-16 00:53:40
TX-12831,ORD-8831,CUSTOMER,CUST-0257,3305.06,INFLOW,ORDER_PAYMENT,2026-09-16 01:02:06
TX-12832,ORD-8832,CUSTOMER,CUST-0479,3722.35,INFLOW,ORDER_PAYMENT,2026-09-16 01:10:31
TX-12833,ORD-8833,CUSTOMER,CUST-0028,656.92,INFLOW,ORDER_PAYMENT,2026-09-16 01:19:15
TX-12834,ORD-8834,CUSTOMER,CUST-0382,1604.68,INFLOW,ORDER_PAYMENT,2026-09-16 01:27:37
TX-12835,ORD-8835,CUSTOMER,CUST-0334,2446.64,INFLOW,ORDER_PAYMENT,2026-09-16 01:35:58
TX-12836,ORD-8836,CUSTOMER,CUST-0422,4272.95,INFLOW,ORDER_PAYMENT,2026-09-16 01:44:22
TX-12837,ORD-8837,CUSTOMER,CUST-0059,1125.08,INFLOW,ORDER_PAYMENT,2026-09-16 01:52:22
TX-12838,ORD-8838,CUSTOMER,CUST-0493,1418.34,INFLOW,ORDER_PAYMENT,2026-09-16 02:01:06
TX-12839,ORD-8839,CUSTOMER,CUST-0309,4893.28,INFLOW,ORDER_PAYMENT,2026-09-16 02:09:36
TX-12840,ORD-8840,CUSTOMER,CUST-0052,1768.39,INFLOW,ORDER_PAYMENT,2026-09-16 02:18:01
TX-12841,ORD-8841,CUSTOMER,CUST-0024,557.56,INFLOW,ORDER_PAYMENT,2026-09-16 02:26:23
TX-12842,ORD-8842,CUSTOMER,CUST-0406,3303.71,INFLOW,ORDER_PAYMENT,2026-09-16 02:34:50
TX-12843,ORD-8843,CUSTOMER,CUST-0298,1125.08,INFLOW,ORDER_PAYMENT,2026-09-16 02:43:11
TX-12844,ORD-8844,CUSTOMER,CUST-0403,3737.74,INFLOW,ORDER_PAYMENT,2026-09-16 02:51:22
TX-12845,ORD-8845,CUSTOMER,CUST-0234,2252.3,INFLOW,ORDER_PAYMENT,2026-09-16 03:00:00
TX-12846,ORD-8846,CUSTOMER,CUST-0306,4390.3,INFLOW,ORDER_PAYMENT,2026-09-16 03:08:13
TX-12847,ORD-8847,CUSTOMER,CUST-0187,2200.0,INFLOW,ORDER_PAYMENT,2026-09-16 03:16:38
TX-12848,ORD-8848,CUSTOMER,CUST-0269,4054.3,INFLOW,ORDER_PAYMENT,2026-09-16 03:25:00
TX-12849,ORD-8849,CUSTOMER,CUST-0292,1100.0,INFLOW,ORDER_PAYMENT,2026-09-16 03:33:32
TX-12850,ORD-8850,CUSTOMER,CUST-0211,4294.61,INFLOW,ORDER_PAYMENT,2026-09-16 03:41:41
TX-12851,ORD-8851,CUSTOMER,CUST-0478,4504.6,INFLOW,ORDER_PAYMENT,2026-09-16 03:49:58
TX-12852,ORD-8852,CUSTOMER,CUST-0067,1924.84,INFLOW,ORDER_PAYMENT,2026-09-16 03:58:19
TX-12853,ORD-8853,CUSTOMER,CUST-0379,1434.09,INFLOW,ORDER_PAYMENT,2026-09-16 04:06:43
TX-12854,ORD-8854,CUSTOMER,CUST-0051,2589.06,INFLOW,ORDER_PAYMENT,2026-09-16 04:15:20
TX-12855,ORD-8855,CUSTOMER,CUST-0382,2836.68,INFLOW,ORDER_PAYMENT,2026-09-16 04:23:51
TX-12856,ORD-8856,CUSTOMER,CUST-0056,4076.43,INFLOW,ORDER_PAYMENT,2026-09-16 04:32:12
TX-12857,ORD-8857,CUSTOMER,CUST-0487,656.92,INFLOW,ORDER_PAYMENT,2026-09-16 04:40:21
TX-12858,ORD-8858,CUSTOMER,CUST-0030,3904.31,INFLOW,ORDER_PAYMENT,2026-09-16 04:49:02
TX-12859,ORD-8859,CUSTOMER,CUST-0151,1125.08,INFLOW,ORDER_PAYMENT,2026-09-16 04:57:28
TX-12860,ORD-8860,CUSTOMER,CUST-0096,1732.3,INFLOW,ORDER_PAYMENT,2026-09-16 05:05:42
TX-12861,ORD-8861,CUSTOMER,CUST-0143,1229.97,INFLOW,ORDER_PAYMENT,2026-09-16 05:14:25
TX-12862,ORD-8862,CUSTOMER,CUST-0458,1434.09,INFLOW,ORDER_PAYMENT,2026-09-16 05:22:27
TX-12863,ORD-8863,CUSTOMER,CUST-0013,4458.58,INFLOW,ORDER_PAYMENT,2026-09-16 05:30:51
TX-12864,ORD-8864,CUSTOMER,CUST-0482,8187.86,INFLOW,ORDER_PAYMENT,2026-09-16 05:39:07
TX-12865,ORD-8865,CUSTOMER,CUST-0186,3904.31,INFLOW,ORDER_PAYMENT,2026-09-16 05:47:43
TX-12866,ORD-8866,CUSTOMER,CUST-0332,674.08,INFLOW,ORDER_PAYMENT,2026-09-16 05:55:54
TX-12867,ORD-8867,CUSTOMER,CUST-0168,1076.17,INFLOW,ORDER_PAYMENT,2026-09-16 06:04:28
TX-12868,ORD-8868,CUSTOMER,CUST-0177,1434.09,INFLOW,ORDER_PAYMENT,2026-09-16 06:13:12
TX-12869,ORD-8869,CUSTOMER,CUST-0059,674.08,INFLOW,ORDER_PAYMENT,2026-09-16 06:21:09
TX-12870,ORD-8870,CUSTOMER,CUST-0001,4424.97,INFLOW,ORDER_PAYMENT,2026-09-16 06:29:57
TX-12871,ORD-8871,CUSTOMER,CUST-0423,3052.92,INFLOW,ORDER_PAYMENT,2026-09-16 06:38:21
TX-12872,ORD-8872,CUSTOMER,CUST-0248,1340.1,INFLOW,ORDER_PAYMENT,2026-09-16 06:46:45
TX-12873,ORD-8873,CUSTOMER,CUST-0275,3024.83,INFLOW,ORDER_PAYMENT,2026-09-16 06:54:58
TX-12874,ORD-8874,CUSTOMER,CUST-0424,7808.1,INFLOW,ORDER_PAYMENT,2026-09-16 07:03:15
TX-12875,ORD-8875,CUSTOMER,CUST-0155,1125.08,INFLOW,ORDER_PAYMENT,2026-09-16 07:11:37
TX-12876,ORD-8876,CUSTOMER,CUST-0098,414.04,INFLOW,ORDER_PAYMENT,2026-09-16 07:20:19
TX-12877,ORD-8877,CUSTOMER,CUST-0036,1004.29,INFLOW,ORDER_PAYMENT,2026-09-16 07:28:47
TX-12878,ORD-8878,CUSTOMER,CUST-0044,670.05,INFLOW,ORDER_PAYMENT,2026-09-16 07:37:05
TX-12879,ORD-8879,CUSTOMER,CUST-0098,889.09,INFLOW,ORDER_PAYMENT,2026-09-16 07:45:16
TX-12880,ORD-8880,CUSTOMER,CUST-0079,5514.1,INFLOW,ORDER_PAYMENT,2026-09-16 07:53:49
TX-12881,ORD-8881,CUSTOMER,CUST-0376,2589.06,INFLOW,ORDER_PAYMENT,2026-09-16 08:02:04
TX-12882,ORD-8882,CUSTOMER,CUST-0100,2446.64,INFLOW,ORDER_PAYMENT,2026-09-16 08:10:45
TX-12883,ORD-8883,CUSTOMER,CUST-0166,3765.7,INFLOW,ORDER_PAYMENT,2026-09-16 08:19:05
TX-12884,ORD-8884,CUSTOMER,CUST-0433,1100.0,INFLOW,ORDER_PAYMENT,2026-09-16 08:27:31
TX-12885,ORD-8885,CUSTOMER,CUST-0004,1732.3,INFLOW,ORDER_PAYMENT,2026-09-16 08:35:43
TX-12886,ORD-8886,CUSTOMER,CUST-0439,1768.39,INFLOW,ORDER_PAYMENT,2026-09-16 08:44:06
TX-12887,ORD-8887,CUSTOMER,CUST-0365,306.7,INFLOW,ORDER_PAYMENT,2026-09-16 08:52:31
TX-12888,ORD-8888,CUSTOMER,CUST-0370,7711.42,INFLOW,ORDER_PAYMENT,2026-09-16 09:00:53
TX-12889,ORD-8889,CUSTOMER,CUST-0394,2449.37,INFLOW,ORDER_PAYMENT,2026-09-16 09:09:24
TX-12890,ORD-8890,CUSTOMER,CUST-0004,1766.76,INFLOW,ORDER_PAYMENT,2026-09-16 09:17:54
TX-12891,ORD-8891,CUSTOMER,CUST-0330,4226.7,INFLOW,ORDER_PAYMENT,2026-09-16 09:26:01
TX-12892,ORD-8892,CUSTOMER,CUST-0252,4504.6,INFLOW,ORDER_PAYMENT,2026-09-16 09:34:26
TX-12893,ORD-8893,CUSTOMER,CUST-0189,1076.17,INFLOW,ORDER_PAYMENT,2026-09-16 09:42:41
TX-12894,ORD-8894,CUSTOMER,CUST-0343,3196.07,INFLOW,ORDER_PAYMENT,2026-09-16 09:51:23
TX-12895,ORD-8895,CUSTOMER,CUST-0409,8202.24,INFLOW,ORDER_PAYMENT,2026-09-16 09:59:38
TX-12896,ORD-8896,CUSTOMER,CUST-0356,2788.05,INFLOW,ORDER_PAYMENT,2026-09-16 10:08:16
TX-12897,ORD-8897,CUSTOMER,CUST-0236,3554.02,INFLOW,ORDER_PAYMENT,2026-09-16 10:16:20
TX-12898,ORD-8898,CUSTOMER,CUST-0249,1882.85,INFLOW,ORDER_PAYMENT,2026-09-16 10:24:58
TX-12899,ORD-8899,CUSTOMER,CUST-0308,2757.05,INFLOW,ORDER_PAYMENT,2026-09-16 10:33:09
TX-12900,ORD-8900,CUSTOMER,CUST-0325,3590.3,INFLOW,ORDER_PAYMENT,2026-09-16 10:41:39
TX-12901,ORD-8901,CUSTOMER,CUST-0164,8515.94,INFLOW,ORDER_PAYMENT,2026-09-16 10:50:02
TX-12902,ORD-8902,CUSTOMER,CUST-0344,414.04,INFLOW,ORDER_PAYMENT,2026-09-16 10:58:40
TX-12903,ORD-8903,CUSTOMER,CUST-0340,3482.21,INFLOW,ORDER_PAYMENT,2026-09-16 11:06:43
TX-12904,ORD-8904,CUSTOMER,CUST-0014,3817.51,INFLOW,ORDER_PAYMENT,2026-09-16 11:15:06
TX-12905,ORD-8905,CUSTOMER,CUST-0293,5288.26,INFLOW,ORDER_PAYMENT,2026-09-16 11:23:55
TX-12906,ORD-8906,CUSTOMER,CUST-0087,3052.92,INFLOW,ORDER_PAYMENT,2026-09-16 11:31:51
TX-12907,ORD-8907,CUSTOMER,CUST-0091,3786.85,INFLOW,ORDER_PAYMENT,2026-09-16 11:40:30
TX-12908,ORD-8908,CUSTOMER,CUST-0385,2200.0,INFLOW,ORDER_PAYMENT,2026-09-16 11:48:45
TX-12909,ORD-8909,CUSTOMER,CUST-0270,3637.58,INFLOW,ORDER_PAYMENT,2026-09-16 11:57:16
TX-12910,ORD-8910,CUSTOMER,CUST-0251,1604.68,INFLOW,ORDER_PAYMENT,2026-09-16 12:05:51
TX-12911,ORD-8911,CUSTOMER,CUST-0275,431.18,INFLOW,ORDER_PAYMENT,2026-09-16 12:14:00
TX-12912,ORD-8912,CUSTOMER,CUST-0413,1076.17,INFLOW,ORDER_PAYMENT,2026-09-16 12:22:36
TX-12913,ORD-8913,CUSTOMER,CUST-0411,1904.59,INFLOW,ORDER_PAYMENT,2026-09-16 12:30:56
TX-12914,ORD-8914,CUSTOMER,CUST-0339,3536.78,INFLOW,ORDER_PAYMENT,2026-09-16 12:39:29
TX-12915,ORD-8915,CUSTOMER,CUST-0295,2449.37,INFLOW,ORDER_PAYMENT,2026-09-16 12:47:44
TX-12916,ORD-8916,CUSTOMER,CUST-0273,4093.93,INFLOW,ORDER_PAYMENT,2026-09-16 12:56:10
TX-12917,ORD-8917,CUSTOMER,CUST-0456,3305.06,INFLOW,ORDER_PAYMENT,2026-09-16 13:04:21
TX-12918,ORD-8918,CUSTOMER,CUST-0164,1862.43,INFLOW,ORDER_PAYMENT,2026-09-16 13:12:53
TX-12919,ORD-8919,CUSTOMER,CUST-0167,3621.3,INFLOW,ORDER_PAYMENT,2026-09-16 13:21:16
TX-12920,ORD-8920,CUSTOMER,CUST-0268,2757.05,INFLOW,ORDER_PAYMENT,2026-09-16 13:29:39
TX-12921,ORD-8921,CUSTOMER,CUST-0072,2560.05,INFLOW,ORDER_PAYMENT,2026-09-16 13:38:00
TX-12922,ORD-8922,CUSTOMER,CUST-0448,883.38,INFLOW,ORDER_PAYMENT,2026-09-16 13:46:35
TX-12923,ORD-8923,CUSTOMER,CUST-0236,1100.0,INFLOW,ORDER_PAYMENT,2026-09-16 13:54:57
TX-12924,ORD-8924,CUSTOMER,CUST-0107,1904.59,INFLOW,ORDER_PAYMENT,2026-09-16 14:03:07
TX-12925,ORD-8925,CUSTOMER,CUST-0445,1229.97,INFLOW,ORDER_PAYMENT,2026-09-16 14:11:32
TX-12926,ORD-8926,CUSTOMER,CUST-0471,3554.02,INFLOW,ORDER_PAYMENT,2026-09-16 14:20:15
TX-12927,ORD-8927,CUSTOMER,CUST-0478,3737.74,INFLOW,ORDER_PAYMENT,2026-09-16 14:28:27
TX-12928,ORD-8928,CUSTOMER,CUST-0296,535.08,INFLOW,ORDER_PAYMENT,2026-09-16 14:36:44
TX-12929,ORD-8929,CUSTOMER,CUST-0350,3412.17,INFLOW,ORDER_PAYMENT,2026-09-16 14:45:04
TX-12930,ORD-8930,CUSTOMER,CUST-0118,4458.58,INFLOW,ORDER_PAYMENT,2026-09-16 14:53:50
TX-12931,ORD-8931,CUSTOMER,CUST-0331,535.08,INFLOW,ORDER_PAYMENT,2026-09-16 15:02:02
TX-12932,ORD-8932,CUSTOMER,CUST-0278,1100.0,INFLOW,ORDER_PAYMENT,2026-09-16 15:10:16
TX-12933,ORD-8933,CUSTOMER,CUST-0486,291.34,INFLOW,ORDER_PAYMENT,2026-09-16 15:19:03
TX-12934,ORD-8934,CUSTOMER,CUST-0238,1418.34,INFLOW,ORDER_PAYMENT,2026-09-16 15:27:22
TX-12935,ORD-8935,CUSTOMER,CUST-0412,526.84,INFLOW,ORDER_PAYMENT,2026-09-16 15:35:49
TX-12936,ORD-8936,CUSTOMER,CUST-0393,1992.9,INFLOW,ORDER_PAYMENT,2026-09-16 15:43:56
TX-12937,ORD-8937,CUSTOMER,CUST-0310,3737.74,INFLOW,ORDER_PAYMENT,2026-09-16 15:52:38
TX-12938,ORD-8938,CUSTOMER,CUST-0078,7242.6,INFLOW,ORDER_PAYMENT,2026-09-16 16:00:46
TX-12939,ORD-8939,CUSTOMER,CUST-0129,535.08,INFLOW,ORDER_PAYMENT,2026-09-16 16:09:10
TX-12940,ORD-8940,CUSTOMER,CUST-0017,4337.59,INFLOW,ORDER_PAYMENT,2026-09-16 16:17:41
TX-12941,ORD-8941,CUSTOMER,CUST-0196,3063.16,INFLOW,ORDER_PAYMENT,2026-09-16 16:26:00
TX-12942,ORD-8942,CUSTOMER,CUST-0129,258.84,INFLOW,ORDER_PAYMENT,2026-09-16 16:34:20
TX-12943,ORD-8943,CUSTOMER,CUST-0261,3527.16,INFLOW,ORDER_PAYMENT,2026-09-16 16:42:42
TX-12944,ORD-8944,CUSTOMER,CUST-0449,4076.43,INFLOW,ORDER_PAYMENT,2026-09-16 16:51:03
TX-12945,ORD-8945,CUSTOMER,CUST-0256,3569.25,INFLOW,ORDER_PAYMENT,2026-09-16 16:59:24
TX-12946,ORD-8946,CUSTOMER,CUST-0059,3412.17,INFLOW,ORDER_PAYMENT,2026-09-16 17:08:05
TX-12947,ORD-8947,CUSTOMER,CUST-0113,6629.06,INFLOW,ORDER_PAYMENT,2026-09-16 17:16:17
TX-12948,ORD-8948,CUSTOMER,CUST-0244,4294.61,INFLOW,ORDER_PAYMENT,2026-09-16 17:25:02
TX-12949,ORD-8949,CUSTOMER,CUST-0277,3621.3,INFLOW,ORDER_PAYMENT,2026-09-16 17:33:12
TX-12950,ORD-8950,CUSTOMER,CUST-0424,1904.59,INFLOW,ORDER_PAYMENT,2026-09-16 17:41:37
TX-12951,ORD-8951,CUSTOMER,CUST-0349,2483.23,INFLOW,ORDER_PAYMENT,2026-09-16 17:50:06
TX-12952,ORD-8952,CUSTOMER,CUST-0352,7808.1,INFLOW,ORDER_PAYMENT,2026-09-16 17:58:23
TX-12953,ORD-8953,CUSTOMER,CUST-0021,7711.42,INFLOW,ORDER_PAYMENT,2026-09-16 18:07:06
TX-12954,ORD-8954,CUSTOMER,CUST-0410,829.04,INFLOW,ORDER_PAYMENT,2026-09-16 18:15:27
TX-12955,ORD-8955,CUSTOMER,CUST-0125,656.92,INFLOW,ORDER_PAYMENT,2026-09-16 18:23:30
TX-12956,ORD-8956,CUSTOMER,CUST-0408,3904.05,INFLOW,ORDER_PAYMENT,2026-09-16 18:32:16
TX-12957,ORD-8957,CUSTOMER,CUST-0484,3684.61,INFLOW,ORDER_PAYMENT,2026-09-16 18:40:20
TX-12958,ORD-8958,CUSTOMER,CUST-0451,6126.32,INFLOW,ORDER_PAYMENT,2026-09-16 18:48:39
TX-12959,ORD-8959,CUSTOMER,CUST-0156,1100.0,INFLOW,ORDER_PAYMENT,2026-09-16 18:57:12
TX-12960,ORD-8960,CUSTOMER,CUST-0275,1766.76,INFLOW,ORDER_PAYMENT,2026-09-16 19:05:50
TX-12961,ORD-8961,CUSTOMER,CUST-0190,3904.05,INFLOW,ORDER_PAYMENT,2026-09-16 19:13:58
TX-12962,ORD-8962,CUSTOMER,CUST-0316,3297.77,INFLOW,ORDER_PAYMENT,2026-09-16 19:22:24
TX-12963,ORD-8963,CUSTOMER,CUST-0459,2589.06,INFLOW,ORDER_PAYMENT,2026-09-16 19:30:53
TX-12964,ORD-8964,CUSTOMER,CUST-0109,1100.0,INFLOW,ORDER_PAYMENT,2026-09-16 19:39:08
TX-12965,ORD-8965,CUSTOMER,CUST-0067,7808.62,INFLOW,ORDER_PAYMENT,2026-09-16 19:47:46
TX-12966,ORD-8966,CUSTOMER,CUST-0420,6126.32,INFLOW,ORDER_PAYMENT,2026-09-16 19:55:53
TX-12967,ORD-8967,CUSTOMER,CUST-0315,8589.22,INFLOW,ORDER_PAYMENT,2026-09-16 20:04:38
TX-12968,ORD-8968,CUSTOMER,CUST-0065,291.34,INFLOW,ORDER_PAYMENT,2026-09-16 20:12:45
TX-12969,ORD-8969,CUSTOMER,CUST-0406,1090.0,INFLOW,ORDER_PAYMENT,2026-09-16 20:21:16
TX-12970,ORD-8970,CUSTOMER,CUST-0055,557.56,INFLOW,ORDER_PAYMENT,2026-09-16 20:29:41
TX-12971,ORD-8971,CUSTOMER,CUST-0212,2788.05,INFLOW,ORDER_PAYMENT,2026-09-16 20:38:04
TX-12972,ORD-8972,CUSTOMER,CUST-0293,7444.7,INFLOW,ORDER_PAYMENT,2026-09-16 20:46:19
TX-12973,ORD-8973,CUSTOMER,CUST-0435,3897.52,INFLOW,ORDER_PAYMENT,2026-09-16 20:54:47
TX-12974,ORD-8974,CUSTOMER,CUST-0361,2419.53,INFLOW,ORDER_PAYMENT,2026-09-16 21:03:26
TX-12975,ORD-8975,CUSTOMER,CUST-0212,2589.06,INFLOW,ORDER_PAYMENT,2026-09-16 21:11:32
TX-12976,ORD-8976,CUSTOMER,CUST-0009,3412.17,INFLOW,ORDER_PAYMENT,2026-09-16 21:19:54
TX-12977,ORD-8977,CUSTOMER,CUST-0342,4424.97,INFLOW,ORDER_PAYMENT,2026-09-16 21:28:36
TX-12978,ORD-8978,CUSTOMER,CUST-0326,2589.06,INFLOW,ORDER_PAYMENT,2026-09-16 21:36:55
TX-12979,ORD-8979,CUSTOMER,CUST-0379,3569.25,INFLOW,ORDER_PAYMENT,2026-09-16 21:45:07
TX-12980,ORD-8980,CUSTOMER,CUST-0370,4030.3,INFLOW,ORDER_PAYMENT,2026-09-16 21:53:50
TX-12981,ORD-8981,CUSTOMER,CUST-0313,6629.06,INFLOW,ORDER_PAYMENT,2026-09-16 22:02:07
TX-12982,ORD-8982,CUSTOMER,CUST-0470,3684.61,INFLOW,ORDER_PAYMENT,2026-09-16 22:10:24
TX-12983,ORD-8983,CUSTOMER,CUST-0186,670.05,INFLOW,ORDER_PAYMENT,2026-09-16 22:18:42
TX-12984,ORD-8984,CUSTOMER,CUST-0142,851.72,INFLOW,ORDER_PAYMENT,2026-09-16 22:27:18
TX-12985,ORD-8985,CUSTOMER,CUST-0128,3655.67,INFLOW,ORDER_PAYMENT,2026-09-16 22:35:36
TX-12986,ORD-8986,CUSTOMER,CUST-0069,670.05,INFLOW,ORDER_PAYMENT,2026-09-16 22:44:01
TX-12987,ORD-8987,CUSTOMER,CUST-0390,557.56,INFLOW,ORDER_PAYMENT,2026-09-16 22:52:13
TX-12988,ORD-8988,CUSTOMER,CUST-0313,4390.3,INFLOW,ORDER_PAYMENT,2026-09-16 23:00:52
TX-12989,ORD-8989,CUSTOMER,CUST-0010,1904.59,INFLOW,ORDER_PAYMENT,2026-09-16 23:09:22
TX-12990,ORD-8990,CUSTOMER,CUST-0418,1418.34,INFLOW,ORDER_PAYMENT,2026-09-16 23:17:28
TX-12991,ORD-8991,CUSTOMER,CUST-0087,1348.16,INFLOW,ORDER_PAYMENT,2026-09-16 23:26:02
TX-12992,ORD-8992,CUSTOMER,CUST-0339,1231.42,INFLOW,ORDER_PAYMENT,2026-09-16 23:34:26
TX-12993,ORD-8993,CUSTOMER,CUST-0167,3737.74,INFLOW,ORDER_PAYMENT,2026-09-16 23:42:40
TX-12994,ORD-8994,CUSTOMER,CUST-0246,4458.58,INFLOW,ORDER_PAYMENT,2026-09-16 23:51:02
TX-12995,ORD-8995,CUSTOMER,CUST-0079,1076.17,INFLOW,ORDER_PAYMENT,2026-09-16 23:59:38
TX-12996,ORD-8996,CUSTOMER,CUST-0142,5576.1,INFLOW,ORDER_PAYMENT,2026-09-17 00:07:56
TX-12997,ORD-8997,CUSTOMER,CUST-0256,4458.58,INFLOW,ORDER_PAYMENT,2026-09-17 00:16:15
TX-12998,ORD-8998,CUSTOMER,CUST-0294,826.99,INFLOW,ORDER_PAYMENT,2026-09-17 00:24:56
TX-12999,ORD-8999,CUSTOMER,CUST-0465,3564.2,INFLOW,ORDER_PAYMENT,2026-09-17 00:33:04
TX-13000,ORD-9000,CUSTOMER,CUST-0116,1076.17,INFLOW,ORDER_PAYMENT,2026-09-17 00:41:31
TX-13001,ORD-9001,CUSTOMER,CUST-0383,826.99,INFLOW,ORDER_PAYMENT,2026-09-17 00:49:52
TX-13002,ORD-9002,CUSTOMER,CUST-0106,1090.0,INFLOW,ORDER_PAYMENT,2026-09-17 00:58:25
TX-13003,ORD-9003,CUSTOMER,CUST-0309,1229.97,INFLOW,ORDER_PAYMENT,2026-09-17 01:06:32
TX-13004,ORD-9004,CUSTOMER,CUST-0453,1658.08,INFLOW,ORDER_PAYMENT,2026-09-17 01:15:26
TX-13005,ORD-9005,CUSTOMER,CUST-0198,4448.99,INFLOW,ORDER_PAYMENT,2026-09-17 01:23:30
TX-13006,ORD-9006,CUSTOMER,CUST-0465,1434.09,INFLOW,ORDER_PAYMENT,2026-09-17 01:32:09
TX-13007,ORD-9007,CUSTOMER,CUST-0389,431.18,INFLOW,ORDER_PAYMENT,2026-09-17 01:40:30
TX-13008,ORD-9008,CUSTOMER,CUST-0381,3569.25,INFLOW,ORDER_PAYMENT,2026-09-17 01:48:49
TX-13009,ORD-9009,CUSTOMER,CUST-0099,2788.05,INFLOW,ORDER_PAYMENT,2026-09-17 01:57:15
TX-13010,ORD-9010,CUSTOMER,CUST-0200,4054.3,INFLOW,ORDER_PAYMENT,2026-09-17 02:05:29
TX-13011,ORD-9011,CUSTOMER,CUST-0443,826.99,INFLOW,ORDER_PAYMENT,2026-09-17 02:13:44
TX-13012,ORD-9012,CUSTOMER,CUST-0356,557.56,INFLOW,ORDER_PAYMENT,2026-09-17 02:22:29
TX-13013,ORD-9013,CUSTOMER,CUST-0054,1090.0,INFLOW,ORDER_PAYMENT,2026-09-17 02:30:45
TX-13014,ORD-9014,CUSTOMER,CUST-0222,1100.0,INFLOW,ORDER_PAYMENT,2026-09-17 02:39:18
TX-13015,ORD-9015,CUSTOMER,CUST-0394,1768.39,INFLOW,ORDER_PAYMENT,2026-09-17 02:47:40
TX-13016,ORD-9016,CUSTOMER,CUST-0102,3482.21,INFLOW,ORDER_PAYMENT,2026-09-17 02:56:04
TX-13017,ORD-9017,CUSTOMER,CUST-0350,3904.31,INFLOW,ORDER_PAYMENT,2026-09-17 03:04:13
TX-13018,ORD-9018,CUSTOMER,CUST-0207,3412.17,INFLOW,ORDER_PAYMENT,2026-09-17 03:12:47
TX-13019,ORD-9019,CUSTOMER,CUST-0379,3564.2,INFLOW,ORDER_PAYMENT,2026-09-17 03:21:18
TX-13020,ORD-9020,CUSTOMER,CUST-0249,3052.92,INFLOW,ORDER_PAYMENT,2026-09-17 03:29:41
TX-13021,ORD-9021,CUSTOMER,CUST-0263,1524.23,INFLOW,ORDER_PAYMENT,2026-09-17 03:38:10
TX-13022,ORD-9022,CUSTOMER,CUST-0500,3684.61,INFLOW,ORDER_PAYMENT,2026-09-17 03:46:15
TX-13023,ORD-9023,CUSTOMER,CUST-0198,4257.97,INFLOW,ORDER_PAYMENT,2026-09-17 03:54:42
TX-13024,ORD-9024,CUSTOMER,CUST-0336,3569.25,INFLOW,ORDER_PAYMENT,2026-09-17 04:03:12
TX-13025,ORD-9025,CUSTOMER,CUST-0052,2560.05,INFLOW,ORDER_PAYMENT,2026-09-17 04:11:33
TX-13026,ORD-9026,CUSTOMER,CUST-0294,4336.35,INFLOW,ORDER_PAYMENT,2026-09-17 04:20:10
TX-13027,ORD-9027,CUSTOMER,CUST-0293,1768.39,INFLOW,ORDER_PAYMENT,2026-09-17 04:28:25
TX-13028,ORD-9028,CUSTOMER,CUST-0290,3809.18,INFLOW,ORDER_PAYMENT,2026-09-17 04:36:59
TX-13029,ORD-9029,CUSTOMER,CUST-0340,3621.3,INFLOW,ORDER_PAYMENT,2026-09-17 04:45:22
TX-13030,ORD-9030,CUSTOMER,CUST-0265,1313.84,INFLOW,ORDER_PAYMENT,2026-09-17 04:53:20
TX-13031,ORD-9031,CUSTOMER,CUST-0349,889.09,INFLOW,ORDER_PAYMENT,2026-09-17 05:01:56
TX-13032,ORD-9032,CUSTOMER,CUST-0402,4030.3,INFLOW,ORDER_PAYMENT,2026-09-17 05:10:36
TX-13033,ORD-9033,CUSTOMER,CUST-0171,306.7,INFLOW,ORDER_PAYMENT,2026-09-17 05:18:49
TX-13034,ORD-9034,CUSTOMER,CUST-0116,2252.3,INFLOW,ORDER_PAYMENT,2026-09-17 05:27:19
TX-13035,ORD-9035,CUSTOMER,CUST-0323,3904.05,INFLOW,ORDER_PAYMENT,2026-09-17 05:35:29
TX-13036,ORD-9036,CUSTOMER,CUST-0415,3817.51,INFLOW,ORDER_PAYMENT,2026-09-17 05:43:59
TX-13037,ORD-9037,CUSTOMER,CUST-0074,3211.6,INFLOW,ORDER_PAYMENT,2026-09-17 05:52:17
TX-13038,ORD-9038,CUSTOMER,CUST-0434,3297.77,INFLOW,ORDER_PAYMENT,2026-09-17 06:00:38
TX-13039,ORD-9039,CUSTOMER,CUST-0123,3314.53,INFLOW,ORDER_PAYMENT,2026-09-17 06:09:20
TX-13040,ORD-9040,CUSTOMER,CUST-0382,1299.1,INFLOW,ORDER_PAYMENT,2026-09-17 06:17:19
TX-13041,ORD-9041,CUSTOMER,CUST-0323,4226.7,INFLOW,ORDER_PAYMENT,2026-09-17 06:25:43
TX-13042,ORD-9042,CUSTOMER,CUST-0383,3314.53,INFLOW,ORDER_PAYMENT,2026-09-17 06:34:15
TX-13043,ORD-9043,CUSTOMER,CUST-0242,4074.31,INFLOW,ORDER_PAYMENT,2026-09-17 06:42:56
TX-13044,ORD-9044,CUSTOMER,CUST-0393,1862.43,INFLOW,ORDER_PAYMENT,2026-09-17 06:51:04
TX-13045,ORD-9045,CUSTOMER,CUST-0200,2788.05,INFLOW,ORDER_PAYMENT,2026-09-17 06:59:32
TX-13046,ORD-9046,CUSTOMER,CUST-0261,3314.53,INFLOW,ORDER_PAYMENT,2026-09-17 07:07:45
TX-13047,ORD-9047,CUSTOMER,CUST-0277,2644.13,INFLOW,ORDER_PAYMENT,2026-09-17 07:16:18
TX-13048,ORD-9048,CUSTOMER,CUST-0120,3817.51,INFLOW,ORDER_PAYMENT,2026-09-17 07:24:59
TX-13049,ORD-9049,CUSTOMER,CUST-0165,3570.49,INFLOW,ORDER_PAYMENT,2026-09-17 07:33:17
TX-13050,ORD-9050,CUSTOMER,CUST-0249,1605.72,INFLOW,ORDER_PAYMENT,2026-09-17 07:41:32
TX-13051,ORD-9051,CUSTOMER,CUST-0010,1992.9,INFLOW,ORDER_PAYMENT,2026-09-17 07:49:43
TX-13052,ORD-9052,CUSTOMER,CUST-0146,1604.68,INFLOW,ORDER_PAYMENT,2026-09-17 07:58:07
TX-13053,ORD-9053,CUSTOMER,CUST-0265,3297.77,INFLOW,ORDER_PAYMENT,2026-09-17 08:06:58
TX-13054,ORD-9054,CUSTOMER,CUST-0249,1231.42,INFLOW,ORDER_PAYMENT,2026-09-17 08:14:53
TX-13055,ORD-9055,CUSTOMER,CUST-0448,4131.02,INFLOW,ORDER_PAYMENT,2026-09-17 08:23:21
TX-13056,ORD-9056,CUSTOMER,CUST-0401,1604.68,INFLOW,ORDER_PAYMENT,2026-09-17 08:31:53
TX-13057,ORD-9057,CUSTOMER,CUST-0237,6493.62,INFLOW,ORDER_PAYMENT,2026-09-17 08:40:32
TX-13058,ORD-9058,CUSTOMER,CUST-0163,3464.6,INFLOW,ORDER_PAYMENT,2026-09-17 08:48:38
TX-13059,ORD-9059,CUSTOMER,CUST-0126,557.56,INFLOW,ORDER_PAYMENT,2026-09-17 08:57:14
TX-13060,ORD-9060,CUSTOMER,CUST-0463,291.34,INFLOW,ORDER_PAYMENT,2026-09-17 09:05:46
TX-13061,ORD-9061,CUSTOMER,CUST-0394,674.08,INFLOW,ORDER_PAYMENT,2026-09-17 09:13:59
TX-13062,ORD-9062,CUSTOMER,CUST-0094,4336.35,INFLOW,ORDER_PAYMENT,2026-09-17 09:22:05
TX-13063,ORD-9063,CUSTOMER,CUST-0382,2446.64,INFLOW,ORDER_PAYMENT,2026-09-17 09:30:47
TX-13064,ORD-9064,CUSTOMER,CUST-0272,1090.0,INFLOW,ORDER_PAYMENT,2026-09-17 09:39:11
TX-13065,ORD-9065,CUSTOMER,CUST-0101,2446.64,INFLOW,ORDER_PAYMENT,2026-09-17 09:47:28
TX-13066,ORD-9066,CUSTOMER,CUST-0497,4336.35,INFLOW,ORDER_PAYMENT,2026-09-17 09:55:52
TX-13067,ORD-9067,CUSTOMER,CUST-0359,3527.16,INFLOW,ORDER_PAYMENT,2026-09-17 10:04:29
TX-13068,ORD-9068,CUSTOMER,CUST-0453,3246.81,INFLOW,ORDER_PAYMENT,2026-09-17 10:12:32
TX-13069,ORD-9069,CUSTOMER,CUST-0085,1992.9,INFLOW,ORDER_PAYMENT,2026-09-17 10:21:17
TX-13070,ORD-9070,CUSTOMER,CUST-0381,1862.43,INFLOW,ORDER_PAYMENT,2026-09-17 10:29:33
TX-13071,ORD-9071,CUSTOMER,CUST-0343,2439.3,INFLOW,ORDER_PAYMENT,2026-09-17 10:37:50
TX-13072,ORD-9072,CUSTOMER,CUST-0270,4074.31,INFLOW,ORDER_PAYMENT,2026-09-17 10:46:27
TX-13073,ORD-9073,CUSTOMER,CUST-0005,1115.12,INFLOW,ORDER_PAYMENT,2026-09-17 10:54:56
TX-13074,ORD-9074,CUSTOMER,CUST-0212,358.12,INFLOW,ORDER_PAYMENT,2026-09-17 11:03:01
TX-13075,ORD-9075,CUSTOMER,CUST-0246,2452.83,INFLOW,ORDER_PAYMENT,2026-09-17 11:11:34
TX-13076,ORD-9076,CUSTOMER,CUST-0377,1882.85,INFLOW,ORDER_PAYMENT,2026-09-17 11:20:05
TX-13077,ORD-9077,CUSTOMER,CUST-0120,3564.2,INFLOW,ORDER_PAYMENT,2026-09-17 11:28:20
TX-13078,ORD-9078,CUSTOMER,CUST-0100,1604.68,INFLOW,ORDER_PAYMENT,2026-09-17 11:36:52
TX-13079,ORD-9079,CUSTOMER,CUST-0443,431.18,INFLOW,ORDER_PAYMENT,2026-09-17 11:45:15
TX-13080,ORD-9080,CUSTOMER,CUST-0223,3809.18,INFLOW,ORDER_PAYMENT,2026-09-17 11:53:20
TX-13081,ORD-9081,CUSTOMER,CUST-0193,2419.53,INFLOW,ORDER_PAYMENT,2026-09-17 12:02:04
TX-13082,ORD-9082,CUSTOMER,CUST-0324,258.84,INFLOW,ORDER_PAYMENT,2026-09-17 12:10:02
TX-13083,ORD-9083,CUSTOMER,CUST-0392,3855.71,INFLOW,ORDER_PAYMENT,2026-09-17 12:18:40
TX-13084,ORD-9084,CUSTOMER,CUST-0459,557.56,INFLOW,ORDER_PAYMENT,2026-09-17 12:27:06
TX-13085,ORD-9085,CUSTOMER,CUST-0113,4458.58,INFLOW,ORDER_PAYMENT,2026-09-17 12:35:38
TX-13086,ORD-9086,CUSTOMER,CUST-0360,1882.85,INFLOW,ORDER_PAYMENT,2026-09-17 12:43:48
TX-13087,ORD-9087,CUSTOMER,CUST-0276,4054.3,INFLOW,ORDER_PAYMENT,2026-09-17 12:52:08
TX-13088,ORD-9088,CUSTOMER,CUST-0497,3246.81,INFLOW,ORDER_PAYMENT,2026-09-17 13:00:36
TX-13089,ORD-9089,CUSTOMER,CUST-0395,1100.0,INFLOW,ORDER_PAYMENT,2026-09-17 13:09:06
TX-13090,ORD-9090,CUSTOMER,CUST-0413,1604.68,INFLOW,ORDER_PAYMENT,2026-09-17 13:17:34
TX-13091,ORD-9091,CUSTOMER,CUST-0476,4054.3,INFLOW,ORDER_PAYMENT,2026-09-17 13:25:50
TX-13092,ORD-9092,CUSTOMER,CUST-0344,1100.0,INFLOW,ORDER_PAYMENT,2026-09-17 13:34:13
TX-13093,ORD-9093,CUSTOMER,CUST-0413,3564.2,INFLOW,ORDER_PAYMENT,2026-09-17 13:42:50
TX-13094,ORD-9094,CUSTOMER,CUST-0362,674.08,INFLOW,ORDER_PAYMENT,2026-09-17 13:51:09
TX-13095,ORD-9095,CUSTOMER,CUST-0319,4458.58,INFLOW,ORDER_PAYMENT,2026-09-17 13:59:25
TX-13096,ORD-9096,CUSTOMER,CUST-0091,4966.46,INFLOW,ORDER_PAYMENT,2026-09-17 14:08:02
TX-13097,ORD-9097,CUSTOMER,CUST-0048,1004.29,INFLOW,ORDER_PAYMENT,2026-09-17 14:16:22
TX-13098,ORD-9098,CUSTOMER,CUST-0409,1100.0,INFLOW,ORDER_PAYMENT,2026-09-17 14:24:47
TX-13099,ORD-9099,CUSTOMER,CUST-0048,3904.31,INFLOW,ORDER_PAYMENT,2026-09-17 14:33:03
TX-13100,ORD-9100,CUSTOMER,CUST-0022,889.09,INFLOW,ORDER_PAYMENT,2026-09-17 14:41:33
TX-13101,ORD-9101,CUSTOMER,CUST-0190,4337.59,INFLOW,ORDER_PAYMENT,2026-09-17 14:50:06
TX-13102,ORD-9102,CUSTOMER,CUST-0154,7795.04,INFLOW,ORDER_PAYMENT,2026-09-17 14:58:18
TX-13103,ORD-9103,CUSTOMER,CUST-0128,3297.77,INFLOW,ORDER_PAYMENT,2026-09-17 15:06:52
TX-13104,ORD-9104,CUSTOMER,CUST-0168,3655.67,INFLOW,ORDER_PAYMENT,2026-09-17 15:15:05
TX-13105,ORD-9105,CUSTOMER,CUST-0270,3904.05,INFLOW,ORDER_PAYMENT,2026-09-17 15:23:29
TX-13106,ORD-9106,CUSTOMER,CUST-0232,4390.3,INFLOW,ORDER_PAYMENT,2026-09-17 15:31:47
TX-13107,ORD-9107,CUSTOMER,CUST-0354,2065.51,INFLOW,ORDER_PAYMENT,2026-09-17 15:40:21
TX-13108,ORD-9108,CUSTOMER,CUST-0301,2560.05,INFLOW,ORDER_PAYMENT,2026-09-17 15:48:42
TX-13109,ORD-9109,CUSTOMER,CUST-0500,4076.43,INFLOW,ORDER_PAYMENT,2026-09-17 15:56:58
TX-13110,ORD-9110,CUSTOMER,CUST-0146,4336.35,INFLOW,ORDER_PAYMENT,2026-09-17 16:05:22
TX-13111,ORD-9111,CUSTOMER,CUST-0459,6392.14,INFLOW,ORDER_PAYMENT,2026-09-17 16:13:47
TX-13112,ORD-9112,CUSTOMER,CUST-0271,2589.06,INFLOW,ORDER_PAYMENT,2026-09-17 16:22:11
TX-13113,ORD-9113,CUSTOMER,CUST-0303,851.72,INFLOW,ORDER_PAYMENT,2026-09-17 16:30:31
TX-13114,ORD-9114,CUSTOMER,CUST-0204,3897.52,INFLOW,ORDER_PAYMENT,2026-09-17 16:39:15
TX-13115,ORD-9115,CUSTOMER,CUST-0147,4294.61,INFLOW,ORDER_PAYMENT,2026-09-17 16:47:30
TX-13116,ORD-9116,CUSTOMER,CUST-0474,4226.7,INFLOW,ORDER_PAYMENT,2026-09-17 16:55:51
TX-13117,ORD-9117,CUSTOMER,CUST-0180,1604.68,INFLOW,ORDER_PAYMENT,2026-09-17 17:04:28
TX-13118,ORD-9118,CUSTOMER,CUST-0444,4030.3,INFLOW,ORDER_PAYMENT,2026-09-17 17:12:46
TX-13119,ORD-9119,CUSTOMER,CUST-0443,2788.05,INFLOW,ORDER_PAYMENT,2026-09-17 17:21:10
TX-13120,ORD-9120,CUSTOMER,CUST-0117,3246.81,INFLOW,ORDER_PAYMENT,2026-09-17 17:29:31
TX-13121,ORD-9121,CUSTOMER,CUST-0194,3052.92,INFLOW,ORDER_PAYMENT,2026-09-17 17:37:47
TX-13122,ORD-9122,CUSTOMER,CUST-0439,3310.04,INFLOW,ORDER_PAYMENT,2026-09-17 17:46:11
TX-13123,ORD-9123,CUSTOMER,CUST-0154,4294.61,INFLOW,ORDER_PAYMENT,2026-09-17 17:54:31
TX-13124,ORD-9124,CUSTOMER,CUST-0309,1862.43,INFLOW,ORDER_PAYMENT,2026-09-17 18:03:15
TX-13125,ORD-9125,CUSTOMER,CUST-0136,1231.42,INFLOW,ORDER_PAYMENT,2026-09-17 18:11:37
TX-13126,ORD-9126,CUSTOMER,CUST-0299,1100.0,INFLOW,ORDER_PAYMENT,2026-09-17 18:19:51
TX-13127,ORD-9127,CUSTOMER,CUST-0314,557.56,INFLOW,ORDER_PAYMENT,2026-09-17 18:28:13
TX-13128,ORD-9128,CUSTOMER,CUST-0314,2252.3,INFLOW,ORDER_PAYMENT,2026-09-17 18:36:45
TX-13129,ORD-9129,CUSTOMER,CUST-0226,3570.49,INFLOW,ORDER_PAYMENT,2026-09-17 18:45:14
TX-13130,ORD-9130,CUSTOMER,CUST-0456,1076.17,INFLOW,ORDER_PAYMENT,2026-09-17 18:53:35
TX-13131,ORD-9131,CUSTOMER,CUST-0470,674.08,INFLOW,ORDER_PAYMENT,2026-09-17 19:01:58
TX-13132,ORD-9132,CUSTOMER,CUST-0313,3052.92,INFLOW,ORDER_PAYMENT,2026-09-17 19:10:07
TX-13133,ORD-9133,CUSTOMER,CUST-0203,431.18,INFLOW,ORDER_PAYMENT,2026-09-17 19:18:25
TX-13134,ORD-9134,CUSTOMER,CUST-0140,1862.43,INFLOW,ORDER_PAYMENT,2026-09-17 19:27:11
TX-13135,ORD-9135,CUSTOMER,CUST-0163,2449.37,INFLOW,ORDER_PAYMENT,2026-09-17 19:35:14
TX-13136,ORD-9136,CUSTOMER,CUST-0096,3722.35,INFLOW,ORDER_PAYMENT,2026-09-17 19:44:02
TX-13137,ORD-9137,CUSTOMER,CUST-0362,883.38,INFLOW,ORDER_PAYMENT,2026-09-17 19:52:04
TX-13138,ORD-9138,CUSTOMER,CUST-0359,1948.31,INFLOW,ORDER_PAYMENT,2026-09-17 20:00:43
TX-13139,ORD-9139,CUSTOMER,CUST-0103,670.05,INFLOW,ORDER_PAYMENT,2026-09-17 20:08:54
TX-13140,ORD-9140,CUSTOMER,CUST-0174,1924.84,INFLOW,ORDER_PAYMENT,2026-09-17 20:17:33
TX-13141,ORD-9141,CUSTOMER,CUST-0382,4424.97,INFLOW,ORDER_PAYMENT,2026-09-17 20:25:56
TX-13142,ORD-9142,CUSTOMER,CUST-0470,3305.06,INFLOW,ORDER_PAYMENT,2026-09-17 20:34:26
TX-13143,ORD-9143,CUSTOMER,CUST-0376,4458.58,INFLOW,ORDER_PAYMENT,2026-09-17 20:42:29
TX-13144,ORD-9144,CUSTOMER,CUST-0043,3305.06,INFLOW,ORDER_PAYMENT,2026-09-17 20:50:47
TX-13145,ORD-9145,CUSTOMER,CUST-0184,4093.93,INFLOW,ORDER_PAYMENT,2026-09-17 20:59:32
TX-13146,ORD-9146,CUSTOMER,CUST-0267,3904.05,INFLOW,ORDER_PAYMENT,2026-09-17 21:07:58
TX-13147,ORD-9147,CUSTOMER,CUST-0476,2065.51,INFLOW,ORDER_PAYMENT,2026-09-17 21:16:06
TX-13148,ORD-9148,CUSTOMER,CUST-0038,3590.3,INFLOW,ORDER_PAYMENT,2026-09-17 21:24:29
TX-13149,ORD-9149,CUSTOMER,CUST-0391,4390.3,INFLOW,ORDER_PAYMENT,2026-09-17 21:33:06
TX-13150,ORD-9150,CUSTOMER,CUST-0098,3246.81,INFLOW,ORDER_PAYMENT,2026-09-17 21:41:24
TX-13151,ORD-9151,CUSTOMER,CUST-0499,2008.58,INFLOW,ORDER_PAYMENT,2026-09-17 21:49:48
TX-13152,ORD-9152,CUSTOMER,CUST-0197,4076.43,INFLOW,ORDER_PAYMENT,2026-09-17 21:58:14
TX-13153,ORD-9153,CUSTOMER,CUST-0228,3412.17,INFLOW,ORDER_PAYMENT,2026-09-17 22:06:30
TX-13154,ORD-9154,CUSTOMER,CUST-0083,851.72,INFLOW,ORDER_PAYMENT,2026-09-17 22:15:00
TX-13155,ORD-9155,CUSTOMER,CUST-0356,4448.99,INFLOW,ORDER_PAYMENT,2026-09-17 22:23:35
TX-13156,ORD-9156,CUSTOMER,CUST-0112,3765.7,INFLOW,ORDER_PAYMENT,2026-09-17 22:31:46
TX-13157,ORD-9157,CUSTOMER,CUST-0195,4424.97,INFLOW,ORDER_PAYMENT,2026-09-17 22:40:23
TX-13158,ORD-9158,CUSTOMER,CUST-0120,258.84,INFLOW,ORDER_PAYMENT,2026-09-17 22:48:48
TX-13159,ORD-9159,CUSTOMER,CUST-0237,4257.97,INFLOW,ORDER_PAYMENT,2026-09-17 22:57:00
TX-13160,ORD-9160,CUSTOMER,CUST-0102,4337.59,INFLOW,ORDER_PAYMENT,2026-09-17 23:05:22
TX-13161,ORD-9161,CUSTOMER,CUST-0471,4226.7,INFLOW,ORDER_PAYMENT,2026-09-17 23:14:02
TX-13162,ORD-9162,CUSTOMER,CUST-0169,3482.21,INFLOW,ORDER_PAYMENT,2026-09-17 23:22:25
TX-13163,ORD-9163,CUSTOMER,CUST-0408,4101.12,INFLOW,ORDER_PAYMENT,2026-09-17 23:30:41
TX-13164,ORD-9164,CUSTOMER,CUST-0059,3305.06,INFLOW,ORDER_PAYMENT,2026-09-17 23:38:59
TX-13165,ORD-9165,CUSTOMER,CUST-0307,4076.43,INFLOW,ORDER_PAYMENT,2026-09-17 23:47:22
TX-13166,ORD-9166,CUSTOMER,CUST-0338,291.34,INFLOW,ORDER_PAYMENT,2026-09-17 23:55:58
TX-13167,ORD-9167,CUSTOMER,CUST-0417,3303.71,INFLOW,ORDER_PAYMENT,2026-09-18 00:04:04
TX-13168,ORD-9168,CUSTOMER,CUST-0180,4839.06,INFLOW,ORDER_PAYMENT,2026-09-18 00:12:23
TX-13169,ORD-9169,CUSTOMER,CUST-0185,4272.95,INFLOW,ORDER_PAYMENT,2026-09-18 00:21:13
TX-13170,ORD-9170,CUSTOMER,CUST-0288,3536.78,INFLOW,ORDER_PAYMENT,2026-09-18 00:29:31
TX-13171,ORD-9171,CUSTOMER,CUST-0032,2419.53,INFLOW,ORDER_PAYMENT,2026-09-18 00:38:02
TX-13172,ORD-9172,CUSTOMER,CUST-0446,3737.74,INFLOW,ORDER_PAYMENT,2026-09-18 00:46:22
TX-13173,ORD-9173,CUSTOMER,CUST-0100,818.39,INFLOW,ORDER_PAYMENT,2026-09-18 00:54:36
TX-13174,ORD-9174,CUSTOMER,CUST-0281,4074.31,INFLOW,ORDER_PAYMENT,2026-09-18 01:03:02
TX-13175,ORD-9175,CUSTOMER,CUST-0428,306.7,INFLOW,ORDER_PAYMENT,2026-09-18 01:11:17
TX-13176,ORD-9176,CUSTOMER,CUST-0176,358.12,INFLOW,ORDER_PAYMENT,2026-09-18 01:19:33
TX-13177,ORD-9177,CUSTOMER,CUST-0067,1434.09,INFLOW,ORDER_PAYMENT,2026-09-18 01:28:04
TX-13178,ORD-9178,CUSTOMER,CUST-0107,2788.05,INFLOW,ORDER_PAYMENT,2026-09-18 01:36:25
TX-13179,ORD-9179,CUSTOMER,CUST-0422,1948.31,INFLOW,ORDER_PAYMENT,2026-09-18 01:45:11
TX-13180,ORD-9180,CUSTOMER,CUST-0353,535.08,INFLOW,ORDER_PAYMENT,2026-09-18 01:53:14
TX-13181,ORD-9181,CUSTOMER,CUST-0220,3786.85,INFLOW,ORDER_PAYMENT,2026-09-18 02:01:36
TX-13182,ORD-9182,CUSTOMER,CUST-0335,3527.16,INFLOW,ORDER_PAYMENT,2026-09-18 02:10:02
TX-13183,ORD-9183,CUSTOMER,CUST-0172,826.99,INFLOW,ORDER_PAYMENT,2026-09-18 02:18:42
TX-13184,ORD-9184,CUSTOMER,CUST-0356,3527.16,INFLOW,ORDER_PAYMENT,2026-09-18 02:26:47
TX-13185,ORD-9185,CUSTOMER,CUST-0480,4226.7,INFLOW,ORDER_PAYMENT,2026-09-18 02:35:17
TX-13186,ORD-9186,CUSTOMER,CUST-0238,1768.39,INFLOW,ORDER_PAYMENT,2026-09-18 02:43:41
TX-13187,ORD-9187,CUSTOMER,CUST-0201,1766.76,INFLOW,ORDER_PAYMENT,2026-09-18 02:52:00
TX-13188,ORD-9188,CUSTOMER,CUST-0271,3569.25,INFLOW,ORDER_PAYMENT,2026-09-18 03:00:20
TX-13189,ORD-9189,CUSTOMER,CUST-0355,3297.77,INFLOW,ORDER_PAYMENT,2026-09-18 03:09:12
TX-13190,ORD-9190,CUSTOMER,CUST-0414,6620.08,INFLOW,ORDER_PAYMENT,2026-09-18 03:17:35
TX-13191,ORD-9191,CUSTOMER,CUST-0272,4101.12,INFLOW,ORDER_PAYMENT,2026-09-18 03:25:56
TX-13192,ORD-9192,CUSTOMER,CUST-0147,1778.18,INFLOW,ORDER_PAYMENT,2026-09-18 03:34:02
TX-13193,ORD-9193,CUSTOMER,CUST-0241,263.42,INFLOW,ORDER_PAYMENT,2026-09-18 03:42:18
TX-13194,ORD-9194,CUSTOMER,CUST-0051,4337.59,INFLOW,ORDER_PAYMENT,2026-09-18 03:50:57
TX-13195,ORD-9195,CUSTOMER,CUST-0279,1100.0,INFLOW,ORDER_PAYMENT,2026-09-18 03:59:06
TX-13196,ORD-9196,CUSTOMER,CUST-0076,263.42,INFLOW,ORDER_PAYMENT,2026-09-18 04:07:59
TX-13197,ORD-9197,CUSTOMER,CUST-0392,4093.93,INFLOW,ORDER_PAYMENT,2026-09-18 04:15:58
TX-13198,ORD-9198,CUSTOMER,CUST-0400,3211.6,INFLOW,ORDER_PAYMENT,2026-09-18 04:24:39
TX-13199,ORD-9199,CUSTOMER,CUST-0167,2250.16,INFLOW,ORDER_PAYMENT,2026-09-18 04:33:00
TX-13200,ORD-9200,CUSTOMER,CUST-0339,4101.12,INFLOW,ORDER_PAYMENT,2026-09-18 04:41:21
TX-13201,ORD-9201,CUSTOMER,CUST-0478,2644.13,INFLOW,ORDER_PAYMENT,2026-09-18 04:49:38
TX-13202,ORD-9202,CUSTOMER,CUST-0500,4272.95,INFLOW,ORDER_PAYMENT,2026-09-18 04:58:20
TX-13203,ORD-9203,CUSTOMER,CUST-0460,8675.18,INFLOW,ORDER_PAYMENT,2026-09-18 05:06:39
TX-13204,ORD-9204,CUSTOMER,CUST-0347,2644.13,INFLOW,ORDER_PAYMENT,2026-09-18 05:14:51
TX-13205,ORD-9205,CUSTOMER,CUST-0097,3722.35,INFLOW,ORDER_PAYMENT,2026-09-18 05:23:25
TX-13206,ORD-9206,CUSTOMER,CUST-0417,3817.51,INFLOW,ORDER_PAYMENT,2026-09-18 05:31:48
TX-13207,ORD-9207,CUSTOMER,CUST-0419,826.99,INFLOW,ORDER_PAYMENT,2026-09-18 05:40:05
TX-13208,ORD-9208,CUSTOMER,CUST-0403,2757.05,INFLOW,ORDER_PAYMENT,2026-09-18 05:48:22
TX-13209,ORD-9209,CUSTOMER,CUST-0057,613.4,INFLOW,ORDER_PAYMENT,2026-09-18 05:56:55
TX-13210,ORD-9210,CUSTOMER,CUST-0338,1004.29,INFLOW,ORDER_PAYMENT,2026-09-18 06:05:07
TX-13211,ORD-9211,CUSTOMER,CUST-0156,1434.09,INFLOW,ORDER_PAYMENT,2026-09-18 06:13:50
TX-13212,ORD-9212,CUSTOMER,CUST-0092,4074.31,INFLOW,ORDER_PAYMENT,2026-09-18 06:22:14
TX-13213,ORD-9213,CUSTOMER,CUST-0346,3904.31,INFLOW,ORDER_PAYMENT,2026-09-18 06:30:37
TX-13214,ORD-9214,CUSTOMER,CUST-0107,3904.31,INFLOW,ORDER_PAYMENT,2026-09-18 06:38:58
TX-13215,ORD-9215,CUSTOMER,CUST-0112,1231.42,INFLOW,ORDER_PAYMENT,2026-09-18 06:47:09
TX-13216,ORD-9216,CUSTOMER,CUST-0484,3569.25,INFLOW,ORDER_PAYMENT,2026-09-18 06:55:50
TX-13217,ORD-9217,CUSTOMER,CUST-0109,1544.47,INFLOW,ORDER_PAYMENT,2026-09-18 07:04:16
TX-13218,ORD-9218,CUSTOMER,CUST-0161,4966.46,INFLOW,ORDER_PAYMENT,2026-09-18 07:12:31
TX-13219,ORD-9219,CUSTOMER,CUST-0013,2589.06,INFLOW,ORDER_PAYMENT,2026-09-18 07:20:40
TX-13220,ORD-9220,CUSTOMER,CUST-0484,3048.46,INFLOW,ORDER_PAYMENT,2026-09-18 07:29:13
TX-13221,ORD-9221,CUSTOMER,CUST-0427,4390.3,INFLOW,ORDER_PAYMENT,2026-09-18 07:37:44
TX-13222,ORD-9222,CUSTOMER,CUST-0259,613.4,INFLOW,ORDER_PAYMENT,2026-09-18 07:46:22
TX-13223,ORD-9223,CUSTOMER,CUST-0313,3482.21,INFLOW,ORDER_PAYMENT,2026-09-18 07:54:26
TX-13224,ORD-9224,CUSTOMER,CUST-0215,1100.0,INFLOW,ORDER_PAYMENT,2026-09-18 08:02:50
TX-13225,ORD-9225,CUSTOMER,CUST-0077,4424.97,INFLOW,ORDER_PAYMENT,2026-09-18 08:11:06
TX-13226,ORD-9226,CUSTOMER,CUST-0458,3196.07,INFLOW,ORDER_PAYMENT,2026-09-18 08:19:31
TX-13227,ORD-9227,CUSTOMER,CUST-0021,6595.54,INFLOW,ORDER_PAYMENT,2026-09-18 08:28:01
TX-13228,ORD-9228,CUSTOMER,CUST-0399,3817.51,INFLOW,ORDER_PAYMENT,2026-09-18 08:36:28
TX-13229,ORD-9229,CUSTOMER,CUST-0027,8589.22,INFLOW,ORDER_PAYMENT,2026-09-18 08:44:54
TX-13230,ORD-9230,CUSTOMER,CUST-0438,1992.9,INFLOW,ORDER_PAYMENT,2026-09-18 08:53:15
TX-13231,ORD-9231,CUSTOMER,CUST-0278,535.08,INFLOW,ORDER_PAYMENT,2026-09-18 09:01:57
TX-13232,ORD-9232,CUSTOMER,CUST-0320,3024.83,INFLOW,ORDER_PAYMENT,2026-09-18 09:10:11
TX-13233,ORD-9233,CUSTOMER,CUST-0249,3554.02,INFLOW,ORDER_PAYMENT,2026-09-18 09:18:44
TX-13234,ORD-9234,CUSTOMER,CUST-0049,3412.17,INFLOW,ORDER_PAYMENT,2026-09-18 09:27:02
TX-13235,ORD-9235,CUSTOMER,CUST-0091,3564.2,INFLOW,ORDER_PAYMENT,2026-09-18 09:35:31
TX-13236,ORD-9236,CUSTOMER,CUST-0399,2200.0,INFLOW,ORDER_PAYMENT,2026-09-18 09:43:40
TX-13237,ORD-9237,CUSTOMER,CUST-0126,431.18,INFLOW,ORDER_PAYMENT,2026-09-18 09:51:54
TX-13238,ORD-9238,CUSTOMER,CUST-0068,4424.97,INFLOW,ORDER_PAYMENT,2026-09-18 10:00:22
TX-13239,ORD-9239,CUSTOMER,CUST-0402,3297.77,INFLOW,ORDER_PAYMENT,2026-09-18 10:08:54
TX-13240,ORD-9240,CUSTOMER,CUST-0477,1229.97,INFLOW,ORDER_PAYMENT,2026-09-18 10:17:14
TX-13241,ORD-9241,CUSTOMER,CUST-0163,829.04,INFLOW,ORDER_PAYMENT,2026-09-18 10:25:51
TX-13242,ORD-9242,CUSTOMER,CUST-0147,3305.06,INFLOW,ORDER_PAYMENT,2026-09-18 10:34:18
TX-13243,ORD-9243,CUSTOMER,CUST-0206,1904.59,INFLOW,ORDER_PAYMENT,2026-09-18 10:42:14
TX-13244,ORD-9244,CUSTOMER,CUST-0058,4390.3,INFLOW,ORDER_PAYMENT,2026-09-18 10:50:39
TX-13245,ORD-9245,CUSTOMER,CUST-0014,3569.25,INFLOW,ORDER_PAYMENT,2026-09-18 10:59:07
TX-13246,ORD-9246,CUSTOMER,CUST-0284,3737.74,INFLOW,ORDER_PAYMENT,2026-09-18 11:07:27
TX-13247,ORD-9247,CUSTOMER,CUST-0155,3569.25,INFLOW,ORDER_PAYMENT,2026-09-18 11:16:19
TX-13248,ORD-9248,CUSTOMER,CUST-0419,3196.07,INFLOW,ORDER_PAYMENT,2026-09-18 11:24:28
TX-13249,ORD-9249,CUSTOMER,CUST-0359,2200.0,INFLOW,ORDER_PAYMENT,2026-09-18 11:32:48
TX-13250,ORD-9250,CUSTOMER,CUST-0458,3590.3,INFLOW,ORDER_PAYMENT,2026-09-18 11:41:19
TX-13251,ORD-9251,CUSTOMER,CUST-0474,1090.0,INFLOW,ORDER_PAYMENT,2026-09-18 11:49:53
TX-13252,ORD-9252,CUSTOMER,CUST-0376,3855.71,INFLOW,ORDER_PAYMENT,2026-09-18 11:58:06
TX-13253,ORD-9253,CUSTOMER,CUST-0077,3305.06,INFLOW,ORDER_PAYMENT,2026-09-18 12:06:19
TX-13254,ORD-9254,CUSTOMER,CUST-0468,6595.54,INFLOW,ORDER_PAYMENT,2026-09-18 12:14:37
TX-13255,ORD-9255,CUSTOMER,CUST-0327,1605.72,INFLOW,ORDER_PAYMENT,2026-09-18 12:23:08
TX-13256,ORD-9256,CUSTOMER,CUST-0279,828.08,INFLOW,ORDER_PAYMENT,2026-09-18 12:31:26
TX-13257,ORD-9257,CUSTOMER,CUST-0123,358.12,INFLOW,ORDER_PAYMENT,2026-09-18 12:40:08
TX-13258,ORD-9258,CUSTOMER,CUST-0212,582.68,INFLOW,ORDER_PAYMENT,2026-09-18 12:48:33
TX-13259,ORD-9259,CUSTOMER,CUST-0311,3196.07,INFLOW,ORDER_PAYMENT,2026-09-18 12:56:52
TX-13260,ORD-9260,CUSTOMER,CUST-0438,1231.42,INFLOW,ORDER_PAYMENT,2026-09-18 13:05:28
TX-13261,ORD-9261,CUSTOMER,CUST-0026,3564.2,INFLOW,ORDER_PAYMENT,2026-09-18 13:13:51
TX-13262,ORD-9262,CUSTOMER,CUST-0184,3303.71,INFLOW,ORDER_PAYMENT,2026-09-18 13:21:58
TX-13263,ORD-9263,CUSTOMER,CUST-0186,3904.31,INFLOW,ORDER_PAYMENT,2026-09-18 13:30:22
TX-13264,ORD-9264,CUSTOMER,CUST-0240,8917.16,INFLOW,ORDER_PAYMENT,2026-09-18 13:38:39
TX-13265,ORD-9265,CUSTOMER,CUST-0216,2200.0,INFLOW,ORDER_PAYMENT,2026-09-18 13:47:29
TX-13266,ORD-9266,CUSTOMER,CUST-0218,1924.84,INFLOW,ORDER_PAYMENT,2026-09-18 13:55:48
TX-13267,ORD-9267,CUSTOMER,CUST-0469,3314.53,INFLOW,ORDER_PAYMENT,2026-09-18 14:04:04
TX-13268,ORD-9268,CUSTOMER,CUST-0255,4030.3,INFLOW,ORDER_PAYMENT,2026-09-18 14:12:20
TX-13269,ORD-9269,CUSTOMER,CUST-0404,3527.16,INFLOW,ORDER_PAYMENT,2026-09-18 14:20:46
TX-13270,ORD-9270,CUSTOMER,CUST-0101,1100.0,INFLOW,ORDER_PAYMENT,2026-09-18 14:29:02
TX-13271,ORD-9271,CUSTOMER,CUST-0118,1904.59,INFLOW,ORDER_PAYMENT,2026-09-18 14:37:29
TX-13272,ORD-9272,CUSTOMER,CUST-0249,2449.37,INFLOW,ORDER_PAYMENT,2026-09-18 14:46:02
TX-13273,ORD-9273,CUSTOMER,CUST-0082,3817.51,INFLOW,ORDER_PAYMENT,2026-09-18 14:54:40
TX-13274,ORD-9274,CUSTOMER,CUST-0281,3904.05,INFLOW,ORDER_PAYMENT,2026-09-18 15:02:49
TX-13275,ORD-9275,CUSTOMER,CUST-0405,7275.16,INFLOW,ORDER_PAYMENT,2026-09-18 15:11:17
TX-13276,ORD-9276,CUSTOMER,CUST-0020,1524.23,INFLOW,ORDER_PAYMENT,2026-09-18 15:19:27
TX-13277,ORD-9277,CUSTOMER,CUST-0314,6610.12,INFLOW,ORDER_PAYMENT,2026-09-18 15:28:09
TX-13278,ORD-9278,CUSTOMER,CUST-0078,4076.43,INFLOW,ORDER_PAYMENT,2026-09-18 15:36:12
TX-13279,ORD-9279,CUSTOMER,CUST-0153,4272.95,INFLOW,ORDER_PAYMENT,2026-09-18 15:44:55
TX-13280,ORD-9280,CUSTOMER,CUST-0116,3052.92,INFLOW,ORDER_PAYMENT,2026-09-18 15:53:14
TX-13281,ORD-9281,CUSTOMER,CUST-0048,4966.46,INFLOW,ORDER_PAYMENT,2026-09-18 16:01:25
TX-13282,ORD-9282,CUSTOMER,CUST-0243,3722.35,INFLOW,ORDER_PAYMENT,2026-09-18 16:10:11
TX-13283,ORD-9283,CUSTOMER,CUST-0073,818.39,INFLOW,ORDER_PAYMENT,2026-09-18 16:18:35
TX-13284,ORD-9284,CUSTOMER,CUST-0005,6049.66,INFLOW,ORDER_PAYMENT,2026-09-18 16:26:49
TX-13285,ORD-9285,CUSTOMER,CUST-0428,4448.99,INFLOW,ORDER_PAYMENT,2026-09-18 16:35:01
TX-13286,ORD-9286,CUSTOMER,CUST-0491,517.68,INFLOW,ORDER_PAYMENT,2026-09-18 16:43:25
TX-13287,ORD-9287,CUSTOMER,CUST-0355,1076.17,INFLOW,ORDER_PAYMENT,2026-09-18 16:51:47
TX-13288,ORD-9288,CUSTOMER,CUST-0250,2252.3,INFLOW,ORDER_PAYMENT,2026-09-18 17:00:32
TX-13289,ORD-9289,CUSTOMER,CUST-0242,3412.17,INFLOW,ORDER_PAYMENT,2026-09-18 17:08:44
TX-13290,ORD-9290,CUSTOMER,CUST-0056,3569.25,INFLOW,ORDER_PAYMENT,2026-09-18 17:17:21
TX-13291,ORD-9291,CUSTOMER,CUST-0079,4390.3,INFLOW,ORDER_PAYMENT,2026-09-18 17:25:39
TX-13292,ORD-9292,CUSTOMER,CUST-0378,2252.3,INFLOW,ORDER_PAYMENT,2026-09-18 17:33:59
TX-13293,ORD-9293,CUSTOMER,CUST-0135,4336.35,INFLOW,ORDER_PAYMENT,2026-09-18 17:42:13
TX-13294,ORD-9294,CUSTOMER,CUST-0246,1100.0,INFLOW,ORDER_PAYMENT,2026-09-18 17:50:48
TX-13295,ORD-9295,CUSTOMER,CUST-0010,8897.98,INFLOW,ORDER_PAYMENT,2026-09-18 17:59:21
TX-13296,ORD-9296,CUSTOMER,CUST-0392,1434.09,INFLOW,ORDER_PAYMENT,2026-09-18 18:07:29
TX-13297,ORD-9297,CUSTOMER,CUST-0026,306.7,INFLOW,ORDER_PAYMENT,2026-09-18 18:16:05
TX-13298,ORD-9298,CUSTOMER,CUST-0066,3904.05,INFLOW,ORDER_PAYMENT,2026-09-18 18:24:10
TX-13299,ORD-9299,CUSTOMER,CUST-0008,3412.17,INFLOW,ORDER_PAYMENT,2026-09-18 18:32:54
TX-13300,ORD-9300,CUSTOMER,CUST-0436,3048.46,INFLOW,ORDER_PAYMENT,2026-09-18 18:41:21
TX-13301,ORD-9301,CUSTOMER,CUST-0125,3310.04,INFLOW,ORDER_PAYMENT,2026-09-18 18:49:52
TX-13302,ORD-9302,CUSTOMER,CUST-0298,1100.0,INFLOW,ORDER_PAYMENT,2026-09-18 18:58:09
TX-13303,ORD-9303,CUSTOMER,CUST-0270,4074.31,INFLOW,ORDER_PAYMENT,2026-09-18 19:06:37
TX-13304,ORD-9304,CUSTOMER,CUST-0391,1100.0,INFLOW,ORDER_PAYMENT,2026-09-18 19:15:02
TX-13305,ORD-9305,CUSTOMER,CUST-0285,4448.99,INFLOW,ORDER_PAYMENT,2026-09-18 19:23:03
TX-13306,ORD-9306,CUSTOMER,CUST-0203,3590.3,INFLOW,ORDER_PAYMENT,2026-09-18 19:31:26
TX-13307,ORD-9307,CUSTOMER,CUST-0490,4272.95,INFLOW,ORDER_PAYMENT,2026-09-18 19:39:57
TX-13308,ORD-9308,CUSTOMER,CUST-0047,1882.85,INFLOW,ORDER_PAYMENT,2026-09-18 19:48:37
TX-13309,ORD-9309,CUSTOMER,CUST-0094,7054.32,INFLOW,ORDER_PAYMENT,2026-09-18 19:56:34
TX-13310,ORD-9310,CUSTOMER,CUST-0029,3655.67,INFLOW,ORDER_PAYMENT,2026-09-18 20:04:57
TX-13311,ORD-9311,CUSTOMER,CUST-0062,4504.6,INFLOW,ORDER_PAYMENT,2026-09-18 20:13:33
TX-13312,ORD-9312,CUSTOMER,CUST-0481,3655.67,INFLOW,ORDER_PAYMENT,2026-09-18 20:21:56
TX-13313,ORD-9313,CUSTOMER,CUST-0074,1732.3,INFLOW,ORDER_PAYMENT,2026-09-18 20:30:13
TX-13314,ORD-9314,CUSTOMER,CUST-0084,4336.35,INFLOW,ORDER_PAYMENT,2026-09-18 20:38:39
TX-13315,ORD-9315,CUSTOMER,CUST-0195,1605.72,INFLOW,ORDER_PAYMENT,2026-09-18 20:47:22
TX-13316,ORD-9316,CUSTOMER,CUST-0482,4905.66,INFLOW,ORDER_PAYMENT,2026-09-18 20:55:36
TX-13317,ORD-9317,CUSTOMER,CUST-0250,1076.17,INFLOW,ORDER_PAYMENT,2026-09-18 21:03:57
TX-13318,ORD-9318,CUSTOMER,CUST-0117,3063.16,INFLOW,ORDER_PAYMENT,2026-09-18 21:12:12
TX-13319,ORD-9319,CUSTOMER,CUST-0342,2446.64,INFLOW,ORDER_PAYMENT,2026-09-18 21:20:44
TX-13320,ORD-9320,CUSTOMER,CUST-0485,8060.6,INFLOW,ORDER_PAYMENT,2026-09-18 21:29:16
TX-13321,ORD-9321,CUSTOMER,CUST-0095,7808.62,INFLOW,ORDER_PAYMENT,2026-09-18 21:37:31
TX-13322,ORD-9322,CUSTOMER,CUST-0163,1604.68,INFLOW,ORDER_PAYMENT,2026-09-18 21:45:58
TX-13323,ORD-9323,CUSTOMER,CUST-0482,1882.85,INFLOW,ORDER_PAYMENT,2026-09-18 21:54:16
TX-13324,ORD-9324,CUSTOMER,CUST-0400,3897.52,INFLOW,ORDER_PAYMENT,2026-09-18 22:02:52
TX-13325,ORD-9325,CUSTOMER,CUST-0433,3569.25,INFLOW,ORDER_PAYMENT,2026-09-18 22:11:10
TX-13326,ORD-9326,CUSTOMER,CUST-0285,1100.0,INFLOW,ORDER_PAYMENT,2026-09-18 22:19:43
TX-13327,ORD-9327,CUSTOMER,CUST-0298,3564.2,INFLOW,ORDER_PAYMENT,2026-09-18 22:28:13
TX-13328,ORD-9328,CUSTOMER,CUST-0173,2419.53,INFLOW,ORDER_PAYMENT,2026-09-18 22:36:30
TX-13329,ORD-9329,CUSTOMER,CUST-0118,674.08,INFLOW,ORDER_PAYMENT,2026-09-18 22:44:39
TX-13330,ORD-9330,CUSTOMER,CUST-0260,3737.74,INFLOW,ORDER_PAYMENT,2026-09-18 22:53:05
TX-13331,ORD-9331,CUSTOMER,CUST-0433,3303.71,INFLOW,ORDER_PAYMENT,2026-09-18 23:01:30
TX-13332,ORD-9332,CUSTOMER,CUST-0097,889.09,INFLOW,ORDER_PAYMENT,2026-09-18 23:09:58
TX-13333,ORD-9333,CUSTOMER,CUST-0323,1090.0,INFLOW,ORDER_PAYMENT,2026-09-18 23:18:34
TX-13334,ORD-9334,CUSTOMER,CUST-0339,2065.51,INFLOW,ORDER_PAYMENT,2026-09-18 23:26:34
TX-13335,ORD-9335,CUSTOMER,CUST-0123,7444.7,INFLOW,ORDER_PAYMENT,2026-09-18 23:35:04
TX-13336,ORD-9336,CUSTOMER,CUST-0103,1948.31,INFLOW,ORDER_PAYMENT,2026-09-18 23:43:24
TX-13337,ORD-9337,CUSTOMER,CUST-0403,291.34,INFLOW,ORDER_PAYMENT,2026-09-18 23:52:10
TX-13338,ORD-9338,CUSTOMER,CUST-0456,1862.43,INFLOW,ORDER_PAYMENT,2026-09-19 00:00:20
TX-13339,ORD-9339,CUSTOMER,CUST-0270,2868.18,INFLOW,ORDER_PAYMENT,2026-09-19 00:08:58
TX-13340,ORD-9340,CUSTOMER,CUST-0087,674.08,INFLOW,ORDER_PAYMENT,2026-09-19 00:17:15
TX-13341,ORD-9341,CUSTOMER,CUST-0413,2419.53,INFLOW,ORDER_PAYMENT,2026-09-19 00:25:23
TX-13342,ORD-9342,CUSTOMER,CUST-0488,1544.47,INFLOW,ORDER_PAYMENT,2026-09-19 00:34:11
TX-13343,ORD-9343,CUSTOMER,CUST-0036,3196.07,INFLOW,ORDER_PAYMENT,2026-09-19 00:42:27
TX-13344,ORD-9344,CUSTOMER,CUST-0115,3569.25,INFLOW,ORDER_PAYMENT,2026-09-19 00:50:44
TX-13345,ORD-9345,CUSTOMER,CUST-0242,3722.35,INFLOW,ORDER_PAYMENT,2026-09-19 00:59:17
TX-13346,ORD-9346,CUSTOMER,CUST-0366,3817.51,INFLOW,ORDER_PAYMENT,2026-09-19 01:07:33
TX-13347,ORD-9347,CUSTOMER,CUST-0171,3482.21,INFLOW,ORDER_PAYMENT,2026-09-19 01:15:42
TX-13348,ORD-9348,CUSTOMER,CUST-0316,1604.68,INFLOW,ORDER_PAYMENT,2026-09-19 01:24:18
TX-13349,ORD-9349,CUSTOMER,CUST-0041,3569.25,INFLOW,ORDER_PAYMENT,2026-09-19 01:32:56
TX-13350,ORD-9350,CUSTOMER,CUST-0493,1231.42,INFLOW,ORDER_PAYMENT,2026-09-19 01:40:59
TX-13351,ORD-9351,CUSTOMER,CUST-0401,7242.6,INFLOW,ORDER_PAYMENT,2026-09-19 01:49:46
TX-13352,ORD-9352,CUSTOMER,CUST-0428,1100.0,INFLOW,ORDER_PAYMENT,2026-09-19 01:58:09
TX-13353,ORD-9353,CUSTOMER,CUST-0156,1778.18,INFLOW,ORDER_PAYMENT,2026-09-19 02:06:11
TX-13354,ORD-9354,CUSTOMER,CUST-0427,3303.71,INFLOW,ORDER_PAYMENT,2026-09-19 02:14:43
TX-13355,ORD-9355,CUSTOMER,CUST-0150,3684.61,INFLOW,ORDER_PAYMENT,2026-09-19 02:23:11
TX-13356,ORD-9356,CUSTOMER,CUST-0361,3314.53,INFLOW,ORDER_PAYMENT,2026-09-19 02:31:26
TX-13357,ORD-9357,CUSTOMER,CUST-0435,2252.3,INFLOW,ORDER_PAYMENT,2026-09-19 02:39:46
TX-13358,ORD-9358,CUSTOMER,CUST-0287,2419.53,INFLOW,ORDER_PAYMENT,2026-09-19 02:48:06
TX-13359,ORD-9359,CUSTOMER,CUST-0238,818.39,INFLOW,ORDER_PAYMENT,2026-09-19 02:56:58
TX-13360,ORD-9360,CUSTOMER,CUST-0460,535.08,INFLOW,ORDER_PAYMENT,2026-09-19 03:05:11
TX-13361,ORD-9361,CUSTOMER,CUST-0294,4257.97,INFLOW,ORDER_PAYMENT,2026-09-19 03:13:37
TX-13362,ORD-9362,CUSTOMER,CUST-0193,1231.42,INFLOW,ORDER_PAYMENT,2026-09-19 03:21:53
TX-13363,ORD-9363,CUSTOMER,CUST-0408,4093.93,INFLOW,ORDER_PAYMENT,2026-09-19 03:30:30
TX-13364,ORD-9364,CUSTOMER,CUST-0437,3655.67,INFLOW,ORDER_PAYMENT,2026-09-19 03:38:40
TX-13365,ORD-9365,CUSTOMER,CUST-0225,4336.35,INFLOW,ORDER_PAYMENT,2026-09-19 03:46:55
TX-13366,ORD-9366,CUSTOMER,CUST-0429,1544.47,INFLOW,ORDER_PAYMENT,2026-09-19 03:55:41
TX-13367,ORD-9367,CUSTOMER,CUST-0020,4272.95,INFLOW,ORDER_PAYMENT,2026-09-19 04:03:58
TX-13368,ORD-9368,CUSTOMER,CUST-0460,1231.42,INFLOW,ORDER_PAYMENT,2026-09-19 04:12:24
TX-13369,ORD-9369,CUSTOMER,CUST-0108,4448.99,INFLOW,ORDER_PAYMENT,2026-09-19 04:20:42
TX-13370,ORD-9370,CUSTOMER,CUST-0259,3211.6,INFLOW,ORDER_PAYMENT,2026-09-19 04:29:08
TX-13371,ORD-9371,CUSTOMER,CUST-0409,7138.5,INFLOW,ORDER_PAYMENT,2026-09-19 04:37:18
TX-13372,ORD-9372,CUSTOMER,CUST-0400,431.18,INFLOW,ORDER_PAYMENT,2026-09-19 04:46:08
TX-13373,ORD-9373,CUSTOMER,CUST-0400,3246.81,INFLOW,ORDER_PAYMENT,2026-09-19 04:54:24
TX-13374,ORD-9374,CUSTOMER,CUST-0018,1231.42,INFLOW,ORDER_PAYMENT,2026-09-19 05:02:40
TX-13375,ORD-9375,CUSTOMER,CUST-0137,8152.86,INFLOW,ORDER_PAYMENT,2026-09-19 05:10:52
TX-13376,ORD-9376,CUSTOMER,CUST-0004,3855.71,INFLOW,ORDER_PAYMENT,2026-09-19 05:19:40
TX-13377,ORD-9377,CUSTOMER,CUST-0287,4257.97,INFLOW,ORDER_PAYMENT,2026-09-19 05:27:45
TX-13378,ORD-9378,CUSTOMER,CUST-0343,1100.0,INFLOW,ORDER_PAYMENT,2026-09-19 05:36:07
TX-13379,ORD-9379,CUSTOMER,CUST-0279,4226.7,INFLOW,ORDER_PAYMENT,2026-09-19 05:44:30
TX-13380,ORD-9380,CUSTOMER,CUST-0253,358.12,INFLOW,ORDER_PAYMENT,2026-09-19 05:53:06
TX-13381,ORD-9381,CUSTOMER,CUST-0431,4101.12,INFLOW,ORDER_PAYMENT,2026-09-19 06:01:43
TX-13382,ORD-9382,CUSTOMER,CUST-0464,1100.0,INFLOW,ORDER_PAYMENT,2026-09-19 06:09:54
TX-13383,ORD-9383,CUSTOMER,CUST-0051,3684.61,INFLOW,ORDER_PAYMENT,2026-09-19 06:18:23
TX-13384,ORD-9384,CUSTOMER,CUST-0053,1125.08,INFLOW,ORDER_PAYMENT,2026-09-19 06:26:43
TX-13385,ORD-9385,CUSTOMER,CUST-0234,4448.99,INFLOW,ORDER_PAYMENT,2026-09-19 06:35:02
TX-13386,ORD-9386,CUSTOMER,CUST-0383,3722.35,INFLOW,ORDER_PAYMENT,2026-09-19 06:43:33
TX-13387,ORD-9387,CUSTOMER,CUST-0150,3684.61,INFLOW,ORDER_PAYMENT,2026-09-19 06:51:52
TX-13388,ORD-9388,CUSTOMER,CUST-0382,1544.47,INFLOW,ORDER_PAYMENT,2026-09-19 07:00:19
TX-13389,ORD-9389,CUSTOMER,CUST-0412,7138.5,INFLOW,ORDER_PAYMENT,2026-09-19 07:08:51
TX-13390,ORD-9390,CUSTOMER,CUST-0095,557.56,INFLOW,ORDER_PAYMENT,2026-09-19 07:17:09
TX-13391,ORD-9391,CUSTOMER,CUST-0043,3786.85,INFLOW,ORDER_PAYMENT,2026-09-19 07:25:45
TX-13392,ORD-9392,CUSTOMER,CUST-0321,4336.35,INFLOW,ORDER_PAYMENT,2026-09-19 07:34:03
TX-13393,ORD-9393,CUSTOMER,CUST-0377,4272.95,INFLOW,ORDER_PAYMENT,2026-09-19 07:42:08
TX-13394,ORD-9394,CUSTOMER,CUST-0480,2449.37,INFLOW,ORDER_PAYMENT,2026-09-19 07:50:42
TX-13395,ORD-9395,CUSTOMER,CUST-0237,2598.2,INFLOW,ORDER_PAYMENT,2026-09-19 07:58:52
TX-13396,ORD-9396,CUSTOMER,CUST-0476,4893.28,INFLOW,ORDER_PAYMENT,2026-09-19 08:07:23
TX-13397,ORD-9397,CUSTOMER,CUST-0491,674.08,INFLOW,ORDER_PAYMENT,2026-09-19 08:15:58
TX-13398,ORD-9398,CUSTOMER,CUST-0380,674.08,INFLOW,ORDER_PAYMENT,2026-09-19 08:24:12
TX-13399,ORD-9399,CUSTOMER,CUST-0368,3314.53,INFLOW,ORDER_PAYMENT,2026-09-19 08:32:46
TX-13400,ORD-9400,CUSTOMER,CUST-0322,3196.07,INFLOW,ORDER_PAYMENT,2026-09-19 08:41:02
TX-13401,ORD-9401,CUSTOMER,CUST-0061,3590.3,INFLOW,ORDER_PAYMENT,2026-09-19 08:49:37
TX-13402,ORD-9402,CUSTOMER,CUST-0057,4226.7,INFLOW,ORDER_PAYMENT,2026-09-19 08:57:42
TX-13403,ORD-9403,CUSTOMER,CUST-0463,2560.05,INFLOW,ORDER_PAYMENT,2026-09-19 09:06:21
TX-13404,ORD-9404,CUSTOMER,CUST-0360,7475.48,INFLOW,ORDER_PAYMENT,2026-09-19 09:14:39
TX-13405,ORD-9405,CUSTOMER,CUST-0353,674.08,INFLOW,ORDER_PAYMENT,2026-09-19 09:22:51
TX-13406,ORD-9406,CUSTOMER,CUST-0008,306.7,INFLOW,ORDER_PAYMENT,2026-09-19 09:31:16
TX-13407,ORD-9407,CUSTOMER,CUST-0123,2483.23,INFLOW,ORDER_PAYMENT,2026-09-19 09:39:42
TX-13408,ORD-9408,CUSTOMER,CUST-0408,6126.32,INFLOW,ORDER_PAYMENT,2026-09-19 09:48:12
TX-13409,ORD-9409,CUSTOMER,CUST-0463,1100.0,INFLOW,ORDER_PAYMENT,2026-09-19 09:56:28
TX-13410,ORD-9410,CUSTOMER,CUST-0266,889.09,INFLOW,ORDER_PAYMENT,2026-09-19 10:05:04
TX-13411,ORD-9411,CUSTOMER,CUST-0429,8108.6,INFLOW,ORDER_PAYMENT,2026-09-19 10:13:41
TX-13412,ORD-9412,CUSTOMER,CUST-0357,674.08,INFLOW,ORDER_PAYMENT,2026-09-19 10:21:45
TX-13413,ORD-9413,CUSTOMER,CUST-0135,1992.9,INFLOW,ORDER_PAYMENT,2026-09-19 10:30:23
TX-13414,ORD-9414,CUSTOMER,CUST-0314,1299.1,INFLOW,ORDER_PAYMENT,2026-09-19 10:38:31
TX-13415,ORD-9415,CUSTOMER,CUST-0248,1125.08,INFLOW,ORDER_PAYMENT,2026-09-19 10:46:54
TX-13416,ORD-9416,CUSTOMER,CUST-0220,291.34,INFLOW,ORDER_PAYMENT,2026-09-19 10:55:21
TX-13417,ORD-9417,CUSTOMER,CUST-0421,1604.68,INFLOW,ORDER_PAYMENT,2026-09-19 11:03:43
TX-13418,ORD-9418,CUSTOMER,CUST-0014,358.12,INFLOW,ORDER_PAYMENT,2026-09-19 11:12:01
TX-13419,ORD-9419,CUSTOMER,CUST-0177,2868.18,INFLOW,ORDER_PAYMENT,2026-09-19 11:20:30
TX-13420,ORD-9420,CUSTOMER,CUST-0274,4131.02,INFLOW,ORDER_PAYMENT,2026-09-19 11:29:08
TX-13421,ORD-9421,CUSTOMER,CUST-0264,6610.12,INFLOW,ORDER_PAYMENT,2026-09-19 11:37:36
TX-13422,ORD-9422,CUSTOMER,CUST-0055,291.34,INFLOW,ORDER_PAYMENT,2026-09-19 11:46:03
TX-13423,ORD-9423,CUSTOMER,CUST-0085,1992.9,INFLOW,ORDER_PAYMENT,2026-09-19 11:54:14
TX-13424,ORD-9424,CUSTOMER,CUST-0093,1100.0,INFLOW,ORDER_PAYMENT,2026-09-19 12:02:47
TX-13425,ORD-9425,CUSTOMER,CUST-0454,4272.95,INFLOW,ORDER_PAYMENT,2026-09-19 12:11:08
TX-13426,ORD-9426,CUSTOMER,CUST-0190,1231.42,INFLOW,ORDER_PAYMENT,2026-09-19 12:19:17
TX-13427,ORD-9427,CUSTOMER,CUST-0065,674.08,INFLOW,ORDER_PAYMENT,2026-09-19 12:28:04
TX-13428,ORD-9428,CUSTOMER,CUST-0236,3855.71,INFLOW,ORDER_PAYMENT,2026-09-19 12:36:24
TX-13429,ORD-9429,CUSTOMER,CUST-0242,851.72,INFLOW,ORDER_PAYMENT,2026-09-19 12:44:53
TX-13430,ORD-9430,CUSTOMER,CUST-0157,1004.29,INFLOW,ORDER_PAYMENT,2026-09-19 12:53:02
TX-13431,ORD-9431,CUSTOMER,CUST-0374,3817.51,INFLOW,ORDER_PAYMENT,2026-09-19 13:01:39
TX-13432,ORD-9432,CUSTOMER,CUST-0415,2449.37,INFLOW,ORDER_PAYMENT,2026-09-19 13:09:52
TX-13433,ORD-9433,CUSTOMER,CUST-0279,2462.84,INFLOW,ORDER_PAYMENT,2026-09-19 13:18:00
TX-13434,ORD-9434,CUSTOMER,CUST-0034,535.08,INFLOW,ORDER_PAYMENT,2026-09-19 13:26:37
TX-13435,ORD-9435,CUSTOMER,CUST-0363,7444.7,INFLOW,ORDER_PAYMENT,2026-09-19 13:35:13
TX-13436,ORD-9436,CUSTOMER,CUST-0163,6629.06,INFLOW,ORDER_PAYMENT,2026-09-19 13:43:33
TX-13437,ORD-9437,CUSTOMER,CUST-0491,2757.05,INFLOW,ORDER_PAYMENT,2026-09-19 13:51:40
TX-13438,ORD-9438,CUSTOMER,CUST-0427,1882.85,INFLOW,ORDER_PAYMENT,2026-09-19 14:00:03
TX-13439,ORD-9439,CUSTOMER,CUST-0131,1992.9,INFLOW,ORDER_PAYMENT,2026-09-19 14:08:27
TX-13440,ORD-9440,CUSTOMER,CUST-0461,3722.35,INFLOW,ORDER_PAYMENT,2026-09-19 14:16:53
TX-13441,ORD-9441,CUSTOMER,CUST-0269,1100.0,INFLOW,ORDER_PAYMENT,2026-09-19 14:25:38
TX-13442,ORD-9442,CUSTOMER,CUST-0156,4458.58,INFLOW,ORDER_PAYMENT,2026-09-19 14:33:49
TX-13443,ORD-9443,CUSTOMER,CUST-0204,1100.0,INFLOW,ORDER_PAYMENT,2026-09-19 14:42:03
TX-13444,ORD-9444,CUSTOMER,CUST-0403,3569.25,INFLOW,ORDER_PAYMENT,2026-09-19 14:50:25
TX-13445,ORD-9445,CUSTOMER,CUST-0490,674.08,INFLOW,ORDER_PAYMENT,2026-09-19 14:58:58
TX-13446,ORD-9446,CUSTOMER,CUST-0404,3554.02,INFLOW,ORDER_PAYMENT,2026-09-19 15:07:16
TX-13447,ORD-9447,CUSTOMER,CUST-0012,7275.16,INFLOW,ORDER_PAYMENT,2026-09-19 15:15:55
TX-13448,ORD-9448,CUSTOMER,CUST-0344,4093.93,INFLOW,ORDER_PAYMENT,2026-09-19 15:24:10
TX-13449,ORD-9449,CUSTOMER,CUST-0235,1100.0,INFLOW,ORDER_PAYMENT,2026-09-19 15:32:41
TX-13450,ORD-9450,CUSTOMER,CUST-0368,1100.0,INFLOW,ORDER_PAYMENT,2026-09-19 15:41:04
TX-13451,ORD-9451,CUSTOMER,CUST-0408,1418.34,INFLOW,ORDER_PAYMENT,2026-09-19 15:49:11
TX-13452,ORD-9452,CUSTOMER,CUST-0291,2449.37,INFLOW,ORDER_PAYMENT,2026-09-19 15:58:04
TX-13453,ORD-9453,CUSTOMER,CUST-0134,4076.43,INFLOW,ORDER_PAYMENT,2026-09-19 16:06:24
TX-13454,ORD-9454,CUSTOMER,CUST-0485,5576.1,INFLOW,ORDER_PAYMENT,2026-09-19 16:14:25
TX-13455,ORD-9455,CUSTOMER,CUST-0483,3554.02,INFLOW,ORDER_PAYMENT,2026-09-19 16:23:03
TX-13456,ORD-9456,CUSTOMER,CUST-0190,4076.43,INFLOW,ORDER_PAYMENT,2026-09-19 16:31:13
TX-13457,ORD-9457,CUSTOMER,CUST-0377,4054.3,INFLOW,ORDER_PAYMENT,2026-09-19 16:39:39
TX-13458,ORD-9458,CUSTOMER,CUST-0294,1604.68,INFLOW,ORDER_PAYMENT,2026-09-19 16:48:27
TX-13459,ORD-9459,CUSTOMER,CUST-0100,3684.61,INFLOW,ORDER_PAYMENT,2026-09-19 16:56:51
TX-13460,ORD-9460,CUSTOMER,CUST-0201,1229.97,INFLOW,ORDER_PAYMENT,2026-09-19 17:05:08
TX-13461,ORD-9461,CUSTOMER,CUST-0018,7475.48,INFLOW,ORDER_PAYMENT,2026-09-19 17:13:37
TX-13462,ORD-9462,CUSTOMER,CUST-0028,3297.77,INFLOW,ORDER_PAYMENT,2026-09-19 17:21:39
TX-13463,ORD-9463,CUSTOMER,CUST-0054,1100.0,INFLOW,ORDER_PAYMENT,2026-09-19 17:30:13
TX-13464,ORD-9464,CUSTOMER,CUST-0103,2419.53,INFLOW,ORDER_PAYMENT,2026-09-19 17:38:25
TX-13465,ORD-9465,CUSTOMER,CUST-0297,1100.0,INFLOW,ORDER_PAYMENT,2026-09-19 17:47:09
TX-13466,ORD-9466,CUSTOMER,CUST-0002,8453.4,INFLOW,ORDER_PAYMENT,2026-09-19 17:55:27
TX-13467,ORD-9467,CUSTOMER,CUST-0374,4390.3,INFLOW,ORDER_PAYMENT,2026-09-19 18:03:42
TX-13468,ORD-9468,CUSTOMER,CUST-0411,2449.37,INFLOW,ORDER_PAYMENT,2026-09-19 18:12:17
TX-13469,ORD-9469,CUSTOMER,CUST-0352,6629.06,INFLOW,ORDER_PAYMENT,2026-09-19 18:20:45
TX-13470,ORD-9470,CUSTOMER,CUST-0359,2439.3,INFLOW,ORDER_PAYMENT,2026-09-19 18:28:46
TX-13471,ORD-9471,CUSTOMER,CUST-0041,1100.0,INFLOW,ORDER_PAYMENT,2026-09-19 18:37:38
TX-13472,ORD-9472,CUSTOMER,CUST-0485,1313.84,INFLOW,ORDER_PAYMENT,2026-09-19 18:45:44
TX-13473,ORD-9473,CUSTOMER,CUST-0159,431.18,INFLOW,ORDER_PAYMENT,2026-09-19 18:54:23
TX-13474,ORD-9474,CUSTOMER,CUST-0478,2439.3,INFLOW,ORDER_PAYMENT,2026-09-19 19:02:24
TX-13475,ORD-9475,CUSTOMER,CUST-0161,7369.22,INFLOW,ORDER_PAYMENT,2026-09-19 19:10:51
TX-13476,ORD-9476,CUSTOMER,CUST-0248,1732.3,INFLOW,ORDER_PAYMENT,2026-09-19 19:19:22
TX-13477,ORD-9477,CUSTOMER,CUST-0086,4458.58,INFLOW,ORDER_PAYMENT,2026-09-19 19:27:36
TX-13478,ORD-9478,CUSTOMER,CUST-0461,3564.2,INFLOW,ORDER_PAYMENT,2026-09-19 19:35:57
TX-13479,ORD-9479,CUSTOMER,CUST-0368,4054.3,INFLOW,ORDER_PAYMENT,2026-09-19 19:44:23
TX-13480,ORD-9480,CUSTOMER,CUST-0093,291.34,INFLOW,ORDER_PAYMENT,2026-09-19 19:52:59
TX-13481,ORD-9481,CUSTOMER,CUST-0189,1231.42,INFLOW,ORDER_PAYMENT,2026-09-19 20:01:20
TX-13482,ORD-9482,CUSTOMER,CUST-0076,3246.81,INFLOW,ORDER_PAYMENT,2026-09-19 20:09:43
TX-13483,ORD-9483,CUSTOMER,CUST-0203,1100.0,INFLOW,ORDER_PAYMENT,2026-09-19 20:18:04
TX-13484,ORD-9484,CUSTOMER,CUST-0491,263.42,INFLOW,ORDER_PAYMENT,2026-09-19 20:26:47
TX-13485,ORD-9485,CUSTOMER,CUST-0333,1604.68,INFLOW,ORDER_PAYMENT,2026-09-19 20:35:01
TX-13486,ORD-9486,CUSTOMER,CUST-0312,1100.0,INFLOW,ORDER_PAYMENT,2026-09-19 20:43:33
TX-13487,ORD-9487,CUSTOMER,CUST-0489,4101.12,INFLOW,ORDER_PAYMENT,2026-09-19 20:51:35
TX-13488,ORD-9488,CUSTOMER,CUST-0001,6824.34,INFLOW,ORDER_PAYMENT,2026-09-19 21:00:02
TX-13489,ORD-9489,CUSTOMER,CUST-0236,3527.16,INFLOW,ORDER_PAYMENT,2026-09-19 21:08:25
TX-13490,ORD-9490,CUSTOMER,CUST-0238,3897.52,INFLOW,ORDER_PAYMENT,2026-09-19 21:17:00
TX-13491,ORD-9491,CUSTOMER,CUST-0188,2644.13,INFLOW,ORDER_PAYMENT,2026-09-19 21:25:08
TX-13492,ORD-9492,CUSTOMER,CUST-0377,3765.7,INFLOW,ORDER_PAYMENT,2026-09-19 21:33:34
TX-13493,ORD-9493,CUSTOMER,CUST-0467,3569.25,INFLOW,ORDER_PAYMENT,2026-09-19 21:42:22
TX-13494,ORD-9494,CUSTOMER,CUST-0237,851.72,INFLOW,ORDER_PAYMENT,2026-09-19 21:50:23
TX-13495,ORD-9495,CUSTOMER,CUST-0327,3655.67,INFLOW,ORDER_PAYMENT,2026-09-19 21:58:51
TX-13496,ORD-9496,CUSTOMER,CUST-0483,883.38,INFLOW,ORDER_PAYMENT,2026-09-19 22:07:13
TX-13497,ORD-9497,CUSTOMER,CUST-0287,3314.53,INFLOW,ORDER_PAYMENT,2026-09-19 22:15:44
TX-13498,ORD-9498,CUSTOMER,CUST-0047,1862.43,INFLOW,ORDER_PAYMENT,2026-09-19 22:24:22
TX-13499,ORD-9499,CUSTOMER,CUST-0266,4226.7,INFLOW,ORDER_PAYMENT,2026-09-19 22:32:25
TX-13500,ORD-9500,CUSTOMER,CUST-0140,1418.34,INFLOW,ORDER_PAYMENT,2026-09-19 22:41:09
TX-13501,ORD-9501,CUSTOMER,CUST-0086,7108.04,INFLOW,ORDER_PAYMENT,2026-09-19 22:49:08
TX-13502,ORD-9502,CUSTOMER,CUST-0359,1100.0,INFLOW,ORDER_PAYMENT,2026-09-19 22:57:48
TX-13503,ORD-9503,CUSTOMER,CUST-0194,3310.04,INFLOW,ORDER_PAYMENT,2026-09-19 23:06:05
TX-13504,ORD-9504,CUSTOMER,CUST-0166,2252.3,INFLOW,ORDER_PAYMENT,2026-09-19 23:14:43
TX-13505,ORD-9505,CUSTOMER,CUST-0041,2065.51,INFLOW,ORDER_PAYMENT,2026-09-19 23:23:00
TX-13506,ORD-9506,CUSTOMER,CUST-0256,1100.0,INFLOW,ORDER_PAYMENT,2026-09-19 23:31:14
TX-13507,ORD-9507,CUSTOMER,CUST-0479,4074.31,INFLOW,ORDER_PAYMENT,2026-09-19 23:39:52
TX-13508,ORD-9508,CUSTOMER,CUST-0159,1100.0,INFLOW,ORDER_PAYMENT,2026-09-19 23:47:54
TX-13509,ORD-9509,CUSTOMER,CUST-0008,4390.3,INFLOW,ORDER_PAYMENT,2026-09-19 23:56:34
TX-13510,ORD-9510,CUSTOMER,CUST-0416,3722.35,INFLOW,ORDER_PAYMENT,2026-09-20 00:04:52
TX-13511,ORD-9511,CUSTOMER,CUST-0349,3655.67,INFLOW,ORDER_PAYMENT,2026-09-20 00:13:09
TX-13512,ORD-9512,CUSTOMER,CUST-0046,2439.3,INFLOW,ORDER_PAYMENT,2026-09-20 00:21:34
TX-13513,ORD-9513,CUSTOMER,CUST-0133,1778.18,INFLOW,ORDER_PAYMENT,2026-09-20 00:30:06
TX-13514,ORD-9514,CUSTOMER,CUST-0142,4101.12,INFLOW,ORDER_PAYMENT,2026-09-20 00:38:38
TX-13515,ORD-9515,CUSTOMER,CUST-0024,2868.18,INFLOW,ORDER_PAYMENT,2026-09-20 00:46:48
TX-13516,ORD-9516,CUSTOMER,CUST-0500,3305.06,INFLOW,ORDER_PAYMENT,2026-09-20 00:55:17
TX-13517,ORD-9517,CUSTOMER,CUST-0233,4448.99,INFLOW,ORDER_PAYMENT,2026-09-20 01:03:36
TX-13518,ORD-9518,CUSTOMER,CUST-0001,4336.35,INFLOW,ORDER_PAYMENT,2026-09-20 01:11:56
TX-13519,ORD-9519,CUSTOMER,CUST-0206,1948.31,INFLOW,ORDER_PAYMENT,2026-09-20 01:20:23
TX-13520,ORD-9520,CUSTOMER,CUST-0108,818.39,INFLOW,ORDER_PAYMENT,2026-09-20 01:28:43
TX-13521,ORD-9521,CUSTOMER,CUST-0213,1924.84,INFLOW,ORDER_PAYMENT,2026-09-20 01:37:28
TX-13522,ORD-9522,CUSTOMER,CUST-0264,1313.84,INFLOW,ORDER_PAYMENT,2026-09-20 01:45:55
TX-13523,ORD-9523,CUSTOMER,CUST-0141,535.08,INFLOW,ORDER_PAYMENT,2026-09-20 01:54:23
TX-13524,ORD-9524,CUSTOMER,CUST-0340,4074.31,INFLOW,ORDER_PAYMENT,2026-09-20 02:02:18
TX-13525,ORD-9525,CUSTOMER,CUST-0222,3621.3,INFLOW,ORDER_PAYMENT,2026-09-20 02:10:47
TX-13526,ORD-9526,CUSTOMER,CUST-0128,2449.37,INFLOW,ORDER_PAYMENT,2026-09-20 02:19:35
TX-13527,ORD-9527,CUSTOMER,CUST-0001,7808.1,INFLOW,ORDER_PAYMENT,2026-09-20 02:27:39
TX-13528,ORD-9528,CUSTOMER,CUST-0217,3209.36,INFLOW,ORDER_PAYMENT,2026-09-20 02:36:11
TX-13529,ORD-9529,CUSTOMER,CUST-0287,670.05,INFLOW,ORDER_PAYMENT,2026-09-20 02:44:18
TX-13530,ORD-9530,CUSTOMER,CUST-0063,1100.0,INFLOW,ORDER_PAYMENT,2026-09-20 02:53:00
TX-13531,ORD-9531,CUSTOMER,CUST-0292,3024.83,INFLOW,ORDER_PAYMENT,2026-09-20 03:01:08
TX-13532,ORD-9532,CUSTOMER,CUST-0295,1004.29,INFLOW,ORDER_PAYMENT,2026-09-20 03:09:28
TX-13533,ORD-9533,CUSTOMER,CUST-0402,3482.21,INFLOW,ORDER_PAYMENT,2026-09-20 03:18:14
TX-13534,ORD-9534,CUSTOMER,CUST-0196,8148.62,INFLOW,ORDER_PAYMENT,2026-09-20 03:26:41
TX-13535,ORD-9535,CUSTOMER,CUST-0352,1882.85,INFLOW,ORDER_PAYMENT,2026-09-20 03:35:00
TX-13536,ORD-9536,CUSTOMER,CUST-0326,3570.49,INFLOW,ORDER_PAYMENT,2026-09-20 03:43:11
TX-13537,ORD-9537,CUSTOMER,CUST-0346,3482.21,INFLOW,ORDER_PAYMENT,2026-09-20 03:51:53
TX-13538,ORD-9538,CUSTOMER,CUST-0199,3855.71,INFLOW,ORDER_PAYMENT,2026-09-20 04:00:15
TX-13539,ORD-9539,CUSTOMER,CUST-0182,4448.99,INFLOW,ORDER_PAYMENT,2026-09-20 04:08:44
TX-13540,ORD-9540,CUSTOMER,CUST-0483,2452.83,INFLOW,ORDER_PAYMENT,2026-09-20 04:17:09
TX-13541,ORD-9541,CUSTOMER,CUST-0281,1768.39,INFLOW,ORDER_PAYMENT,2026-09-20 04:25:08
TX-13542,ORD-9542,CUSTOMER,CUST-0375,1904.59,INFLOW,ORDER_PAYMENT,2026-09-20 04:33:55
TX-13543,ORD-9543,CUSTOMER,CUST-0069,5576.1,INFLOW,ORDER_PAYMENT,2026-09-20 04:42:08
TX-13544,ORD-9544,CUSTOMER,CUST-0255,3904.31,INFLOW,ORDER_PAYMENT,2026-09-20 04:50:25
TX-13545,ORD-9545,CUSTOMER,CUST-0163,1605.72,INFLOW,ORDER_PAYMENT,2026-09-20 04:58:46
TX-13546,ORD-9546,CUSTOMER,CUST-0164,2589.06,INFLOW,ORDER_PAYMENT,2026-09-20 05:07:15
TX-13547,ORD-9547,CUSTOMER,CUST-0233,2644.13,INFLOW,ORDER_PAYMENT,2026-09-20 05:15:30
TX-13548,ORD-9548,CUSTOMER,CUST-0139,535.08,INFLOW,ORDER_PAYMENT,2026-09-20 05:24:18
TX-13549,ORD-9549,CUSTOMER,CUST-0494,557.56,INFLOW,ORDER_PAYMENT,2026-09-20 05:32:44
TX-13550,ORD-9550,CUSTOMER,CUST-0496,3527.16,INFLOW,ORDER_PAYMENT,2026-09-20 05:41:02
TX-13551,ORD-9551,CUSTOMER,CUST-0195,4226.7,INFLOW,ORDER_PAYMENT,2026-09-20 05:49:31
TX-13552,ORD-9552,CUSTOMER,CUST-0125,4390.3,INFLOW,ORDER_PAYMENT,2026-09-20 05:57:28
TX-13553,ORD-9553,CUSTOMER,CUST-0092,8675.18,INFLOW,ORDER_PAYMENT,2026-09-20 06:06:12
TX-13554,ORD-9554,CUSTOMER,CUST-0315,4226.7,INFLOW,ORDER_PAYMENT,2026-09-20 06:14:36
TX-13555,ORD-9555,CUSTOMER,CUST-0487,1004.29,INFLOW,ORDER_PAYMENT,2026-09-20 06:22:55
TX-13556,ORD-9556,CUSTOMER,CUST-0120,5514.1,INFLOW,ORDER_PAYMENT,2026-09-20 06:31:11
TX-13557,ORD-9557,CUSTOMER,CUST-0104,3211.6,INFLOW,ORDER_PAYMENT,2026-09-20 06:39:33
TX-13558,ORD-9558,CUSTOMER,CUST-0292,3684.61,INFLOW,ORDER_PAYMENT,2026-09-20 06:47:53
TX-13559,ORD-9559,CUSTOMER,CUST-0004,6105.84,INFLOW,ORDER_PAYMENT,2026-09-20 06:56:23
TX-13560,ORD-9560,CUSTOMER,CUST-0079,4093.93,INFLOW,ORDER_PAYMENT,2026-09-20 07:04:51
TX-13561,ORD-9561,CUSTOMER,CUST-0407,3527.16,INFLOW,ORDER_PAYMENT,2026-09-20 07:13:29
TX-13562,ORD-9562,CUSTOMER,CUST-0129,1100.0,INFLOW,ORDER_PAYMENT,2026-09-20 07:21:34
TX-13563,ORD-9563,CUSTOMER,CUST-0303,7180.6,INFLOW,ORDER_PAYMENT,2026-09-20 07:30:18
TX-13564,ORD-9564,CUSTOMER,CUST-0245,3655.67,INFLOW,ORDER_PAYMENT,2026-09-20 07:38:28
TX-13565,ORD-9565,CUSTOMER,CUST-0413,826.99,INFLOW,ORDER_PAYMENT,2026-09-20 07:47:08
TX-13566,ORD-9566,CUSTOMER,CUST-0208,3569.25,INFLOW,ORDER_PAYMENT,2026-09-20 07:55:26
TX-13567,ORD-9567,CUSTOMER,CUST-0056,2560.05,INFLOW,ORDER_PAYMENT,2026-09-20 08:03:46
TX-13568,ORD-9568,CUSTOMER,CUST-0136,1605.72,INFLOW,ORDER_PAYMENT,2026-09-20 08:11:50
TX-13569,ORD-9569,CUSTOMER,CUST-0300,3655.67,INFLOW,ORDER_PAYMENT,2026-09-20 08:20:14
TX-13570,ORD-9570,CUSTOMER,CUST-0357,8515.94,INFLOW,ORDER_PAYMENT,2026-09-20 08:29:00
TX-13571,ORD-9571,CUSTOMER,CUST-0274,3303.71,INFLOW,ORDER_PAYMENT,2026-09-20 08:37:11
TX-13572,ORD-9572,CUSTOMER,CUST-0357,3564.2,INFLOW,ORDER_PAYMENT,2026-09-20 08:45:54
TX-13573,ORD-9573,CUSTOMER,CUST-0369,3904.31,INFLOW,ORDER_PAYMENT,2026-09-20 08:53:52
TX-13574,ORD-9574,CUSTOMER,CUST-0016,8780.6,INFLOW,ORDER_PAYMENT,2026-09-20 09:02:24
TX-13575,ORD-9575,CUSTOMER,CUST-0436,3722.35,INFLOW,ORDER_PAYMENT,2026-09-20 09:10:51
TX-13576,ORD-9576,CUSTOMER,CUST-0023,535.08,INFLOW,ORDER_PAYMENT,2026-09-20 09:19:20
TX-13577,ORD-9577,CUSTOMER,CUST-0357,3904.05,INFLOW,ORDER_PAYMENT,2026-09-20 09:27:25
TX-13578,ORD-9578,CUSTOMER,CUST-0362,1882.85,INFLOW,ORDER_PAYMENT,2026-09-20 09:35:50
TX-13579,ORD-9579,CUSTOMER,CUST-0394,1924.84,INFLOW,ORDER_PAYMENT,2026-09-20 09:44:28
TX-13580,ORD-9580,CUSTOMER,CUST-0195,3817.51,INFLOW,ORDER_PAYMENT,2026-09-20 09:53:03
TX-13581,ORD-9581,CUSTOMER,CUST-0054,1125.08,INFLOW,ORDER_PAYMENT,2026-09-20 10:01:19
TX-13582,ORD-9582,CUSTOMER,CUST-0431,2449.37,INFLOW,ORDER_PAYMENT,2026-09-20 10:09:41
TX-13583,ORD-9583,CUSTOMER,CUST-0213,1231.42,INFLOW,ORDER_PAYMENT,2026-09-20 10:18:06
TX-13584,ORD-9584,CUSTOMER,CUST-0096,883.38,INFLOW,ORDER_PAYMENT,2026-09-20 10:26:24
TX-13585,ORD-9585,CUSTOMER,CUST-0111,1732.3,INFLOW,ORDER_PAYMENT,2026-09-20 10:34:59
TX-13586,ORD-9586,CUSTOMER,CUST-0370,4226.7,INFLOW,ORDER_PAYMENT,2026-09-20 10:43:25
TX-13587,ORD-9587,CUSTOMER,CUST-0048,4030.3,INFLOW,ORDER_PAYMENT,2026-09-20 10:51:43
TX-13588,ORD-9588,CUSTOMER,CUST-0123,3897.52,INFLOW,ORDER_PAYMENT,2026-09-20 10:59:52
TX-13589,ORD-9589,CUSTOMER,CUST-0211,2788.05,INFLOW,ORDER_PAYMENT,2026-09-20 11:08:23
TX-13590,ORD-9590,CUSTOMER,CUST-0022,1231.42,INFLOW,ORDER_PAYMENT,2026-09-20 11:16:53
TX-13591,ORD-9591,CUSTOMER,CUST-0425,1125.08,INFLOW,ORDER_PAYMENT,2026-09-20 11:25:08
TX-13592,ORD-9592,CUSTOMER,CUST-0362,3737.74,INFLOW,ORDER_PAYMENT,2026-09-20 11:33:46
TX-13593,ORD-9593,CUSTOMER,CUST-0339,4458.58,INFLOW,ORDER_PAYMENT,2026-09-20 11:42:05
TX-13594,ORD-9594,CUSTOMER,CUST-0011,6423.2,INFLOW,ORDER_PAYMENT,2026-09-20 11:50:17
TX-13595,ORD-9595,CUSTOMER,CUST-0044,3855.71,INFLOW,ORDER_PAYMENT,2026-09-20 11:58:54
TX-13596,ORD-9596,CUSTOMER,CUST-0095,1125.08,INFLOW,ORDER_PAYMENT,2026-09-20 12:07:30
TX-13597,ORD-9597,CUSTOMER,CUST-0490,3527.16,INFLOW,ORDER_PAYMENT,2026-09-20 12:15:30
TX-13598,ORD-9598,CUSTOMER,CUST-0304,414.04,INFLOW,ORDER_PAYMENT,2026-09-20 12:24:08
TX-13599,ORD-9599,CUSTOMER,CUST-0126,826.99,INFLOW,ORDER_PAYMENT,2026-09-20 12:32:23
TX-13600,ORD-9600,CUSTOMER,CUST-0204,3196.07,INFLOW,ORDER_PAYMENT,2026-09-20 12:40:35
TX-13601,ORD-9601,CUSTOMER,CUST-0314,1636.78,INFLOW,ORDER_PAYMENT,2026-09-20 12:49:28
TX-13602,ORD-9602,CUSTOMER,CUST-0407,3246.81,INFLOW,ORDER_PAYMENT,2026-09-20 12:57:36
TX-13603,ORD-9603,CUSTOMER,CUST-0311,6610.12,INFLOW,ORDER_PAYMENT,2026-09-20 13:06:13
TX-13604,ORD-9604,CUSTOMER,CUST-0029,4336.35,INFLOW,ORDER_PAYMENT,2026-09-20 13:14:40
TX-13605,ORD-9605,CUSTOMER,CUST-0074,4294.61,INFLOW,ORDER_PAYMENT,2026-09-20 13:22:59
TX-13606,ORD-9606,CUSTOMER,CUST-0245,4336.35,INFLOW,ORDER_PAYMENT,2026-09-20 13:31:19
TX-13607,ORD-9607,CUSTOMER,CUST-0209,557.56,INFLOW,ORDER_PAYMENT,2026-09-20 13:39:25
TX-13608,ORD-9608,CUSTOMER,CUST-0178,3655.67,INFLOW,ORDER_PAYMENT,2026-09-20 13:48:04
TX-13609,ORD-9609,CUSTOMER,CUST-0125,3305.06,INFLOW,ORDER_PAYMENT,2026-09-20 13:56:20
TX-13610,ORD-9610,CUSTOMER,CUST-0391,2560.05,INFLOW,ORDER_PAYMENT,2026-09-20 14:04:43
TX-13611,ORD-9611,CUSTOMER,CUST-0370,4424.97,INFLOW,ORDER_PAYMENT,2026-09-20 14:13:04
TX-13612,ORD-9612,CUSTOMER,CUST-0484,3564.2,INFLOW,ORDER_PAYMENT,2026-09-20 14:21:30
TX-13613,ORD-9613,CUSTOMER,CUST-0431,3303.71,INFLOW,ORDER_PAYMENT,2026-09-20 14:29:50
TX-13614,ORD-9614,CUSTOMER,CUST-0205,414.04,INFLOW,ORDER_PAYMENT,2026-09-20 14:38:37
TX-13615,ORD-9615,CUSTOMER,CUST-0092,358.12,INFLOW,ORDER_PAYMENT,2026-09-20 14:47:02
TX-13616,ORD-9616,CUSTOMER,CUST-0344,7054.32,INFLOW,ORDER_PAYMENT,2026-09-20 14:55:28
TX-13617,ORD-9617,CUSTOMER,CUST-0346,1882.85,INFLOW,ORDER_PAYMENT,2026-09-20 15:03:38
TX-13618,ORD-9618,CUSTOMER,CUST-0461,4424.97,INFLOW,ORDER_PAYMENT,2026-09-20 15:12:08
TX-13619,ORD-9619,CUSTOMER,CUST-0440,3297.77,INFLOW,ORDER_PAYMENT,2026-09-20 15:20:38
TX-13620,ORD-9620,CUSTOMER,CUST-0069,3590.3,INFLOW,ORDER_PAYMENT,2026-09-20 15:28:36
TX-13621,ORD-9621,CUSTOMER,CUST-0114,3817.51,INFLOW,ORDER_PAYMENT,2026-09-20 15:37:11
TX-13622,ORD-9622,CUSTOMER,CUST-0386,2252.3,INFLOW,ORDER_PAYMENT,2026-09-20 15:45:51
TX-13623,ORD-9623,CUSTOMER,CUST-0161,883.38,INFLOW,ORDER_PAYMENT,2026-09-20 15:54:10
TX-13624,ORD-9624,CUSTOMER,CUST-0056,3024.83,INFLOW,ORDER_PAYMENT,2026-09-20 16:02:39
TX-13625,ORD-9625,CUSTOMER,CUST-0252,3297.77,INFLOW,ORDER_PAYMENT,2026-09-20 16:10:59
TX-13626,ORD-9626,CUSTOMER,CUST-0167,6493.62,INFLOW,ORDER_PAYMENT,2026-09-20 16:19:19
TX-13627,ORD-9627,CUSTOMER,CUST-0328,4226.7,INFLOW,ORDER_PAYMENT,2026-09-20 16:27:36
TX-13628,ORD-9628,CUSTOMER,CUST-0354,3904.31,INFLOW,ORDER_PAYMENT,2026-09-20 16:35:52
TX-13629,ORD-9629,CUSTOMER,CUST-0099,3246.81,INFLOW,ORDER_PAYMENT,2026-09-20 16:44:31
TX-13630,ORD-9630,CUSTOMER,CUST-0079,851.72,INFLOW,ORDER_PAYMENT,2026-09-20 16:52:46
TX-13631,ORD-9631,CUSTOMER,CUST-0341,4893.28,INFLOW,ORDER_PAYMENT,2026-09-20 17:01:04
TX-13632,ORD-9632,CUSTOMER,CUST-0117,1299.1,INFLOW,ORDER_PAYMENT,2026-09-20 17:09:35
TX-13633,ORD-9633,CUSTOMER,CUST-0427,1418.34,INFLOW,ORDER_PAYMENT,2026-09-20 17:17:52
TX-13634,ORD-9634,CUSTOMER,CUST-0422,883.38,INFLOW,ORDER_PAYMENT,2026-09-20 17:26:27
TX-13635,ORD-9635,CUSTOMER,CUST-0007,826.99,INFLOW,ORDER_PAYMENT,2026-09-20 17:34:59
TX-13636,ORD-9636,CUSTOMER,CUST-0308,2788.05,INFLOW,ORDER_PAYMENT,2026-09-20 17:43:02
TX-13637,ORD-9637,CUSTOMER,CUST-0214,818.39,INFLOW,ORDER_PAYMENT,2026-09-20 17:51:42
